timestamp,zone,demand_kw,solar_kw,grid_import_kw,voltage_v,power_factor,anomaly_score,temp_c,time_of_day
2024-01-01 00:00:00,Dharampeth,157.13,0,141.93,229.36,0.8983,0.0812,26.6,night
2024-01-01 00:00:00,Sitabuldi,242.53,0,251.65,238.29,0.9128,0.1187,28.2,night
2024-01-01 00:00:00,Gandhibagh,268.97,0,258.71,233.06,0.9886,0.125,26.8,night
2024-01-01 00:00:00,Lakadganj,250.77,0,248.51,233.84,0.902,0.0777,27.6,night
2024-01-01 00:00:00,Sadar,251.1,0,246.77,222.67,0.893,0.1685,26.0,night
2024-01-01 00:00:00,Itwari,227.21,0,248.07,238.0,0.951,0.0085,22.7,night
2024-01-01 00:00:00,Manewada,196.67,0,208.62,228.16,0.8959,0.104,30.6,night
2024-01-01 00:00:00,Hingna,263.17,0,254.86,223.61,0.8699,0.0663,26.9,night
2024-01-01 01:00:00,Dharampeth,212.82,0,192.35,223.4,0.9464,0.1287,28.8,night
2024-01-01 01:00:00,Sitabuldi,264.8,0,263.48,234.95,0.9745,0.0014,29.3,night
2024-01-01 01:00:00,Gandhibagh,202.35,0,199.02,238.52,0.9044,0.0377,28.7,night
2024-01-01 01:00:00,Lakadganj,246.87,0,251.77,229.62,0.9495,0.1469,30.2,night
2024-01-01 01:00:00,Sadar,254.7,0,263.61,234.85,0.898,0.0326,25.4,night
2024-01-01 01:00:00,Itwari,261.12,0,257.91,229.32,0.9265,0.1329,28.2,night
2024-01-01 01:00:00,Manewada,231.02,0,240.7,237.29,0.9208,0.119,26.9,night
2024-01-01 01:00:00,Hingna,239.29,0,233.45,235.17,0.8786,0.0262,30.5,night
2024-01-01 02:00:00,Dharampeth,202.74,0,192.29,231.39,0.9,0.1658,25.9,night
2024-01-01 02:00:00,Sitabuldi,254.95,0,228.91,219.9,0.9059,0.0749,27.7,night
2024-01-01 02:00:00,Gandhibagh,279.79,0,267.68,228.93,0.9504,0.1542,30.9,night
2024-01-01 02:00:00,Lakadganj,295.56,0,303.34,228.56,0.9446,0.0765,26.8,night
2024-01-01 02:00:00,Sadar,210.11,0,196.63,223.67,0.9528,0.0876,26.8,night
2024-01-01 02:00:00,Itwari,248.1,0,246.44,230.33,0.9814,0.0225,29.3,night
2024-01-01 02:00:00,Manewada,291.6,0,307.84,220.92,0.9475,0.0675,27.4,night
2024-01-01 02:00:00,Hingna,203.34,0,199.05,224.19,0.9015,0.3659,26.9,night
2024-01-01 03:00:00,Dharampeth,196.96,0,192.16,228.86,0.913,0.0904,30.4,night
2024-01-01 03:00:00,Sitabuldi,247.22,0,249.31,231.45,0.9173,0.1693,27.0,night
2024-01-01 03:00:00,Gandhibagh,203.36,0,207.16,235.5,0.9664,0.1788,28.4,night
2024-01-01 03:00:00,Lakadganj,263.93,0,262.36,234.28,0.9497,0.1753,26.3,night
2024-01-01 03:00:00,Sadar,266.26,0,270.97,235.98,0.9282,0.0581,25.6,night
2024-01-01 03:00:00,Itwari,252.96,0,250.42,234.8,0.9782,0.1052,27.9,night
2024-01-01 03:00:00,Manewada,258.81,0,257.39,236.23,0.9362,0.0255,29.8,night
2024-01-01 03:00:00,Hingna,249.85,0,246.78,230.86,0.8894,0.1284,28.9,night
2024-01-01 04:00:00,Dharampeth,245.96,0,240.74,231.85,0.9219,0.0974,26.8,night
2024-01-01 04:00:00,Sitabuldi,181.7,0,174.38,230.88,0.9377,0.1053,31.4,night
2024-01-01 04:00:00,Gandhibagh,217.57,0,221.75,232.64,0.9054,0.0547,29.3,night
2024-01-01 04:00:00,Lakadganj,234.85,0,230.7,231.86,0.8732,0.1203,29.5,night
2024-01-01 04:00:00,Sadar,241.55,0,258.14,228.59,0.8608,0.0618,31.3,night
2024-01-01 04:00:00,Itwari,226.09,0,211.18,228.14,0.9324,0.0771,28.2,night
2024-01-01 04:00:00,Manewada,295.97,0,306.46,242.86,0.9372,0.1265,29.4,night
2024-01-01 04:00:00,Hingna,214.55,0,225.61,223.06,0.9547,0.1033,25.1,night
2024-01-01 05:00:00,Dharampeth,210.08,0,207.78,245.32,0.9185,0.0538,29.5,night
2024-01-01 05:00:00,Sitabuldi,241.52,0,251.81,232.49,0.9133,0.0835,28.8,night
2024-01-01 05:00:00,Gandhibagh,240.34,0,233.61,228.11,0.9051,0.0299,28.5,night
2024-01-01 05:00:00,Lakadganj,184.49,0,181.05,231.47,0.9543,0.0143,26.0,night
2024-01-01 05:00:00,Sadar,228.23,0,236.49,229.58,0.9091,0.1174,27.2,night
2024-01-01 05:00:00,Itwari,221.65,0,225.91,224.08,0.9224,0.1434,27.0,night
2024-01-01 05:00:00,Manewada,202.06,0,187.17,232.03,0.8819,0.1736,28.6,night
2024-01-01 05:00:00,Hingna,270.19,0,244.32,232.63,0.8706,0.1678,26.6,night
2024-01-01 06:00:00,Dharampeth,323.54,0,336.77,230.91,0.9142,0.1743,31.7,daytime
2024-01-01 06:00:00,Sitabuldi,224.23,39.0,184.99,226.73,0.8901,0.0348,29.1,daytime
2024-01-01 06:00:00,Gandhibagh,280.64,3.25,260.73,224.47,0.9681,0.1285,29.8,daytime
2024-01-01 06:00:00,Lakadganj,302.4,10.91,286.46,239.7,0.9052,0.0614,27.5,daytime
2024-01-01 06:00:00,Sadar,289.0,0,295.15,231.98,0.9043,0.0568,24.5,daytime
2024-01-01 06:00:00,Itwari,290.45,0,291.96,238.11,0.9387,0.0179,28.9,daytime
2024-01-01 06:00:00,Manewada,339.78,0,343.78,231.61,0.9075,0.0372,27.4,daytime
2024-01-01 06:00:00,Hingna,345.7,0,330.72,231.46,0.9378,0.1701,26.8,daytime
2024-01-01 07:00:00,Dharampeth,278.15,32.18,234.9,223.94,0.9518,0.093,28.5,daytime
2024-01-01 07:00:00,Sitabuldi,324.82,50.25,278.0,237.92,0.8803,0.0394,31.0,daytime
2024-01-01 07:00:00,Gandhibagh,328.72,52.9,286.93,232.33,0.9126,0.1012,27.9,daytime
2024-01-01 07:00:00,Lakadganj,316.65,45.8,276.2,228.71,0.9551,0.1011,27.4,daytime
2024-01-01 07:00:00,Sadar,214.4,65.18,147.64,222.94,0.8974,0.0572,25.2,daytime
2024-01-01 07:00:00,Itwari,343.53,46.06,306.19,227.1,0.9425,0.091,27.6,daytime
2024-01-01 07:00:00,Manewada,249.21,41.26,178.35,225.93,0.878,0.0784,27.9,daytime
2024-01-01 07:00:00,Hingna,314.91,50.05,261.61,230.05,0.9142,0.1671,28.9,daytime
2024-01-01 08:00:00,Dharampeth,234.46,60.86,145.12,227.32,0.9158,0.1243,30.1,daytime
2024-01-01 08:00:00,Sitabuldi,323.75,83.46,235.9,224.8,0.9488,0.1633,26.5,daytime
2024-01-01 08:00:00,Gandhibagh,279.31,98.39,183.64,227.46,0.9387,0.0067,26.3,daytime
2024-01-01 08:00:00,Lakadganj,269.06,104.08,149.66,226.0,0.9422,0.1212,27.1,daytime
2024-01-01 08:00:00,Sadar,280.87,76.43,197.7,226.72,0.8889,0.1705,24.6,daytime
2024-01-01 08:00:00,Itwari,271.17,115.84,161.66,224.64,0.9196,0.0435,27.9,daytime
2024-01-01 08:00:00,Manewada,218.11,97.76,128.34,223.94,0.9346,0.062,29.9,daytime
2024-01-01 08:00:00,Hingna,240.85,96.05,165.19,234.83,0.884,0.0734,29.9,daytime
2024-01-01 09:00:00,Dharampeth,406.66,139.43,263.62,234.93,0.8889,0.0106,31.0,peak
2024-01-01 09:00:00,Sitabuldi,338.2,102.0,233.54,224.52,0.9285,0.0462,30.2,peak
2024-01-01 09:00:00,Gandhibagh,381.68,128.11,243.42,222.14,0.8895,0.0021,28.2,peak
2024-01-01 09:00:00,Lakadganj,397.43,118.68,282.5,227.55,0.9505,0.0652,31.3,peak
2024-01-01 09:00:00,Sadar,335.56,120.11,215.88,230.94,0.9165,0.0518,26.3,peak
2024-01-01 09:00:00,Itwari,329.71,107.44,208.87,235.2,0.8857,0.1346,25.6,peak
2024-01-01 09:00:00,Manewada,320.27,133.87,196.34,235.29,0.9315,0.1144,27.6,peak
2024-01-01 09:00:00,Hingna,399.18,116.82,258.84,231.75,0.9253,0.0639,25.5,peak
2024-01-01 10:00:00,Dharampeth,308.13,136.08,183.02,231.23,0.8715,0.0351,31.6,peak
2024-01-01 10:00:00,Sitabuldi,401.32,147.97,251.98,228.49,0.8922,0.1754,29.7,peak
2024-01-01 10:00:00,Gandhibagh,370.38,146.7,233.29,218.98,0.904,0.0161,31.1,peak
2024-01-01 10:00:00,Lakadganj,365.91,131.91,245.41,229.1,0.9028,0.0174,32.1,peak
2024-01-01 10:00:00,Sadar,392.57,154.08,238.43,228.99,0.9589,0.0087,32.7,peak
2024-01-01 10:00:00,Itwari,339.16,171.73,158.84,239.15,0.8725,0.0151,31.4,peak
2024-01-01 10:00:00,Manewada,277.45,168.64,93.29,229.01,0.9493,0.0986,31.0,peak
2024-01-01 10:00:00,Hingna,280.46,174.96,99.76,232.99,0.966,0.0755,26.9,peak
2024-01-01 11:00:00,Dharampeth,375.24,167.32,211.58,233.08,0.916,0.0165,28.4,peak
2024-01-01 11:00:00,Sitabuldi,301.45,162.97,131.33,231.42,0.9088,0.1559,28.8,peak
2024-01-01 11:00:00,Gandhibagh,310.86,178.83,149.01,227.5,0.9588,0.1062,27.8,peak
2024-01-01 11:00:00,Lakadganj,303.29,169.91,128.28,228.98,0.9019,0.1073,25.8,peak
2024-01-01 11:00:00,Sadar,329.31,179.84,148.21,223.87,0.907,0.1366,28.8,peak
2024-01-01 11:00:00,Itwari,348.35,184.95,182.01,227.93,0.9126,0.1246,25.8,peak
2024-01-01 11:00:00,Manewada,365.87,164.61,199.94,237.46,0.8547,0.1238,30.2,peak
2024-01-01 11:00:00,Hingna,378.33,156.91,216.53,230.93,0.9319,0.0261,29.3,peak
2024-01-01 12:00:00,Dharampeth,385.57,188.77,212.46,226.74,0.9357,0.1065,30.1,peak
2024-01-01 12:00:00,Sitabuldi,308.03,186.92,136.04,230.96,0.9199,0.0973,26.2,peak
2024-01-01 12:00:00,Gandhibagh,372.04,176.43,190.42,232.02,0.9216,0.1743,31.2,peak
2024-01-01 12:00:00,Lakadganj,345.31,184.67,149.68,229.8,0.9234,0.0902,30.6,peak
2024-01-01 12:00:00,Sadar,366.03,180.62,196.05,237.32,0.9718,0.0875,23.3,peak
2024-01-01 12:00:00,Itwari,345.94,162.91,167.81,232.0,0.9554,0.1645,27.6,peak
2024-01-01 12:00:00,Manewada,412.52,175.97,219.84,225.92,0.9023,0.1212,29.2,peak
2024-01-01 12:00:00,Hingna,377.0,200.11,193.89,231.74,0.9409,0.0075,27.5,peak
2024-01-01 13:00:00,Dharampeth,303.8,159.86,138.69,224.41,0.9045,0.6295,26.2,daytime
2024-01-01 13:00:00,Sitabuldi,274.47,156.07,121.04,243.55,0.9205,0.7526,27.3,daytime
2024-01-01 13:00:00,Gandhibagh,306.82,202.49,102.06,235.84,0.9349,0.027,28.8,daytime
2024-01-01 13:00:00,Lakadganj,313.4,170.84,144.38,224.34,0.9684,0.1593,30.6,daytime
2024-01-01 13:00:00,Sadar,270.51,145.46,133.9,235.67,0.9194,0.0688,24.8,daytime
2024-01-01 13:00:00,Itwari,274.11,143.98,134.09,226.39,0.9602,0.1354,27.7,daytime
2024-01-01 13:00:00,Manewada,316.26,161.75,153.89,234.1,0.9357,0.1324,25.3,daytime
2024-01-01 13:00:00,Hingna,290.0,200.35,91.65,235.4,0.998,0.1531,28.1,daytime
2024-01-01 14:00:00,Dharampeth,268.77,177.89,88.98,228.52,0.9672,0.1654,27.3,daytime
2024-01-01 14:00:00,Sitabuldi,254.35,138.56,96.21,227.78,0.9443,0.0725,31.1,daytime
2024-01-01 14:00:00,Gandhibagh,283.82,142.9,143.5,237.51,0.8982,0.1691,25.0,daytime
2024-01-01 14:00:00,Lakadganj,289.0,163.55,121.23,230.2,0.9529,0.114,30.5,daytime
2024-01-01 14:00:00,Sadar,312.93,160.24,155.5,232.86,0.9148,0.1154,25.3,daytime
2024-01-01 14:00:00,Itwari,294.67,155.76,142.1,222.08,0.9335,0.0107,31.0,daytime
2024-01-01 14:00:00,Manewada,275.11,155.38,116.63,226.27,0.9591,0.1719,30.4,daytime
2024-01-01 14:00:00,Hingna,258.36,166.8,79.23,232.49,0.969,0.0068,28.1,daytime
2024-01-01 15:00:00,Dharampeth,268.67,109.49,149.37,222.47,0.906,0.0218,34.5,daytime
2024-01-01 15:00:00,Sitabuldi,313.37,130.9,192.11,233.55,0.8974,0.0218,31.0,daytime
2024-01-01 15:00:00,Gandhibagh,290.13,137.93,159.77,220.4,0.9179,0.1743,31.4,daytime
2024-01-01 15:00:00,Lakadganj,293.5,132.98,162.87,232.14,0.8911,0.1039,29.0,daytime
2024-01-01 15:00:00,Sadar,287.37,128.57,159.02,233.29,0.9168,0.0218,24.5,daytime
2024-01-01 15:00:00,Itwari,234.76,118.29,126.92,235.98,0.8952,0.0217,24.9,daytime
2024-01-01 15:00:00,Manewada,320.62,125.2,192.91,232.8,0.9392,0.1112,31.9,daytime
2024-01-01 15:00:00,Hingna,267.92,131.42,134.96,228.05,0.9375,0.0256,29.0,daytime
2024-01-01 16:00:00,Dharampeth,306.19,97.3,194.68,230.92,0.973,0.1541,25.7,daytime
2024-01-01 16:00:00,Sitabuldi,272.07,84.49,183.67,237.01,0.9205,0.1175,28.1,daytime
2024-01-01 16:00:00,Gandhibagh,247.98,71.69,190.52,236.86,0.8798,0.0156,29.9,daytime
2024-01-01 16:00:00,Lakadganj,273.92,91.73,196.62,235.68,0.919,0.0626,28.6,daytime
2024-01-01 16:00:00,Sadar,287.67,80.27,215.46,233.51,0.9108,0.0197,24.3,daytime
2024-01-01 16:00:00,Itwari,353.6,73.76,294.4,228.23,0.9514,0.0049,28.3,daytime
2024-01-01 16:00:00,Manewada,277.49,103.83,187.46,227.87,0.9267,0.1137,26.6,daytime
2024-01-01 16:00:00,Hingna,273.73,80.63,193.69,227.22,0.9057,0.082,28.2,daytime
2024-01-01 17:00:00,Dharampeth,245.1,61.87,182.28,228.45,0.9461,0.1238,25.7,daytime
2024-01-01 17:00:00,Sitabuldi,225.8,51.88,181.61,226.4,0.9309,0.0835,28.1,daytime
2024-01-01 17:00:00,Gandhibagh,306.08,17.1,286.02,233.69,0.9414,0.1038,27.8,daytime
2024-01-01 17:00:00,Lakadganj,322.67,66.21,256.66,238.29,0.9045,0.0078,28.3,daytime
2024-01-01 17:00:00,Sadar,276.86,44.22,213.8,226.53,0.8428,0.1489,30.7,daytime
2024-01-01 17:00:00,Itwari,205.45,30.47,182.17,222.98,0.9356,0.0978,27.8,daytime
2024-01-01 17:00:00,Manewada,274.04,50.36,233.8,230.45,0.9701,0.0936,27.8,daytime
2024-01-01 17:00:00,Hingna,278.1,69.4,223.12,235.26,0.9198,0.0973,30.3,daytime
2024-01-01 18:00:00,Dharampeth,311.44,0,313.06,230.09,0.8987,0.0334,27.0,peak
2024-01-01 18:00:00,Sitabuldi,348.1,2.06,368.17,222.0,0.8931,0.1397,30.6,peak
2024-01-01 18:00:00,Gandhibagh,330.24,0,333.37,232.04,0.8908,0.0439,30.9,peak
2024-01-01 18:00:00,Lakadganj,343.82,53.24,292.51,236.19,0.9226,0.0751,29.5,peak
2024-01-01 18:00:00,Sadar,319.96,5.14,316.45,232.37,0.9386,0.009,27.7,peak
2024-01-01 18:00:00,Itwari,349.11,7.27,335.53,226.05,0.9008,0.0465,28.0,peak
2024-01-01 18:00:00,Manewada,401.16,5.95,389.31,233.65,0.8987,0.0847,30.2,peak
2024-01-01 18:00:00,Hingna,358.84,11.2,340.39,227.16,1.0,0.1274,26.8,peak
2024-01-01 19:00:00,Dharampeth,294.66,0,281.78,235.23,0.8852,0.1318,29.4,peak
2024-01-01 19:00:00,Sitabuldi,263.59,0,273.17,230.53,0.9098,0.0329,29.0,peak
2024-01-01 19:00:00,Gandhibagh,306.62,0,305.98,234.48,0.939,0.1536,29.5,peak
2024-01-01 19:00:00,Lakadganj,300.03,0,318.05,223.77,0.9346,0.1144,30.5,peak
2024-01-01 19:00:00,Sadar,298.98,0,309.13,220.17,0.9355,0.1711,30.3,peak
2024-01-01 19:00:00,Itwari,279.43,0,284.14,225.43,0.9312,0.0577,31.6,peak
2024-01-01 19:00:00,Manewada,315.41,0,313.68,239.87,0.907,0.0957,31.9,peak
2024-01-01 19:00:00,Hingna,271.08,0,280.82,232.19,0.8657,0.1653,26.7,peak
2024-01-01 20:00:00,Dharampeth,375.73,0,377.08,225.08,0.9689,0.0626,27.0,peak
2024-01-01 20:00:00,Sitabuldi,335.2,0,346.49,226.41,0.9408,0.019,28.6,peak
2024-01-01 20:00:00,Gandhibagh,403.9,0,417.78,223.32,0.9596,0.0702,26.7,peak
2024-01-01 20:00:00,Lakadganj,296.67,0,297.21,231.55,0.8963,0.0365,29.7,peak
2024-01-01 20:00:00,Sadar,257.98,0,248.09,234.42,0.9343,0.0825,24.8,peak
2024-01-01 20:00:00,Itwari,299.65,0,308.54,229.54,0.8998,0.1677,29.6,peak
2024-01-01 20:00:00,Manewada,395.77,0,392.44,234.56,0.9196,0.0262,29.1,peak
2024-01-01 20:00:00,Hingna,318.44,0,323.39,225.75,0.9499,0.0472,24.9,peak
2024-01-01 21:00:00,Dharampeth,348.11,0,354.05,233.68,0.8614,0.0655,30.8,peak
2024-01-01 21:00:00,Sitabuldi,266.06,0,274.34,227.07,0.9407,0.0613,26.8,peak
2024-01-01 21:00:00,Gandhibagh,290.31,0,297.15,234.52,0.9359,0.0827,28.2,peak
2024-01-01 21:00:00,Lakadganj,335.93,0,340.72,227.9,0.9534,0.0408,27.0,peak
2024-01-01 21:00:00,Sadar,312.36,0,322.62,235.14,0.9024,0.062,26.3,peak
2024-01-01 21:00:00,Itwari,359.36,0,372.87,229.97,0.913,0.09,29.1,peak
2024-01-01 21:00:00,Manewada,331.57,0,346.72,219.78,0.9564,0.172,30.2,peak
2024-01-01 21:00:00,Hingna,293.47,0,276.42,231.19,0.94,0.0603,32.7,peak
2024-01-01 22:00:00,Dharampeth,342.62,0,364.81,234.64,0.8759,0.121,28.5,peak
2024-01-01 22:00:00,Sitabuldi,271.66,0,283.72,226.71,0.9519,0.113,29.2,peak
2024-01-01 22:00:00,Gandhibagh,287.27,0,294.74,228.4,0.9435,0.0889,26.3,peak
2024-01-01 22:00:00,Lakadganj,321.66,0,340.63,227.38,0.9409,0.0046,30.6,peak
2024-01-01 22:00:00,Sadar,362.78,0,346.38,230.89,0.9375,0.0967,27.1,peak
2024-01-01 22:00:00,Itwari,329.22,0,306.98,230.05,0.9363,0.0738,27.0,peak
2024-01-01 22:00:00,Manewada,319.56,0,310.5,224.93,0.9331,0.0101,27.9,peak
2024-01-01 22:00:00,Hingna,288.51,0,299.64,231.59,0.9446,0.1669,31.1,peak
2024-01-01 23:00:00,Dharampeth,221.84,0,212.91,228.8,0.8899,0.0827,30.7,night
2024-01-01 23:00:00,Sitabuldi,253.44,0,263.11,215.65,0.9052,0.1616,26.4,night
2024-01-01 23:00:00,Gandhibagh,249.25,0,253.29,228.13,0.872,0.0352,28.3,night
2024-01-01 23:00:00,Lakadganj,204.57,0,203.82,241.44,0.9173,0.107,29.8,night
2024-01-01 23:00:00,Sadar,271.68,0,277.22,219.38,0.9045,0.0542,26.9,night
2024-01-01 23:00:00,Itwari,237.84,0,218.72,224.88,0.8968,0.0128,27.4,night
2024-01-01 23:00:00,Manewada,218.15,0,215.59,229.4,0.9158,0.0398,30.6,night
2024-01-01 23:00:00,Hingna,257.33,0,249.16,233.22,0.8928,0.1165,28.2,night
2024-01-02 00:00:00,Dharampeth,245.11,0,242.64,230.41,0.9075,0.0978,28.3,night
2024-01-02 00:00:00,Sitabuldi,263.21,0,258.01,231.82,0.9578,0.075,26.6,night
2024-01-02 00:00:00,Gandhibagh,228.6,0,227.01,230.45,0.9159,0.1638,28.0,night
2024-01-02 00:00:00,Lakadganj,251.97,0,242.42,234.21,0.916,0.1452,26.4,night
2024-01-02 00:00:00,Sadar,241.97,0,237.47,226.16,0.9394,0.1775,27.7,night
2024-01-02 00:00:00,Itwari,276.15,0,269.03,232.68,0.9006,0.0159,31.1,night
2024-01-02 00:00:00,Manewada,262.11,0,245.84,233.79,0.9099,0.0036,27.9,night
2024-01-02 00:00:00,Hingna,238.53,0,244.95,225.28,0.9154,0.1276,27.9,night
2024-01-02 01:00:00,Dharampeth,197.19,0,198.36,238.72,0.9182,0.0305,32.2,night
2024-01-02 01:00:00,Sitabuldi,213.92,0,195.79,232.34,0.8807,0.1023,28.3,night
2024-01-02 01:00:00,Gandhibagh,246.55,0,261.31,230.37,0.8637,0.0606,27.5,night
2024-01-02 01:00:00,Lakadganj,202.0,0,212.03,225.22,0.8933,0.0364,31.9,night
2024-01-02 01:00:00,Sadar,256.71,0,258.68,229.91,0.8935,0.1379,30.9,night
2024-01-02 01:00:00,Itwari,180.88,0,169.52,232.04,0.9338,0.0764,27.0,night
2024-01-02 01:00:00,Manewada,230.04,0,231.29,234.63,0.9432,0.0352,26.5,night
2024-01-02 01:00:00,Hingna,257.68,0,258.26,232.14,0.9007,0.1789,25.7,night
2024-01-02 02:00:00,Dharampeth,209.67,0,206.25,226.4,0.9128,0.1142,28.5,night
2024-01-02 02:00:00,Sitabuldi,258.42,0,256.06,228.7,0.9539,0.0436,25.1,night
2024-01-02 02:00:00,Gandhibagh,272.39,0,303.7,223.83,0.9379,0.0579,30.1,night
2024-01-02 02:00:00,Lakadganj,302.76,0,302.27,233.28,0.8977,0.0311,29.7,night
2024-01-02 02:00:00,Sadar,263.75,0,258.1,229.03,0.9346,0.1152,29.7,night
2024-01-02 02:00:00,Itwari,255.57,0,260.87,236.34,0.9255,0.0808,26.4,night
2024-01-02 02:00:00,Manewada,256.75,0,262.69,222.72,0.9512,0.1374,24.6,night
2024-01-02 02:00:00,Hingna,206.69,0,216.27,231.56,0.9112,0.6828,30.5,night
2024-01-02 03:00:00,Dharampeth,224.03,0,215.28,224.9,0.9102,0.041,27.8,night
2024-01-02 03:00:00,Sitabuldi,186.2,0,180.07,228.16,0.8913,0.0128,33.0,night
2024-01-02 03:00:00,Gandhibagh,234.81,0,230.14,236.58,0.8727,0.0766,30.4,night
2024-01-02 03:00:00,Lakadganj,246.83,0,245.06,228.15,0.9201,0.1233,28.2,night
2024-01-02 03:00:00,Sadar,245.07,0,251.2,240.42,0.9285,0.0769,25.2,night
2024-01-02 03:00:00,Itwari,264.68,0,277.14,229.42,0.8495,0.0052,27.9,night
2024-01-02 03:00:00,Manewada,235.56,0,227.7,233.51,0.9418,0.1098,31.1,night
2024-01-02 03:00:00,Hingna,182.51,0,181.23,234.1,0.9452,0.0179,27.7,night
2024-01-02 04:00:00,Dharampeth,272.92,0,277.84,228.45,0.872,0.0131,27.5,night
2024-01-02 04:00:00,Sitabuldi,252.07,0,252.29,234.87,0.8851,0.1751,29.7,night
2024-01-02 04:00:00,Gandhibagh,235.99,0,208.73,221.11,0.966,0.0771,27.4,night
2024-01-02 04:00:00,Lakadganj,197.11,0,194.61,228.89,0.9543,0.0432,27.9,night
2024-01-02 04:00:00,Sadar,201.57,0,201.22,220.31,0.9221,0.0484,28.5,night
2024-01-02 04:00:00,Itwari,238.48,0,219.16,228.48,0.8972,0.1619,26.3,night
2024-01-02 04:00:00,Manewada,242.5,0,225.09,229.85,0.9583,0.0921,29.7,night
2024-01-02 04:00:00,Hingna,224.85,0,226.31,231.37,0.9139,0.1397,30.8,night
2024-01-02 05:00:00,Dharampeth,224.91,0,214.77,232.28,0.8788,0.092,32.1,night
2024-01-02 05:00:00,Sitabuldi,239.72,0,252.05,235.79,0.9115,0.1389,27.9,night
2024-01-02 05:00:00,Gandhibagh,179.29,0,182.75,248.93,0.8747,0.1266,28.5,night
2024-01-02 05:00:00,Lakadganj,202.09,0,203.22,224.55,0.9225,0.3144,24.7,night
2024-01-02 05:00:00,Sadar,241.22,0,233.61,223.38,0.9253,0.1765,26.1,night
2024-01-02 05:00:00,Itwari,208.35,0,206.7,220.2,0.9486,0.1137,28.2,night
2024-01-02 05:00:00,Manewada,229.86,0,223.51,230.63,0.877,0.6656,26.3,night
2024-01-02 05:00:00,Hingna,313.18,0,314.45,235.38,0.9305,0.0697,29.0,night
2024-01-02 06:00:00,Dharampeth,252.98,0,262.19,219.31,0.8783,0.0111,27.8,daytime
2024-01-02 06:00:00,Sitabuldi,236.89,0,233.49,234.3,0.9325,0.17,29.2,daytime
2024-01-02 06:00:00,Gandhibagh,254.8,0,265.7,230.23,0.9115,0.1032,29.1,daytime
2024-01-02 06:00:00,Lakadganj,325.14,13.64,299.54,238.61,0.8921,0.1313,29.3,daytime
2024-01-02 06:00:00,Sadar,284.2,0,301.86,226.07,0.8836,0.0187,29.7,daytime
2024-01-02 06:00:00,Itwari,235.67,0.12,227.27,231.27,0.9616,0.0588,30.3,daytime
2024-01-02 06:00:00,Manewada,218.85,16.32,197.21,231.65,0.9165,0.0324,27.1,daytime
2024-01-02 06:00:00,Hingna,288.55,0,287.16,222.91,0.871,0.0419,29.6,daytime
2024-01-02 07:00:00,Dharampeth,245.83,48.39,180.76,236.81,0.8733,0.0261,28.3,daytime
2024-01-02 07:00:00,Sitabuldi,321.03,58.77,260.59,226.06,0.9085,0.0868,29.7,daytime
2024-01-02 07:00:00,Gandhibagh,243.26,38.19,221.32,223.03,0.9148,0.0119,27.9,daytime
2024-01-02 07:00:00,Lakadganj,245.19,36.54,204.47,224.67,0.9056,0.1571,27.3,daytime
2024-01-02 07:00:00,Sadar,231.62,42.2,167.22,229.23,0.9129,0.002,28.7,daytime
2024-01-02 07:00:00,Itwari,292.83,55.81,235.44,229.37,0.8305,0.0883,28.2,daytime
2024-01-02 07:00:00,Manewada,297.82,44.64,261.24,240.2,0.8939,0.1284,30.3,daytime
2024-01-02 07:00:00,Hingna,310.12,55.71,248.88,234.13,0.918,0.0803,28.3,daytime
2024-01-02 08:00:00,Dharampeth,310.82,95.68,226.05,235.06,0.9523,0.0691,24.4,daytime
2024-01-02 08:00:00,Sitabuldi,302.71,98.72,215.97,228.91,0.8947,0.1625,28.1,daytime
2024-01-02 08:00:00,Gandhibagh,245.04,88.92,156.97,227.83,0.9198,0.0415,27.1,daytime
2024-01-02 08:00:00,Lakadganj,266.83,64.8,216.17,227.24,0.9355,0.1478,27.4,daytime
2024-01-02 08:00:00,Sadar,244.05,62.73,183.65,237.27,0.95,0.0508,28.4,daytime
2024-01-02 08:00:00,Itwari,258.38,78.8,172.92,239.18,0.9523,0.1678,26.7,daytime
2024-01-02 08:00:00,Manewada,263.05,118.15,139.71,238.06,0.873,0.0892,27.2,daytime
2024-01-02 08:00:00,Hingna,326.58,80.0,238.62,231.77,0.92,0.0137,24.9,daytime
2024-01-02 09:00:00,Dharampeth,489.72,116.47,376.38,236.51,0.9376,0.1551,26.1,peak
2024-01-02 09:00:00,Sitabuldi,376.38,103.58,274.78,233.23,0.9452,0.1511,29.4,peak
2024-01-02 09:00:00,Gandhibagh,312.96,124.67,185.79,233.91,0.9105,0.0043,23.3,peak
2024-01-02 09:00:00,Lakadganj,341.96,152.89,190.48,236.83,0.9777,0.0858,27.9,peak
2024-01-02 09:00:00,Sadar,341.78,113.48,242.25,226.49,0.9065,0.1701,31.3,peak
2024-01-02 09:00:00,Itwari,378.63,131.62,249.15,225.8,0.9037,0.3601,24.6,peak
2024-01-02 09:00:00,Manewada,379.6,129.87,241.92,246.98,0.8747,0.1196,26.1,peak
2024-01-02 09:00:00,Hingna,374.09,133.4,234.37,232.13,0.926,0.1097,31.3,peak
2024-01-02 10:00:00,Dharampeth,419.85,194.26,235.7,231.23,0.9031,0.1157,30.2,peak
2024-01-02 10:00:00,Sitabuldi,320.25,135.98,190.39,231.08,0.9518,0.0092,29.7,peak
2024-01-02 10:00:00,Gandhibagh,439.04,133.14,329.38,223.65,0.945,0.0421,27.8,peak
2024-01-02 10:00:00,Lakadganj,317.13,155.0,157.91,215.85,0.9252,0.0371,26.6,peak
2024-01-02 10:00:00,Sadar,373.6,159.74,211.53,228.46,0.8926,0.1537,26.0,peak
2024-01-02 10:00:00,Itwari,348.27,141.49,209.6,231.12,0.909,0.0902,24.5,peak
2024-01-02 10:00:00,Manewada,328.83,156.92,176.81,221.9,0.8946,0.1135,24.4,peak
2024-01-02 10:00:00,Hingna,336.82,160.61,179.55,235.81,0.9606,0.0655,30.3,peak
2024-01-02 11:00:00,Dharampeth,420.8,187.99,253.25,229.15,0.9203,0.0034,29.2,peak
2024-01-02 11:00:00,Sitabuldi,405.11,160.51,256.38,232.77,0.9118,0.078,27.9,peak
2024-01-02 11:00:00,Gandhibagh,335.1,190.87,146.64,226.95,0.9174,0.0751,30.3,peak
2024-01-02 11:00:00,Lakadganj,371.69,171.79,210.33,229.45,0.9234,0.1549,28.3,peak
2024-01-02 11:00:00,Sadar,345.56,166.99,153.13,232.36,0.95,0.1622,29.0,peak
2024-01-02 11:00:00,Itwari,414.04,193.19,220.71,230.45,0.934,0.1346,33.7,peak
2024-01-02 11:00:00,Manewada,416.25,152.12,255.67,216.49,0.9358,0.0292,28.8,peak
2024-01-02 11:00:00,Hingna,361.91,181.87,210.9,228.58,0.9219,0.1288,28.2,peak
2024-01-02 12:00:00,Dharampeth,375.81,165.41,225.72,231.52,0.8011,0.0197,29.3,peak
2024-01-02 12:00:00,Sitabuldi,337.68,176.83,147.87,225.99,0.9011,0.0345,28.2,peak
2024-01-02 12:00:00,Gandhibagh,335.8,194.44,137.86,226.64,0.961,0.1653,27.9,peak
2024-01-02 12:00:00,Lakadganj,387.74,165.93,227.46,233.48,0.9087,0.0961,26.4,peak
2024-01-02 12:00:00,Sadar,356.02,169.75,194.73,233.99,0.9251,0.1158,27.5,peak
2024-01-02 12:00:00,Itwari,363.47,189.42,170.6,224.75,0.902,0.085,29.2,peak
2024-01-02 12:00:00,Manewada,338.66,189.44,150.02,228.9,0.9611,0.0633,31.5,peak
2024-01-02 12:00:00,Hingna,400.11,218.32,190.98,227.51,0.9244,0.1434,26.8,peak
2024-01-02 13:00:00,Dharampeth,307.33,191.86,94.38,223.86,0.9176,0.1557,27.7,daytime
2024-01-02 13:00:00,Sitabuldi,236.39,177.19,48.79,229.53,0.9203,0.1647,29.1,daytime
2024-01-02 13:00:00,Gandhibagh,346.28,173.96,188.23,227.52,0.9083,0.0893,24.9,daytime
2024-01-02 13:00:00,Lakadganj,253.21,186.13,61.29,230.85,0.8677,0.0622,30.4,daytime
2024-01-02 13:00:00,Sadar,254.37,177.36,73.34,242.07,0.9175,0.068,30.9,daytime
2024-01-02 13:00:00,Itwari,211.21,154.74,51.25,240.12,0.9448,0.1575,27.2,daytime
2024-01-02 13:00:00,Manewada,294.65,176.36,123.99,233.62,0.9301,0.134,27.0,daytime
2024-01-02 13:00:00,Hingna,325.05,180.29,154.87,226.85,0.9004,0.1271,26.4,daytime
2024-01-02 14:00:00,Dharampeth,198.5,162.06,35.06,228.86,0.9365,0.1035,27.5,daytime
2024-01-02 14:00:00,Sitabuldi,302.32,139.31,176.01,236.95,0.9443,0.0716,32.0,daytime
2024-01-02 14:00:00,Gandhibagh,335.81,156.83,166.79,227.06,0.9215,0.6336,27.1,daytime
2024-01-02 14:00:00,Lakadganj,288.04,135.62,161.3,229.62,0.9463,0.0186,30.7,daytime
2024-01-02 14:00:00,Sadar,239.0,145.43,90.59,230.96,0.9487,0.029,22.5,daytime
2024-01-02 14:00:00,Itwari,352.97,151.49,214.5,233.34,1.0,0.0874,27.4,daytime
2024-01-02 14:00:00,Manewada,344.97,177.45,162.34,227.29,0.957,0.1792,29.7,daytime
2024-01-02 14:00:00,Hingna,276.61,175.0,93.53,228.47,0.8948,0.141,31.6,daytime
2024-01-02 15:00:00,Dharampeth,273.63,113.31,165.88,226.58,0.9309,0.1342,27.3,daytime
2024-01-02 15:00:00,Sitabuldi,262.73,108.68,162.48,234.52,0.8801,0.0003,28.2,daytime
2024-01-02 15:00:00,Gandhibagh,257.76,120.96,151.34,235.64,0.8837,0.0994,30.5,daytime
2024-01-02 15:00:00,Lakadganj,362.39,97.23,255.85,230.26,0.9559,0.0984,27.5,daytime
2024-01-02 15:00:00,Sadar,301.96,108.21,192.46,228.5,0.8772,0.0852,27.1,daytime
2024-01-02 15:00:00,Itwari,217.59,118.73,106.1,232.43,0.907,0.1504,29.4,daytime
2024-01-02 15:00:00,Manewada,345.99,133.98,213.69,232.84,0.9447,0.0756,27.9,daytime
2024-01-02 15:00:00,Hingna,260.65,131.3,136.66,229.37,0.9276,0.0148,28.5,daytime
2024-01-02 16:00:00,Dharampeth,294.17,82.7,196.64,229.85,0.9559,0.1352,25.6,daytime
2024-01-02 16:00:00,Sitabuldi,271.61,81.37,185.12,236.23,0.9102,0.1007,27.0,daytime
2024-01-02 16:00:00,Gandhibagh,283.86,103.74,176.02,227.86,0.9189,0.0153,27.3,daytime
2024-01-02 16:00:00,Lakadganj,288.19,73.65,201.99,226.47,0.9335,0.0421,26.5,daytime
2024-01-02 16:00:00,Sadar,265.64,93.62,173.55,234.37,0.9307,0.0088,30.3,daytime
2024-01-02 16:00:00,Itwari,293.71,92.7,187.53,221.98,0.9395,0.4062,32.0,daytime
2024-01-02 16:00:00,Manewada,215.56,85.4,126.87,229.33,0.9391,0.0245,27.5,daytime
2024-01-02 16:00:00,Hingna,239.15,72.37,167.64,221.16,0.8579,0.0171,25.7,daytime
2024-01-02 17:00:00,Dharampeth,313.47,54.17,253.51,226.56,0.9278,0.0092,30.7,daytime
2024-01-02 17:00:00,Sitabuldi,241.11,36.15,217.82,232.87,0.8943,0.7017,27.9,daytime
2024-01-02 17:00:00,Gandhibagh,269.86,42.09,221.18,221.06,0.9568,0.6501,28.7,daytime
2024-01-02 17:00:00,Lakadganj,331.16,64.1,265.65,225.47,0.9278,0.0907,25.0,daytime
2024-01-02 17:00:00,Sadar,293.92,12.24,292.97,232.23,0.8773,0.0099,27.4,daytime
2024-01-02 17:00:00,Itwari,235.49,48.39,174.73,232.5,0.9041,0.1608,30.4,daytime
2024-01-02 17:00:00,Manewada,292.09,50.74,240.57,232.39,0.9411,0.1428,33.1,daytime
2024-01-02 17:00:00,Hingna,309.66,58.66,251.04,228.18,0.885,0.0533,29.6,daytime
2024-01-02 18:00:00,Dharampeth,354.58,0,339.42,224.77,0.86,0.1341,27.2,peak
2024-01-02 18:00:00,Sitabuldi,337.77,28.6,298.71,225.44,0.9379,0.0347,29.1,peak
2024-01-02 18:00:00,Gandhibagh,353.68,0,352.05,230.12,0.9281,0.1609,28.7,peak
2024-01-02 18:00:00,Lakadganj,328.81,0,309.06,235.29,0.8788,0.1774,24.6,peak
2024-01-02 18:00:00,Sadar,407.87,0,399.05,229.23,0.907,0.081,30.9,peak
2024-01-02 18:00:00,Itwari,445.29,21.57,413.46,231.94,0.8193,0.0237,27.9,peak
2024-01-02 18:00:00,Manewada,371.41,0,380.72,223.66,0.9263,0.137,29.4,peak
2024-01-02 18:00:00,Hingna,360.03,16.97,357.36,226.13,0.923,0.0901,28.6,peak
2024-01-02 19:00:00,Dharampeth,291.26,0,308.19,228.99,0.9213,0.1676,30.2,peak
2024-01-02 19:00:00,Sitabuldi,283.35,0,300.63,222.85,0.919,0.0572,26.8,peak
2024-01-02 19:00:00,Gandhibagh,317.39,0,328.57,226.73,0.9657,0.0945,28.3,peak
2024-01-02 19:00:00,Lakadganj,399.85,0,400.94,236.66,0.9105,0.0718,28.0,peak
2024-01-02 19:00:00,Sadar,299.02,0,302.61,231.76,0.9117,0.094,31.5,peak
2024-01-02 19:00:00,Itwari,295.43,0,300.74,227.51,0.9115,0.0548,27.9,peak
2024-01-02 19:00:00,Manewada,388.39,0,399.05,235.33,0.8973,0.1111,31.3,peak
2024-01-02 19:00:00,Hingna,329.3,0,327.42,228.06,0.8916,0.1165,26.1,peak
2024-01-02 20:00:00,Dharampeth,367.18,0,379.42,232.03,0.9218,0.0437,30.3,peak
2024-01-02 20:00:00,Sitabuldi,304.65,0,299.24,224.84,0.8693,0.1185,32.6,peak
2024-01-02 20:00:00,Gandhibagh,331.43,0,316.99,220.42,0.9111,0.1537,29.5,peak
2024-01-02 20:00:00,Lakadganj,324.32,0,328.79,217.89,0.9367,0.1468,28.9,peak
2024-01-02 20:00:00,Sadar,367.48,0,372.06,237.43,0.8634,0.0047,29.6,peak
2024-01-02 20:00:00,Itwari,319.49,0,315.34,222.89,0.9822,0.0749,29.8,peak
2024-01-02 20:00:00,Manewada,245.06,0,235.47,237.36,0.8871,0.1321,28.3,peak
2024-01-02 20:00:00,Hingna,287.57,0,287.6,224.49,0.8828,0.6295,29.8,peak
2024-01-02 21:00:00,Dharampeth,318.58,0,323.51,250.05,0.9405,0.0739,28.9,peak
2024-01-02 21:00:00,Sitabuldi,243.21,0,206.65,230.48,0.9328,0.137,26.2,peak
2024-01-02 21:00:00,Gandhibagh,386.31,0,390.19,228.31,0.9388,0.1368,30.4,peak
2024-01-02 21:00:00,Lakadganj,351.14,0,341.83,238.51,0.8888,0.0465,30.3,peak
2024-01-02 21:00:00,Sadar,277.77,0,290.19,233.24,0.9257,0.081,27.9,peak
2024-01-02 21:00:00,Itwari,289.35,0,287.19,233.82,0.8612,0.0645,31.2,peak
2024-01-02 21:00:00,Manewada,327.86,0,338.96,226.36,0.9639,0.0019,28.5,peak
2024-01-02 21:00:00,Hingna,362.06,0,366.46,228.2,0.8654,0.0062,28.2,peak
2024-01-02 22:00:00,Dharampeth,307.48,0,290.21,233.42,0.9364,0.1686,27.4,peak
2024-01-02 22:00:00,Sitabuldi,355.69,0,371.03,225.95,0.9045,0.0886,29.3,peak
2024-01-02 22:00:00,Gandhibagh,312.95,0,308.72,230.21,0.8881,0.178,25.9,peak
2024-01-02 22:00:00,Lakadganj,324.82,0,344.0,231.65,0.8892,0.0926,28.5,peak
2024-01-02 22:00:00,Sadar,336.34,0,322.76,224.21,0.9001,0.16,28.7,peak
2024-01-02 22:00:00,Itwari,368.02,0,369.0,230.4,0.9577,0.0888,29.0,peak
2024-01-02 22:00:00,Manewada,357.32,0,388.76,227.33,0.9491,0.0106,27.0,peak
2024-01-02 22:00:00,Hingna,270.19,0,256.74,234.28,0.8894,0.0913,27.1,peak
2024-01-02 23:00:00,Dharampeth,198.74,0,196.81,231.08,0.8987,0.068,28.5,night
2024-01-02 23:00:00,Sitabuldi,241.76,0,240.58,228.08,0.9462,0.0811,29.0,night
2024-01-02 23:00:00,Gandhibagh,195.79,0,192.48,223.04,0.8857,0.0964,27.7,night
2024-01-02 23:00:00,Lakadganj,176.65,0,176.3,231.72,0.901,0.0492,30.4,night
2024-01-02 23:00:00,Sadar,243.32,0,246.75,234.59,0.8961,0.1532,27.9,night
2024-01-02 23:00:00,Itwari,190.74,0,201.09,231.92,0.9402,0.131,24.0,night
2024-01-02 23:00:00,Manewada,240.77,0,252.37,233.29,0.9201,0.0123,29.4,night
2024-01-02 23:00:00,Hingna,259.46,0,260.19,230.59,0.9397,0.0707,26.1,night
2024-01-03 00:00:00,Dharampeth,259.45,0,254.74,232.56,0.9203,0.1462,28.0,night
2024-01-03 00:00:00,Sitabuldi,218.23,0,213.0,230.69,0.9148,0.1716,26.2,night
2024-01-03 00:00:00,Gandhibagh,244.53,0,237.62,232.35,0.8879,0.0687,32.8,night
2024-01-03 00:00:00,Lakadganj,249.26,0,246.46,223.99,0.899,0.1653,29.0,night
2024-01-03 00:00:00,Sadar,290.29,0,281.67,239.45,0.9647,0.0604,29.0,night
2024-01-03 00:00:00,Itwari,274.98,0,271.35,225.26,0.918,0.0785,29.2,night
2024-01-03 00:00:00,Manewada,261.13,0,253.73,230.0,0.9445,0.1496,30.4,night
2024-01-03 00:00:00,Hingna,215.95,0,218.3,235.28,0.8915,0.0654,25.7,night
2024-01-03 01:00:00,Dharampeth,226.31,0,226.42,233.47,0.8782,0.0994,27.2,night
2024-01-03 01:00:00,Sitabuldi,209.93,0,212.99,228.76,0.8864,0.1474,29.5,night
2024-01-03 01:00:00,Gandhibagh,274.57,0,285.95,243.2,0.8985,0.1118,31.3,night
2024-01-03 01:00:00,Lakadganj,339.27,0,331.93,229.41,0.8808,0.1417,28.4,night
2024-01-03 01:00:00,Sadar,194.11,0,193.97,222.67,0.9397,0.0029,26.6,night
2024-01-03 01:00:00,Itwari,226.34,0,229.86,229.05,0.9267,0.041,28.6,night
2024-01-03 01:00:00,Manewada,204.69,0,211.38,232.58,0.9008,0.1089,28.1,night
2024-01-03 01:00:00,Hingna,240.81,0,232.81,230.62,0.9018,0.0813,26.9,night
2024-01-03 02:00:00,Dharampeth,283.45,0,279.48,225.22,0.972,0.1369,28.4,night
2024-01-03 02:00:00,Sitabuldi,250.59,0,256.67,234.61,0.901,0.0313,26.9,night
2024-01-03 02:00:00,Gandhibagh,201.56,0,198.49,231.67,0.9283,0.1062,29.2,night
2024-01-03 02:00:00,Lakadganj,215.93,0,210.62,236.7,0.8832,0.1496,29.2,night
2024-01-03 02:00:00,Sadar,238.61,0,241.45,233.02,0.9213,0.1713,27.3,night
2024-01-03 02:00:00,Itwari,223.77,0,222.44,226.08,0.9927,0.0066,32.9,night
2024-01-03 02:00:00,Manewada,250.13,0,275.54,228.91,0.9259,0.1425,27.6,night
2024-01-03 02:00:00,Hingna,257.53,0,247.58,225.41,0.9007,0.0576,28.7,night
2024-01-03 03:00:00,Dharampeth,274.14,0,284.17,226.76,0.9114,0.0865,26.8,night
2024-01-03 03:00:00,Sitabuldi,234.0,0,245.2,231.87,0.9153,0.1363,31.0,night
2024-01-03 03:00:00,Gandhibagh,231.82,0,237.74,226.37,0.9325,0.1387,29.2,night
2024-01-03 03:00:00,Lakadganj,257.49,0,264.76,230.09,0.916,0.0761,30.5,night
2024-01-03 03:00:00,Sadar,240.34,0,226.77,226.2,0.9142,0.0131,30.5,night
2024-01-03 03:00:00,Itwari,204.91,0,203.96,230.01,0.9127,0.0066,28.4,night
2024-01-03 03:00:00,Manewada,264.32,0,271.5,226.54,0.9351,0.0702,27.2,night
2024-01-03 03:00:00,Hingna,179.22,0,193.01,229.57,0.9211,0.1477,24.2,night
2024-01-03 04:00:00,Dharampeth,332.99,0,343.75,234.29,0.9325,0.596,26.0,night
2024-01-03 04:00:00,Sitabuldi,278.16,0,281.48,231.47,0.989,0.7197,28.5,night
2024-01-03 04:00:00,Gandhibagh,237.14,0,229.79,235.87,0.9108,0.0243,27.0,night
2024-01-03 04:00:00,Lakadganj,223.79,0,226.32,232.25,0.9326,0.1321,24.6,night
2024-01-03 04:00:00,Sadar,278.9,0,285.03,219.49,0.9238,0.01,29.5,night
2024-01-03 04:00:00,Itwari,240.67,0,244.39,232.35,0.9546,0.1726,26.9,night
2024-01-03 04:00:00,Manewada,221.62,0,213.28,236.81,0.9087,0.0679,26.7,night
2024-01-03 04:00:00,Hingna,230.1,0,229.28,232.77,0.9277,0.1625,30.9,night
2024-01-03 05:00:00,Dharampeth,230.9,0,242.02,226.23,0.9198,0.0548,27.2,night
2024-01-03 05:00:00,Sitabuldi,289.35,0,309.39,232.84,0.9118,0.1185,28.6,night
2024-01-03 05:00:00,Gandhibagh,232.22,0,236.24,223.35,0.8648,0.095,27.0,night
2024-01-03 05:00:00,Lakadganj,266.23,0,281.68,224.9,0.9281,0.1443,27.8,night
2024-01-03 05:00:00,Sadar,220.93,0,205.67,227.92,0.9188,0.1277,31.0,night
2024-01-03 05:00:00,Itwari,228.9,0,241.3,226.07,0.9097,0.0787,29.8,night
2024-01-03 05:00:00,Manewada,249.42,0,267.47,227.04,0.9209,0.0915,31.9,night
2024-01-03 05:00:00,Hingna,287.66,0,289.81,235.7,0.9172,0.1478,30.3,night
2024-01-03 06:00:00,Dharampeth,242.21,0,233.22,232.95,0.9116,0.0619,30.8,daytime
2024-01-03 06:00:00,Sitabuldi,285.92,0,282.46,237.94,0.9828,0.0834,28.9,daytime
2024-01-03 06:00:00,Gandhibagh,283.39,8.33,269.54,228.86,0.9296,0.0384,33.4,daytime
2024-01-03 06:00:00,Lakadganj,247.48,1.3,257.05,229.63,0.8825,0.0974,33.7,daytime
2024-01-03 06:00:00,Sadar,357.19,21.69,342.67,240.14,0.9713,0.0388,25.6,daytime
2024-01-03 06:00:00,Itwari,327.87,26.48,301.06,241.79,0.9059,0.0634,31.0,daytime
2024-01-03 06:00:00,Manewada,249.32,4.9,260.15,236.27,0.9548,0.0972,25.7,daytime
2024-01-03 06:00:00,Hingna,331.79,0,333.19,234.72,0.9412,0.0606,29.9,daytime
2024-01-03 07:00:00,Dharampeth,302.73,56.01,242.06,229.23,0.9273,0.0469,30.8,daytime
2024-01-03 07:00:00,Sitabuldi,302.49,51.73,255.96,236.89,0.9637,0.0238,25.2,daytime
2024-01-03 07:00:00,Gandhibagh,352.56,64.46,290.59,239.16,0.9784,0.1394,28.8,daytime
2024-01-03 07:00:00,Lakadganj,340.82,53.16,273.99,228.29,0.9464,0.0745,28.3,daytime
2024-01-03 07:00:00,Sadar,287.17,71.38,229.68,230.72,0.899,0.0734,26.5,daytime
2024-01-03 07:00:00,Itwari,286.38,66.57,204.72,223.71,0.9078,0.1037,29.2,daytime
2024-01-03 07:00:00,Manewada,238.11,28.64,186.66,224.27,0.9249,0.0946,30.3,daytime
2024-01-03 07:00:00,Hingna,259.21,41.55,223.27,226.62,0.929,0.0664,28.5,daytime
2024-01-03 08:00:00,Dharampeth,318.56,107.27,196.07,223.97,0.9193,0.0226,26.9,daytime
2024-01-03 08:00:00,Sitabuldi,275.26,84.15,192.22,241.79,0.95,0.0355,27.0,daytime
2024-01-03 08:00:00,Gandhibagh,302.41,107.91,215.59,226.65,0.9312,0.1005,28.5,daytime
2024-01-03 08:00:00,Lakadganj,226.99,111.29,118.25,216.0,0.8685,0.1492,28.2,daytime
2024-01-03 08:00:00,Sadar,290.26,62.47,243.67,225.91,0.9066,0.1399,33.8,daytime
2024-01-03 08:00:00,Itwari,322.21,81.08,231.26,228.0,0.9565,0.5277,27.6,daytime
2024-01-03 08:00:00,Manewada,286.5,98.42,189.64,230.2,0.8692,0.1546,28.6,daytime
2024-01-03 08:00:00,Hingna,238.63,62.02,190.05,233.74,0.9164,0.1594,27.7,daytime
2024-01-03 09:00:00,Dharampeth,393.06,129.2,252.51,227.66,0.9086,0.1122,30.5,peak
2024-01-03 09:00:00,Sitabuldi,431.06,128.84,301.7,227.05,0.9597,0.0758,27.1,peak
2024-01-03 09:00:00,Gandhibagh,305.96,137.94,194.21,231.73,0.9342,0.1006,25.8,peak
2024-01-03 09:00:00,Lakadganj,343.82,119.78,220.34,229.63,0.9515,0.0175,27.7,peak
2024-01-03 09:00:00,Sadar,349.64,132.52,240.18,223.16,0.9441,0.0544,25.3,peak
2024-01-03 09:00:00,Itwari,351.99,127.67,237.56,227.29,0.9077,0.1712,26.2,peak
2024-01-03 09:00:00,Manewada,377.87,114.04,276.35,225.96,0.9245,0.1719,25.8,peak
2024-01-03 09:00:00,Hingna,352.95,132.46,217.98,221.26,0.9138,0.0386,33.7,peak
2024-01-03 10:00:00,Dharampeth,330.39,180.02,152.46,231.75,0.9463,0.1159,26.8,peak
2024-01-03 10:00:00,Sitabuldi,337.22,170.04,163.03,231.99,0.9221,0.1638,26.9,peak
2024-01-03 10:00:00,Gandhibagh,327.86,170.11,156.5,234.25,0.9372,0.0892,29.4,peak
2024-01-03 10:00:00,Lakadganj,414.96,143.43,267.38,226.45,0.8689,0.0016,27.3,peak
2024-01-03 10:00:00,Sadar,395.2,154.89,229.27,232.34,0.9695,0.0402,26.4,peak
2024-01-03 10:00:00,Itwari,399.56,159.22,234.73,230.62,0.9398,0.047,27.2,peak
2024-01-03 10:00:00,Manewada,361.35,166.13,208.91,236.34,0.9366,0.1003,27.2,peak
2024-01-03 10:00:00,Hingna,375.63,160.87,210.08,234.87,0.9016,0.1678,29.2,peak
2024-01-03 11:00:00,Dharampeth,371.5,217.43,169.48,221.82,0.9035,0.1767,28.2,peak
2024-01-03 11:00:00,Sitabuldi,371.69,180.05,201.48,220.23,0.9412,0.0219,30.2,peak
2024-01-03 11:00:00,Gandhibagh,303.13,145.9,170.62,238.21,0.8836,0.1359,29.9,peak
2024-01-03 11:00:00,Lakadganj,354.69,174.58,180.56,227.62,0.9017,0.0465,31.2,peak
2024-01-03 11:00:00,Sadar,354.22,181.2,165.96,229.06,0.878,0.159,26.9,peak
2024-01-03 11:00:00,Itwari,345.49,155.48,190.04,232.3,0.9015,0.0931,25.8,peak
2024-01-03 11:00:00,Manewada,361.96,165.36,203.77,223.53,0.916,0.0622,27.4,peak
2024-01-03 11:00:00,Hingna,348.83,168.78,184.93,225.35,0.9653,0.0265,26.1,peak
2024-01-03 12:00:00,Dharampeth,297.15,181.42,106.67,219.68,0.9465,0.0821,27.4,peak
2024-01-03 12:00:00,Sitabuldi,305.2,191.82,92.7,225.63,0.8896,0.0072,28.2,peak
2024-01-03 12:00:00,Gandhibagh,340.35,177.26,169.09,225.38,0.9078,0.1788,30.6,peak
2024-01-03 12:00:00,Lakadganj,329.79,176.26,151.33,234.19,0.9018,0.1202,31.0,peak
2024-01-03 12:00:00,Sadar,370.11,179.93,199.17,233.67,0.9029,0.1554,29.5,peak
2024-01-03 12:00:00,Itwari,416.56,175.47,233.85,229.49,0.9362,0.0083,29.3,peak
2024-01-03 12:00:00,Manewada,346.36,204.2,145.06,240.11,0.9438,0.1765,29.5,peak
2024-01-03 12:00:00,Hingna,384.01,153.93,241.9,236.66,0.8836,0.1453,30.8,peak
2024-01-03 13:00:00,Dharampeth,333.49,180.92,155.24,230.42,0.9234,0.0835,29.1,daytime
2024-01-03 13:00:00,Sitabuldi,310.01,153.59,152.97,228.0,0.944,0.0443,28.9,daytime
2024-01-03 13:00:00,Gandhibagh,267.9,172.42,87.25,228.06,0.8836,0.029,29.4,daytime
2024-01-03 13:00:00,Lakadganj,292.88,179.23,110.79,231.27,0.896,0.0097,32.3,daytime
2024-01-03 13:00:00,Sadar,223.35,194.21,17.64,235.31,0.8811,0.1734,28.0,daytime
2024-01-03 13:00:00,Itwari,231.41,138.54,90.83,225.71,0.9098,0.0575,29.5,daytime
2024-01-03 13:00:00,Manewada,332.49,149.4,189.31,225.18,0.9126,0.0546,28.9,daytime
2024-01-03 13:00:00,Hingna,263.24,182.19,58.34,233.7,0.9202,0.0048,31.8,daytime
2024-01-03 14:00:00,Dharampeth,250.86,150.25,103.51,229.11,0.9068,0.0855,26.0,daytime
2024-01-03 14:00:00,Sitabuldi,281.47,166.08,118.63,228.1,0.9291,0.1162,27.3,daytime
2024-01-03 14:00:00,Gandhibagh,308.92,189.38,120.23,231.51,0.9175,0.0743,30.0,daytime
2024-01-03 14:00:00,Lakadganj,323.34,175.53,146.07,229.07,0.9205,0.1489,28.5,daytime
2024-01-03 14:00:00,Sadar,294.69,157.64,144.31,223.81,0.8899,0.0483,29.8,daytime
2024-01-03 14:00:00,Itwari,252.18,166.47,94.4,231.24,0.9226,0.0501,29.2,daytime
2024-01-03 14:00:00,Manewada,376.64,150.76,224.07,237.81,0.9597,0.1112,25.1,daytime
2024-01-03 14:00:00,Hingna,297.35,173.59,113.84,225.92,0.9453,0.0584,29.5,daytime
2024-01-03 15:00:00,Dharampeth,313.16,119.32,188.0,238.17,0.903,0.114,30.7,daytime
2024-01-03 15:00:00,Sitabuldi,304.61,112.44,194.84,229.59,0.9037,0.0024,27.3,daytime
2024-01-03 15:00:00,Gandhibagh,246.31,108.63,117.67,239.32,0.9528,0.1672,29.3,daytime
2024-01-03 15:00:00,Lakadganj,297.61,118.82,181.48,234.21,0.9306,0.0395,27.0,daytime
2024-01-03 15:00:00,Sadar,305.87,150.06,155.43,233.94,0.8947,0.1053,26.0,daytime
2024-01-03 15:00:00,Itwari,268.75,159.88,114.03,220.12,0.8997,0.1757,30.1,daytime
2024-01-03 15:00:00,Manewada,254.74,118.07,122.48,231.52,0.9544,0.0454,26.8,daytime
2024-01-03 15:00:00,Hingna,322.08,139.62,203.22,220.87,0.9254,0.0977,28.6,daytime
2024-01-03 16:00:00,Dharampeth,299.01,88.98,206.7,230.66,0.9654,0.0298,28.4,daytime
2024-01-03 16:00:00,Sitabuldi,326.28,116.55,196.35,226.07,0.9511,0.0879,29.0,daytime
2024-01-03 16:00:00,Gandhibagh,230.06,72.58,174.57,231.79,0.9646,0.721,29.3,daytime
2024-01-03 16:00:00,Lakadganj,255.18,67.6,171.31,222.31,0.9209,0.0801,28.7,daytime
2024-01-03 16:00:00,Sadar,248.92,71.32,175.57,230.65,0.8951,0.0786,26.3,daytime
2024-01-03 16:00:00,Itwari,303.95,101.57,199.21,229.1,0.9263,0.1556,29.5,daytime
2024-01-03 16:00:00,Manewada,230.67,89.75,150.82,239.71,0.9326,0.1653,27.8,daytime
2024-01-03 16:00:00,Hingna,310.43,58.8,245.51,224.98,0.8941,0.022,24.8,daytime
2024-01-03 17:00:00,Dharampeth,242.15,55.21,170.17,223.32,0.8784,0.0677,29.9,daytime
2024-01-03 17:00:00,Sitabuldi,324.63,34.14,308.43,227.77,0.9187,0.081,27.7,daytime
2024-01-03 17:00:00,Gandhibagh,298.49,27.58,263.48,231.3,0.9314,0.0073,25.5,daytime
2024-01-03 17:00:00,Lakadganj,322.03,43.81,289.12,227.69,1.0,0.114,29.0,daytime
2024-01-03 17:00:00,Sadar,276.2,37.62,226.89,223.77,0.9327,0.0543,31.3,daytime
2024-01-03 17:00:00,Itwari,279.73,50.13,213.7,229.39,0.9346,0.023,31.7,daytime
2024-01-03 17:00:00,Manewada,329.74,40.75,280.17,228.75,0.9654,0.1713,29.9,daytime
2024-01-03 17:00:00,Hingna,271.61,55.49,216.76,232.01,0.938,0.1048,31.8,daytime
2024-01-03 18:00:00,Dharampeth,305.98,7.18,302.28,226.56,0.89,0.096,27.1,peak
2024-01-03 18:00:00,Sitabuldi,308.9,0,311.37,238.75,0.9155,0.0064,26.4,peak
2024-01-03 18:00:00,Gandhibagh,381.18,0,387.15,226.9,0.9208,0.0624,27.2,peak
2024-01-03 18:00:00,Lakadganj,310.37,0,317.8,223.61,0.8858,0.1657,27.2,peak
2024-01-03 18:00:00,Sadar,358.22,5.94,340.22,232.47,0.9874,0.0746,27.4,peak
2024-01-03 18:00:00,Itwari,352.66,15.89,337.88,230.02,0.9483,0.1011,30.9,peak
2024-01-03 18:00:00,Manewada,287.9,2.72,268.63,234.67,0.919,0.1027,31.7,peak
2024-01-03 18:00:00,Hingna,364.63,0,369.25,232.04,0.9139,0.0973,25.9,peak
2024-01-03 19:00:00,Dharampeth,390.59,0,395.03,230.16,0.9384,0.1467,28.4,peak
2024-01-03 19:00:00,Sitabuldi,327.56,0,317.82,223.67,0.9036,0.1495,26.5,peak
2024-01-03 19:00:00,Gandhibagh,315.1,0,313.77,220.67,0.9511,0.1195,28.7,peak
2024-01-03 19:00:00,Lakadganj,352.7,0,355.55,243.53,0.9286,0.1229,24.7,peak
2024-01-03 19:00:00,Sadar,283.96,0,284.41,221.38,0.9352,0.0421,28.1,peak
2024-01-03 19:00:00,Itwari,291.02,0,281.02,238.95,0.9,0.077,26.4,peak
2024-01-03 19:00:00,Manewada,342.5,0,331.82,227.96,0.9122,0.1286,25.6,peak
2024-01-03 19:00:00,Hingna,382.29,0,369.19,229.71,0.8996,0.1582,30.3,peak
2024-01-03 20:00:00,Dharampeth,307.43,0,300.27,236.66,0.9714,0.1435,27.8,peak
2024-01-03 20:00:00,Sitabuldi,307.49,0,300.45,226.29,0.9069,0.0834,26.3,peak
2024-01-03 20:00:00,Gandhibagh,319.62,0,315.19,236.47,0.925,0.1518,28.9,peak
2024-01-03 20:00:00,Lakadganj,325.88,0,335.07,227.25,0.9006,0.1604,26.3,peak
2024-01-03 20:00:00,Sadar,241.08,0,222.8,228.53,0.9357,0.0478,31.1,peak
2024-01-03 20:00:00,Itwari,283.89,0,285.36,228.21,0.8937,0.1553,27.0,peak
2024-01-03 20:00:00,Manewada,397.72,0,389.93,227.94,0.9022,0.1435,29.9,peak
2024-01-03 20:00:00,Hingna,378.45,0,379.17,228.85,0.9458,0.0218,30.2,peak
2024-01-03 21:00:00,Dharampeth,327.4,0,312.07,240.28,0.9511,0.5992,27.7,peak
2024-01-03 21:00:00,Sitabuldi,306.85,0,314.74,225.32,0.9748,0.1717,27.4,peak
2024-01-03 21:00:00,Gandhibagh,364.14,0,372.59,232.66,0.9311,0.0936,28.0,peak
2024-01-03 21:00:00,Lakadganj,339.82,0,358.01,235.42,0.9287,0.1292,24.5,peak
2024-01-03 21:00:00,Sadar,345.05,0,333.99,223.18,0.9171,0.1654,28.8,peak
2024-01-03 21:00:00,Itwari,370.64,0,366.74,233.99,0.9152,0.1116,28.8,peak
2024-01-03 21:00:00,Manewada,271.01,0,283.47,236.22,0.8897,0.0343,30.4,peak
2024-01-03 21:00:00,Hingna,332.07,0,312.34,232.17,0.9472,0.1465,26.5,peak
2024-01-03 22:00:00,Dharampeth,288.81,0,287.79,226.81,0.867,0.1693,28.1,peak
2024-01-03 22:00:00,Sitabuldi,280.3,0,285.39,227.48,0.9248,0.0523,29.0,peak
2024-01-03 22:00:00,Gandhibagh,335.58,0,328.35,229.23,0.9716,0.0656,26.0,peak
2024-01-03 22:00:00,Lakadganj,340.02,0,342.8,230.57,0.9403,0.1006,27.6,peak
2024-01-03 22:00:00,Sadar,311.56,0,303.29,235.24,0.907,0.0127,30.0,peak
2024-01-03 22:00:00,Itwari,306.87,0,311.2,234.32,0.9292,0.0365,23.3,peak
2024-01-03 22:00:00,Manewada,288.28,0,280.88,230.0,0.9529,0.6335,29.1,peak
2024-01-03 22:00:00,Hingna,288.99,0,277.81,222.64,0.8682,0.104,28.1,peak
2024-01-03 23:00:00,Dharampeth,269.75,0,285.62,227.13,0.9406,0.157,30.4,night
2024-01-03 23:00:00,Sitabuldi,299.43,0,303.13,227.85,0.9778,0.1757,29.8,night
2024-01-03 23:00:00,Gandhibagh,232.68,0,211.12,229.51,0.904,0.1342,29.1,night
2024-01-03 23:00:00,Lakadganj,287.4,0,300.49,235.09,0.9169,0.1509,27.9,night
2024-01-03 23:00:00,Sadar,218.51,0,207.02,235.5,0.9495,0.1061,28.9,night
2024-01-03 23:00:00,Itwari,257.16,0,267.61,231.36,0.8719,0.1633,30.8,night
2024-01-03 23:00:00,Manewada,167.0,0,157.61,231.23,0.944,0.0174,28.8,night
2024-01-03 23:00:00,Hingna,242.12,0,256.55,223.76,0.8766,0.0533,31.6,night
2024-01-04 00:00:00,Dharampeth,293.86,0,300.39,223.95,0.9007,0.1299,29.3,night
2024-01-04 00:00:00,Sitabuldi,193.09,0,187.68,230.64,0.943,0.0794,26.3,night
2024-01-04 00:00:00,Gandhibagh,240.56,0,241.17,232.18,0.9093,0.1323,28.0,night
2024-01-04 00:00:00,Lakadganj,244.01,0,255.91,232.95,0.913,0.005,25.9,night
2024-01-04 00:00:00,Sadar,251.8,0,242.19,226.19,0.9181,0.0523,27.4,night
2024-01-04 00:00:00,Itwari,222.41,0,217.77,236.98,0.9378,0.0923,23.6,night
2024-01-04 00:00:00,Manewada,237.03,0,230.54,238.63,0.9516,0.1311,27.9,night
2024-01-04 00:00:00,Hingna,280.71,0,272.09,230.83,0.938,0.0404,29.5,night
2024-01-04 01:00:00,Dharampeth,261.14,0,282.19,236.36,0.9517,0.014,24.1,night
2024-01-04 01:00:00,Sitabuldi,250.81,0,270.77,220.44,0.9134,0.0525,27.3,night
2024-01-04 01:00:00,Gandhibagh,177.67,0,185.97,234.86,0.9146,0.0796,25.7,night
2024-01-04 01:00:00,Lakadganj,277.71,0,273.64,238.42,0.9704,0.0196,27.8,night
2024-01-04 01:00:00,Sadar,191.7,0,193.64,221.33,0.9255,0.1089,26.8,night
2024-01-04 01:00:00,Itwari,248.7,0,240.49,228.47,0.9144,0.0191,32.0,night
2024-01-04 01:00:00,Manewada,191.67,0,208.59,222.22,0.9219,0.1319,27.3,night
2024-01-04 01:00:00,Hingna,296.53,0,330.35,239.69,0.9206,0.1567,29.4,night
2024-01-04 02:00:00,Dharampeth,218.75,0,223.29,231.59,0.9357,0.1157,29.0,night
2024-01-04 02:00:00,Sitabuldi,234.17,0,228.52,218.54,0.9315,0.1561,31.3,night
2024-01-04 02:00:00,Gandhibagh,258.96,0,242.16,231.34,0.9531,0.0698,26.4,night
2024-01-04 02:00:00,Lakadganj,182.32,0,179.18,224.7,0.9449,0.0777,29.5,night
2024-01-04 02:00:00,Sadar,276.99,0,275.08,232.81,0.9276,0.017,29.8,night
2024-01-04 02:00:00,Itwari,277.0,0,267.19,228.55,0.9053,0.0801,28.1,night
2024-01-04 02:00:00,Manewada,336.15,0,323.62,245.34,0.8622,0.0132,26.0,night
2024-01-04 02:00:00,Hingna,220.94,0,222.88,227.62,0.8964,0.0034,28.3,night
2024-01-04 03:00:00,Dharampeth,272.59,0,258.65,227.68,0.9237,0.0366,26.9,night
2024-01-04 03:00:00,Sitabuldi,285.31,0,296.56,237.72,0.9414,0.0166,28.4,night
2024-01-04 03:00:00,Gandhibagh,176.15,0,182.4,234.22,0.9215,0.1765,30.3,night
2024-01-04 03:00:00,Lakadganj,244.26,0,257.1,235.04,0.886,0.0023,28.7,night
2024-01-04 03:00:00,Sadar,233.76,0,247.53,235.66,0.8742,0.0182,28.3,night
2024-01-04 03:00:00,Itwari,208.09,0,192.92,219.82,0.9195,0.1746,27.9,night
2024-01-04 03:00:00,Manewada,177.46,0,178.29,232.76,0.9171,0.0911,27.4,night
2024-01-04 03:00:00,Hingna,338.09,0,336.5,228.17,0.8719,0.0756,29.7,night
2024-01-04 04:00:00,Dharampeth,183.15,0,192.01,232.36,0.942,0.1311,28.6,night
2024-01-04 04:00:00,Sitabuldi,206.41,0,219.72,229.77,0.9348,0.0863,27.9,night
2024-01-04 04:00:00,Gandhibagh,219.55,0,232.99,225.94,0.953,0.1265,28.9,night
2024-01-04 04:00:00,Lakadganj,234.57,0,226.71,226.0,0.9362,0.1466,30.5,night
2024-01-04 04:00:00,Sadar,260.8,0,260.63,225.42,0.8764,0.005,28.0,night
2024-01-04 04:00:00,Itwari,258.64,0,262.98,237.0,0.8788,0.0509,28.4,night
2024-01-04 04:00:00,Manewada,278.72,0,278.56,226.69,0.8588,0.1381,28.7,night
2024-01-04 04:00:00,Hingna,243.46,0,227.76,230.95,0.9081,0.4577,26.3,night
2024-01-04 05:00:00,Dharampeth,239.45,0,265.96,231.01,0.9667,0.0708,26.1,night
2024-01-04 05:00:00,Sitabuldi,184.72,0,169.66,223.53,0.9358,0.1767,29.0,night
2024-01-04 05:00:00,Gandhibagh,217.99,0,226.13,228.68,0.9142,0.1432,29.8,night
2024-01-04 05:00:00,Lakadganj,243.96,0,253.84,231.9,0.8987,0.1236,31.0,night
2024-01-04 05:00:00,Sadar,288.65,0,285.19,233.97,0.8813,0.0309,30.7,night
2024-01-04 05:00:00,Itwari,270.55,0,262.19,237.04,0.9061,0.1296,28.7,night
2024-01-04 05:00:00,Manewada,260.51,0,260.88,220.07,0.8964,0.1659,27.4,night
2024-01-04 05:00:00,Hingna,251.58,0,261.38,226.49,0.9725,0.1772,28.3,night
2024-01-04 06:00:00,Dharampeth,271.16,0,273.09,228.63,0.9509,0.1426,27.3,daytime
2024-01-04 06:00:00,Sitabuldi,310.09,3.58,300.87,237.72,0.859,0.0945,31.1,daytime
2024-01-04 06:00:00,Gandhibagh,249.38,0.4,259.91,235.9,0.8965,0.0179,30.9,daytime
2024-01-04 06:00:00,Lakadganj,281.87,0,286.83,225.89,0.9461,0.0747,26.7,daytime
2024-01-04 06:00:00,Sadar,268.25,13.67,254.83,238.65,0.9305,0.1026,27.1,daytime
2024-01-04 06:00:00,Itwari,254.76,27.04,226.96,228.26,0.916,0.134,30.0,daytime
2024-01-04 06:00:00,Manewada,395.3,26.86,363.92,220.63,0.9608,0.0273,29.7,daytime
2024-01-04 06:00:00,Hingna,240.68,0,249.49,227.17,0.9497,0.0242,29.3,daytime
2024-01-04 07:00:00,Dharampeth,283.65,58.59,221.71,221.89,0.9607,0.0117,26.5,daytime
2024-01-04 07:00:00,Sitabuldi,263.1,67.95,208.39,231.81,0.9468,0.1668,26.2,daytime
2024-01-04 07:00:00,Gandhibagh,258.25,55.12,192.03,225.23,0.9853,0.1526,27.8,daytime
2024-01-04 07:00:00,Lakadganj,289.14,68.89,204.07,228.01,0.8328,0.0313,27.5,daytime
2024-01-04 07:00:00,Sadar,243.02,45.76,204.83,230.28,0.9078,0.0697,29.2,daytime
2024-01-04 07:00:00,Itwari,276.34,51.79,227.13,229.0,0.9296,0.0253,30.6,daytime
2024-01-04 07:00:00,Manewada,273.39,21.41,250.05,225.74,0.907,0.0331,28.6,daytime
2024-01-04 07:00:00,Hingna,304.06,48.66,259.0,231.05,0.9392,0.1415,25.8,daytime
2024-01-04 08:00:00,Dharampeth,252.57,83.26,175.91,228.92,0.9763,0.1554,31.3,daytime
2024-01-04 08:00:00,Sitabuldi,233.54,101.86,134.61,229.58,0.8953,0.1365,32.7,daytime
2024-01-04 08:00:00,Gandhibagh,284.55,61.22,223.34,229.58,0.9418,0.0124,27.8,daytime
2024-01-04 08:00:00,Lakadganj,307.91,69.46,236.87,229.09,0.909,0.0162,30.5,daytime
2024-01-04 08:00:00,Sadar,300.3,78.52,226.14,222.32,0.8531,0.1598,29.4,daytime
2024-01-04 08:00:00,Itwari,272.2,85.65,207.7,233.57,0.9438,0.0522,29.5,daytime
2024-01-04 08:00:00,Manewada,204.21,104.84,123.52,231.63,0.8853,0.1123,30.3,daytime
2024-01-04 08:00:00,Hingna,265.35,103.27,151.61,238.79,0.9684,0.1496,26.3,daytime
2024-01-04 09:00:00,Dharampeth,356.48,112.58,263.96,229.56,0.8651,0.019,27.8,peak
2024-01-04 09:00:00,Sitabuldi,366.98,132.52,233.52,236.15,0.9493,0.0315,28.8,peak
2024-01-04 09:00:00,Gandhibagh,348.6,138.07,194.41,227.68,0.9655,0.1385,27.8,peak
2024-01-04 09:00:00,Lakadganj,393.86,119.78,284.25,219.49,0.9372,0.088,27.7,peak
2024-01-04 09:00:00,Sadar,374.34,114.89,269.38,235.96,0.9041,0.1439,27.0,peak
2024-01-04 09:00:00,Itwari,353.51,124.61,240.25,227.4,0.9114,0.1072,33.4,peak
2024-01-04 09:00:00,Manewada,319.01,138.27,181.13,238.02,0.9114,0.0165,26.4,peak
2024-01-04 09:00:00,Hingna,337.13,136.24,218.17,236.47,0.9551,0.1531,24.4,peak
2024-01-04 10:00:00,Dharampeth,352.95,148.78,204.96,230.54,0.8838,0.0695,28.6,peak
2024-01-04 10:00:00,Sitabuldi,412.93,163.12,234.95,231.57,0.9074,0.1607,29.8,peak
2024-01-04 10:00:00,Gandhibagh,274.72,187.81,92.64,237.03,0.8942,0.1799,28.8,peak
2024-01-04 10:00:00,Lakadganj,317.51,139.49,183.63,225.24,0.9317,0.179,28.5,peak
2024-01-04 10:00:00,Sadar,354.67,136.27,230.13,235.51,0.9264,0.1114,25.8,peak
2024-01-04 10:00:00,Itwari,392.89,154.93,244.88,230.39,0.9598,0.1376,28.2,peak
2024-01-04 10:00:00,Manewada,395.89,173.11,222.42,228.33,0.9681,0.5341,31.2,peak
2024-01-04 10:00:00,Hingna,384.56,158.13,229.87,227.57,0.8623,0.1124,30.7,peak
2024-01-04 11:00:00,Dharampeth,315.4,184.38,140.58,227.41,0.991,0.0914,30.9,peak
2024-01-04 11:00:00,Sitabuldi,408.61,171.71,238.08,229.8,0.8843,0.0781,28.6,peak
2024-01-04 11:00:00,Gandhibagh,373.6,184.65,198.03,229.7,0.9633,0.169,24.9,peak
2024-01-04 11:00:00,Lakadganj,354.61,218.53,137.26,227.87,0.9242,0.042,31.0,peak
2024-01-04 11:00:00,Sadar,337.57,164.05,159.51,230.34,0.9012,0.1735,27.7,peak
2024-01-04 11:00:00,Itwari,342.0,163.56,171.65,227.77,0.9027,0.0773,30.6,peak
2024-01-04 11:00:00,Manewada,323.43,184.92,131.8,235.5,0.9491,0.0718,27.3,peak
2024-01-04 11:00:00,Hingna,382.82,207.54,162.47,220.91,0.9294,0.0115,26.1,peak
2024-01-04 12:00:00,Dharampeth,338.46,190.62,147.28,232.3,0.8629,0.1516,34.1,peak
2024-01-04 12:00:00,Sitabuldi,366.03,190.46,184.48,228.86,0.9647,0.0666,31.3,peak
2024-01-04 12:00:00,Gandhibagh,356.87,188.16,176.54,224.95,0.8937,0.1776,29.7,peak
2024-01-04 12:00:00,Lakadganj,361.09,200.99,172.93,231.52,0.8779,0.155,29.0,peak
2024-01-04 12:00:00,Sadar,395.63,187.49,215.0,233.15,0.9453,0.1274,25.3,peak
2024-01-04 12:00:00,Itwari,382.86,145.12,238.77,227.71,0.9545,0.1044,32.9,peak
2024-01-04 12:00:00,Manewada,314.54,160.24,153.75,219.6,0.8855,0.0846,31.0,peak
2024-01-04 12:00:00,Hingna,392.3,164.38,223.14,232.74,0.942,0.0969,29.7,peak
2024-01-04 13:00:00,Dharampeth,285.29,155.82,130.27,226.74,0.9086,0.1209,28.7,daytime
2024-01-04 13:00:00,Sitabuldi,247.67,176.3,71.83,225.77,0.9203,0.1093,28.0,daytime
2024-01-04 13:00:00,Gandhibagh,279.54,182.59,92.36,232.53,0.9218,0.3992,33.4,daytime
2024-01-04 13:00:00,Lakadganj,314.22,195.26,127.4,229.96,0.9332,0.0561,27.7,daytime
2024-01-04 13:00:00,Sadar,286.47,169.56,127.16,236.04,0.9384,0.0279,29.5,daytime
2024-01-04 13:00:00,Itwari,266.9,179.86,89.6,231.48,0.862,0.4513,29.4,daytime
2024-01-04 13:00:00,Manewada,294.57,177.21,112.84,225.62,0.8853,0.1506,24.7,daytime
2024-01-04 13:00:00,Hingna,329.6,171.68,164.61,227.11,0.8699,0.1331,26.6,daytime
2024-01-04 14:00:00,Dharampeth,311.01,146.97,171.01,220.75,0.8989,0.145,28.1,daytime
2024-01-04 14:00:00,Sitabuldi,325.39,159.27,159.97,228.19,0.8768,0.0846,24.5,daytime
2024-01-04 14:00:00,Gandhibagh,309.74,162.5,164.24,235.16,0.882,0.1733,30.0,daytime
2024-01-04 14:00:00,Lakadganj,267.15,182.03,93.21,231.66,0.9113,0.172,25.2,daytime
2024-01-04 14:00:00,Sadar,291.0,163.5,131.38,226.26,0.9408,0.0535,27.1,daytime
2024-01-04 14:00:00,Itwari,260.96,177.21,74.13,221.05,0.9354,0.0376,28.2,daytime
2024-01-04 14:00:00,Manewada,229.38,158.44,83.74,228.28,0.9461,0.0574,27.5,daytime
2024-01-04 14:00:00,Hingna,274.53,139.01,133.73,233.03,0.8879,0.0518,32.4,daytime
2024-01-04 15:00:00,Dharampeth,277.95,152.6,132.15,233.27,0.9098,0.0072,25.9,daytime
2024-01-04 15:00:00,Sitabuldi,257.2,142.09,109.0,233.55,0.8937,0.0177,31.4,daytime
2024-01-04 15:00:00,Gandhibagh,320.58,114.93,185.41,225.53,0.9245,0.1679,28.0,daytime
2024-01-04 15:00:00,Lakadganj,272.87,147.83,113.31,238.13,0.9005,0.1392,30.0,daytime
2024-01-04 15:00:00,Sadar,326.3,142.65,184.75,228.17,0.9587,0.0261,28.0,daytime
2024-01-04 15:00:00,Itwari,287.45,121.96,173.15,239.05,0.9217,0.137,26.0,daytime
2024-01-04 15:00:00,Manewada,351.56,119.56,223.79,232.27,0.9645,0.1512,27.6,daytime
2024-01-04 15:00:00,Hingna,287.01,129.46,161.53,222.91,0.8652,0.017,30.4,daytime
2024-01-04 16:00:00,Dharampeth,205.11,103.4,109.15,234.57,0.9301,0.1443,28.1,daytime
2024-01-04 16:00:00,Sitabuldi,282.53,69.42,199.22,227.81,0.8562,0.0941,28.5,daytime
2024-01-04 16:00:00,Gandhibagh,339.55,96.06,256.15,223.47,0.9275,0.0736,29.1,daytime
2024-01-04 16:00:00,Lakadganj,237.67,122.63,132.22,234.53,0.8669,0.0263,28.0,daytime
2024-01-04 16:00:00,Sadar,322.71,71.9,275.87,224.62,0.8812,0.0482,25.1,daytime
2024-01-04 16:00:00,Itwari,264.16,75.59,173.82,238.94,0.8654,0.4503,30.8,daytime
2024-01-04 16:00:00,Manewada,248.95,84.97,157.22,230.7,0.8925,0.119,27.0,daytime
2024-01-04 16:00:00,Hingna,271.23,86.5,173.43,230.68,0.9064,0.166,30.5,daytime
2024-01-04 17:00:00,Dharampeth,326.73,51.7,270.38,231.58,0.9823,0.006,29.0,daytime
2024-01-04 17:00:00,Sitabuldi,298.82,47.16,270.72,232.27,0.9127,0.0934,28.1,daytime
2024-01-04 17:00:00,Gandhibagh,290.44,53.72,242.76,233.1,0.9021,0.0891,30.7,daytime
2024-01-04 17:00:00,Lakadganj,309.84,34.22,260.91,229.76,0.8962,0.0419,31.0,daytime
2024-01-04 17:00:00,Sadar,248.26,57.01,187.53,224.95,0.9578,0.1601,28.7,daytime
2024-01-04 17:00:00,Itwari,295.66,31.83,273.44,219.26,0.9368,0.0736,26.9,daytime
2024-01-04 17:00:00,Manewada,320.31,30.55,278.09,227.02,0.9198,0.0059,26.2,daytime
2024-01-04 17:00:00,Hingna,322.04,89.17,227.29,230.3,0.9396,0.1613,30.5,daytime
2024-01-04 18:00:00,Dharampeth,354.63,0,360.91,228.39,0.9364,0.0663,31.1,peak
2024-01-04 18:00:00,Sitabuldi,363.5,12.9,361.75,232.76,0.8857,0.0528,28.9,peak
2024-01-04 18:00:00,Gandhibagh,319.08,0,328.04,234.28,0.8834,0.5901,28.9,peak
2024-01-04 18:00:00,Lakadganj,263.95,0,278.21,225.75,0.9032,0.5992,30.8,peak
2024-01-04 18:00:00,Sadar,347.69,23.5,324.55,228.17,0.9561,0.0233,27.8,peak
2024-01-04 18:00:00,Itwari,331.79,20.25,308.55,228.9,0.9519,0.0249,24.2,peak
2024-01-04 18:00:00,Manewada,327.54,29.11,298.8,226.74,0.8759,0.0361,33.2,peak
2024-01-04 18:00:00,Hingna,352.64,0,358.52,230.97,0.9531,0.173,27.7,peak
2024-01-04 19:00:00,Dharampeth,320.04,0,340.77,235.43,0.9482,0.0902,28.0,peak
2024-01-04 19:00:00,Sitabuldi,354.47,0,369.64,231.93,0.8945,0.1322,29.0,peak
2024-01-04 19:00:00,Gandhibagh,232.82,0,244.71,231.15,0.9617,0.5519,26.8,peak
2024-01-04 19:00:00,Lakadganj,291.07,0,291.37,232.71,0.8786,0.079,26.7,peak
2024-01-04 19:00:00,Sadar,323.37,0,322.77,231.31,0.9167,0.1286,27.7,peak
2024-01-04 19:00:00,Itwari,338.88,0,327.2,228.72,0.9644,0.1155,23.7,peak
2024-01-04 19:00:00,Manewada,281.8,0,297.77,230.73,0.9596,0.0496,28.8,peak
2024-01-04 19:00:00,Hingna,304.86,0,305.4,230.84,0.919,0.07,26.5,peak
2024-01-04 20:00:00,Dharampeth,346.87,0,372.87,227.25,0.9748,0.1746,32.1,peak
2024-01-04 20:00:00,Sitabuldi,334.7,0,343.61,233.19,0.9336,0.0764,25.6,peak
2024-01-04 20:00:00,Gandhibagh,338.29,0,331.24,223.15,0.9168,0.0396,27.3,peak
2024-01-04 20:00:00,Lakadganj,298.98,0,300.61,231.04,0.9026,0.0939,26.9,peak
2024-01-04 20:00:00,Sadar,322.38,0,312.9,232.1,0.9019,0.0957,27.4,peak
2024-01-04 20:00:00,Itwari,304.77,0,299.65,231.83,0.941,0.1476,29.7,peak
2024-01-04 20:00:00,Manewada,305.79,0,316.68,236.86,0.936,0.0214,29.0,peak
2024-01-04 20:00:00,Hingna,298.78,0,301.59,230.85,0.9116,0.0062,27.1,peak
2024-01-04 21:00:00,Dharampeth,352.49,0,352.96,234.83,0.8884,0.1636,30.4,peak
2024-01-04 21:00:00,Sitabuldi,263.41,0,267.41,227.37,0.8967,0.0436,26.1,peak
2024-01-04 21:00:00,Gandhibagh,307.63,0,284.17,231.61,0.9538,0.0421,25.1,peak
2024-01-04 21:00:00,Lakadganj,321.27,0,314.73,232.09,0.9166,0.0182,24.7,peak
2024-01-04 21:00:00,Sadar,297.76,0,290.93,232.34,0.8813,0.1189,26.9,peak
2024-01-04 21:00:00,Itwari,302.53,0,309.43,238.69,0.8867,0.0093,29.2,peak
2024-01-04 21:00:00,Manewada,309.07,0,295.89,226.77,0.8795,0.1608,23.4,peak
2024-01-04 21:00:00,Hingna,327.2,0,343.57,224.44,0.916,0.1788,29.3,peak
2024-01-04 22:00:00,Dharampeth,341.96,0,324.9,235.21,0.9313,0.084,26.7,peak
2024-01-04 22:00:00,Sitabuldi,325.87,0,333.36,236.68,0.8973,0.0496,23.8,peak
2024-01-04 22:00:00,Gandhibagh,306.7,0,310.59,234.94,0.9587,0.0154,28.4,peak
2024-01-04 22:00:00,Lakadganj,325.81,0,333.46,233.16,0.9348,0.0855,26.2,peak
2024-01-04 22:00:00,Sadar,295.73,0,303.79,229.03,0.9224,0.0122,25.5,peak
2024-01-04 22:00:00,Itwari,337.74,0,339.44,234.25,0.9152,0.1632,28.5,peak
2024-01-04 22:00:00,Manewada,307.29,0,310.82,236.12,0.871,0.1346,27.9,peak
2024-01-04 22:00:00,Hingna,338.24,0,332.06,235.05,0.9654,0.0116,27.3,peak
2024-01-04 23:00:00,Dharampeth,259.39,0,265.08,226.92,0.9425,0.0553,28.7,night
2024-01-04 23:00:00,Sitabuldi,254.48,0,240.83,231.54,0.9272,0.1458,27.3,night
2024-01-04 23:00:00,Gandhibagh,267.62,0,251.39,231.45,0.9395,0.1512,30.9,night
2024-01-04 23:00:00,Lakadganj,147.76,0,145.69,230.41,0.8673,0.0537,27.3,night
2024-01-04 23:00:00,Sadar,272.56,0,284.8,231.61,0.9243,0.1274,27.4,night
2024-01-04 23:00:00,Itwari,239.74,0,237.54,227.72,0.8844,0.0242,24.6,night
2024-01-04 23:00:00,Manewada,194.71,0,189.66,236.55,0.8731,0.0222,30.9,night
2024-01-04 23:00:00,Hingna,241.34,0,252.02,233.47,0.9449,0.1493,29.5,night
2024-01-05 00:00:00,Dharampeth,341.52,0,363.61,231.4,0.9128,0.0221,28.1,night
2024-01-05 00:00:00,Sitabuldi,210.89,0,226.18,230.22,0.9704,0.14,25.9,night
2024-01-05 00:00:00,Gandhibagh,218.74,0,223.77,223.2,0.943,0.092,29.6,night
2024-01-05 00:00:00,Lakadganj,282.74,0,286.41,235.03,0.9243,0.151,29.5,night
2024-01-05 00:00:00,Sadar,207.82,0,205.22,223.88,0.9341,0.0792,31.2,night
2024-01-05 00:00:00,Itwari,236.58,0,231.83,230.13,0.9074,0.0677,30.9,night
2024-01-05 00:00:00,Manewada,241.8,0,247.5,229.63,0.9499,0.0192,30.0,night
2024-01-05 00:00:00,Hingna,229.43,0,223.8,235.49,0.9186,0.1266,25.8,night
2024-01-05 01:00:00,Dharampeth,227.38,0,222.72,230.98,0.9389,0.0775,28.5,night
2024-01-05 01:00:00,Sitabuldi,243.49,0,244.81,230.75,0.9295,0.1381,30.2,night
2024-01-05 01:00:00,Gandhibagh,229.06,0,228.26,224.97,0.8733,0.0429,26.8,night
2024-01-05 01:00:00,Lakadganj,287.15,0,284.69,235.56,0.9102,0.1702,29.3,night
2024-01-05 01:00:00,Sadar,272.16,0,261.82,236.71,0.8966,0.0856,29.6,night
2024-01-05 01:00:00,Itwari,197.23,0,203.41,237.8,0.8728,0.0184,29.8,night
2024-01-05 01:00:00,Manewada,181.33,0,177.08,223.16,0.9639,0.0823,27.1,night
2024-01-05 01:00:00,Hingna,212.13,0,213.89,230.51,0.9612,0.0806,29.0,night
2024-01-05 02:00:00,Dharampeth,248.25,0,257.99,238.25,0.9102,0.1582,27.3,night
2024-01-05 02:00:00,Sitabuldi,255.38,0,248.05,221.56,0.9069,0.1247,26.5,night
2024-01-05 02:00:00,Gandhibagh,235.4,0,240.98,223.9,0.8576,0.0071,28.7,night
2024-01-05 02:00:00,Lakadganj,226.11,0,218.45,234.2,0.9591,0.1596,31.7,night
2024-01-05 02:00:00,Sadar,280.73,0,269.81,228.24,0.8908,0.0945,26.0,night
2024-01-05 02:00:00,Itwari,228.71,0,221.62,228.16,0.9016,0.1515,28.7,night
2024-01-05 02:00:00,Manewada,247.27,0,251.43,224.94,0.926,0.0295,31.5,night
2024-01-05 02:00:00,Hingna,212.97,0,208.57,226.89,0.9301,0.0004,28.9,night
2024-01-05 03:00:00,Dharampeth,225.1,0,221.32,228.3,0.9204,0.1611,28.9,night
2024-01-05 03:00:00,Sitabuldi,246.69,0,260.77,228.47,0.922,0.1723,28.0,night
2024-01-05 03:00:00,Gandhibagh,225.56,0,248.33,233.01,0.8848,0.0772,27.4,night
2024-01-05 03:00:00,Lakadganj,245.76,0,250.91,231.11,0.8665,0.0783,28.5,night
2024-01-05 03:00:00,Sadar,203.54,0,218.41,226.49,0.9569,0.1678,26.3,night
2024-01-05 03:00:00,Itwari,268.33,0,272.61,232.08,0.9223,0.0755,26.1,night
2024-01-05 03:00:00,Manewada,226.89,0,234.77,231.45,0.9163,0.0037,28.4,night
2024-01-05 03:00:00,Hingna,213.03,0,203.64,225.18,0.9027,0.1544,29.0,night
2024-01-05 04:00:00,Dharampeth,165.13,0,168.46,227.27,0.9071,0.1176,28.3,night
2024-01-05 04:00:00,Sitabuldi,258.93,0,251.84,228.63,0.9329,0.0981,29.1,night
2024-01-05 04:00:00,Gandhibagh,297.59,0,298.89,234.64,0.9315,0.1692,28.0,night
2024-01-05 04:00:00,Lakadganj,159.55,0,147.89,228.29,0.901,0.1233,26.7,night
2024-01-05 04:00:00,Sadar,271.27,0,257.83,230.39,0.9006,0.1694,27.8,night
2024-01-05 04:00:00,Itwari,240.28,0,248.82,234.76,0.9398,0.1358,25.5,night
2024-01-05 04:00:00,Manewada,270.11,0,260.79,221.41,0.9102,0.1104,29.1,night
2024-01-05 04:00:00,Hingna,236.27,0,237.84,232.33,0.9078,0.0346,29.4,night
2024-01-05 05:00:00,Dharampeth,302.56,0,315.87,234.9,0.9299,0.1514,27.4,night
2024-01-05 05:00:00,Sitabuldi,247.54,0,234.56,237.47,0.9131,0.1203,28.4,night
2024-01-05 05:00:00,Gandhibagh,281.67,0,277.29,227.27,0.9054,0.0378,25.2,night
2024-01-05 05:00:00,Lakadganj,203.48,0,199.94,226.85,0.9197,0.0989,27.6,night
2024-01-05 05:00:00,Sadar,189.8,0,177.55,224.72,0.901,0.1023,27.9,night
2024-01-05 05:00:00,Itwari,239.32,0,237.77,229.91,0.9454,0.0739,26.9,night
2024-01-05 05:00:00,Manewada,235.52,0,243.88,235.81,0.8692,0.0094,28.0,night
2024-01-05 05:00:00,Hingna,257.74,0,249.89,230.92,0.9096,0.0955,26.9,night
2024-01-05 06:00:00,Dharampeth,215.38,0,226.56,227.23,0.9342,0.0525,28.5,daytime
2024-01-05 06:00:00,Sitabuldi,253.99,0,257.13,236.93,0.8704,0.0431,28.4,daytime
2024-01-05 06:00:00,Gandhibagh,306.62,1.36,302.52,230.46,0.9202,0.0774,29.5,daytime
2024-01-05 06:00:00,Lakadganj,307.72,0.82,323.44,236.71,0.9168,0.1415,28.9,daytime
2024-01-05 06:00:00,Sadar,208.6,8.85,196.56,226.89,0.9297,0.1338,25.9,daytime
2024-01-05 06:00:00,Itwari,365.22,0,375.29,238.65,0.9439,0.0129,28.7,daytime
2024-01-05 06:00:00,Manewada,255.6,0,258.32,231.42,0.9286,0.1109,27.5,daytime
2024-01-05 06:00:00,Hingna,291.15,0,274.61,235.64,0.9238,0.0144,31.6,daytime
2024-01-05 07:00:00,Dharampeth,280.7,33.37,253.2,229.75,0.9188,0.1336,28.4,daytime
2024-01-05 07:00:00,Sitabuldi,327.9,40.72,276.68,237.19,0.9142,0.119,33.1,daytime
2024-01-05 07:00:00,Gandhibagh,214.27,18.1,186.72,236.56,0.9096,0.1515,26.0,daytime
2024-01-05 07:00:00,Lakadganj,212.44,32.95,167.94,222.99,0.9308,0.009,30.4,daytime
2024-01-05 07:00:00,Sadar,272.8,26.99,247.62,226.48,0.9028,0.1062,31.6,daytime
2024-01-05 07:00:00,Itwari,318.86,49.37,264.57,225.7,0.9484,0.1522,30.1,daytime
2024-01-05 07:00:00,Manewada,274.58,26.0,259.49,235.94,0.9099,0.1516,25.2,daytime
2024-01-05 07:00:00,Hingna,237.04,20.09,208.27,230.52,0.9429,0.1546,28.1,daytime
2024-01-05 08:00:00,Dharampeth,290.14,96.98,174.73,235.56,0.989,0.1799,27.0,daytime
2024-01-05 08:00:00,Sitabuldi,314.62,102.31,222.42,243.48,0.9338,0.0886,26.9,daytime
2024-01-05 08:00:00,Gandhibagh,330.29,104.6,233.89,235.9,0.9117,0.1158,27.0,daytime
2024-01-05 08:00:00,Lakadganj,287.21,102.56,189.13,231.08,0.9144,0.1403,29.8,daytime
2024-01-05 08:00:00,Sadar,254.47,107.71,139.95,232.64,0.9195,0.1052,27.3,daytime
2024-01-05 08:00:00,Itwari,235.99,91.47,148.32,240.15,0.9364,0.0152,29.0,daytime
2024-01-05 08:00:00,Manewada,319.09,91.37,219.34,231.82,0.9479,0.0017,30.6,daytime
2024-01-05 08:00:00,Hingna,240.24,65.19,187.3,230.99,0.8971,0.0282,29.1,daytime
2024-01-05 09:00:00,Dharampeth,338.24,154.11,180.42,227.71,0.9453,0.0471,29.6,peak
2024-01-05 09:00:00,Sitabuldi,262.23,121.47,132.68,243.55,0.9313,0.0248,27.1,peak
2024-01-05 09:00:00,Gandhibagh,336.86,143.76,194.4,237.98,0.9409,0.1241,28.8,peak
2024-01-05 09:00:00,Lakadganj,328.75,98.95,228.18,231.64,0.9039,0.0498,26.6,peak
2024-01-05 09:00:00,Sadar,342.57,134.75,221.04,230.82,0.9152,0.5447,28.1,peak
2024-01-05 09:00:00,Itwari,315.11,99.75,217.47,234.6,0.9552,0.0846,24.0,peak
2024-01-05 09:00:00,Manewada,323.59,125.21,214.75,230.66,0.9386,0.0345,30.6,peak
2024-01-05 09:00:00,Hingna,339.68,124.06,215.59,230.91,0.9171,0.0215,30.9,peak
2024-01-05 10:00:00,Dharampeth,350.62,161.26,181.37,230.56,0.9244,0.1793,30.6,peak
2024-01-05 10:00:00,Sitabuldi,407.37,137.89,276.21,225.01,0.9078,0.1308,28.2,peak
2024-01-05 10:00:00,Gandhibagh,336.74,137.9,197.83,230.29,0.9226,0.1731,29.6,peak
2024-01-05 10:00:00,Lakadganj,278.95,149.24,126.41,224.69,0.944,0.1731,29.0,peak
2024-01-05 10:00:00,Sadar,324.79,182.43,141.69,231.35,0.8858,0.0355,29.2,peak
2024-01-05 10:00:00,Itwari,346.94,156.22,192.76,226.77,0.9154,0.0936,28.0,peak
2024-01-05 10:00:00,Manewada,354.41,163.52,191.13,229.08,0.9125,0.1407,29.4,peak
2024-01-05 10:00:00,Hingna,291.56,156.01,133.7,232.57,0.9613,0.1755,26.6,peak
2024-01-05 11:00:00,Dharampeth,437.94,147.5,298.92,226.08,0.9298,0.1481,30.6,peak
2024-01-05 11:00:00,Sitabuldi,327.95,173.26,153.0,234.2,0.9246,0.1079,27.7,peak
2024-01-05 11:00:00,Gandhibagh,421.35,166.77,250.11,232.93,0.9319,0.7551,29.8,peak
2024-01-05 11:00:00,Lakadganj,350.91,163.11,192.71,236.06,0.9829,0.0493,27.4,peak
2024-01-05 11:00:00,Sadar,359.85,181.7,172.85,230.25,0.9227,0.0246,29.4,peak
2024-01-05 11:00:00,Itwari,383.72,197.59,187.69,238.22,0.923,0.1142,27.3,peak
2024-01-05 11:00:00,Manewada,348.84,167.24,169.25,229.94,0.9117,0.1792,28.5,peak
2024-01-05 11:00:00,Hingna,359.3,170.16,185.53,227.95,0.875,0.7183,25.1,peak
2024-01-05 12:00:00,Dharampeth,343.32,209.98,136.95,225.4,0.8819,0.1237,30.2,peak
2024-01-05 12:00:00,Sitabuldi,338.04,182.29,163.83,234.85,0.9354,0.1664,27.2,peak
2024-01-05 12:00:00,Gandhibagh,357.68,171.65,177.59,231.6,0.9788,0.1545,31.3,peak
2024-01-05 12:00:00,Lakadganj,308.47,177.94,146.45,230.97,0.9139,0.079,28.4,peak
2024-01-05 12:00:00,Sadar,355.27,142.69,215.24,233.19,0.9624,0.0784,27.3,peak
2024-01-05 12:00:00,Itwari,394.24,166.72,230.4,230.82,0.9302,0.0574,26.8,peak
2024-01-05 12:00:00,Manewada,343.48,157.35,188.1,222.94,0.9158,0.7647,28.0,peak
2024-01-05 12:00:00,Hingna,378.71,175.38,209.25,239.21,0.9256,0.0142,28.6,peak
2024-01-05 13:00:00,Dharampeth,242.9,186.67,41.72,230.42,0.9214,0.1298,26.1,daytime
2024-01-05 13:00:00,Sitabuldi,238.66,141.55,83.08,218.91,0.8979,0.0777,31.2,daytime
2024-01-05 13:00:00,Gandhibagh,273.53,179.12,81.13,228.83,0.9461,0.0054,26.4,daytime
2024-01-05 13:00:00,Lakadganj,294.16,175.38,113.36,233.79,0.9704,0.0516,30.9,daytime
2024-01-05 13:00:00,Sadar,272.5,174.15,100.7,236.26,0.9081,0.0482,28.9,daytime
2024-01-05 13:00:00,Itwari,261.6,203.9,76.52,231.33,0.9012,0.0666,26.4,daytime
2024-01-05 13:00:00,Manewada,283.86,191.03,87.53,232.01,0.9022,0.1668,28.8,daytime
2024-01-05 13:00:00,Hingna,283.3,169.27,117.47,227.52,0.9677,0.022,25.5,daytime
2024-01-05 14:00:00,Dharampeth,247.34,152.93,85.3,229.98,0.9615,0.0784,26.7,daytime
2024-01-05 14:00:00,Sitabuldi,247.62,170.77,83.09,228.49,0.9161,0.0335,27.8,daytime
2024-01-05 14:00:00,Gandhibagh,278.47,180.1,86.9,226.58,0.9391,0.0695,31.6,daytime
2024-01-05 14:00:00,Lakadganj,286.6,130.13,139.25,235.52,0.9111,0.0452,28.2,daytime
2024-01-05 14:00:00,Sadar,336.57,139.85,205.78,229.89,0.9638,0.002,30.2,daytime
2024-01-05 14:00:00,Itwari,238.9,143.82,74.69,230.62,0.8349,0.1359,25.4,daytime
2024-01-05 14:00:00,Manewada,244.19,166.43,89.26,230.86,0.9031,0.0827,26.7,daytime
2024-01-05 14:00:00,Hingna,307.75,167.69,138.02,230.28,0.9465,0.0769,31.5,daytime
2024-01-05 15:00:00,Dharampeth,261.47,128.47,151.47,234.84,0.8977,0.0023,28.6,daytime
2024-01-05 15:00:00,Sitabuldi,248.91,131.98,106.35,230.42,0.8939,0.1243,25.4,daytime
2024-01-05 15:00:00,Gandhibagh,261.77,151.62,106.25,224.77,0.9555,0.0303,30.0,daytime
2024-01-05 15:00:00,Lakadganj,236.86,141.3,84.35,234.95,0.859,0.0327,25.7,daytime
2024-01-05 15:00:00,Sadar,344.21,119.18,253.02,226.29,0.8683,0.1299,30.1,daytime
2024-01-05 15:00:00,Itwari,306.22,125.1,180.97,234.63,0.9305,0.1157,28.8,daytime
2024-01-05 15:00:00,Manewada,312.95,151.73,161.17,223.2,0.9122,0.0672,26.8,daytime
2024-01-05 15:00:00,Hingna,245.49,149.53,109.4,228.33,0.9483,0.0341,27.7,daytime
2024-01-05 16:00:00,Dharampeth,312.76,107.81,220.58,230.53,0.8891,0.1622,30.9,daytime
2024-01-05 16:00:00,Sitabuldi,236.55,83.14,154.19,228.38,0.8964,0.1191,29.6,daytime
2024-01-05 16:00:00,Gandhibagh,322.05,117.19,209.34,237.17,0.9717,0.1338,27.1,daytime
2024-01-05 16:00:00,Lakadganj,332.29,94.87,227.82,226.25,0.9271,0.0318,31.4,daytime
2024-01-05 16:00:00,Sadar,287.16,85.34,202.04,228.89,0.8854,0.098,28.0,daytime
2024-01-05 16:00:00,Itwari,291.66,99.79,204.91,227.03,0.8898,0.0208,28.7,daytime
2024-01-05 16:00:00,Manewada,248.79,110.43,125.55,226.26,0.9007,0.0017,33.7,daytime
2024-01-05 16:00:00,Hingna,266.28,89.28,194.94,233.69,0.9398,0.0861,28.8,daytime
2024-01-05 17:00:00,Dharampeth,273.35,29.62,231.03,236.1,0.8975,0.0521,29.5,daytime
2024-01-05 17:00:00,Sitabuldi,292.64,63.85,222.29,230.93,0.9509,0.0543,27.3,daytime
2024-01-05 17:00:00,Gandhibagh,197.61,72.27,135.0,232.9,0.8783,0.104,29.3,daytime
2024-01-05 17:00:00,Lakadganj,277.6,58.45,216.99,232.8,0.9273,0.1024,29.4,daytime
2024-01-05 17:00:00,Sadar,259.42,43.59,215.92,228.29,0.8848,0.1624,26.8,daytime
2024-01-05 17:00:00,Itwari,281.36,46.87,226.39,226.28,0.9333,0.072,26.7,daytime
2024-01-05 17:00:00,Manewada,288.17,42.87,243.19,234.55,0.9115,0.179,27.1,daytime
2024-01-05 17:00:00,Hingna,289.88,28.94,271.96,229.45,0.9249,0.0217,28.5,daytime
2024-01-05 18:00:00,Dharampeth,372.1,14.74,358.67,230.15,0.9243,0.1354,29.5,peak
2024-01-05 18:00:00,Sitabuldi,351.28,0,357.5,216.8,0.9739,0.1608,29.5,peak
2024-01-05 18:00:00,Gandhibagh,324.23,0,329.82,217.98,0.924,0.0253,29.2,peak
2024-01-05 18:00:00,Lakadganj,298.58,0,301.45,226.38,0.8924,0.4799,27.8,peak
2024-01-05 18:00:00,Sadar,336.75,0,334.87,228.46,0.8823,0.1268,29.4,peak
2024-01-05 18:00:00,Itwari,384.55,0,377.4,229.34,0.9127,0.1095,28.0,peak
2024-01-05 18:00:00,Manewada,425.72,16.12,402.71,228.76,0.8819,0.0933,29.6,peak
2024-01-05 18:00:00,Hingna,327.1,0,319.12,234.47,0.9133,0.0818,27.9,peak
2024-01-05 19:00:00,Dharampeth,335.77,0,350.35,229.07,0.879,0.0937,26.1,peak
2024-01-05 19:00:00,Sitabuldi,337.03,0,330.32,236.86,0.9033,0.0213,33.3,peak
2024-01-05 19:00:00,Gandhibagh,265.41,0,279.89,237.12,0.9163,0.0857,26.9,peak
2024-01-05 19:00:00,Lakadganj,317.97,0,315.59,239.96,0.9246,0.167,30.6,peak
2024-01-05 19:00:00,Sadar,295.54,0,285.95,230.85,0.9044,0.0675,28.3,peak
2024-01-05 19:00:00,Itwari,374.2,0,384.27,237.61,0.9552,0.151,27.6,peak
2024-01-05 19:00:00,Manewada,302.35,0,312.55,229.02,0.918,0.0624,29.4,peak
2024-01-05 19:00:00,Hingna,335.12,0,342.51,229.4,0.9783,0.0714,27.8,peak
2024-01-05 20:00:00,Dharampeth,337.34,0,327.85,229.54,0.9124,0.1796,26.5,peak
2024-01-05 20:00:00,Sitabuldi,313.89,0,306.11,222.91,0.8747,0.0169,29.4,peak
2024-01-05 20:00:00,Gandhibagh,361.6,0,357.93,236.46,0.9062,0.0787,26.0,peak
2024-01-05 20:00:00,Lakadganj,332.54,0,325.93,228.37,0.9269,0.0882,30.5,peak
2024-01-05 20:00:00,Sadar,351.27,0,346.54,227.94,0.9395,0.0086,29.7,peak
2024-01-05 20:00:00,Itwari,212.14,0,207.16,230.37,0.9355,0.0255,28.7,peak
2024-01-05 20:00:00,Manewada,298.65,0,300.04,220.21,0.966,0.1204,29.3,peak
2024-01-05 20:00:00,Hingna,285.33,0,306.44,215.75,0.88,0.1775,26.7,peak
2024-01-05 21:00:00,Dharampeth,325.2,0,324.22,228.52,0.8837,0.0523,27.4,peak
2024-01-05 21:00:00,Sitabuldi,306.43,0,317.6,236.69,0.9315,0.1309,27.4,peak
2024-01-05 21:00:00,Gandhibagh,377.54,0,376.55,243.22,0.9088,0.1064,27.9,peak
2024-01-05 21:00:00,Lakadganj,291.92,0,298.6,233.63,0.9302,0.0151,30.1,peak
2024-01-05 21:00:00,Sadar,362.83,0,379.26,233.15,0.9232,0.085,30.9,peak
2024-01-05 21:00:00,Itwari,271.52,0,262.82,220.96,0.9738,0.1404,26.1,peak
2024-01-05 21:00:00,Manewada,329.64,0,337.37,226.38,0.9258,0.0701,29.2,peak
2024-01-05 21:00:00,Hingna,359.4,0,360.7,232.08,0.8969,0.1202,30.1,peak
2024-01-05 22:00:00,Dharampeth,385.0,0,371.34,228.78,0.9299,0.1582,27.7,peak
2024-01-05 22:00:00,Sitabuldi,370.42,0,365.05,224.18,0.8942,0.1392,30.6,peak
2024-01-05 22:00:00,Gandhibagh,279.17,0,289.78,230.42,0.9358,0.0396,29.4,peak
2024-01-05 22:00:00,Lakadganj,270.22,0,282.99,228.41,0.9305,0.0705,30.0,peak
2024-01-05 22:00:00,Sadar,313.5,0,320.44,232.08,0.9208,0.0408,28.0,peak
2024-01-05 22:00:00,Itwari,305.09,0,309.39,243.27,0.926,0.0649,27.1,peak
2024-01-05 22:00:00,Manewada,322.53,0,321.08,232.8,0.9527,0.1174,29.7,peak
2024-01-05 22:00:00,Hingna,314.85,0,308.0,232.93,0.9273,0.1216,27.3,peak
2024-01-05 23:00:00,Dharampeth,243.21,0,233.35,240.7,0.8892,0.0122,28.2,night
2024-01-05 23:00:00,Sitabuldi,223.54,0,209.83,234.45,0.8804,0.0712,29.6,night
2024-01-05 23:00:00,Gandhibagh,272.13,0,283.92,225.69,0.9211,0.0743,31.1,night
2024-01-05 23:00:00,Lakadganj,266.94,0,277.3,231.28,0.8744,0.0867,29.4,night
2024-01-05 23:00:00,Sadar,296.26,0,280.44,226.0,0.8908,0.1071,27.8,night
2024-01-05 23:00:00,Itwari,241.02,0,223.46,233.18,0.8889,0.1624,28.0,night
2024-01-05 23:00:00,Manewada,298.58,0,300.29,222.17,0.8794,0.1658,35.1,night
2024-01-05 23:00:00,Hingna,228.45,0,240.99,223.92,0.9128,0.1337,27.8,night
2024-01-06 00:00:00,Dharampeth,241.95,0,257.78,234.73,0.9517,0.5054,26.1,night
2024-01-06 00:00:00,Sitabuldi,238.58,0,240.1,234.65,0.934,0.0699,23.6,night
2024-01-06 00:00:00,Gandhibagh,275.8,0,266.34,237.85,0.9019,0.1676,26.9,night
2024-01-06 00:00:00,Lakadganj,276.04,0,292.16,226.1,0.9168,0.4344,26.6,night
2024-01-06 00:00:00,Sadar,194.56,0,200.19,238.06,0.9262,0.1693,28.8,night
2024-01-06 00:00:00,Itwari,265.86,0,265.28,229.72,0.882,0.0305,30.8,night
2024-01-06 00:00:00,Manewada,235.1,0,245.42,225.06,0.9297,0.1441,26.2,night
2024-01-06 00:00:00,Hingna,212.93,0,213.5,238.48,0.9126,0.0141,29.8,night
2024-01-06 01:00:00,Dharampeth,271.18,0,257.63,230.55,0.955,0.1431,24.7,night
2024-01-06 01:00:00,Sitabuldi,239.12,0,233.05,235.93,0.8919,0.1603,29.8,night
2024-01-06 01:00:00,Gandhibagh,209.93,0,210.37,232.16,0.9193,0.0762,26.8,night
2024-01-06 01:00:00,Lakadganj,209.46,0,213.58,228.74,0.8777,0.1009,29.6,night
2024-01-06 01:00:00,Sadar,195.97,0,191.54,229.69,0.9571,0.1004,30.9,night
2024-01-06 01:00:00,Itwari,232.11,0,224.48,219.62,0.9558,0.0641,30.3,night
2024-01-06 01:00:00,Manewada,221.1,0,220.45,230.61,0.9177,0.0289,31.1,night
2024-01-06 01:00:00,Hingna,269.53,0,289.8,229.52,0.9957,0.0071,29.1,night
2024-01-06 02:00:00,Dharampeth,205.44,0,191.25,223.17,0.8991,0.0055,29.9,night
2024-01-06 02:00:00,Sitabuldi,270.78,0,269.75,228.57,0.9017,0.0471,29.8,night
2024-01-06 02:00:00,Gandhibagh,238.92,0,238.93,225.35,0.9033,0.1347,28.9,night
2024-01-06 02:00:00,Lakadganj,192.5,0,195.87,230.8,0.9327,0.1666,26.7,night
2024-01-06 02:00:00,Sadar,185.22,0,181.84,224.08,0.9121,0.0155,29.5,night
2024-01-06 02:00:00,Itwari,212.32,0,225.01,227.36,0.8702,0.1583,27.5,night
2024-01-06 02:00:00,Manewada,289.35,0,275.62,235.38,0.9022,0.0517,29.2,night
2024-01-06 02:00:00,Hingna,233.98,0,244.87,233.51,0.9214,0.0662,30.7,night
2024-01-06 03:00:00,Dharampeth,237.85,0,219.44,226.06,0.8694,0.0019,27.0,night
2024-01-06 03:00:00,Sitabuldi,222.05,0,217.67,223.09,0.9828,0.0219,27.6,night
2024-01-06 03:00:00,Gandhibagh,233.12,0,236.45,224.56,0.8649,0.1586,30.7,night
2024-01-06 03:00:00,Lakadganj,316.09,0,316.67,232.21,0.9143,0.0852,29.6,night
2024-01-06 03:00:00,Sadar,303.41,0,308.03,233.75,0.9372,0.002,27.8,night
2024-01-06 03:00:00,Itwari,254.49,0,244.29,232.33,0.8867,0.0758,30.9,night
2024-01-06 03:00:00,Manewada,348.57,0,337.01,231.29,0.9133,0.0518,30.8,night
2024-01-06 03:00:00,Hingna,239.86,0,218.48,226.44,0.9443,0.0185,29.4,night
2024-01-06 04:00:00,Dharampeth,253.35,0,242.17,232.72,0.9503,0.112,28.4,night
2024-01-06 04:00:00,Sitabuldi,168.63,0,165.77,228.64,0.9599,0.1373,29.8,night
2024-01-06 04:00:00,Gandhibagh,257.66,0,245.15,232.08,0.9403,0.1431,24.8,night
2024-01-06 04:00:00,Lakadganj,283.47,0,267.98,230.23,0.9104,0.0394,27.6,night
2024-01-06 04:00:00,Sadar,268.06,0,263.32,227.07,0.9105,0.1417,29.4,night
2024-01-06 04:00:00,Itwari,326.88,0,322.77,229.36,0.8899,0.1342,30.8,night
2024-01-06 04:00:00,Manewada,243.75,0,233.16,235.22,0.893,0.1351,28.9,night
2024-01-06 04:00:00,Hingna,224.01,0,217.33,225.6,0.8863,0.1193,27.8,night
2024-01-06 05:00:00,Dharampeth,177.1,0,183.89,231.98,0.9259,0.0753,28.4,night
2024-01-06 05:00:00,Sitabuldi,263.71,0,268.21,229.35,0.8983,0.1109,26.1,night
2024-01-06 05:00:00,Gandhibagh,260.19,0,248.14,235.13,0.9067,0.1418,25.3,night
2024-01-06 05:00:00,Lakadganj,264.59,0,259.63,225.69,0.8884,0.0563,30.0,night
2024-01-06 05:00:00,Sadar,262.7,0,267.71,226.83,0.9076,0.0401,27.4,night
2024-01-06 05:00:00,Itwari,169.55,0,155.89,223.82,0.9133,0.1695,28.8,night
2024-01-06 05:00:00,Manewada,206.71,0,207.15,227.4,0.8838,0.0892,28.9,night
2024-01-06 05:00:00,Hingna,199.44,0,206.61,228.23,0.8474,0.0141,29.9,night
2024-01-06 06:00:00,Dharampeth,326.84,4.97,328.74,225.71,0.8957,0.1493,24.0,daytime
2024-01-06 06:00:00,Sitabuldi,301.43,11.45,293.89,226.01,0.9803,0.1076,32.9,daytime
2024-01-06 06:00:00,Gandhibagh,290.36,0,277.43,231.55,0.8739,0.1414,25.5,daytime
2024-01-06 06:00:00,Lakadganj,297.67,16.24,278.1,239.04,0.9357,0.0166,29.0,daytime
2024-01-06 06:00:00,Sadar,268.6,3.45,272.82,229.55,0.8807,0.0621,27.8,daytime
2024-01-06 06:00:00,Itwari,299.82,13.94,302.83,227.27,0.9156,0.0475,27.6,daytime
2024-01-06 06:00:00,Manewada,268.18,0.27,282.54,221.23,0.941,0.0426,28.7,daytime
2024-01-06 06:00:00,Hingna,270.39,0,274.26,225.18,0.958,0.1165,26.6,daytime
2024-01-06 07:00:00,Dharampeth,283.81,61.44,221.4,238.58,0.9039,0.029,31.4,daytime
2024-01-06 07:00:00,Sitabuldi,324.24,57.83,266.14,223.61,0.9425,0.044,29.1,daytime
2024-01-06 07:00:00,Gandhibagh,325.02,48.98,276.3,224.49,0.955,0.0792,31.7,daytime
2024-01-06 07:00:00,Lakadganj,283.33,35.24,274.01,224.15,0.9101,0.1604,33.1,daytime
2024-01-06 07:00:00,Sadar,244.07,55.63,195.79,228.31,0.9388,0.0831,24.9,daytime
2024-01-06 07:00:00,Itwari,291.77,71.28,220.79,225.81,0.9589,0.0867,30.8,daytime
2024-01-06 07:00:00,Manewada,240.31,33.48,205.76,235.68,0.9058,0.083,26.2,daytime
2024-01-06 07:00:00,Hingna,265.63,46.54,228.78,230.77,0.9439,0.149,26.7,daytime
2024-01-06 08:00:00,Dharampeth,325.09,80.82,246.61,235.15,0.9172,0.114,25.9,daytime
2024-01-06 08:00:00,Sitabuldi,237.62,84.11,161.11,227.51,0.9176,0.1125,29.3,daytime
2024-01-06 08:00:00,Gandhibagh,289.14,108.21,178.14,234.65,0.8767,0.0249,28.2,daytime
2024-01-06 08:00:00,Lakadganj,292.84,89.77,206.66,228.84,0.928,0.1685,27.9,daytime
2024-01-06 08:00:00,Sadar,288.91,83.46,204.67,233.45,0.918,0.1776,28.7,daytime
2024-01-06 08:00:00,Itwari,238.08,70.38,167.83,234.92,0.9239,0.153,31.8,daytime
2024-01-06 08:00:00,Manewada,254.97,106.63,143.54,225.46,0.8955,0.1216,27.3,daytime
2024-01-06 08:00:00,Hingna,325.37,74.29,249.36,227.81,0.9161,0.1285,26.9,daytime
2024-01-06 09:00:00,Dharampeth,365.92,112.4,251.83,234.27,0.8612,0.0438,27.9,peak
2024-01-06 09:00:00,Sitabuldi,341.06,135.11,184.62,228.95,0.9262,0.0804,28.2,peak
2024-01-06 09:00:00,Gandhibagh,441.12,125.97,325.01,225.63,0.8874,0.0958,24.4,peak
2024-01-06 09:00:00,Lakadganj,351.58,136.02,217.46,225.77,0.9725,0.0252,29.1,peak
2024-01-06 09:00:00,Sadar,346.21,129.95,230.2,232.43,0.9559,0.044,30.1,peak
2024-01-06 09:00:00,Itwari,359.42,120.85,255.41,226.38,0.9087,0.1056,26.2,peak
2024-01-06 09:00:00,Manewada,369.63,122.19,250.29,232.83,0.9626,0.0341,29.5,peak
2024-01-06 09:00:00,Hingna,345.96,117.31,239.04,234.92,0.8996,0.0268,28.7,peak
2024-01-06 10:00:00,Dharampeth,311.13,168.22,140.95,232.12,0.8744,0.01,28.0,peak
2024-01-06 10:00:00,Sitabuldi,369.79,164.39,207.46,234.3,0.9234,0.1336,28.1,peak
2024-01-06 10:00:00,Gandhibagh,316.45,150.34,161.17,231.55,0.9354,0.0989,27.6,peak
2024-01-06 10:00:00,Lakadganj,371.3,144.24,228.95,238.09,0.8765,0.6102,28.2,peak
2024-01-06 10:00:00,Sadar,388.95,160.26,241.26,238.18,0.9061,0.0995,26.8,peak
2024-01-06 10:00:00,Itwari,381.61,143.31,241.43,233.46,0.8919,0.0407,28.6,peak
2024-01-06 10:00:00,Manewada,391.16,155.95,218.51,229.65,0.9197,0.1747,31.5,peak
2024-01-06 10:00:00,Hingna,346.49,162.49,173.23,231.74,0.894,0.0268,29.0,peak
2024-01-06 11:00:00,Dharampeth,382.0,195.96,182.4,238.62,0.8829,0.0134,26.8,peak
2024-01-06 11:00:00,Sitabuldi,342.1,176.9,164.53,231.08,0.8747,0.1269,29.1,peak
2024-01-06 11:00:00,Gandhibagh,311.92,181.12,114.6,221.32,0.9494,0.054,29.9,peak
2024-01-06 11:00:00,Lakadganj,381.63,144.87,227.93,232.2,0.8795,0.1029,30.2,peak
2024-01-06 11:00:00,Sadar,448.1,179.48,281.77,238.56,0.9284,0.1208,26.8,peak
2024-01-06 11:00:00,Itwari,319.77,189.53,142.56,224.1,0.9094,0.1371,28.4,peak
2024-01-06 11:00:00,Manewada,368.65,177.57,220.43,227.31,0.8643,0.1512,29.8,peak
2024-01-06 11:00:00,Hingna,342.49,165.7,193.98,236.52,0.9146,0.0684,28.4,peak
2024-01-06 12:00:00,Dharampeth,311.54,166.49,146.68,229.19,0.9103,0.104,27.0,peak
2024-01-06 12:00:00,Sitabuldi,323.6,205.97,128.86,237.23,0.9161,0.0799,28.9,peak
2024-01-06 12:00:00,Gandhibagh,346.2,196.66,121.71,228.99,0.962,0.1241,28.8,peak
2024-01-06 12:00:00,Lakadganj,423.19,178.24,222.39,235.24,0.9118,0.1583,29.0,peak
2024-01-06 12:00:00,Sadar,440.03,178.35,250.07,232.42,0.8504,0.1614,32.8,peak
2024-01-06 12:00:00,Itwari,404.1,165.18,235.02,232.25,0.9415,0.1183,26.0,peak
2024-01-06 12:00:00,Manewada,284.48,179.15,97.97,222.88,0.938,0.1214,30.6,peak
2024-01-06 12:00:00,Hingna,339.52,179.48,164.53,224.67,0.9283,0.1003,27.2,peak
2024-01-06 13:00:00,Dharampeth,240.87,177.92,70.35,226.47,0.9211,0.1656,26.1,daytime
2024-01-06 13:00:00,Sitabuldi,348.8,183.85,158.85,224.18,0.9456,0.1612,28.0,daytime
2024-01-06 13:00:00,Gandhibagh,282.44,165.47,133.04,231.51,0.9362,0.0008,31.2,daytime
2024-01-06 13:00:00,Lakadganj,292.74,171.79,121.85,224.25,0.9199,0.0882,30.7,daytime
2024-01-06 13:00:00,Sadar,281.96,198.0,73.83,232.7,0.949,0.147,28.2,daytime
2024-01-06 13:00:00,Itwari,389.6,171.02,219.25,236.99,0.9167,0.1719,29.6,daytime
2024-01-06 13:00:00,Manewada,301.81,179.46,109.03,228.09,0.8954,0.7449,27.5,daytime
2024-01-06 13:00:00,Hingna,359.19,176.84,189.01,238.74,0.9245,0.0185,29.4,daytime
2024-01-06 14:00:00,Dharampeth,219.93,168.11,46.96,230.16,0.987,0.101,24.7,daytime
2024-01-06 14:00:00,Sitabuldi,228.44,147.7,83.09,228.86,0.9506,0.091,31.1,daytime
2024-01-06 14:00:00,Gandhibagh,311.28,161.62,147.4,233.1,0.9168,0.0785,32.0,daytime
2024-01-06 14:00:00,Lakadganj,336.26,155.65,172.91,228.2,0.882,0.0597,30.7,daytime
2024-01-06 14:00:00,Sadar,212.34,154.62,52.03,219.25,0.8913,0.1493,28.2,daytime
2024-01-06 14:00:00,Itwari,225.8,138.2,67.36,232.31,0.9934,0.1176,28.9,daytime
2024-01-06 14:00:00,Manewada,233.1,160.6,58.73,230.69,0.9033,0.1672,30.4,daytime
2024-01-06 14:00:00,Hingna,262.27,137.03,116.78,239.11,0.9573,0.0749,29.8,daytime
2024-01-06 15:00:00,Dharampeth,339.96,136.14,206.27,231.01,0.9528,0.0391,29.3,daytime
2024-01-06 15:00:00,Sitabuldi,290.47,134.66,166.17,228.95,0.9401,0.1277,22.4,daytime
2024-01-06 15:00:00,Gandhibagh,278.21,141.01,144.61,236.03,0.9102,0.1558,27.6,daytime
2024-01-06 15:00:00,Lakadganj,266.66,135.6,120.8,225.19,0.879,0.0239,27.9,daytime
2024-01-06 15:00:00,Sadar,307.87,129.85,183.6,229.52,0.9345,0.1099,29.7,daytime
2024-01-06 15:00:00,Itwari,290.65,119.0,164.49,222.73,0.9066,0.12,28.0,daytime
2024-01-06 15:00:00,Manewada,316.34,128.09,204.74,237.81,0.8978,0.0718,27.0,daytime
2024-01-06 15:00:00,Hingna,306.73,135.03,178.02,228.1,0.895,0.0979,29.8,daytime
2024-01-06 16:00:00,Dharampeth,362.78,102.99,258.29,228.56,0.914,0.1231,30.7,daytime
2024-01-06 16:00:00,Sitabuldi,282.94,72.89,214.23,223.17,0.9322,0.143,29.1,daytime
2024-01-06 16:00:00,Gandhibagh,272.82,60.59,190.6,227.23,0.946,0.1096,30.8,daytime
2024-01-06 16:00:00,Lakadganj,312.34,79.3,248.7,239.22,0.9215,0.0024,27.6,daytime
2024-01-06 16:00:00,Sadar,255.81,68.23,175.34,230.02,0.9499,0.146,31.4,daytime
2024-01-06 16:00:00,Itwari,281.3,91.64,182.29,224.17,0.9407,0.0076,32.3,daytime
2024-01-06 16:00:00,Manewada,275.02,107.06,173.31,231.99,0.8763,0.4039,29.9,daytime
2024-01-06 16:00:00,Hingna,208.54,88.34,116.73,230.17,0.9238,0.1689,29.3,daytime
2024-01-06 17:00:00,Dharampeth,311.08,41.41,266.92,228.04,0.8509,0.1634,29.4,daytime
2024-01-06 17:00:00,Sitabuldi,309.06,51.25,263.05,236.3,0.9182,0.1195,27.5,daytime
2024-01-06 17:00:00,Gandhibagh,297.11,39.68,261.93,236.47,0.912,0.0151,30.2,daytime
2024-01-06 17:00:00,Lakadganj,293.8,57.86,237.5,227.35,0.8775,0.1246,27.5,daytime
2024-01-06 17:00:00,Sadar,289.83,67.29,222.93,232.74,0.8886,0.1604,28.5,daytime
2024-01-06 17:00:00,Itwari,302.96,26.41,262.04,230.75,0.9008,0.0022,28.9,daytime
2024-01-06 17:00:00,Manewada,251.8,33.24,220.37,230.86,0.9167,0.0024,32.9,daytime
2024-01-06 17:00:00,Hingna,273.86,27.59,237.71,232.38,0.8931,0.0357,24.4,daytime
2024-01-06 18:00:00,Dharampeth,345.24,0,345.96,237.52,0.8956,0.1406,28.5,peak
2024-01-06 18:00:00,Sitabuldi,342.0,0,344.91,229.52,0.9477,0.0368,29.2,peak
2024-01-06 18:00:00,Gandhibagh,372.76,22.81,345.13,234.64,0.9118,0.1673,34.2,peak
2024-01-06 18:00:00,Lakadganj,428.37,20.6,410.67,225.2,0.9348,0.1001,30.1,peak
2024-01-06 18:00:00,Sadar,383.15,0,393.3,224.41,0.8488,0.1566,25.7,peak
2024-01-06 18:00:00,Itwari,319.93,23.27,304.52,230.32,0.8881,0.0007,30.3,peak
2024-01-06 18:00:00,Manewada,336.08,4.02,341.08,227.69,0.9082,0.0243,25.9,peak
2024-01-06 18:00:00,Hingna,352.01,0,355.41,233.89,0.9598,0.0146,28.1,peak
2024-01-06 19:00:00,Dharampeth,322.38,0,321.86,231.43,0.9403,0.1265,29.0,peak
2024-01-06 19:00:00,Sitabuldi,315.36,0,317.96,225.01,0.8688,0.1654,31.4,peak
2024-01-06 19:00:00,Gandhibagh,301.01,0,295.11,229.58,0.8791,0.0943,30.7,peak
2024-01-06 19:00:00,Lakadganj,355.9,0,374.71,234.0,0.9373,0.1413,32.0,peak
2024-01-06 19:00:00,Sadar,314.38,0,320.35,231.73,0.9379,0.0367,29.1,peak
2024-01-06 19:00:00,Itwari,363.21,0,368.43,227.5,0.9304,0.1318,31.2,peak
2024-01-06 19:00:00,Manewada,335.86,0,343.6,231.21,0.9201,0.0358,29.0,peak
2024-01-06 19:00:00,Hingna,320.35,0,306.01,229.84,0.9265,0.0276,30.6,peak
2024-01-06 20:00:00,Dharampeth,373.51,0,375.43,227.72,0.9467,0.0921,28.9,peak
2024-01-06 20:00:00,Sitabuldi,335.44,0,345.09,237.83,0.9256,0.0507,26.9,peak
2024-01-06 20:00:00,Gandhibagh,328.14,0,347.52,233.59,0.9209,0.0756,27.3,peak
2024-01-06 20:00:00,Lakadganj,307.49,0,323.74,230.73,0.9547,0.1675,30.7,peak
2024-01-06 20:00:00,Sadar,299.4,0,292.77,226.39,0.9259,0.0694,28.6,peak
2024-01-06 20:00:00,Itwari,315.77,0,308.84,228.92,0.8988,0.0416,30.3,peak
2024-01-06 20:00:00,Manewada,259.49,0,259.61,226.79,0.9028,0.0447,28.0,peak
2024-01-06 20:00:00,Hingna,312.72,0,313.9,236.1,0.8821,0.1102,29.1,peak
2024-01-06 21:00:00,Dharampeth,323.46,0,340.86,228.98,0.8872,0.1055,29.3,peak
2024-01-06 21:00:00,Sitabuldi,282.05,0,274.11,229.1,0.9321,0.1398,31.4,peak
2024-01-06 21:00:00,Gandhibagh,344.79,0,338.37,227.26,0.8886,0.0981,25.8,peak
2024-01-06 21:00:00,Lakadganj,331.37,0,331.55,228.42,0.917,0.0998,28.4,peak
2024-01-06 21:00:00,Sadar,339.2,0,331.51,239.04,0.9558,0.1542,29.7,peak
2024-01-06 21:00:00,Itwari,398.1,0,401.12,227.15,0.9556,0.0027,28.5,peak
2024-01-06 21:00:00,Manewada,277.32,0,266.76,229.06,0.8826,0.0986,24.8,peak
2024-01-06 21:00:00,Hingna,380.76,0,376.05,225.88,0.9185,0.0741,28.2,peak
2024-01-06 22:00:00,Dharampeth,309.7,0,308.93,228.31,0.9251,0.0701,29.9,peak
2024-01-06 22:00:00,Sitabuldi,234.52,0,238.07,227.87,0.9073,0.0772,26.7,peak
2024-01-06 22:00:00,Gandhibagh,308.31,0,312.16,226.3,0.8822,0.146,26.9,peak
2024-01-06 22:00:00,Lakadganj,370.91,0,387.07,219.0,0.9364,0.0534,29.2,peak
2024-01-06 22:00:00,Sadar,367.68,0,361.08,219.74,0.9329,0.0478,30.0,peak
2024-01-06 22:00:00,Itwari,300.19,0,305.99,232.07,0.9215,0.0517,30.0,peak
2024-01-06 22:00:00,Manewada,305.61,0,321.35,238.02,0.9208,0.0009,29.5,peak
2024-01-06 22:00:00,Hingna,267.0,0,262.65,231.9,0.8532,0.1306,28.6,peak
2024-01-06 23:00:00,Dharampeth,290.14,0,281.34,234.13,0.9399,0.0095,28.6,night
2024-01-06 23:00:00,Sitabuldi,179.64,0,185.4,233.71,0.9208,0.1129,29.1,night
2024-01-06 23:00:00,Gandhibagh,233.72,0,233.61,230.91,0.8833,0.0178,26.8,night
2024-01-06 23:00:00,Lakadganj,233.14,0,225.28,226.99,0.9448,0.0123,26.4,night
2024-01-06 23:00:00,Sadar,230.51,0,246.16,236.58,0.9109,0.0106,28.1,night
2024-01-06 23:00:00,Itwari,225.56,0,227.0,226.92,0.9159,0.1392,28.9,night
2024-01-06 23:00:00,Manewada,232.48,0,237.63,234.55,0.9345,0.153,26.6,night
2024-01-06 23:00:00,Hingna,311.88,0,301.84,227.22,0.8901,0.1053,29.8,night
2024-01-07 00:00:00,Dharampeth,222.24,0,210.54,231.03,0.9578,0.1188,29.8,night
2024-01-07 00:00:00,Sitabuldi,277.87,0,273.33,230.82,0.9248,0.163,27.3,night
2024-01-07 00:00:00,Gandhibagh,230.4,0,222.73,227.56,0.9183,0.0033,28.1,night
2024-01-07 00:00:00,Lakadganj,249.96,0,236.84,223.06,0.9176,0.1382,27.5,night
2024-01-07 00:00:00,Sadar,217.4,0,219.82,234.19,0.8771,0.075,31.0,night
2024-01-07 00:00:00,Itwari,283.81,0,276.27,226.65,0.964,0.1258,27.3,night
2024-01-07 00:00:00,Manewada,225.08,0,220.55,228.64,0.9046,0.0052,29.7,night
2024-01-07 00:00:00,Hingna,346.55,0,355.34,229.67,0.9059,0.016,26.5,night
2024-01-07 01:00:00,Dharampeth,241.56,0,258.97,228.74,0.9599,0.1306,28.0,night
2024-01-07 01:00:00,Sitabuldi,304.56,0,301.2,237.39,0.9185,0.0267,29.1,night
2024-01-07 01:00:00,Gandhibagh,255.81,0,249.61,231.37,0.8717,0.0211,29.7,night
2024-01-07 01:00:00,Lakadganj,264.07,0,272.48,228.13,0.9841,0.1211,29.1,night
2024-01-07 01:00:00,Sadar,277.69,0,269.86,234.59,0.9162,0.0452,30.4,night
2024-01-07 01:00:00,Itwari,207.38,0,193.83,249.44,0.9285,0.1783,29.1,night
2024-01-07 01:00:00,Manewada,257.58,0,269.75,232.17,0.9385,0.175,26.0,night
2024-01-07 01:00:00,Hingna,234.58,0,225.08,232.64,0.8938,0.1498,31.0,night
2024-01-07 02:00:00,Dharampeth,224.57,0,227.94,224.54,0.9452,0.1505,26.5,night
2024-01-07 02:00:00,Sitabuldi,257.58,0,261.75,232.27,0.9217,0.1177,32.2,night
2024-01-07 02:00:00,Gandhibagh,192.72,0,184.47,231.09,0.8695,0.1725,29.6,night
2024-01-07 02:00:00,Lakadganj,247.52,0,242.07,233.09,0.9391,0.017,29.4,night
2024-01-07 02:00:00,Sadar,241.18,0,221.69,220.49,0.9267,0.0968,27.3,night
2024-01-07 02:00:00,Itwari,228.72,0,230.98,222.91,0.9023,0.0306,29.8,night
2024-01-07 02:00:00,Manewada,291.98,0,301.73,232.77,0.8818,0.085,28.2,night
2024-01-07 02:00:00,Hingna,234.78,0,243.43,239.66,0.9655,0.0734,26.8,night
2024-01-07 03:00:00,Dharampeth,201.26,0,207.1,218.08,0.9729,0.1196,28.3,night
2024-01-07 03:00:00,Sitabuldi,217.13,0,211.27,235.85,0.9697,0.0288,27.9,night
2024-01-07 03:00:00,Gandhibagh,219.63,0,227.61,232.94,0.8814,0.1476,29.0,night
2024-01-07 03:00:00,Lakadganj,212.62,0,216.66,224.21,0.9527,0.1377,26.8,night
2024-01-07 03:00:00,Sadar,249.37,0,243.22,229.04,0.8989,0.0344,28.3,night
2024-01-07 03:00:00,Itwari,257.57,0,268.96,235.19,0.9066,0.1297,29.9,night
2024-01-07 03:00:00,Manewada,233.26,0,241.65,234.57,0.8955,0.1615,26.7,night
2024-01-07 03:00:00,Hingna,217.9,0,222.17,226.56,0.8839,0.043,26.2,night
2024-01-07 04:00:00,Dharampeth,237.08,0,229.98,223.23,0.9265,0.1751,27.6,night
2024-01-07 04:00:00,Sitabuldi,241.64,0,234.12,226.64,0.95,0.0011,28.8,night
2024-01-07 04:00:00,Gandhibagh,242.15,0,244.53,230.15,0.8856,0.1288,29.5,night
2024-01-07 04:00:00,Lakadganj,286.48,0,274.27,235.5,0.913,0.1004,33.2,night
2024-01-07 04:00:00,Sadar,262.95,0,292.18,228.23,0.9742,0.119,29.2,night
2024-01-07 04:00:00,Itwari,258.66,0,251.25,242.2,0.9221,0.151,30.2,night
2024-01-07 04:00:00,Manewada,219.6,0,232.84,228.31,0.8691,0.026,32.2,night
2024-01-07 04:00:00,Hingna,263.52,0,260.12,229.62,0.9496,0.1112,29.0,night
2024-01-07 05:00:00,Dharampeth,229.43,0,229.2,232.03,0.9035,0.1644,26.1,night
2024-01-07 05:00:00,Sitabuldi,241.58,0,265.53,230.2,0.8829,0.0831,30.2,night
2024-01-07 05:00:00,Gandhibagh,217.98,0,222.38,227.14,0.8883,0.0203,26.1,night
2024-01-07 05:00:00,Lakadganj,200.2,0,182.8,231.03,0.9414,0.0192,27.4,night
2024-01-07 05:00:00,Sadar,230.63,0,228.68,228.2,0.9097,0.0946,28.8,night
2024-01-07 05:00:00,Itwari,280.61,0,261.21,226.52,0.862,0.1512,30.8,night
2024-01-07 05:00:00,Manewada,231.02,0,244.73,222.81,0.8825,0.0693,26.9,night
2024-01-07 05:00:00,Hingna,226.64,0,215.35,225.79,0.9071,0.0064,33.1,night
2024-01-07 06:00:00,Dharampeth,313.67,0,323.33,237.13,0.9549,0.1273,29.3,daytime
2024-01-07 06:00:00,Sitabuldi,293.9,13.24,272.08,231.15,0.9038,0.06,32.0,daytime
2024-01-07 06:00:00,Gandhibagh,313.67,15.77,301.5,230.32,0.856,0.08,28.9,daytime
2024-01-07 06:00:00,Lakadganj,326.44,5.96,309.54,236.61,0.929,0.131,27.7,daytime
2024-01-07 06:00:00,Sadar,313.56,0,315.78,224.46,0.9216,0.1471,26.6,daytime
2024-01-07 06:00:00,Itwari,232.43,0,247.57,238.17,0.8954,0.0602,29.1,daytime
2024-01-07 06:00:00,Manewada,236.39,0,228.74,233.78,0.8684,0.1753,30.2,daytime
2024-01-07 06:00:00,Hingna,224.18,17.22,200.14,225.93,0.9627,0.1652,28.8,daytime
2024-01-07 07:00:00,Dharampeth,304.49,47.13,271.49,233.7,0.9169,0.1005,30.1,daytime
2024-01-07 07:00:00,Sitabuldi,312.69,46.8,268.52,234.48,0.9238,0.0959,29.5,daytime
2024-01-07 07:00:00,Gandhibagh,264.35,53.65,207.33,225.94,0.9394,0.0591,28.7,daytime
2024-01-07 07:00:00,Lakadganj,350.65,60.55,320.05,220.83,0.886,0.1726,27.8,daytime
2024-01-07 07:00:00,Sadar,290.59,32.38,268.12,233.51,0.9391,0.1223,29.7,daytime
2024-01-07 07:00:00,Itwari,262.54,46.05,212.37,223.59,0.9033,0.0659,28.7,daytime
2024-01-07 07:00:00,Manewada,276.1,70.67,206.31,223.31,0.9213,0.1289,25.7,daytime
2024-01-07 07:00:00,Hingna,241.67,77.35,180.62,231.1,0.9001,0.1675,26.8,daytime
2024-01-07 08:00:00,Dharampeth,334.83,77.31,255.66,223.66,0.8731,0.0524,26.0,daytime
2024-01-07 08:00:00,Sitabuldi,273.85,78.15,216.59,228.89,0.8894,0.0562,28.7,daytime
2024-01-07 08:00:00,Gandhibagh,299.12,108.3,186.81,227.86,0.937,0.0256,31.3,daytime
2024-01-07 08:00:00,Lakadganj,282.18,79.41,201.2,219.38,0.9079,0.0783,30.6,daytime
2024-01-07 08:00:00,Sadar,236.91,85.43,148.89,231.87,0.9651,0.1074,28.0,daytime
2024-01-07 08:00:00,Itwari,299.76,94.41,209.2,225.76,0.9251,0.0517,29.7,daytime
2024-01-07 08:00:00,Manewada,318.28,68.93,243.69,229.83,0.9219,0.7403,28.6,daytime
2024-01-07 08:00:00,Hingna,248.8,78.29,151.27,226.33,0.9499,0.1523,25.3,daytime
2024-01-07 09:00:00,Dharampeth,338.24,119.99,211.8,226.12,0.893,0.1195,25.1,peak
2024-01-07 09:00:00,Sitabuldi,396.32,150.96,248.87,223.59,0.9591,0.1495,28.4,peak
2024-01-07 09:00:00,Gandhibagh,376.79,116.34,265.0,221.05,0.9711,0.1513,31.0,peak
2024-01-07 09:00:00,Lakadganj,339.72,129.23,214.04,230.16,0.8882,0.1412,27.7,peak
2024-01-07 09:00:00,Sadar,340.9,121.34,222.0,233.31,0.9256,0.033,29.8,peak
2024-01-07 09:00:00,Itwari,443.37,106.81,320.97,231.58,0.9235,0.0495,28.1,peak
2024-01-07 09:00:00,Manewada,313.94,127.96,191.65,230.3,0.967,0.1025,28.0,peak
2024-01-07 09:00:00,Hingna,443.3,141.68,296.8,233.69,0.8843,0.0834,31.2,peak
2024-01-07 10:00:00,Dharampeth,460.33,149.42,316.69,230.41,0.9477,0.1491,28.6,peak
2024-01-07 10:00:00,Sitabuldi,389.28,150.07,256.04,232.28,0.9072,0.14,24.2,peak
2024-01-07 10:00:00,Gandhibagh,453.88,155.93,274.68,236.63,0.9437,0.065,27.8,peak
2024-01-07 10:00:00,Lakadganj,411.13,164.69,259.28,227.21,0.9163,0.0965,26.3,peak
2024-01-07 10:00:00,Sadar,312.44,182.83,134.38,231.14,0.9957,0.1464,27.6,peak
2024-01-07 10:00:00,Itwari,352.53,168.73,179.21,229.45,0.936,0.1457,24.3,peak
2024-01-07 10:00:00,Manewada,365.2,153.63,219.05,218.95,0.9367,0.0054,26.1,peak
2024-01-07 10:00:00,Hingna,348.49,152.32,173.58,231.26,0.9109,0.782,29.4,peak
2024-01-07 11:00:00,Dharampeth,306.84,178.8,159.31,231.13,0.9307,0.008,26.4,peak
2024-01-07 11:00:00,Sitabuldi,419.26,163.29,253.97,231.74,0.8987,0.0067,30.5,peak
2024-01-07 11:00:00,Gandhibagh,342.29,168.34,184.0,222.81,0.9312,0.1154,25.6,peak
2024-01-07 11:00:00,Lakadganj,321.09,175.46,143.55,223.03,0.9115,0.111,32.9,peak
2024-01-07 11:00:00,Sadar,374.54,169.09,210.77,239.31,0.9364,0.0127,29.2,peak
2024-01-07 11:00:00,Itwari,406.85,187.6,213.86,235.27,0.9562,0.1271,25.0,peak
2024-01-07 11:00:00,Manewada,299.68,167.93,150.8,237.88,0.9015,0.0127,32.6,peak
2024-01-07 11:00:00,Hingna,331.99,164.15,168.21,230.83,0.9159,0.109,26.1,peak
2024-01-07 12:00:00,Dharampeth,335.24,178.6,155.4,231.37,0.9769,0.1145,32.6,peak
2024-01-07 12:00:00,Sitabuldi,361.31,191.2,153.96,223.68,0.9286,0.0634,25.0,peak
2024-01-07 12:00:00,Gandhibagh,348.71,191.18,147.57,228.72,0.9621,0.1327,28.2,peak
2024-01-07 12:00:00,Lakadganj,328.44,180.45,165.08,226.47,0.9363,0.1549,29.9,peak
2024-01-07 12:00:00,Sadar,341.21,174.52,182.46,229.75,0.9215,0.0752,29.3,peak
2024-01-07 12:00:00,Itwari,300.1,172.2,134.82,230.29,0.9332,0.0291,28.5,peak
2024-01-07 12:00:00,Manewada,380.31,187.34,184.42,230.86,0.949,0.1512,26.7,peak
2024-01-07 12:00:00,Hingna,376.33,175.38,181.41,239.58,0.9244,0.0743,24.7,peak
2024-01-07 13:00:00,Dharampeth,310.68,174.48,136.82,222.54,0.879,0.0084,30.0,daytime
2024-01-07 13:00:00,Sitabuldi,234.6,165.61,55.53,223.62,0.9054,0.1789,31.7,daytime
2024-01-07 13:00:00,Gandhibagh,267.79,193.86,74.09,229.09,0.9447,0.013,28.1,daytime
2024-01-07 13:00:00,Lakadganj,267.97,180.16,92.41,228.26,0.9382,0.1052,29.1,daytime
2024-01-07 13:00:00,Sadar,254.94,187.4,74.76,222.01,0.9051,0.0452,27.3,daytime
2024-01-07 13:00:00,Itwari,275.92,193.4,74.76,231.69,0.9441,0.1096,31.7,daytime
2024-01-07 13:00:00,Manewada,263.99,194.66,59.44,229.94,0.9094,0.0194,27.1,daytime
2024-01-07 13:00:00,Hingna,212.61,168.72,57.35,223.08,0.8817,0.1093,29.2,daytime
2024-01-07 14:00:00,Dharampeth,316.16,157.12,153.56,229.1,0.9391,0.0778,29.9,daytime
2024-01-07 14:00:00,Sitabuldi,212.26,162.44,47.8,232.26,0.9344,0.1664,29.2,daytime
2024-01-07 14:00:00,Gandhibagh,239.92,138.53,95.89,238.26,0.926,0.0582,28.0,daytime
2024-01-07 14:00:00,Lakadganj,168.01,169.34,10,229.83,0.9082,0.0964,28.6,daytime
2024-01-07 14:00:00,Sadar,197.8,163.46,48.48,227.33,0.8902,0.167,30.7,daytime
2024-01-07 14:00:00,Itwari,238.96,155.87,81.42,232.82,0.9476,0.1405,25.5,daytime
2024-01-07 14:00:00,Manewada,277.38,129.08,153.03,230.18,0.8896,0.0236,31.9,daytime
2024-01-07 14:00:00,Hingna,237.84,138.19,114.13,238.09,0.9188,0.1293,33.1,daytime
2024-01-07 15:00:00,Dharampeth,260.29,143.11,124.45,239.58,0.9524,0.0021,29.8,daytime
2024-01-07 15:00:00,Sitabuldi,334.8,131.07,209.83,232.53,0.9395,0.1764,29.9,daytime
2024-01-07 15:00:00,Gandhibagh,280.42,137.16,141.28,230.91,0.9351,0.1369,29.3,daytime
2024-01-07 15:00:00,Lakadganj,269.96,118.18,168.97,234.12,0.9223,0.0743,26.0,daytime
2024-01-07 15:00:00,Sadar,291.7,137.14,159.97,226.14,0.9347,0.3483,26.9,daytime
2024-01-07 15:00:00,Itwari,269.95,131.5,140.93,230.46,0.9252,0.1045,30.0,daytime
2024-01-07 15:00:00,Manewada,281.36,118.51,168.35,241.05,0.948,0.0644,27.6,daytime
2024-01-07 15:00:00,Hingna,340.0,139.93,192.76,224.06,0.9311,0.148,29.0,daytime
2024-01-07 16:00:00,Dharampeth,337.26,101.98,239.95,228.14,0.9225,0.1456,33.6,daytime
2024-01-07 16:00:00,Sitabuldi,266.45,87.55,176.53,230.23,0.8793,0.0877,28.8,daytime
2024-01-07 16:00:00,Gandhibagh,242.63,68.98,164.93,231.22,0.8932,0.0788,27.5,daytime
2024-01-07 16:00:00,Lakadganj,265.72,94.64,180.66,232.64,0.9091,0.0465,29.0,daytime
2024-01-07 16:00:00,Sadar,331.9,108.02,218.65,233.16,0.9747,0.1606,25.7,daytime
2024-01-07 16:00:00,Itwari,232.7,123.84,103.71,228.13,0.931,0.097,27.7,daytime
2024-01-07 16:00:00,Manewada,319.36,84.3,239.51,230.2,0.9392,0.0491,28.6,daytime
2024-01-07 16:00:00,Hingna,274.11,106.14,170.22,232.8,0.9154,0.1296,31.7,daytime
2024-01-07 17:00:00,Dharampeth,263.46,66.43,191.04,228.57,0.9508,0.0258,32.5,daytime
2024-01-07 17:00:00,Sitabuldi,244.92,83.81,160.29,235.3,0.897,0.032,29.5,daytime
2024-01-07 17:00:00,Gandhibagh,320.25,52.94,271.22,233.92,0.9428,0.1031,32.1,daytime
2024-01-07 17:00:00,Lakadganj,320.74,65.51,256.1,231.21,0.881,0.0218,31.1,daytime
2024-01-07 17:00:00,Sadar,290.5,68.87,236.35,221.56,0.9672,0.0281,25.1,daytime
2024-01-07 17:00:00,Itwari,260.0,1.92,268.4,233.69,0.925,0.1638,30.7,daytime
2024-01-07 17:00:00,Manewada,211.65,38.81,164.76,219.21,0.9283,0.0389,27.1,daytime
2024-01-07 17:00:00,Hingna,326.21,58.73,270.35,236.84,0.9159,0.1599,29.8,daytime
2024-01-07 18:00:00,Dharampeth,310.83,0,308.25,220.13,0.9668,0.0412,29.3,peak
2024-01-07 18:00:00,Sitabuldi,319.26,12.37,293.38,232.69,0.8457,0.0836,31.0,peak
2024-01-07 18:00:00,Gandhibagh,401.95,16.04,392.03,226.92,0.8933,0.1664,28.3,peak
2024-01-07 18:00:00,Lakadganj,358.62,29.81,322.07,232.78,0.8944,0.1672,27.8,peak
2024-01-07 18:00:00,Sadar,366.06,0,369.97,225.35,0.8935,0.0289,27.8,peak
2024-01-07 18:00:00,Itwari,309.83,0,322.98,232.28,0.9312,0.0148,27.6,peak
2024-01-07 18:00:00,Manewada,428.39,0,419.96,230.27,0.9043,0.1185,29.6,peak
2024-01-07 18:00:00,Hingna,368.03,0,367.06,231.51,0.9517,0.0007,33.0,peak
2024-01-07 19:00:00,Dharampeth,394.77,0,401.2,224.73,0.9063,0.1131,31.4,peak
2024-01-07 19:00:00,Sitabuldi,332.63,0,336.37,231.86,0.8911,0.1495,27.7,peak
2024-01-07 19:00:00,Gandhibagh,303.74,0,305.2,221.16,0.9608,0.1564,33.4,peak
2024-01-07 19:00:00,Lakadganj,315.88,0,290.75,238.84,0.9424,0.0989,29.6,peak
2024-01-07 19:00:00,Sadar,295.22,0,280.22,222.8,0.9136,0.1442,29.4,peak
2024-01-07 19:00:00,Itwari,338.84,0,327.17,239.04,0.9148,0.0525,28.8,peak
2024-01-07 19:00:00,Manewada,294.87,0,304.24,215.95,0.8872,0.0192,25.6,peak
2024-01-07 19:00:00,Hingna,356.28,0,345.92,230.21,0.9508,0.1707,25.3,peak
2024-01-07 20:00:00,Dharampeth,308.13,0,313.25,231.15,0.9088,0.097,28.2,peak
2024-01-07 20:00:00,Sitabuldi,341.62,0,350.22,232.32,0.906,0.0666,29.2,peak
2024-01-07 20:00:00,Gandhibagh,340.03,0,331.88,226.15,0.9939,0.0614,28.7,peak
2024-01-07 20:00:00,Lakadganj,273.28,0,276.44,229.11,0.9094,0.1774,28.9,peak
2024-01-07 20:00:00,Sadar,319.71,0,306.99,222.91,0.9386,0.147,31.8,peak
2024-01-07 20:00:00,Itwari,350.14,0,358.26,239.35,0.9171,0.3679,29.7,peak
2024-01-07 20:00:00,Manewada,340.89,0,344.27,234.67,0.9815,0.0589,28.7,peak
2024-01-07 20:00:00,Hingna,307.87,0,303.32,229.9,0.917,0.1738,30.8,peak
2024-01-07 21:00:00,Dharampeth,314.41,0,303.31,231.38,0.9322,0.0561,28.7,peak
2024-01-07 21:00:00,Sitabuldi,334.33,0,335.42,225.18,0.9405,0.0434,29.9,peak
2024-01-07 21:00:00,Gandhibagh,295.63,0,269.13,232.21,0.9221,0.1216,30.3,peak
2024-01-07 21:00:00,Lakadganj,283.72,0,265.72,222.58,0.8863,0.0511,29.5,peak
2024-01-07 21:00:00,Sadar,336.1,0,324.52,233.89,0.9617,0.1512,27.0,peak
2024-01-07 21:00:00,Itwari,345.91,0,338.29,229.6,0.8976,0.0386,29.9,peak
2024-01-07 21:00:00,Manewada,298.77,0,288.36,225.76,0.9407,0.0127,30.5,peak
2024-01-07 21:00:00,Hingna,271.92,0,277.05,226.47,0.9138,0.0771,28.9,peak
2024-01-07 22:00:00,Dharampeth,300.06,0,283.22,227.31,0.9601,0.021,29.8,peak
2024-01-07 22:00:00,Sitabuldi,298.41,0,297.77,232.7,0.9426,0.1705,27.8,peak
2024-01-07 22:00:00,Gandhibagh,299.58,0,296.32,231.19,0.8937,0.1666,28.6,peak
2024-01-07 22:00:00,Lakadganj,303.92,0,310.53,238.71,0.9482,0.004,25.9,peak
2024-01-07 22:00:00,Sadar,317.45,0,309.54,217.19,0.9438,0.169,27.1,peak
2024-01-07 22:00:00,Itwari,326.39,0,334.55,225.78,0.844,0.1784,29.2,peak
2024-01-07 22:00:00,Manewada,370.32,0,365.48,233.09,0.8546,0.0895,30.4,peak
2024-01-07 22:00:00,Hingna,297.38,0,297.81,232.4,0.9562,0.0618,24.1,peak
2024-01-07 23:00:00,Dharampeth,235.71,0,245.13,234.23,0.9043,0.1168,28.6,night
2024-01-07 23:00:00,Sitabuldi,154.13,0,163.39,233.87,0.8689,0.1088,27.1,night
2024-01-07 23:00:00,Gandhibagh,239.44,0,252.28,228.41,0.9071,0.1648,28.4,night
2024-01-07 23:00:00,Lakadganj,226.13,0,229.43,225.53,0.96,0.0445,28.4,night
2024-01-07 23:00:00,Sadar,301.33,0,315.32,223.6,0.9266,0.0266,26.7,night
2024-01-07 23:00:00,Itwari,228.8,0,232.67,228.73,0.8587,0.0093,33.3,night
2024-01-07 23:00:00,Manewada,264.81,0,242.37,234.7,0.9016,0.1079,29.8,night
2024-01-07 23:00:00,Hingna,265.04,0,266.5,223.17,0.9359,0.1655,29.1,night
2024-01-08 00:00:00,Dharampeth,279.07,0,270.12,232.86,0.9079,0.0331,26.1,night
2024-01-08 00:00:00,Sitabuldi,276.87,0,285.0,231.48,0.9136,0.1049,26.7,night
2024-01-08 00:00:00,Gandhibagh,225.71,0,228.86,236.05,0.9117,0.0495,29.6,night
2024-01-08 00:00:00,Lakadganj,279.24,0,283.64,224.47,0.8899,0.4235,28.3,night
2024-01-08 00:00:00,Sadar,269.95,0,263.97,235.76,0.9233,0.0458,25.9,night
2024-01-08 00:00:00,Itwari,181.41,0,184.0,224.8,0.9026,0.1361,26.0,night
2024-01-08 00:00:00,Manewada,228.99,0,220.91,226.49,0.9532,0.0958,30.5,night
2024-01-08 00:00:00,Hingna,238.9,0,234.4,235.87,0.9387,0.6062,26.4,night
2024-01-08 01:00:00,Dharampeth,209.3,0,213.98,232.36,0.9649,0.1197,29.0,night
2024-01-08 01:00:00,Sitabuldi,195.2,0,190.3,228.93,0.9038,0.0389,27.9,night
2024-01-08 01:00:00,Gandhibagh,223.97,0,237.91,232.27,0.9093,0.0518,27.0,night
2024-01-08 01:00:00,Lakadganj,216.28,0,208.98,230.68,0.9039,0.075,31.5,night
2024-01-08 01:00:00,Sadar,216.85,0,223.51,231.7,0.9159,0.0187,30.6,night
2024-01-08 01:00:00,Itwari,216.33,0,217.79,226.45,0.9408,0.0159,27.6,night
2024-01-08 01:00:00,Manewada,287.27,0,283.73,229.55,0.9338,0.0273,30.4,night
2024-01-08 01:00:00,Hingna,208.75,0,212.81,233.94,0.9149,0.0376,29.3,night
2024-01-08 02:00:00,Dharampeth,222.42,0,235.67,223.59,0.8752,0.0194,29.9,night
2024-01-08 02:00:00,Sitabuldi,233.47,0,229.83,232.47,0.9203,0.1285,26.6,night
2024-01-08 02:00:00,Gandhibagh,202.26,0,193.31,228.67,0.9262,0.1031,28.8,night
2024-01-08 02:00:00,Lakadganj,299.71,0,303.48,238.34,0.9336,0.0326,28.8,night
2024-01-08 02:00:00,Sadar,251.71,0,263.19,234.56,0.9255,0.054,29.0,night
2024-01-08 02:00:00,Itwari,208.51,0,198.59,231.59,0.9344,0.0109,29.3,night
2024-01-08 02:00:00,Manewada,241.41,0,242.07,222.49,0.9237,0.0575,28.8,night
2024-01-08 02:00:00,Hingna,194.45,0,187.69,236.94,0.9228,0.0735,27.9,night
2024-01-08 03:00:00,Dharampeth,239.92,0,255.44,232.67,0.9011,0.0439,29.7,night
2024-01-08 03:00:00,Sitabuldi,218.76,0,230.73,232.82,0.8731,0.0755,25.1,night
2024-01-08 03:00:00,Gandhibagh,319.85,0,327.3,225.45,0.8396,0.0668,28.4,night
2024-01-08 03:00:00,Lakadganj,164.01,0,166.09,229.12,0.9087,0.0371,30.6,night
2024-01-08 03:00:00,Sadar,196.85,0,200.67,226.42,0.919,0.0736,30.0,night
2024-01-08 03:00:00,Itwari,310.17,0,299.41,226.2,0.9683,0.0118,33.3,night
2024-01-08 03:00:00,Manewada,209.13,0,210.94,227.92,0.9154,0.0233,28.5,night
2024-01-08 03:00:00,Hingna,215.92,0,224.43,219.96,0.9069,0.0391,28.7,night
2024-01-08 04:00:00,Dharampeth,225.84,0,221.32,238.47,0.8738,0.141,27.5,night
2024-01-08 04:00:00,Sitabuldi,272.97,0,293.72,223.95,0.8815,0.0154,28.3,night
2024-01-08 04:00:00,Gandhibagh,206.35,0,219.56,230.21,0.9299,0.1279,29.3,night
2024-01-08 04:00:00,Lakadganj,201.76,0,208.08,225.46,0.9636,0.1006,28.8,night
2024-01-08 04:00:00,Sadar,168.17,0,167.37,234.84,0.9411,0.1609,24.1,night
2024-01-08 04:00:00,Itwari,198.92,0,183.11,222.95,0.9006,0.1348,26.4,night
2024-01-08 04:00:00,Manewada,197.25,0,188.97,231.18,0.9022,0.0371,29.5,night
2024-01-08 04:00:00,Hingna,256.27,0,248.03,242.09,0.9665,0.0751,28.6,night
2024-01-08 05:00:00,Dharampeth,222.43,0,216.92,218.61,0.9052,0.1308,31.1,night
2024-01-08 05:00:00,Sitabuldi,253.53,0,246.94,229.51,1.0,0.0387,29.1,night
2024-01-08 05:00:00,Gandhibagh,216.65,0,230.05,230.89,0.8707,0.0878,27.2,night
2024-01-08 05:00:00,Lakadganj,230.05,0,228.04,235.5,0.9461,0.1508,29.2,night
2024-01-08 05:00:00,Sadar,316.73,0,298.77,232.67,0.9038,0.6928,33.1,night
2024-01-08 05:00:00,Itwari,207.1,0,215.8,223.06,1.0,0.1356,29.8,night
2024-01-08 05:00:00,Manewada,229.88,0,225.48,238.41,0.962,0.6065,29.9,night
2024-01-08 05:00:00,Hingna,306.39,0,302.31,229.95,0.908,0.1626,28.4,night
2024-01-08 06:00:00,Dharampeth,287.86,0,274.86,236.44,0.9194,0.1351,31.3,daytime
2024-01-08 06:00:00,Sitabuldi,348.74,13.68,338.11,222.04,0.932,0.0033,30.6,daytime
2024-01-08 06:00:00,Gandhibagh,216.29,0,215.19,219.05,0.8777,0.0412,28.9,daytime
2024-01-08 06:00:00,Lakadganj,285.54,13.42,278.9,224.13,0.9329,0.0242,31.5,daytime
2024-01-08 06:00:00,Sadar,275.34,0,276.58,226.64,0.9034,0.1604,27.7,daytime
2024-01-08 06:00:00,Itwari,191.23,5.22,187.51,224.76,0.913,0.107,25.3,daytime
2024-01-08 06:00:00,Manewada,278.62,0,260.1,235.05,0.9425,0.0796,25.2,daytime
2024-01-08 06:00:00,Hingna,279.51,0,264.56,227.87,0.8922,0.0516,31.6,daytime
2024-01-08 07:00:00,Dharampeth,280.06,42.28,242.28,228.01,0.9737,0.0017,25.3,daytime
2024-01-08 07:00:00,Sitabuldi,260.98,15.29,245.07,222.97,0.8987,0.0658,28.0,daytime
2024-01-08 07:00:00,Gandhibagh,298.06,49.91,247.24,218.91,0.9118,0.1775,26.4,daytime
2024-01-08 07:00:00,Lakadganj,289.98,60.71,228.33,224.67,0.9188,0.0056,30.3,daytime
2024-01-08 07:00:00,Sadar,277.16,32.27,267.82,230.08,0.9502,0.1052,30.6,daytime
2024-01-08 07:00:00,Itwari,313.84,63.71,251.54,234.24,0.8617,0.0764,33.4,daytime
2024-01-08 07:00:00,Manewada,341.51,50.48,293.03,228.87,0.8967,0.1349,32.4,daytime
2024-01-08 07:00:00,Hingna,284.06,34.8,272.01,224.06,0.9334,0.0664,29.8,daytime
2024-01-08 08:00:00,Dharampeth,272.39,95.81,173.59,227.54,0.9211,0.0946,27.6,daytime
2024-01-08 08:00:00,Sitabuldi,298.14,115.36,169.86,226.55,0.9401,0.059,29.6,daytime
2024-01-08 08:00:00,Gandhibagh,290.16,89.87,194.98,236.69,0.9397,0.1569,28.2,daytime
2024-01-08 08:00:00,Lakadganj,334.77,93.0,256.64,228.48,0.9096,0.3018,31.5,daytime
2024-01-08 08:00:00,Sadar,317.26,89.21,241.16,229.66,0.8798,0.1726,35.1,daytime
2024-01-08 08:00:00,Itwari,255.41,94.78,168.86,227.41,0.8942,0.1698,29.3,daytime
2024-01-08 08:00:00,Manewada,300.59,72.25,234.23,224.67,0.9331,0.0876,34.1,daytime
2024-01-08 08:00:00,Hingna,312.61,54.58,241.27,225.34,0.8495,0.1742,26.1,daytime
2024-01-08 09:00:00,Dharampeth,372.63,140.4,245.0,236.4,0.8957,0.1392,29.0,peak
2024-01-08 09:00:00,Sitabuldi,355.71,123.83,227.69,224.88,0.9175,0.0954,26.2,peak
2024-01-08 09:00:00,Gandhibagh,369.43,127.16,242.13,225.72,0.9095,0.0668,29.7,peak
2024-01-08 09:00:00,Lakadganj,364.94,149.78,212.58,226.26,0.9398,0.0007,29.2,peak
2024-01-08 09:00:00,Sadar,351.37,118.97,243.94,229.11,0.9139,0.1394,26.2,peak
2024-01-08 09:00:00,Itwari,394.65,108.75,270.0,231.07,0.9235,0.1479,28.5,peak
2024-01-08 09:00:00,Manewada,351.55,130.99,215.61,221.56,0.9147,0.032,25.4,peak
2024-01-08 09:00:00,Hingna,375.92,136.13,253.53,237.79,0.9746,0.0708,27.2,peak
2024-01-08 10:00:00,Dharampeth,413.2,149.87,238.62,228.39,0.9531,0.1486,31.3,peak
2024-01-08 10:00:00,Sitabuldi,384.47,161.65,226.1,236.12,0.8954,0.1294,32.9,peak
2024-01-08 10:00:00,Gandhibagh,397.17,164.46,233.98,224.94,0.9152,0.0863,26.6,peak
2024-01-08 10:00:00,Lakadganj,414.28,159.29,251.84,222.81,0.8991,0.1255,28.0,peak
2024-01-08 10:00:00,Sadar,390.75,163.08,229.14,237.16,0.9186,0.0437,28.1,peak
2024-01-08 10:00:00,Itwari,344.0,158.48,186.89,232.83,0.9149,0.1755,28.4,peak
2024-01-08 10:00:00,Manewada,333.33,160.66,180.12,225.69,0.9174,0.0199,33.4,peak
2024-01-08 10:00:00,Hingna,362.37,141.74,210.86,224.63,0.9454,0.0668,30.6,peak
2024-01-08 11:00:00,Dharampeth,425.54,190.01,243.03,234.67,0.9842,0.025,26.1,peak
2024-01-08 11:00:00,Sitabuldi,344.45,170.46,182.82,232.59,0.9551,0.1177,27.5,peak
2024-01-08 11:00:00,Gandhibagh,392.02,176.23,228.16,226.59,0.9218,0.0646,28.5,peak
2024-01-08 11:00:00,Lakadganj,338.55,183.65,147.38,227.13,0.9045,0.1769,29.7,peak
2024-01-08 11:00:00,Sadar,360.11,160.58,198.86,230.2,0.8764,0.0252,28.3,peak
2024-01-08 11:00:00,Itwari,306.24,155.7,158.01,224.71,0.9351,0.1444,30.7,peak
2024-01-08 11:00:00,Manewada,290.1,184.49,108.08,229.19,0.9183,0.1361,26.4,peak
2024-01-08 11:00:00,Hingna,345.68,153.59,197.49,230.07,0.9308,0.1277,28.6,peak
2024-01-08 12:00:00,Dharampeth,368.76,202.58,164.76,226.19,0.9283,0.0718,31.9,peak
2024-01-08 12:00:00,Sitabuldi,368.81,165.57,197.45,220.07,0.9275,0.1737,31.1,peak
2024-01-08 12:00:00,Gandhibagh,375.43,191.23,203.01,223.87,0.9576,0.1145,28.4,peak
2024-01-08 12:00:00,Lakadganj,393.34,197.97,187.77,229.09,0.8768,0.0089,33.4,peak
2024-01-08 12:00:00,Sadar,388.04,171.59,226.89,231.85,0.9421,0.7759,27.6,peak
2024-01-08 12:00:00,Itwari,354.71,182.99,158.11,231.76,0.9924,0.0742,32.8,peak
2024-01-08 12:00:00,Manewada,375.65,167.23,205.13,225.74,0.9098,0.0113,30.9,peak
2024-01-08 12:00:00,Hingna,305.25,206.54,94.62,227.94,0.916,0.067,26.7,peak
2024-01-08 13:00:00,Dharampeth,272.95,195.41,71.8,226.55,0.9126,0.129,27.8,daytime
2024-01-08 13:00:00,Sitabuldi,243.31,138.97,121.63,232.98,0.917,0.1713,27.4,daytime
2024-01-08 13:00:00,Gandhibagh,260.02,194.1,69.53,223.65,0.9573,0.1276,31.5,daytime
2024-01-08 13:00:00,Lakadganj,249.19,155.16,89.21,228.13,0.8804,0.0951,27.3,daytime
2024-01-08 13:00:00,Sadar,253.02,157.93,90.43,229.87,0.9128,0.0347,28.6,daytime
2024-01-08 13:00:00,Itwari,308.99,178.27,123.08,231.35,0.935,0.049,27.1,daytime
2024-01-08 13:00:00,Manewada,308.26,188.87,121.72,228.17,0.9005,0.0148,28.3,daytime
2024-01-08 13:00:00,Hingna,299.13,186.48,138.51,228.31,0.9597,0.079,28.9,daytime
2024-01-08 14:00:00,Dharampeth,225.08,137.47,95.72,233.46,0.9061,0.0303,30.2,daytime
2024-01-08 14:00:00,Sitabuldi,304.45,166.92,145.91,232.1,0.9652,0.0107,26.7,daytime
2024-01-08 14:00:00,Gandhibagh,284.9,155.61,125.51,226.11,0.9705,0.1197,30.0,daytime
2024-01-08 14:00:00,Lakadganj,267.21,150.93,126.16,227.17,0.9315,0.004,26.6,daytime
2024-01-08 14:00:00,Sadar,271.47,156.68,117.36,227.44,0.8814,0.0728,27.9,daytime
2024-01-08 14:00:00,Itwari,263.17,179.54,75.33,232.33,0.9003,0.6482,25.0,daytime
2024-01-08 14:00:00,Manewada,285.21,148.31,132.93,228.47,0.921,0.0219,28.2,daytime
2024-01-08 14:00:00,Hingna,201.38,162.08,30.54,224.26,0.9207,0.1629,30.8,daytime
2024-01-08 15:00:00,Dharampeth,312.8,133.39,185.64,233.71,0.9046,0.0495,26.3,daytime
2024-01-08 15:00:00,Sitabuldi,260.27,97.17,177.4,223.65,0.9185,0.053,28.1,daytime
2024-01-08 15:00:00,Gandhibagh,288.22,137.9,158.12,226.7,0.9625,0.1164,29.4,daytime
2024-01-08 15:00:00,Lakadganj,307.66,140.36,159.79,239.79,0.9293,0.0245,26.4,daytime
2024-01-08 15:00:00,Sadar,211.6,131.26,88.91,224.92,0.9265,0.1788,29.8,daytime
2024-01-08 15:00:00,Itwari,253.63,134.38,119.48,225.04,0.9805,0.1422,30.0,daytime
2024-01-08 15:00:00,Manewada,278.83,119.09,150.59,227.41,0.9027,0.0054,27.4,daytime
2024-01-08 15:00:00,Hingna,253.81,126.68,135.18,224.4,0.9144,0.1689,25.3,daytime
2024-01-08 16:00:00,Dharampeth,289.4,102.44,179.69,230.05,0.9199,0.1599,29.4,daytime
2024-01-08 16:00:00,Sitabuldi,283.47,106.78,172.16,232.68,0.8818,0.1026,26.5,daytime
2024-01-08 16:00:00,Gandhibagh,308.54,85.44,241.75,224.51,0.9225,0.0305,27.3,daytime
2024-01-08 16:00:00,Lakadganj,275.12,110.97,164.58,245.25,0.9359,0.5879,33.4,daytime
2024-01-08 16:00:00,Sadar,251.41,87.97,161.11,233.31,0.914,0.0478,27.6,daytime
2024-01-08 16:00:00,Itwari,279.29,67.85,223.61,242.14,0.9726,0.1357,29.0,daytime
2024-01-08 16:00:00,Manewada,179.47,75.43,121.91,228.19,0.9319,0.1076,29.2,daytime
2024-01-08 16:00:00,Hingna,211.97,111.67,94.88,233.41,0.9507,0.0172,26.1,daytime
2024-01-08 17:00:00,Dharampeth,256.72,44.85,239.74,235.11,0.9724,0.1304,31.8,daytime
2024-01-08 17:00:00,Sitabuldi,334.07,48.34,293.58,228.02,0.9091,0.0602,28.3,daytime
2024-01-08 17:00:00,Gandhibagh,232.87,26.39,209.65,233.15,0.9505,0.0567,31.0,daytime
2024-01-08 17:00:00,Lakadganj,265.91,41.73,215.95,225.15,0.9357,0.0481,28.6,daytime
2024-01-08 17:00:00,Sadar,328.64,51.07,292.3,228.82,0.8956,0.1309,30.6,daytime
2024-01-08 17:00:00,Itwari,274.53,24.42,256.95,232.55,0.9012,0.1168,28.2,daytime
2024-01-08 17:00:00,Manewada,270.89,45.9,223.45,222.28,0.9437,0.1408,31.8,daytime
2024-01-08 17:00:00,Hingna,256.61,53.98,201.38,234.33,0.8936,0.0752,28.0,daytime
2024-01-08 18:00:00,Dharampeth,396.59,18.03,373.55,235.65,0.9192,0.0086,30.9,peak
2024-01-08 18:00:00,Sitabuldi,411.38,6.16,403.63,230.71,0.9431,0.0785,31.7,peak
2024-01-08 18:00:00,Gandhibagh,320.53,4.54,315.25,223.39,0.9577,0.0446,30.9,peak
2024-01-08 18:00:00,Lakadganj,329.49,4.58,313.74,236.64,0.9019,0.1224,29.8,peak
2024-01-08 18:00:00,Sadar,303.82,0,314.58,229.32,0.9454,0.0365,27.9,peak
2024-01-08 18:00:00,Itwari,402.98,38.48,376.06,217.93,0.9031,0.1171,30.2,peak
2024-01-08 18:00:00,Manewada,311.43,0,315.88,236.98,0.8848,0.1389,28.6,peak
2024-01-08 18:00:00,Hingna,398.35,0,404.71,233.43,0.9298,0.0589,26.2,peak
2024-01-08 19:00:00,Dharampeth,318.88,0,313.34,231.92,0.9217,0.0944,29.5,peak
2024-01-08 19:00:00,Sitabuldi,299.13,0,284.59,231.58,0.898,0.1054,31.0,peak
2024-01-08 19:00:00,Gandhibagh,342.12,0,338.04,230.5,0.9323,0.0393,31.5,peak
2024-01-08 19:00:00,Lakadganj,355.59,0,350.54,223.24,0.9108,0.0821,26.0,peak
2024-01-08 19:00:00,Sadar,359.12,0,375.72,223.26,0.9505,0.0554,28.9,peak
2024-01-08 19:00:00,Itwari,287.29,0,298.6,230.58,0.9839,0.0,28.6,peak
2024-01-08 19:00:00,Manewada,281.83,0,294.29,229.01,0.9538,0.1203,29.4,peak
2024-01-08 19:00:00,Hingna,310.51,0,294.13,231.06,0.8758,0.0721,30.0,peak
2024-01-08 20:00:00,Dharampeth,342.41,0,335.51,229.86,0.9619,0.1363,28.0,peak
2024-01-08 20:00:00,Sitabuldi,288.79,0,277.1,226.23,0.9174,0.1443,27.1,peak
2024-01-08 20:00:00,Gandhibagh,331.41,0,328.31,224.29,0.9143,0.0946,29.9,peak
2024-01-08 20:00:00,Lakadganj,307.98,0,316.16,228.06,0.9548,0.5783,28.3,peak
2024-01-08 20:00:00,Sadar,317.48,0,341.82,225.94,0.9481,0.1296,30.8,peak
2024-01-08 20:00:00,Itwari,317.86,0,301.28,234.77,0.9867,0.0777,29.1,peak
2024-01-08 20:00:00,Manewada,321.28,0,337.19,228.81,0.9941,0.0057,30.0,peak
2024-01-08 20:00:00,Hingna,283.89,0,285.48,231.99,0.9336,0.1333,29.9,peak
2024-01-08 21:00:00,Dharampeth,363.35,0,362.49,230.33,0.9952,0.0533,30.4,peak
2024-01-08 21:00:00,Sitabuldi,278.58,0,287.78,234.31,0.9996,0.0633,29.7,peak
2024-01-08 21:00:00,Gandhibagh,355.23,0,380.14,240.41,0.9696,0.0032,31.0,peak
2024-01-08 21:00:00,Lakadganj,279.79,0,261.74,234.7,0.8945,0.0695,33.8,peak
2024-01-08 21:00:00,Sadar,340.22,0,328.59,227.93,0.9005,0.0689,29.8,peak
2024-01-08 21:00:00,Itwari,297.93,0,286.4,228.72,0.9722,0.1351,30.2,peak
2024-01-08 21:00:00,Manewada,379.34,0,400.69,230.93,0.8887,0.0269,26.1,peak
2024-01-08 21:00:00,Hingna,323.09,0,304.3,227.7,0.9236,0.0184,30.4,peak
2024-01-08 22:00:00,Dharampeth,303.05,0,304.1,234.16,0.8733,0.1287,29.2,peak
2024-01-08 22:00:00,Sitabuldi,330.73,0,316.89,225.14,0.9752,0.0661,28.1,peak
2024-01-08 22:00:00,Gandhibagh,332.97,0,333.86,230.09,0.8996,0.151,25.7,peak
2024-01-08 22:00:00,Lakadganj,308.6,0,299.89,231.85,0.9503,0.0966,28.7,peak
2024-01-08 22:00:00,Sadar,313.07,0,300.51,231.31,0.8579,0.1309,29.1,peak
2024-01-08 22:00:00,Itwari,321.16,0,339.53,228.25,0.902,0.1579,29.0,peak
2024-01-08 22:00:00,Manewada,342.14,0,339.37,237.5,0.9248,0.1074,24.7,peak
2024-01-08 22:00:00,Hingna,331.14,0,334.25,227.04,0.9268,0.0865,28.3,peak
2024-01-08 23:00:00,Dharampeth,246.96,0,240.87,227.3,0.939,0.1657,27.5,night
2024-01-08 23:00:00,Sitabuldi,255.9,0,261.43,236.03,0.9612,0.3545,28.6,night
2024-01-08 23:00:00,Gandhibagh,252.56,0,259.15,237.32,0.9087,0.7613,29.0,night
2024-01-08 23:00:00,Lakadganj,267.7,0,260.8,231.16,0.9566,0.0549,31.2,night
2024-01-08 23:00:00,Sadar,270.67,0,260.34,229.82,0.9206,0.1505,28.3,night
2024-01-08 23:00:00,Itwari,177.95,0,188.21,227.84,0.9351,0.0468,31.6,night
2024-01-08 23:00:00,Manewada,271.79,0,275.06,238.02,0.903,0.0305,26.6,night
2024-01-08 23:00:00,Hingna,247.14,0,259.56,225.88,0.8843,0.1104,30.6,night
2024-01-09 00:00:00,Dharampeth,243.69,0,226.84,229.29,0.9365,0.1068,27.6,night
2024-01-09 00:00:00,Sitabuldi,215.48,0,210.25,236.69,0.9409,0.1671,28.9,night
2024-01-09 00:00:00,Gandhibagh,246.96,0,252.7,232.2,0.9809,0.1069,30.2,night
2024-01-09 00:00:00,Lakadganj,229.54,0,241.39,229.0,0.9358,0.0444,27.2,night
2024-01-09 00:00:00,Sadar,228.85,0,230.6,232.29,0.906,0.0883,30.8,night
2024-01-09 00:00:00,Itwari,256.84,0,245.0,232.02,0.9205,0.1733,28.6,night
2024-01-09 00:00:00,Manewada,312.99,0,302.47,225.51,0.8871,0.0554,30.9,night
2024-01-09 00:00:00,Hingna,194.12,0,190.43,235.82,0.9097,0.0178,29.8,night
2024-01-09 01:00:00,Dharampeth,279.58,0,273.81,227.66,0.9176,0.0824,30.2,night
2024-01-09 01:00:00,Sitabuldi,255.64,0,243.42,232.78,0.9143,0.0048,31.4,night
2024-01-09 01:00:00,Gandhibagh,260.52,0,268.14,228.58,0.8684,0.0061,29.5,night
2024-01-09 01:00:00,Lakadganj,259.31,0,261.86,228.38,0.9462,0.1338,25.4,night
2024-01-09 01:00:00,Sadar,249.13,0,243.16,232.95,0.9329,0.1642,29.0,night
2024-01-09 01:00:00,Itwari,217.97,0,213.01,228.61,0.9279,0.0984,27.2,night
2024-01-09 01:00:00,Manewada,276.7,0,279.56,237.08,0.8735,0.1398,29.9,night
2024-01-09 01:00:00,Hingna,296.38,0,293.44,228.48,0.8932,0.0268,27.5,night
2024-01-09 02:00:00,Dharampeth,247.5,0,236.58,248.17,0.918,0.1436,27.5,night
2024-01-09 02:00:00,Sitabuldi,230.36,0,223.16,229.28,0.8635,0.0737,30.4,night
2024-01-09 02:00:00,Gandhibagh,227.07,0,229.04,226.43,0.9364,0.012,29.3,night
2024-01-09 02:00:00,Lakadganj,256.76,0,259.05,244.06,0.9657,0.0024,27.6,night
2024-01-09 02:00:00,Sadar,215.85,0,205.59,219.76,0.9612,0.1729,26.4,night
2024-01-09 02:00:00,Itwari,293.19,0,291.35,230.43,0.9061,0.553,29.0,night
2024-01-09 02:00:00,Manewada,221.95,0,225.92,237.0,0.9044,0.0675,31.9,night
2024-01-09 02:00:00,Hingna,309.97,0,320.46,231.46,0.9025,0.1508,32.6,night
2024-01-09 03:00:00,Dharampeth,233.4,0,209.58,226.63,0.9144,0.1027,29.4,night
2024-01-09 03:00:00,Sitabuldi,242.97,0,245.65,223.69,0.9303,0.0651,31.1,night
2024-01-09 03:00:00,Gandhibagh,232.39,0,236.52,233.7,0.9318,0.1572,29.4,night
2024-01-09 03:00:00,Lakadganj,282.34,0,263.69,232.63,0.9034,0.1315,28.6,night
2024-01-09 03:00:00,Sadar,241.78,0,236.64,229.74,0.9214,0.0792,29.9,night
2024-01-09 03:00:00,Itwari,250.18,0,242.29,232.35,0.9606,0.1184,30.0,night
2024-01-09 03:00:00,Manewada,182.58,0,194.38,236.67,0.9213,0.1007,29.8,night
2024-01-09 03:00:00,Hingna,249.27,0,245.8,234.22,0.9223,0.0558,30.5,night
2024-01-09 04:00:00,Dharampeth,250.61,0,253.82,225.72,0.9502,0.065,27.8,night
2024-01-09 04:00:00,Sitabuldi,200.24,0,213.08,229.41,0.9369,0.0799,29.0,night
2024-01-09 04:00:00,Gandhibagh,290.51,0,288.56,224.9,0.9672,0.1092,29.8,night
2024-01-09 04:00:00,Lakadganj,238.78,0,249.39,225.53,0.8922,0.0134,29.8,night
2024-01-09 04:00:00,Sadar,258.68,0,245.49,236.57,0.9076,0.0122,30.8,night
2024-01-09 04:00:00,Itwari,187.67,0,191.12,225.89,0.8678,0.0331,27.7,night
2024-01-09 04:00:00,Manewada,251.29,0,247.47,234.11,0.9589,0.1317,28.3,night
2024-01-09 04:00:00,Hingna,226.32,0,228.5,231.94,0.8837,0.1161,25.9,night
2024-01-09 05:00:00,Dharampeth,202.77,0,225.34,232.93,0.9093,0.0577,32.5,night
2024-01-09 05:00:00,Sitabuldi,191.26,0,196.24,227.88,0.9405,0.1331,28.3,night
2024-01-09 05:00:00,Gandhibagh,244.98,0,248.18,216.93,0.9367,0.1471,28.3,night
2024-01-09 05:00:00,Lakadganj,304.63,0,311.62,224.38,0.9058,0.1325,27.1,night
2024-01-09 05:00:00,Sadar,238.06,0,222.8,236.11,0.9409,0.0439,26.6,night
2024-01-09 05:00:00,Itwari,215.83,0,207.52,227.55,0.9193,0.0673,29.3,night
2024-01-09 05:00:00,Manewada,196.65,0,224.16,229.17,0.9401,0.16,28.5,night
2024-01-09 05:00:00,Hingna,232.61,0,229.11,237.25,0.9395,0.0498,28.5,night
2024-01-09 06:00:00,Dharampeth,270.29,8.97,244.39,230.6,0.9451,0.0587,28.0,daytime
2024-01-09 06:00:00,Sitabuldi,290.19,30.02,266.65,230.11,0.9505,0.0315,30.7,daytime
2024-01-09 06:00:00,Gandhibagh,251.57,0,242.86,227.84,0.9591,0.1693,29.6,daytime
2024-01-09 06:00:00,Lakadganj,326.1,16.37,300.8,235.01,0.8529,0.0363,32.7,daytime
2024-01-09 06:00:00,Sadar,239.44,0,261.01,232.55,0.9084,0.0829,30.8,daytime
2024-01-09 06:00:00,Itwari,266.58,8.11,262.0,221.47,0.9435,0.1583,26.4,daytime
2024-01-09 06:00:00,Manewada,299.84,6.63,276.26,226.07,0.9317,0.1452,26.5,daytime
2024-01-09 06:00:00,Hingna,258.65,0,252.25,226.59,0.8539,0.0151,25.9,daytime
2024-01-09 07:00:00,Dharampeth,287.31,52.03,239.25,229.86,0.956,0.1261,29.0,daytime
2024-01-09 07:00:00,Sitabuldi,249.01,42.98,215.77,231.56,0.8832,0.0616,29.8,daytime
2024-01-09 07:00:00,Gandhibagh,307.34,26.07,282.76,229.18,0.9159,0.1603,31.7,daytime
2024-01-09 07:00:00,Lakadganj,328.67,28.8,291.95,233.18,0.8745,0.0552,27.5,daytime
2024-01-09 07:00:00,Sadar,273.65,46.72,213.49,230.81,0.9173,0.1679,27.1,daytime
2024-01-09 07:00:00,Itwari,275.81,66.98,198.46,228.46,0.95,0.0085,27.9,daytime
2024-01-09 07:00:00,Manewada,257.15,54.18,199.86,225.84,0.9135,0.0627,27.5,daytime
2024-01-09 07:00:00,Hingna,308.94,40.37,269.04,224.81,0.9212,0.1751,29.0,daytime
2024-01-09 08:00:00,Dharampeth,331.49,81.61,238.72,232.48,0.9055,0.0565,27.3,daytime
2024-01-09 08:00:00,Sitabuldi,209.21,96.72,123.62,225.45,0.8535,0.0114,28.1,daytime
2024-01-09 08:00:00,Gandhibagh,341.19,79.76,261.63,232.7,0.9051,0.0574,28.8,daytime
2024-01-09 08:00:00,Lakadganj,358.03,81.36,280.97,229.72,0.9686,0.0922,32.2,daytime
2024-01-09 08:00:00,Sadar,270.6,84.41,196.52,236.46,0.8996,0.0044,32.0,daytime
2024-01-09 08:00:00,Itwari,247.51,96.81,144.15,235.67,0.8757,0.1798,27.8,daytime
2024-01-09 08:00:00,Manewada,315.83,96.57,217.9,234.8,0.8569,0.067,27.7,daytime
2024-01-09 08:00:00,Hingna,263.36,84.88,164.41,228.85,0.959,0.1287,32.4,daytime
2024-01-09 09:00:00,Dharampeth,364.14,120.87,196.94,229.06,0.9304,0.0071,30.8,peak
2024-01-09 09:00:00,Sitabuldi,329.76,127.33,208.02,235.5,0.8702,0.1304,28.4,peak
2024-01-09 09:00:00,Gandhibagh,410.14,133.12,284.59,229.98,0.8916,0.1625,27.3,peak
2024-01-09 09:00:00,Lakadganj,331.32,122.77,207.83,232.73,0.9874,0.0227,27.6,peak
2024-01-09 09:00:00,Sadar,398.85,133.04,279.58,218.41,0.9467,0.0418,29.7,peak
2024-01-09 09:00:00,Itwari,401.17,94.8,319.31,234.1,0.8497,0.1094,29.7,peak
2024-01-09 09:00:00,Manewada,382.42,140.31,247.66,235.2,0.8839,0.1061,24.1,peak
2024-01-09 09:00:00,Hingna,315.92,130.19,185.18,239.85,0.9022,0.0943,31.6,peak
2024-01-09 10:00:00,Dharampeth,400.68,166.38,238.28,232.0,0.9312,0.0861,29.0,peak
2024-01-09 10:00:00,Sitabuldi,300.28,154.4,135.93,225.39,0.9044,0.1553,25.5,peak
2024-01-09 10:00:00,Gandhibagh,452.8,186.56,263.94,218.72,0.8948,0.0912,29.6,peak
2024-01-09 10:00:00,Lakadganj,380.48,158.33,210.55,228.55,0.898,0.0712,27.5,peak
2024-01-09 10:00:00,Sadar,341.15,159.09,175.86,240.31,0.8769,0.0851,28.1,peak
2024-01-09 10:00:00,Itwari,338.87,157.31,171.46,227.64,0.9367,0.0647,32.7,peak
2024-01-09 10:00:00,Manewada,306.41,167.04,134.9,233.93,0.9491,0.1058,31.4,peak
2024-01-09 10:00:00,Hingna,363.57,167.65,209.33,229.53,0.8971,0.0975,30.0,peak
2024-01-09 11:00:00,Dharampeth,378.09,166.02,235.21,218.01,0.9427,0.0921,28.1,peak
2024-01-09 11:00:00,Sitabuldi,413.43,162.49,242.44,234.61,0.9371,0.0765,29.1,peak
2024-01-09 11:00:00,Gandhibagh,372.69,178.3,192.34,234.64,0.9715,0.0839,26.4,peak
2024-01-09 11:00:00,Lakadganj,343.01,187.48,145.36,221.0,0.9702,0.0656,31.1,peak
2024-01-09 11:00:00,Sadar,356.79,161.27,196.75,228.6,0.8931,0.1723,31.6,peak
2024-01-09 11:00:00,Itwari,362.61,225.12,147.0,225.66,0.915,0.1045,29.7,peak
2024-01-09 11:00:00,Manewada,364.36,169.86,202.66,231.28,0.9733,0.0017,31.4,peak
2024-01-09 11:00:00,Hingna,360.39,169.79,202.33,230.29,0.9285,0.0429,30.7,peak
2024-01-09 12:00:00,Dharampeth,312.19,200.12,107.98,229.66,0.9151,0.0853,26.1,peak
2024-01-09 12:00:00,Sitabuldi,382.84,179.17,213.01,220.34,0.9187,0.0447,27.4,peak
2024-01-09 12:00:00,Gandhibagh,356.68,174.4,193.53,229.29,0.8884,0.1185,31.2,peak
2024-01-09 12:00:00,Lakadganj,385.58,156.92,231.81,230.97,0.8541,0.0777,30.0,peak
2024-01-09 12:00:00,Sadar,393.43,184.0,217.28,236.84,0.9564,0.0492,29.0,peak
2024-01-09 12:00:00,Itwari,392.56,174.12,242.3,231.53,0.9586,0.0,30.5,peak
2024-01-09 12:00:00,Manewada,372.17,181.1,192.4,230.16,0.9558,0.1691,26.7,peak
2024-01-09 12:00:00,Hingna,351.63,171.1,185.41,229.27,0.8777,0.1005,29.7,peak
2024-01-09 13:00:00,Dharampeth,323.2,157.11,155.74,225.9,0.9252,0.0736,27.0,daytime
2024-01-09 13:00:00,Sitabuldi,256.58,162.05,91.89,225.56,0.9171,0.1394,28.0,daytime
2024-01-09 13:00:00,Gandhibagh,266.48,154.64,110.32,232.72,0.896,0.03,29.7,daytime
2024-01-09 13:00:00,Lakadganj,327.38,168.49,167.98,222.53,0.9749,0.1713,31.3,daytime
2024-01-09 13:00:00,Sadar,302.31,163.96,140.36,234.66,0.9813,0.1546,29.8,daytime
2024-01-09 13:00:00,Itwari,299.37,200.66,115.66,232.18,0.8674,0.0153,27.2,daytime
2024-01-09 13:00:00,Manewada,215.83,188.57,32.01,233.35,0.9023,0.1179,30.2,daytime
2024-01-09 13:00:00,Hingna,301.05,154.85,155.32,226.55,0.9577,0.1246,31.5,daytime
2024-01-09 14:00:00,Dharampeth,230.24,167.39,54.05,230.17,0.9027,0.0719,30.5,daytime
2024-01-09 14:00:00,Sitabuldi,287.24,151.4,137.49,222.61,0.945,0.343,28.8,daytime
2024-01-09 14:00:00,Gandhibagh,259.92,185.22,82.81,230.35,0.9333,0.1154,28.5,daytime
2024-01-09 14:00:00,Lakadganj,235.15,161.1,86.03,233.84,0.8891,0.0215,29.3,daytime
2024-01-09 14:00:00,Sadar,309.1,142.81,159.43,227.13,0.9505,0.0155,28.8,daytime
2024-01-09 14:00:00,Itwari,235.37,140.12,92.16,220.83,0.9147,0.0585,29.6,daytime
2024-01-09 14:00:00,Manewada,301.56,166.67,121.8,232.14,0.9518,0.1123,30.3,daytime
2024-01-09 14:00:00,Hingna,215.36,139.4,71.25,226.7,0.9141,0.5927,32.3,daytime
2024-01-09 15:00:00,Dharampeth,260.47,145.97,107.67,225.01,0.9378,0.1543,31.7,daytime
2024-01-09 15:00:00,Sitabuldi,189.59,106.25,79.4,225.11,0.9555,0.1251,26.6,daytime
2024-01-09 15:00:00,Gandhibagh,298.98,127.19,173.93,227.79,0.8858,0.1718,29.0,daytime
2024-01-09 15:00:00,Lakadganj,257.9,121.27,148.4,216.85,0.9388,0.1075,28.6,daytime
2024-01-09 15:00:00,Sadar,277.77,114.96,164.43,234.1,0.8839,0.4696,29.1,daytime
2024-01-09 15:00:00,Itwari,266.07,140.17,106.43,227.93,0.9442,0.1018,27.6,daytime
2024-01-09 15:00:00,Manewada,223.02,135.91,99.92,229.13,0.9484,0.1623,31.6,daytime
2024-01-09 15:00:00,Hingna,299.48,126.64,167.14,230.05,0.9351,0.1674,27.9,daytime
2024-01-09 16:00:00,Dharampeth,228.74,111.59,104.72,231.36,0.972,0.0416,30.8,daytime
2024-01-09 16:00:00,Sitabuldi,263.84,108.57,165.57,237.89,0.936,0.1337,30.8,daytime
2024-01-09 16:00:00,Gandhibagh,286.83,103.82,175.92,230.33,0.9301,0.0596,34.6,daytime
2024-01-09 16:00:00,Lakadganj,272.37,78.09,186.2,224.71,0.9697,0.067,26.4,daytime
2024-01-09 16:00:00,Sadar,244.16,108.32,137.88,236.07,0.8884,0.3242,30.9,daytime
2024-01-09 16:00:00,Itwari,250.7,93.35,161.82,232.19,0.9085,0.0791,30.6,daytime
2024-01-09 16:00:00,Manewada,348.28,107.27,239.75,229.09,0.9405,0.1187,29.4,daytime
2024-01-09 16:00:00,Hingna,304.84,76.72,239.11,228.99,0.934,0.1124,33.3,daytime
2024-01-09 17:00:00,Dharampeth,293.1,28.46,275.77,224.64,0.9837,0.1364,31.0,daytime
2024-01-09 17:00:00,Sitabuldi,330.9,51.81,289.96,225.85,0.906,0.0646,28.9,daytime
2024-01-09 17:00:00,Gandhibagh,219.05,39.11,195.02,233.59,0.8969,0.0301,31.9,daytime
2024-01-09 17:00:00,Lakadganj,285.44,43.63,237.13,229.15,0.8851,0.0204,27.6,daytime
2024-01-09 17:00:00,Sadar,255.69,26.3,229.41,230.32,0.8954,0.091,29.0,daytime
2024-01-09 17:00:00,Itwari,286.39,20.59,253.06,228.13,0.9101,0.1672,27.9,daytime
2024-01-09 17:00:00,Manewada,304.54,57.78,259.33,242.48,0.8884,0.0822,28.7,daytime
2024-01-09 17:00:00,Hingna,293.78,74.56,214.95,225.56,0.9328,0.1741,28.5,daytime
2024-01-09 18:00:00,Dharampeth,356.13,0,363.35,228.97,0.9446,0.0094,32.7,peak
2024-01-09 18:00:00,Sitabuldi,362.46,0,358.32,238.96,0.9337,0.0379,29.0,peak
2024-01-09 18:00:00,Gandhibagh,392.89,0,389.07,232.7,0.9475,0.1095,27.6,peak
2024-01-09 18:00:00,Lakadganj,397.93,0,408.91,226.55,0.8832,0.1163,26.0,peak
2024-01-09 18:00:00,Sadar,324.67,7.61,333.86,234.87,0.9787,0.1593,32.9,peak
2024-01-09 18:00:00,Itwari,383.4,20.55,359.63,230.5,0.9391,0.0158,31.6,peak
2024-01-09 18:00:00,Manewada,323.77,0,326.56,232.54,0.9295,0.1496,29.8,peak
2024-01-09 18:00:00,Hingna,342.57,38.98,298.1,226.49,0.9868,0.0757,32.2,peak
2024-01-09 19:00:00,Dharampeth,319.02,0,318.35,233.48,0.8947,0.0773,27.1,peak
2024-01-09 19:00:00,Sitabuldi,292.91,0,286.13,232.35,0.8954,0.0068,33.5,peak
2024-01-09 19:00:00,Gandhibagh,294.68,0,295.17,225.43,0.8843,0.1296,26.2,peak
2024-01-09 19:00:00,Lakadganj,311.82,0,299.16,228.07,0.9148,0.1323,29.9,peak
2024-01-09 19:00:00,Sadar,322.56,0,322.42,229.61,0.9399,0.0182,30.0,peak
2024-01-09 19:00:00,Itwari,386.48,0,379.86,234.35,0.9976,0.0505,31.5,peak
2024-01-09 19:00:00,Manewada,286.69,0,293.45,226.65,0.9374,0.5257,28.1,peak
2024-01-09 19:00:00,Hingna,282.16,0,282.74,232.6,0.9172,0.0016,27.8,peak
2024-01-09 20:00:00,Dharampeth,263.83,0,260.17,232.03,0.9199,0.1028,30.3,peak
2024-01-09 20:00:00,Sitabuldi,373.4,0,383.65,221.49,0.9564,0.1722,28.9,peak
2024-01-09 20:00:00,Gandhibagh,301.46,0,307.04,232.01,0.9423,0.0271,27.4,peak
2024-01-09 20:00:00,Lakadganj,319.95,0,320.73,232.86,0.9589,0.1263,28.8,peak
2024-01-09 20:00:00,Sadar,347.86,0,345.63,221.49,0.8995,0.0763,29.3,peak
2024-01-09 20:00:00,Itwari,275.47,0,257.86,232.88,0.9655,0.018,30.5,peak
2024-01-09 20:00:00,Manewada,283.42,0,279.97,231.39,0.9105,0.1078,27.7,peak
2024-01-09 20:00:00,Hingna,239.45,0,245.42,229.85,0.8482,0.1773,32.0,peak
2024-01-09 21:00:00,Dharampeth,352.76,0,334.64,227.8,0.9019,0.1186,28.7,peak
2024-01-09 21:00:00,Sitabuldi,350.61,0,339.51,226.99,0.9476,0.0192,32.6,peak
2024-01-09 21:00:00,Gandhibagh,306.57,0,308.0,223.67,0.9151,0.0424,25.3,peak
2024-01-09 21:00:00,Lakadganj,288.25,0,294.93,233.16,0.9639,0.1609,28.7,peak
2024-01-09 21:00:00,Sadar,289.03,0,295.11,238.73,0.9366,0.0468,29.8,peak
2024-01-09 21:00:00,Itwari,283.18,0,288.56,235.09,0.9766,0.0775,28.0,peak
2024-01-09 21:00:00,Manewada,376.72,0,380.99,234.53,0.937,0.0748,28.3,peak
2024-01-09 21:00:00,Hingna,313.52,0,313.22,228.17,0.9131,0.0666,30.2,peak
2024-01-09 22:00:00,Dharampeth,273.93,0,277.63,237.3,0.8795,0.158,24.8,peak
2024-01-09 22:00:00,Sitabuldi,385.39,0,389.95,231.68,0.9731,0.0695,29.8,peak
2024-01-09 22:00:00,Gandhibagh,347.94,0,346.96,229.81,0.9328,0.0191,29.7,peak
2024-01-09 22:00:00,Lakadganj,340.19,0,360.31,224.41,0.9122,0.133,30.5,peak
2024-01-09 22:00:00,Sadar,312.27,0,327.06,236.96,0.9497,0.0908,28.5,peak
2024-01-09 22:00:00,Itwari,330.45,0,335.89,228.21,0.8881,0.1612,27.6,peak
2024-01-09 22:00:00,Manewada,344.99,0,344.55,227.82,0.8776,0.0881,26.8,peak
2024-01-09 22:00:00,Hingna,292.92,0,295.64,232.04,0.9017,0.0142,30.9,peak
2024-01-09 23:00:00,Dharampeth,223.22,0,227.24,226.96,0.9123,0.0485,30.3,night
2024-01-09 23:00:00,Sitabuldi,214.37,0,198.17,228.24,0.9761,0.035,27.5,night
2024-01-09 23:00:00,Gandhibagh,265.79,0,276.61,235.25,0.916,0.0963,30.0,night
2024-01-09 23:00:00,Lakadganj,224.54,0,233.34,224.0,0.9455,0.1357,31.6,night
2024-01-09 23:00:00,Sadar,342.18,0,350.86,221.68,0.9209,0.1573,29.4,night
2024-01-09 23:00:00,Itwari,208.14,0,205.11,225.19,0.9172,0.0252,28.8,night
2024-01-09 23:00:00,Manewada,217.31,0,217.37,237.27,0.8862,0.0353,25.7,night
2024-01-09 23:00:00,Hingna,275.31,0,261.04,227.41,0.9335,0.002,28.2,night
2024-01-10 00:00:00,Dharampeth,230.01,0,239.44,229.23,0.8996,0.094,30.1,night
2024-01-10 00:00:00,Sitabuldi,216.11,0,216.49,224.56,0.9744,0.162,26.4,night
2024-01-10 00:00:00,Gandhibagh,283.91,0,280.45,233.7,0.9324,0.1542,32.3,night
2024-01-10 00:00:00,Lakadganj,294.51,0,300.09,232.74,0.877,0.1771,29.7,night
2024-01-10 00:00:00,Sadar,245.22,0,226.66,227.39,0.9211,0.091,29.1,night
2024-01-10 00:00:00,Itwari,276.98,0,270.82,232.89,0.949,0.1699,32.0,night
2024-01-10 00:00:00,Manewada,218.39,0,220.03,229.73,0.9521,0.0361,27.6,night
2024-01-10 00:00:00,Hingna,220.04,0,234.96,236.93,0.9427,0.0106,28.8,night
2024-01-10 01:00:00,Dharampeth,213.33,0,219.83,236.08,0.923,0.0718,28.6,night
2024-01-10 01:00:00,Sitabuldi,246.25,0,259.05,229.96,0.9396,0.0056,29.6,night
2024-01-10 01:00:00,Gandhibagh,205.27,0,199.97,230.52,0.9463,0.1082,28.8,night
2024-01-10 01:00:00,Lakadganj,267.5,0,272.97,230.43,0.963,0.0975,30.0,night
2024-01-10 01:00:00,Sadar,194.44,0,211.77,234.2,0.9329,0.1302,28.3,night
2024-01-10 01:00:00,Itwari,231.01,0,232.95,226.55,0.8716,0.0077,31.0,night
2024-01-10 01:00:00,Manewada,189.99,0,201.41,225.99,0.916,0.0736,30.4,night
2024-01-10 01:00:00,Hingna,294.54,0,288.11,229.69,0.9305,0.0794,31.1,night
2024-01-10 02:00:00,Dharampeth,155.82,0,159.49,230.43,0.9294,0.1132,31.8,night
2024-01-10 02:00:00,Sitabuldi,258.37,0,252.52,236.05,0.8519,0.0551,28.1,night
2024-01-10 02:00:00,Gandhibagh,278.46,0,293.33,219.61,0.9388,0.0376,27.8,night
2024-01-10 02:00:00,Lakadganj,219.1,0,220.24,212.23,0.9532,0.0033,28.7,night
2024-01-10 02:00:00,Sadar,239.8,0,218.03,236.69,0.9443,0.1147,27.3,night
2024-01-10 02:00:00,Itwari,360.59,0,353.9,229.27,0.9084,0.1265,34.0,night
2024-01-10 02:00:00,Manewada,264.72,0,273.48,229.12,0.9412,0.0115,29.7,night
2024-01-10 02:00:00,Hingna,244.04,0,257.98,237.31,0.9055,0.034,31.6,night
2024-01-10 03:00:00,Dharampeth,220.56,0,223.22,221.25,0.9032,0.0861,29.1,night
2024-01-10 03:00:00,Sitabuldi,227.31,0,207.41,227.2,0.9506,0.0748,28.7,night
2024-01-10 03:00:00,Gandhibagh,260.07,0,269.04,230.49,0.9667,0.1504,29.1,night
2024-01-10 03:00:00,Lakadganj,218.42,0,200.94,228.59,0.949,0.1609,30.9,night
2024-01-10 03:00:00,Sadar,187.56,0,181.3,225.32,0.9078,0.1036,31.5,night
2024-01-10 03:00:00,Itwari,228.98,0,232.42,229.29,0.9489,0.1664,28.1,night
2024-01-10 03:00:00,Manewada,274.06,0,278.74,227.6,0.8946,0.1741,32.2,night
2024-01-10 03:00:00,Hingna,252.37,0,266.04,237.31,0.9332,0.1238,31.6,night
2024-01-10 04:00:00,Dharampeth,242.88,0,247.27,234.46,0.9487,0.5232,27.9,night
2024-01-10 04:00:00,Sitabuldi,216.55,0,218.58,232.04,0.9001,0.0635,34.6,night
2024-01-10 04:00:00,Gandhibagh,231.39,0,231.9,226.75,0.879,0.1059,28.9,night
2024-01-10 04:00:00,Lakadganj,274.89,0,276.24,233.97,0.9507,0.0312,31.7,night
2024-01-10 04:00:00,Sadar,176.47,0,174.64,229.3,0.919,0.3527,28.3,night
2024-01-10 04:00:00,Itwari,226.74,0,234.71,223.8,0.9589,0.0229,29.5,night
2024-01-10 04:00:00,Manewada,283.38,0,282.98,226.72,0.9309,0.043,28.6,night
2024-01-10 04:00:00,Hingna,234.13,0,234.84,227.04,0.8972,0.1768,27.7,night
2024-01-10 05:00:00,Dharampeth,252.27,0,251.6,236.43,0.9638,0.0126,31.2,night
2024-01-10 05:00:00,Sitabuldi,276.7,0,273.51,231.74,0.9412,0.1784,26.6,night
2024-01-10 05:00:00,Gandhibagh,241.07,0,233.62,227.13,1.0,0.1126,29.9,night
2024-01-10 05:00:00,Lakadganj,287.79,0,279.73,223.89,0.8758,0.0014,28.7,night
2024-01-10 05:00:00,Sadar,240.42,0,242.38,223.57,0.9549,0.1794,26.0,night
2024-01-10 05:00:00,Itwari,272.16,0,247.96,234.08,0.8955,0.0444,31.7,night
2024-01-10 05:00:00,Manewada,176.3,0,181.64,234.21,0.8953,0.1198,31.5,night
2024-01-10 05:00:00,Hingna,238.66,0,238.75,223.02,0.9012,0.1471,33.0,night
2024-01-10 06:00:00,Dharampeth,302.73,18.61,289.69,232.7,0.9153,0.0678,30.0,daytime
2024-01-10 06:00:00,Sitabuldi,264.01,0,273.2,225.05,0.9217,0.0397,27.5,daytime
2024-01-10 06:00:00,Gandhibagh,297.04,1.74,298.32,239.05,0.9104,0.179,28.5,daytime
2024-01-10 06:00:00,Lakadganj,241.58,12.53,240.13,221.56,0.9101,0.0988,26.4,daytime
2024-01-10 06:00:00,Sadar,284.21,0,294.87,225.03,0.9964,0.0158,24.6,daytime
2024-01-10 06:00:00,Itwari,242.49,29.32,200.63,235.75,0.928,0.0493,28.7,daytime
2024-01-10 06:00:00,Manewada,328.85,4.65,306.93,233.24,0.9203,0.0832,30.2,daytime
2024-01-10 06:00:00,Hingna,286.04,0,295.95,232.09,0.8638,0.1003,25.0,daytime
2024-01-10 07:00:00,Dharampeth,247.07,54.51,193.17,226.1,0.9243,0.1599,35.0,daytime
2024-01-10 07:00:00,Sitabuldi,288.11,41.38,226.07,232.58,0.9163,0.1128,30.9,daytime
2024-01-10 07:00:00,Gandhibagh,188.26,52.19,156.02,230.82,0.8736,0.0308,29.1,daytime
2024-01-10 07:00:00,Lakadganj,337.62,67.27,286.38,232.34,0.9387,0.1531,32.6,daytime
2024-01-10 07:00:00,Sadar,297.03,45.41,257.82,230.02,0.9545,0.0045,28.5,daytime
2024-01-10 07:00:00,Itwari,339.44,23.12,323.59,234.93,0.9867,0.1335,30.4,daytime
2024-01-10 07:00:00,Manewada,239.82,34.57,199.09,230.25,0.9006,0.1647,27.9,daytime
2024-01-10 07:00:00,Hingna,293.29,78.43,216.13,229.55,0.9268,0.0293,30.0,daytime
2024-01-10 08:00:00,Dharampeth,282.86,91.51,187.17,231.75,0.9156,0.095,28.1,daytime
2024-01-10 08:00:00,Sitabuldi,314.1,94.12,224.13,223.63,0.871,0.1243,31.6,daytime
2024-01-10 08:00:00,Gandhibagh,241.48,76.49,178.06,228.55,0.9323,0.1273,29.0,daytime
2024-01-10 08:00:00,Lakadganj,222.79,76.24,155.73,220.36,0.996,0.1507,28.3,daytime
2024-01-10 08:00:00,Sadar,331.32,76.4,256.54,222.04,0.936,0.1476,30.8,daytime
2024-01-10 08:00:00,Itwari,264.73,83.98,179.88,225.53,0.9028,0.0521,29.3,daytime
2024-01-10 08:00:00,Manewada,284.2,101.67,188.25,231.46,0.8716,0.1672,28.7,daytime
2024-01-10 08:00:00,Hingna,307.09,82.58,223.05,232.68,0.9729,0.1121,28.4,daytime
2024-01-10 09:00:00,Dharampeth,376.97,125.43,263.6,229.54,0.9225,0.1749,29.5,peak
2024-01-10 09:00:00,Sitabuldi,332.99,117.86,239.89,225.07,0.9338,0.0474,26.8,peak
2024-01-10 09:00:00,Gandhibagh,330.83,122.46,222.47,236.46,0.9411,0.013,27.9,peak
2024-01-10 09:00:00,Lakadganj,373.63,140.4,237.2,241.73,0.9248,0.1204,30.9,peak
2024-01-10 09:00:00,Sadar,371.82,151.66,234.18,228.83,0.8998,0.0453,26.3,peak
2024-01-10 09:00:00,Itwari,364.89,115.3,247.65,228.55,0.9428,0.1167,28.1,peak
2024-01-10 09:00:00,Manewada,275.45,124.88,140.09,223.25,0.9163,0.0987,31.9,peak
2024-01-10 09:00:00,Hingna,325.97,129.56,188.51,223.76,0.9008,0.1461,27.8,peak
2024-01-10 10:00:00,Dharampeth,412.36,139.77,278.47,230.16,0.9118,0.1776,28.2,peak
2024-01-10 10:00:00,Sitabuldi,373.01,136.79,245.33,233.42,0.9217,0.0052,27.2,peak
2024-01-10 10:00:00,Gandhibagh,372.22,164.11,223.07,230.98,0.9265,0.0106,29.3,peak
2024-01-10 10:00:00,Lakadganj,369.7,156.11,197.23,224.98,0.9497,0.171,33.2,peak
2024-01-10 10:00:00,Sadar,390.49,127.48,282.23,238.19,0.9786,0.1659,30.9,peak
2024-01-10 10:00:00,Itwari,343.62,156.72,193.13,232.73,0.8814,0.0661,29.4,peak
2024-01-10 10:00:00,Manewada,421.97,151.87,285.23,222.22,0.9309,0.0639,29.9,peak
2024-01-10 10:00:00,Hingna,344.98,143.08,212.24,227.0,0.9526,0.0571,30.7,peak
2024-01-10 11:00:00,Dharampeth,329.48,211.99,124.63,237.01,0.938,0.1702,30.0,peak
2024-01-10 11:00:00,Sitabuldi,353.56,163.47,199.04,231.86,0.8862,0.1423,27.8,peak
2024-01-10 11:00:00,Gandhibagh,341.66,179.19,181.82,215.59,0.9465,0.0874,28.9,peak
2024-01-10 11:00:00,Lakadganj,326.0,163.41,174.69,238.76,0.9234,0.0525,28.4,peak
2024-01-10 11:00:00,Sadar,363.18,167.19,199.61,230.46,0.8942,0.1327,28.9,peak
2024-01-10 11:00:00,Itwari,349.73,175.02,174.42,229.27,0.9094,0.1109,27.2,peak
2024-01-10 11:00:00,Manewada,367.88,172.16,195.27,229.21,0.9181,0.063,34.1,peak
2024-01-10 11:00:00,Hingna,353.14,187.63,181.77,227.77,0.9352,0.1477,30.5,peak
2024-01-10 12:00:00,Dharampeth,410.96,173.44,234.38,228.13,0.941,0.0434,29.1,peak
2024-01-10 12:00:00,Sitabuldi,355.79,160.45,190.21,234.96,0.9602,0.019,30.1,peak
2024-01-10 12:00:00,Gandhibagh,317.92,206.29,114.19,227.46,0.9137,0.1503,27.6,peak
2024-01-10 12:00:00,Lakadganj,343.89,179.05,173.71,234.57,0.8784,0.0709,27.4,peak
2024-01-10 12:00:00,Sadar,356.77,201.19,148.81,224.4,0.8418,0.1264,31.7,peak
2024-01-10 12:00:00,Itwari,319.63,171.33,153.77,233.86,0.9035,0.0603,30.5,peak
2024-01-10 12:00:00,Manewada,334.16,203.6,119.09,235.0,0.9363,0.7304,32.3,peak
2024-01-10 12:00:00,Hingna,382.43,168.57,222.8,221.18,0.9314,0.0759,30.0,peak
2024-01-10 13:00:00,Dharampeth,303.76,157.62,147.65,225.85,0.9407,0.0879,28.5,daytime
2024-01-10 13:00:00,Sitabuldi,238.31,174.67,53.07,226.92,0.8749,0.0897,27.7,daytime
2024-01-10 13:00:00,Gandhibagh,273.45,184.39,95.55,223.86,0.9656,0.0937,31.9,daytime
2024-01-10 13:00:00,Lakadganj,246.27,195.76,59.96,236.98,0.9102,0.0717,28.0,daytime
2024-01-10 13:00:00,Sadar,291.14,181.57,118.39,229.97,0.8629,0.1412,29.1,daytime
2024-01-10 13:00:00,Itwari,290.57,198.31,93.45,228.27,0.9184,0.0234,27.9,daytime
2024-01-10 13:00:00,Manewada,266.49,190.72,61.32,218.32,0.941,0.1704,28.5,daytime
2024-01-10 13:00:00,Hingna,262.41,167.91,103.56,227.57,0.9552,0.1238,30.0,daytime
2024-01-10 14:00:00,Dharampeth,280.71,168.51,102.11,231.57,0.907,0.1185,30.6,daytime
2024-01-10 14:00:00,Sitabuldi,279.78,154.71,136.34,235.12,0.9683,0.1616,30.3,daytime
2024-01-10 14:00:00,Gandhibagh,309.34,165.37,126.12,227.8,0.8757,0.0638,29.0,daytime
2024-01-10 14:00:00,Lakadganj,251.83,141.42,114.96,228.96,0.9697,0.1726,29.6,daytime
2024-01-10 14:00:00,Sadar,321.58,160.64,158.9,231.95,0.9521,0.0032,28.6,daytime
2024-01-10 14:00:00,Itwari,283.23,153.68,125.97,225.75,0.9095,0.0967,26.8,daytime
2024-01-10 14:00:00,Manewada,292.05,154.66,134.11,228.32,0.9202,0.0556,29.4,daytime
2024-01-10 14:00:00,Hingna,347.23,188.02,157.81,228.12,0.949,0.0776,28.5,daytime
2024-01-10 15:00:00,Dharampeth,315.37,122.14,202.23,236.36,0.884,0.0632,30.1,daytime
2024-01-10 15:00:00,Sitabuldi,269.37,158.72,96.97,241.3,0.918,0.0611,29.7,daytime
2024-01-10 15:00:00,Gandhibagh,231.55,168.54,47.71,225.02,0.8957,0.0853,27.3,daytime
2024-01-10 15:00:00,Lakadganj,275.26,132.09,152.7,230.93,0.9024,0.1225,32.2,daytime
2024-01-10 15:00:00,Sadar,302.24,120.77,183.99,221.6,0.9044,0.151,27.9,daytime
2024-01-10 15:00:00,Itwari,310.01,127.8,173.64,235.83,0.926,0.0365,30.3,daytime
2024-01-10 15:00:00,Manewada,345.94,127.87,209.12,234.27,0.9196,0.1413,28.9,daytime
2024-01-10 15:00:00,Hingna,281.85,133.65,142.65,228.18,0.885,0.1641,26.3,daytime
2024-01-10 16:00:00,Dharampeth,278.76,95.51,184.15,227.18,0.9569,0.0092,29.2,daytime
2024-01-10 16:00:00,Sitabuldi,291.7,96.7,204.58,234.02,0.9065,0.1321,26.8,daytime
2024-01-10 16:00:00,Gandhibagh,281.97,92.42,190.19,219.47,0.9167,0.0204,28.8,daytime
2024-01-10 16:00:00,Lakadganj,268.1,103.0,162.94,232.66,0.9206,0.0198,29.0,daytime
2024-01-10 16:00:00,Sadar,303.72,98.97,203.12,230.04,0.9391,0.0505,32.0,daytime
2024-01-10 16:00:00,Itwari,322.59,115.75,194.5,234.69,0.9054,0.0323,29.2,daytime
2024-01-10 16:00:00,Manewada,288.77,96.7,198.1,232.29,0.9439,0.1295,31.4,daytime
2024-01-10 16:00:00,Hingna,266.07,102.04,159.22,236.53,0.9081,0.1153,33.1,daytime
2024-01-10 17:00:00,Dharampeth,244.8,42.69,212.08,233.89,0.9265,0.1547,33.5,daytime
2024-01-10 17:00:00,Sitabuldi,243.4,58.52,187.21,230.15,0.9144,0.0866,31.3,daytime
2024-01-10 17:00:00,Gandhibagh,257.09,34.55,230.57,226.3,0.9364,0.0235,28.9,daytime
2024-01-10 17:00:00,Lakadganj,289.81,57.82,239.11,229.13,0.9426,0.031,28.4,daytime
2024-01-10 17:00:00,Sadar,322.37,66.71,246.33,236.69,0.9499,0.0176,29.5,daytime
2024-01-10 17:00:00,Itwari,264.61,43.52,216.64,231.13,0.9186,0.0265,34.7,daytime
2024-01-10 17:00:00,Manewada,334.99,33.64,285.17,219.99,0.9054,0.0242,28.5,daytime
2024-01-10 17:00:00,Hingna,244.64,57.21,190.14,231.69,0.932,0.1787,30.1,daytime
2024-01-10 18:00:00,Dharampeth,333.62,0,332.68,230.58,0.8761,0.0027,31.5,peak
2024-01-10 18:00:00,Sitabuldi,378.69,0,372.92,228.04,0.941,0.1762,29.1,peak
2024-01-10 18:00:00,Gandhibagh,387.57,0,406.17,232.84,0.8468,0.0134,28.5,peak
2024-01-10 18:00:00,Lakadganj,385.71,14.21,357.69,229.29,0.9831,0.0323,30.1,peak
2024-01-10 18:00:00,Sadar,319.53,11.71,293.31,239.59,0.8749,0.1091,28.9,peak
2024-01-10 18:00:00,Itwari,353.51,7.84,331.05,237.76,0.9235,0.1586,26.9,peak
2024-01-10 18:00:00,Manewada,372.48,0,379.68,234.64,0.9159,0.052,28.8,peak
2024-01-10 18:00:00,Hingna,440.66,4.36,434.46,229.64,0.9306,0.1644,28.0,peak
2024-01-10 19:00:00,Dharampeth,332.09,0,324.48,229.52,0.9725,0.0233,31.4,peak
2024-01-10 19:00:00,Sitabuldi,351.27,0,350.01,220.78,0.8879,0.1058,29.0,peak
2024-01-10 19:00:00,Gandhibagh,350.15,0,351.82,231.46,0.8813,0.0767,28.8,peak
2024-01-10 19:00:00,Lakadganj,355.29,0,366.75,223.76,0.9963,0.0281,27.8,peak
2024-01-10 19:00:00,Sadar,283.7,0,285.68,224.1,0.8961,0.1251,27.1,peak
2024-01-10 19:00:00,Itwari,329.01,0,330.19,233.85,0.9346,0.16,28.9,peak
2024-01-10 19:00:00,Manewada,253.72,0,257.57,220.72,0.9643,0.1519,26.1,peak
2024-01-10 19:00:00,Hingna,395.13,0,394.59,230.03,0.9514,0.0841,25.8,peak
2024-01-10 20:00:00,Dharampeth,321.58,0,334.54,225.57,0.9221,0.0044,29.9,peak
2024-01-10 20:00:00,Sitabuldi,283.8,0,270.87,226.42,0.9563,0.1516,25.6,peak
2024-01-10 20:00:00,Gandhibagh,298.95,0,288.36,229.18,0.9299,0.069,29.2,peak
2024-01-10 20:00:00,Lakadganj,354.92,0,370.27,228.09,0.9213,0.009,29.4,peak
2024-01-10 20:00:00,Sadar,284.17,0,278.33,235.69,0.9201,0.1382,30.1,peak
2024-01-10 20:00:00,Itwari,309.03,0,305.4,228.18,0.9132,0.0369,24.1,peak
2024-01-10 20:00:00,Manewada,354.36,0,347.1,237.43,0.9291,0.136,28.8,peak
2024-01-10 20:00:00,Hingna,322.4,0,322.69,229.05,0.8743,0.0712,27.7,peak
2024-01-10 21:00:00,Dharampeth,295.92,0,285.35,228.39,0.9534,0.1766,25.8,peak
2024-01-10 21:00:00,Sitabuldi,293.14,0,310.2,233.23,0.8937,0.0653,26.2,peak
2024-01-10 21:00:00,Gandhibagh,278.95,0,283.21,235.99,0.9037,0.0163,27.5,peak
2024-01-10 21:00:00,Lakadganj,311.11,0,314.43,229.71,0.8936,0.1061,28.8,peak
2024-01-10 21:00:00,Sadar,370.25,0,381.62,235.4,0.9096,0.1205,32.8,peak
2024-01-10 21:00:00,Itwari,359.65,0,368.32,235.15,0.8988,0.0673,30.1,peak
2024-01-10 21:00:00,Manewada,355.82,0,366.56,229.28,0.8646,0.1138,29.1,peak
2024-01-10 21:00:00,Hingna,330.62,0,329.48,231.04,0.9296,0.1302,32.6,peak
2024-01-10 22:00:00,Dharampeth,342.72,0,328.9,225.52,0.9351,0.1601,30.1,peak
2024-01-10 22:00:00,Sitabuldi,279.15,0,285.94,228.22,0.9341,0.1314,31.9,peak
2024-01-10 22:00:00,Gandhibagh,364.18,0,367.85,232.51,0.8918,0.1495,32.1,peak
2024-01-10 22:00:00,Lakadganj,311.19,0,313.47,232.7,0.9413,0.0606,28.1,peak
2024-01-10 22:00:00,Sadar,290.06,0,282.58,221.27,0.8971,0.0578,29.5,peak
2024-01-10 22:00:00,Itwari,361.32,0,361.94,224.89,0.9618,0.3402,30.6,peak
2024-01-10 22:00:00,Manewada,307.07,0,302.97,220.54,0.9623,0.016,32.8,peak
2024-01-10 22:00:00,Hingna,422.24,0,420.8,231.85,0.884,0.1167,28.4,peak
2024-01-10 23:00:00,Dharampeth,276.77,0,280.92,219.62,0.9263,0.1143,31.2,night
2024-01-10 23:00:00,Sitabuldi,291.66,0,288.54,238.74,0.9823,0.0929,28.5,night
2024-01-10 23:00:00,Gandhibagh,259.37,0,247.47,232.41,0.948,0.1381,30.9,night
2024-01-10 23:00:00,Lakadganj,196.57,0,198.85,238.32,0.9491,0.0912,32.1,night
2024-01-10 23:00:00,Sadar,209.03,0,214.24,229.87,0.9125,0.1334,29.1,night
2024-01-10 23:00:00,Itwari,210.86,0,220.67,226.89,0.9267,0.0624,26.5,night
2024-01-10 23:00:00,Manewada,220.36,0,225.98,228.27,0.9216,0.1241,32.0,night
2024-01-10 23:00:00,Hingna,242.1,0,225.9,223.38,0.9125,0.108,27.1,night
2024-01-11 00:00:00,Dharampeth,257.88,0,270.14,225.23,0.9146,0.1686,26.0,night
2024-01-11 00:00:00,Sitabuldi,241.98,0,257.45,235.99,0.921,0.1461,27.1,night
2024-01-11 00:00:00,Gandhibagh,230.47,0,238.42,228.66,0.8795,0.0996,27.3,night
2024-01-11 00:00:00,Lakadganj,237.49,0,231.28,238.86,0.9148,0.1612,32.0,night
2024-01-11 00:00:00,Sadar,239.35,0,242.77,226.53,0.955,0.0625,35.9,night
2024-01-11 00:00:00,Itwari,259.7,0,269.7,225.38,0.9197,0.486,28.9,night
2024-01-11 00:00:00,Manewada,251.35,0,252.08,235.52,0.9179,0.1607,26.6,night
2024-01-11 00:00:00,Hingna,212.75,0,209.61,224.08,0.8716,0.1394,31.3,night
2024-01-11 01:00:00,Dharampeth,245.87,0,250.84,224.05,0.9184,0.1308,30.9,night
2024-01-11 01:00:00,Sitabuldi,192.35,0,198.06,229.93,0.9941,0.1005,28.0,night
2024-01-11 01:00:00,Gandhibagh,208.11,0,205.89,232.01,0.9047,0.109,27.5,night
2024-01-11 01:00:00,Lakadganj,239.42,0,238.8,228.95,0.9331,0.1541,28.5,night
2024-01-11 01:00:00,Sadar,254.04,0,247.22,233.79,0.9302,0.1251,32.8,night
2024-01-11 01:00:00,Itwari,249.19,0,230.76,229.25,0.9205,0.1097,30.6,night
2024-01-11 01:00:00,Manewada,215.76,0,201.32,235.4,0.9284,0.1106,28.1,night
2024-01-11 01:00:00,Hingna,223.88,0,223.94,229.17,0.8913,0.1576,29.7,night
2024-01-11 02:00:00,Dharampeth,232.88,0,220.48,220.3,0.9009,0.1085,28.6,night
2024-01-11 02:00:00,Sitabuldi,251.02,0,242.59,229.77,0.8965,0.0533,30.2,night
2024-01-11 02:00:00,Gandhibagh,300.01,0,303.53,237.76,0.9496,0.1634,29.5,night
2024-01-11 02:00:00,Lakadganj,209.72,0,216.67,241.13,0.896,0.0109,32.3,night
2024-01-11 02:00:00,Sadar,246.93,0,244.91,229.64,0.9251,0.0242,28.0,night
2024-01-11 02:00:00,Itwari,245.39,0,232.85,227.84,0.8679,0.08,23.5,night
2024-01-11 02:00:00,Manewada,208.47,0,213.26,227.07,0.9052,0.1603,31.6,night
2024-01-11 02:00:00,Hingna,211.99,0,204.24,234.09,0.8901,0.075,31.9,night
2024-01-11 03:00:00,Dharampeth,272.21,0,287.86,227.01,0.8764,0.1009,31.5,night
2024-01-11 03:00:00,Sitabuldi,210.31,0,196.93,232.19,0.8779,0.0075,29.6,night
2024-01-11 03:00:00,Gandhibagh,241.8,0,245.0,235.22,0.9112,0.0061,28.4,night
2024-01-11 03:00:00,Lakadganj,177.56,0,174.35,233.02,0.9369,0.1455,31.2,night
2024-01-11 03:00:00,Sadar,276.49,0,276.91,222.86,0.8611,0.0348,28.2,night
2024-01-11 03:00:00,Itwari,257.72,0,240.51,233.97,0.9304,0.0105,31.4,night
2024-01-11 03:00:00,Manewada,214.35,0,200.37,221.85,0.8722,0.1039,28.5,night
2024-01-11 03:00:00,Hingna,252.96,0,258.86,230.57,0.9317,0.014,28.8,night
2024-01-11 04:00:00,Dharampeth,248.89,0,256.75,230.78,0.9241,0.0242,28.2,night
2024-01-11 04:00:00,Sitabuldi,244.94,0,253.95,220.52,0.8878,0.1403,28.2,night
2024-01-11 04:00:00,Gandhibagh,176.98,0,184.97,226.72,0.963,0.1627,26.5,night
2024-01-11 04:00:00,Lakadganj,253.51,0,231.94,230.25,0.8702,0.0522,30.3,night
2024-01-11 04:00:00,Sadar,218.94,0,238.24,237.0,0.9725,0.6949,28.0,night
2024-01-11 04:00:00,Itwari,269.83,0,283.41,227.15,0.9244,0.0738,28.4,night
2024-01-11 04:00:00,Manewada,260.93,0,265.6,229.59,0.8663,0.096,30.6,night
2024-01-11 04:00:00,Hingna,168.28,0,177.06,218.88,0.9604,0.1776,26.9,night
2024-01-11 05:00:00,Dharampeth,202.1,0,201.14,227.47,0.8807,0.0072,27.2,night
2024-01-11 05:00:00,Sitabuldi,217.55,0,232.19,220.37,0.9315,0.1129,28.9,night
2024-01-11 05:00:00,Gandhibagh,230.08,0,229.17,228.75,0.931,0.1547,25.9,night
2024-01-11 05:00:00,Lakadganj,147.94,0,149.91,232.03,0.8919,0.0199,33.0,night
2024-01-11 05:00:00,Sadar,214.19,0,219.38,232.22,0.8846,0.1411,30.2,night
2024-01-11 05:00:00,Itwari,238.07,0,230.84,221.71,0.8653,0.1552,28.6,night
2024-01-11 05:00:00,Manewada,239.53,0,235.93,231.46,0.9312,0.0971,31.2,night
2024-01-11 05:00:00,Hingna,220.54,0,225.56,221.84,0.9228,0.1554,30.7,night
2024-01-11 06:00:00,Dharampeth,270.02,19.04,248.54,226.62,0.8964,0.1265,31.6,daytime
2024-01-11 06:00:00,Sitabuldi,328.44,36.1,285.88,228.66,0.8941,0.1012,27.3,daytime
2024-01-11 06:00:00,Gandhibagh,313.11,9.18,301.96,239.02,0.9615,0.0847,26.7,daytime
2024-01-11 06:00:00,Lakadganj,249.11,0,251.41,228.65,0.9147,0.0965,31.6,daytime
2024-01-11 06:00:00,Sadar,247.4,0,258.89,234.78,0.9434,0.1207,33.0,daytime
2024-01-11 06:00:00,Itwari,248.85,0,263.03,235.8,0.8988,0.0625,26.6,daytime
2024-01-11 06:00:00,Manewada,336.5,13.14,324.73,224.86,0.8634,0.122,28.7,daytime
2024-01-11 06:00:00,Hingna,309.49,0,315.53,221.41,0.9117,0.0666,29.4,daytime
2024-01-11 07:00:00,Dharampeth,240.86,45.25,188.04,227.84,0.9755,0.0505,27.6,daytime
2024-01-11 07:00:00,Sitabuldi,314.41,57.19,254.55,228.33,0.902,0.0305,29.5,daytime
2024-01-11 07:00:00,Gandhibagh,240.64,31.24,212.86,234.83,0.9362,0.1707,32.7,daytime
2024-01-11 07:00:00,Lakadganj,249.18,41.95,211.61,222.37,0.8924,0.0541,31.3,daytime
2024-01-11 07:00:00,Sadar,277.44,19.18,265.14,223.5,0.9417,0.1096,28.2,daytime
2024-01-11 07:00:00,Itwari,231.77,17.41,206.29,227.26,0.884,0.0714,29.9,daytime
2024-01-11 07:00:00,Manewada,316.57,55.12,267.95,226.95,0.9286,0.1025,30.1,daytime
2024-01-11 07:00:00,Hingna,255.96,74.61,182.82,227.64,0.9682,0.1376,29.5,daytime
2024-01-11 08:00:00,Dharampeth,340.85,92.83,253.51,237.76,0.9265,0.0435,27.5,daytime
2024-01-11 08:00:00,Sitabuldi,243.73,79.04,151.36,229.38,0.887,0.174,28.0,daytime
2024-01-11 08:00:00,Gandhibagh,273.22,107.74,175.84,224.44,1.0,0.0329,30.5,daytime
2024-01-11 08:00:00,Lakadganj,291.46,86.22,211.76,230.29,0.9574,0.164,25.6,daytime
2024-01-11 08:00:00,Sadar,269.68,92.45,177.8,224.85,0.9399,0.0463,27.9,daytime
2024-01-11 08:00:00,Itwari,280.43,67.91,202.38,234.71,0.906,0.0025,28.4,daytime
2024-01-11 08:00:00,Manewada,234.68,97.27,121.4,220.68,0.9354,0.0738,32.2,daytime
2024-01-11 08:00:00,Hingna,317.54,76.42,244.07,228.34,0.9522,0.0036,33.3,daytime
2024-01-11 09:00:00,Dharampeth,373.69,116.72,241.78,233.69,0.9736,0.1038,28.8,peak
2024-01-11 09:00:00,Sitabuldi,343.07,123.32,207.53,245.81,0.9661,0.1109,28.9,peak
2024-01-11 09:00:00,Gandhibagh,405.45,125.91,272.2,219.52,0.9015,0.0587,28.4,peak
2024-01-11 09:00:00,Lakadganj,439.14,141.17,302.61,229.36,0.9215,0.163,31.4,peak
2024-01-11 09:00:00,Sadar,329.14,132.18,197.88,224.86,0.8937,0.0286,31.8,peak
2024-01-11 09:00:00,Itwari,335.57,145.02,212.29,231.71,0.9845,0.1737,26.0,peak
2024-01-11 09:00:00,Manewada,305.4,129.7,173.1,235.77,0.984,0.1704,28.1,peak
2024-01-11 09:00:00,Hingna,296.99,136.89,147.5,228.5,0.9327,0.1583,27.3,peak
2024-01-11 10:00:00,Dharampeth,378.87,148.46,221.45,235.58,0.937,0.1265,32.1,peak
2024-01-11 10:00:00,Sitabuldi,335.43,129.18,208.07,230.58,0.8989,0.1579,27.3,peak
2024-01-11 10:00:00,Gandhibagh,371.65,158.23,213.31,231.78,0.9245,0.0699,28.6,peak
2024-01-11 10:00:00,Lakadganj,404.86,169.57,237.12,219.69,0.9045,0.0746,29.1,peak
2024-01-11 10:00:00,Sadar,455.93,163.27,299.39,226.48,0.9391,0.112,31.2,peak
2024-01-11 10:00:00,Itwari,382.82,141.95,249.93,233.51,0.9369,0.0589,29.3,peak
2024-01-11 10:00:00,Manewada,408.01,149.51,238.87,227.85,0.9456,0.1068,29.1,peak
2024-01-11 10:00:00,Hingna,419.33,166.45,246.25,221.63,0.9235,0.1771,30.1,peak
2024-01-11 11:00:00,Dharampeth,324.33,189.84,126.09,232.48,0.8879,0.0005,28.7,peak
2024-01-11 11:00:00,Sitabuldi,383.97,166.42,234.29,222.89,0.8758,0.1613,29.6,peak
2024-01-11 11:00:00,Gandhibagh,388.2,181.16,200.88,242.48,0.946,0.025,31.0,peak
2024-01-11 11:00:00,Lakadganj,454.77,163.81,292.15,224.89,0.9696,0.1618,29.2,peak
2024-01-11 11:00:00,Sadar,328.66,182.25,150.55,221.04,0.952,0.145,28.2,peak
2024-01-11 11:00:00,Itwari,407.62,192.83,219.71,230.18,0.9216,0.0763,30.1,peak
2024-01-11 11:00:00,Manewada,346.11,162.97,164.44,225.91,0.8995,0.0171,32.1,peak
2024-01-11 11:00:00,Hingna,365.21,204.41,169.23,232.07,0.9209,0.097,29.6,peak
2024-01-11 12:00:00,Dharampeth,413.21,181.76,223.03,230.74,0.9509,0.1786,25.5,peak
2024-01-11 12:00:00,Sitabuldi,321.97,195.89,123.79,226.03,0.922,0.0354,28.3,peak
2024-01-11 12:00:00,Gandhibagh,419.4,187.24,233.6,227.48,0.8813,0.0488,30.6,peak
2024-01-11 12:00:00,Lakadganj,360.82,196.42,165.1,233.31,0.8479,0.0289,28.2,peak
2024-01-11 12:00:00,Sadar,346.62,181.21,169.28,223.55,0.9599,0.1153,27.5,peak
2024-01-11 12:00:00,Itwari,370.99,163.5,217.32,220.07,0.8889,0.0684,27.7,peak
2024-01-11 12:00:00,Manewada,342.49,165.88,147.44,234.98,0.8908,0.0377,33.7,peak
2024-01-11 12:00:00,Hingna,355.73,164.83,196.31,224.17,0.9179,0.0614,30.7,peak
2024-01-11 13:00:00,Dharampeth,253.97,147.59,90.72,224.6,0.977,0.076,31.2,daytime
2024-01-11 13:00:00,Sitabuldi,237.06,163.08,65.15,233.0,0.992,0.0127,30.0,daytime
2024-01-11 13:00:00,Gandhibagh,304.83,156.34,135.96,223.2,0.9273,0.032,27.2,daytime
2024-01-11 13:00:00,Lakadganj,255.34,170.14,80.51,219.01,0.9315,0.0676,29.8,daytime
2024-01-11 13:00:00,Sadar,211.28,162.03,47.61,231.8,0.9268,0.1486,31.1,daytime
2024-01-11 13:00:00,Itwari,262.8,184.59,88.21,233.35,0.9367,0.1107,28.8,daytime
2024-01-11 13:00:00,Manewada,299.47,197.92,94.34,229.75,0.9106,0.0696,28.9,daytime
2024-01-11 13:00:00,Hingna,299.1,176.38,144.35,232.29,0.9041,0.0684,33.5,daytime
2024-01-11 14:00:00,Dharampeth,256.79,135.49,127.11,231.51,0.891,0.0722,29.1,daytime
2024-01-11 14:00:00,Sitabuldi,277.88,159.95,114.31,235.73,0.9738,0.144,29.4,daytime
2024-01-11 14:00:00,Gandhibagh,268.13,152.42,114.65,230.11,0.9268,0.1669,27.4,daytime
2024-01-11 14:00:00,Lakadganj,278.57,179.27,96.97,215.54,0.9502,0.0794,25.3,daytime
2024-01-11 14:00:00,Sadar,294.13,156.93,139.09,234.23,0.9223,0.065,28.8,daytime
2024-01-11 14:00:00,Itwari,267.04,160.26,94.87,234.05,0.9388,0.0986,29.7,daytime
2024-01-11 14:00:00,Manewada,252.88,170.65,84.28,232.07,0.937,0.0953,32.2,daytime
2024-01-11 14:00:00,Hingna,288.03,168.63,119.35,232.32,0.9204,0.1037,31.6,daytime
2024-01-11 15:00:00,Dharampeth,311.47,155.33,149.08,230.88,0.926,0.1444,30.3,daytime
2024-01-11 15:00:00,Sitabuldi,270.67,132.48,145.47,228.58,0.9261,0.0399,30.5,daytime
2024-01-11 15:00:00,Gandhibagh,289.34,128.13,159.84,231.36,0.8963,0.0785,31.9,daytime
2024-01-11 15:00:00,Lakadganj,294.33,131.06,165.7,236.33,0.9885,0.1761,30.0,daytime
2024-01-11 15:00:00,Sadar,304.43,106.69,185.99,231.0,0.9075,0.1097,31.5,daytime
2024-01-11 15:00:00,Itwari,247.4,116.93,131.5,227.94,0.9414,0.0362,29.6,daytime
2024-01-11 15:00:00,Manewada,281.62,137.59,135.87,232.13,0.8823,0.1388,26.7,daytime
2024-01-11 15:00:00,Hingna,309.75,133.23,180.24,232.0,0.9144,0.1512,25.7,daytime
2024-01-11 16:00:00,Dharampeth,268.36,85.29,158.58,230.78,0.9326,0.0083,28.4,daytime
2024-01-11 16:00:00,Sitabuldi,248.54,110.01,147.78,223.89,0.8784,0.0985,29.6,daytime
2024-01-11 16:00:00,Gandhibagh,258.32,83.56,173.36,227.63,0.884,0.0652,30.3,daytime
2024-01-11 16:00:00,Lakadganj,298.67,91.72,202.44,234.49,0.9187,0.1138,28.4,daytime
2024-01-11 16:00:00,Sadar,220.0,109.6,127.8,224.58,0.9558,0.1705,32.8,daytime
2024-01-11 16:00:00,Itwari,284.35,84.64,193.44,230.01,0.9222,0.1265,29.6,daytime
2024-01-11 16:00:00,Manewada,309.94,81.33,235.74,235.07,0.9429,0.0622,29.4,daytime
2024-01-11 16:00:00,Hingna,249.32,89.25,161.99,232.45,0.9105,0.0277,32.5,daytime
2024-01-11 17:00:00,Dharampeth,305.46,50.99,246.2,229.38,0.9669,0.1393,30.9,daytime
2024-01-11 17:00:00,Sitabuldi,272.85,73.97,186.7,246.05,0.8588,0.0806,29.0,daytime
2024-01-11 17:00:00,Gandhibagh,287.04,19.91,283.15,224.36,0.9731,0.1157,29.5,daytime
2024-01-11 17:00:00,Lakadganj,391.8,56.85,337.55,221.48,0.8831,0.04,28.3,daytime
2024-01-11 17:00:00,Sadar,286.11,43.48,240.72,236.06,0.8744,0.031,26.3,daytime
2024-01-11 17:00:00,Itwari,355.99,56.08,314.57,229.73,0.8791,0.0571,34.0,daytime
2024-01-11 17:00:00,Manewada,246.63,62.58,191.25,229.25,0.9308,0.1785,34.1,daytime
2024-01-11 17:00:00,Hingna,290.11,30.31,257.34,219.89,0.9056,0.1732,31.3,daytime
2024-01-11 18:00:00,Dharampeth,351.23,0,352.01,234.13,0.9636,0.1366,26.4,peak
2024-01-11 18:00:00,Sitabuldi,317.28,25.37,290.34,227.91,0.9228,0.092,30.0,peak
2024-01-11 18:00:00,Gandhibagh,427.15,0,430.23,237.74,0.9378,0.1386,29.7,peak
2024-01-11 18:00:00,Lakadganj,341.65,0,330.78,222.5,0.8909,0.1509,28.1,peak
2024-01-11 18:00:00,Sadar,403.62,24.9,387.87,227.24,0.895,0.1786,32.0,peak
2024-01-11 18:00:00,Itwari,381.81,23.46,370.99,229.72,0.9027,0.0354,25.9,peak
2024-01-11 18:00:00,Manewada,376.2,16.09,366.89,238.05,0.9081,0.3124,29.9,peak
2024-01-11 18:00:00,Hingna,356.42,10.37,343.63,234.85,0.9703,0.1305,31.9,peak
2024-01-11 19:00:00,Dharampeth,341.28,0,323.0,224.17,0.9199,0.0497,27.9,peak
2024-01-11 19:00:00,Sitabuldi,347.27,0,332.91,232.42,0.9134,0.0474,29.6,peak
2024-01-11 19:00:00,Gandhibagh,324.24,0,342.83,240.96,0.9178,0.0995,34.0,peak
2024-01-11 19:00:00,Lakadganj,362.75,0,355.02,228.14,0.8841,0.1729,31.2,peak
2024-01-11 19:00:00,Sadar,299.76,0,307.79,225.71,0.9479,0.1584,28.6,peak
2024-01-11 19:00:00,Itwari,259.1,0,253.41,224.08,0.9946,0.0006,26.3,peak
2024-01-11 19:00:00,Manewada,336.54,0,322.18,230.9,0.9079,0.0396,28.0,peak
2024-01-11 19:00:00,Hingna,269.74,0,264.29,232.13,0.9349,0.134,29.8,peak
2024-01-11 20:00:00,Dharampeth,329.15,0,321.54,230.39,0.8904,0.058,30.3,peak
2024-01-11 20:00:00,Sitabuldi,264.49,0,253.51,234.94,0.8966,0.6321,32.1,peak
2024-01-11 20:00:00,Gandhibagh,269.52,0,270.06,228.49,0.968,0.1626,32.2,peak
2024-01-11 20:00:00,Lakadganj,274.14,0,286.91,235.41,0.8992,0.1505,29.2,peak
2024-01-11 20:00:00,Sadar,348.63,0,332.5,230.48,0.8944,0.0135,29.8,peak
2024-01-11 20:00:00,Itwari,301.34,0,305.77,233.79,0.9127,0.1682,26.6,peak
2024-01-11 20:00:00,Manewada,271.5,0,286.61,225.87,0.9535,0.0922,32.3,peak
2024-01-11 20:00:00,Hingna,364.14,0,363.31,230.65,0.9508,0.1333,28.5,peak
2024-01-11 21:00:00,Dharampeth,316.38,0,301.68,225.03,0.9077,0.0154,32.0,peak
2024-01-11 21:00:00,Sitabuldi,340.86,0,362.27,230.37,0.9055,0.1522,28.2,peak
2024-01-11 21:00:00,Gandhibagh,275.5,0,280.42,233.56,0.9394,0.1359,29.4,peak
2024-01-11 21:00:00,Lakadganj,325.54,0,298.21,229.62,0.9915,0.1195,31.2,peak
2024-01-11 21:00:00,Sadar,333.43,0,329.07,233.39,0.876,0.0459,27.5,peak
2024-01-11 21:00:00,Itwari,326.1,0,327.36,226.37,0.9591,0.1084,33.0,peak
2024-01-11 21:00:00,Manewada,349.02,0,347.86,228.71,0.9362,0.0667,32.3,peak
2024-01-11 21:00:00,Hingna,336.7,0,340.98,226.38,0.8833,0.1082,31.3,peak
2024-01-11 22:00:00,Dharampeth,338.54,0,323.34,238.75,0.8967,0.0062,27.3,peak
2024-01-11 22:00:00,Sitabuldi,335.06,0,340.19,230.97,0.9014,0.0666,29.7,peak
2024-01-11 22:00:00,Gandhibagh,271.76,0,261.77,221.88,0.9262,0.1692,30.2,peak
2024-01-11 22:00:00,Lakadganj,366.2,0,376.2,226.75,0.9514,0.0668,28.5,peak
2024-01-11 22:00:00,Sadar,282.55,0,266.1,227.92,0.9456,0.1036,28.8,peak
2024-01-11 22:00:00,Itwari,337.81,0,333.47,227.96,0.8405,0.1387,28.6,peak
2024-01-11 22:00:00,Manewada,368.65,0,363.64,228.96,0.914,0.178,27.0,peak
2024-01-11 22:00:00,Hingna,376.32,0,387.84,226.8,0.9699,0.0351,29.5,peak
2024-01-11 23:00:00,Dharampeth,206.96,0,205.62,231.3,0.9143,0.0981,31.4,night
2024-01-11 23:00:00,Sitabuldi,238.29,0,230.01,239.06,0.9067,0.0227,29.5,night
2024-01-11 23:00:00,Gandhibagh,269.22,0,277.13,231.4,0.9814,0.0693,30.2,night
2024-01-11 23:00:00,Lakadganj,212.87,0,209.36,222.54,0.8677,0.0654,29.3,night
2024-01-11 23:00:00,Sadar,227.83,0,229.14,233.98,0.9112,0.041,28.1,night
2024-01-11 23:00:00,Itwari,182.75,0,177.69,245.05,0.9185,0.0199,29.0,night
2024-01-11 23:00:00,Manewada,302.14,0,308.22,232.63,0.9195,0.116,27.6,night
2024-01-11 23:00:00,Hingna,254.06,0,256.65,230.98,0.9836,0.1673,30.1,night
2024-01-12 00:00:00,Dharampeth,284.83,0,276.51,228.1,0.9623,0.6213,32.1,night
2024-01-12 00:00:00,Sitabuldi,285.0,0,287.39,229.61,0.9496,0.0294,28.4,night
2024-01-12 00:00:00,Gandhibagh,256.52,0,259.32,230.46,0.904,0.1289,31.0,night
2024-01-12 00:00:00,Lakadganj,233.55,0,217.84,226.66,0.865,0.0452,30.5,night
2024-01-12 00:00:00,Sadar,246.96,0,251.35,237.19,0.8715,0.1427,27.5,night
2024-01-12 00:00:00,Itwari,242.93,0,269.5,225.73,0.9285,0.007,31.9,night
2024-01-12 00:00:00,Manewada,297.11,0,297.99,223.05,0.9676,0.0202,28.5,night
2024-01-12 00:00:00,Hingna,201.87,0,189.11,221.95,0.9318,0.1712,28.2,night
2024-01-12 01:00:00,Dharampeth,233.78,0,242.02,223.32,0.9186,0.0279,32.7,night
2024-01-12 01:00:00,Sitabuldi,190.68,0,187.33,229.08,0.8769,0.0739,28.6,night
2024-01-12 01:00:00,Gandhibagh,222.61,0,214.01,224.5,0.9463,0.0775,31.5,night
2024-01-12 01:00:00,Lakadganj,190.52,0,185.14,229.78,0.9546,0.1394,27.9,night
2024-01-12 01:00:00,Sadar,200.02,0,210.46,232.84,0.9433,0.0911,29.0,night
2024-01-12 01:00:00,Itwari,271.81,0,289.71,222.41,0.8954,0.0533,28.7,night
2024-01-12 01:00:00,Manewada,210.9,0,210.37,230.58,0.9266,0.0478,30.3,night
2024-01-12 01:00:00,Hingna,306.89,0,309.06,233.15,0.9334,0.1385,34.0,night
2024-01-12 02:00:00,Dharampeth,189.93,0,192.9,230.39,0.9127,0.0811,28.6,night
2024-01-12 02:00:00,Sitabuldi,226.06,0,224.97,232.99,0.9818,0.1676,31.1,night
2024-01-12 02:00:00,Gandhibagh,251.54,0,257.85,242.6,0.9171,0.0952,28.0,night
2024-01-12 02:00:00,Lakadganj,233.74,0,233.47,223.14,0.9432,0.168,29.2,night
2024-01-12 02:00:00,Sadar,262.48,0,253.92,228.37,0.8998,0.0749,29.7,night
2024-01-12 02:00:00,Itwari,286.0,0,280.72,229.64,0.8758,0.178,30.5,night
2024-01-12 02:00:00,Manewada,242.84,0,241.96,229.26,0.9073,0.0198,28.8,night
2024-01-12 02:00:00,Hingna,218.77,0,205.23,230.74,0.8913,0.0728,29.5,night
2024-01-12 03:00:00,Dharampeth,230.48,0,227.54,239.66,0.9557,0.0992,29.4,night
2024-01-12 03:00:00,Sitabuldi,242.25,0,244.8,231.09,0.9962,0.0038,30.7,night
2024-01-12 03:00:00,Gandhibagh,240.86,0,250.6,230.82,0.9054,0.1449,28.7,night
2024-01-12 03:00:00,Lakadganj,252.51,0,235.95,226.39,0.8907,0.0924,29.9,night
2024-01-12 03:00:00,Sadar,240.61,0,241.04,235.5,0.9241,0.1218,27.5,night
2024-01-12 03:00:00,Itwari,286.64,0,266.7,224.1,0.9112,0.0002,32.0,night
2024-01-12 03:00:00,Manewada,216.87,0,216.41,223.78,0.8777,0.0673,29.2,night
2024-01-12 03:00:00,Hingna,283.66,0,296.73,217.33,0.9566,0.1506,30.5,night
2024-01-12 04:00:00,Dharampeth,242.11,0,236.59,227.8,1.0,0.0415,31.1,night
2024-01-12 04:00:00,Sitabuldi,255.96,0,258.52,227.02,0.9787,0.1066,31.1,night
2024-01-12 04:00:00,Gandhibagh,204.93,0,214.25,227.24,0.943,0.107,29.1,night
2024-01-12 04:00:00,Lakadganj,276.83,0,253.64,226.22,0.8578,0.0425,33.6,night
2024-01-12 04:00:00,Sadar,279.02,0,290.01,231.43,0.9395,0.0479,28.1,night
2024-01-12 04:00:00,Itwari,196.66,0,184.22,231.99,0.9297,0.1284,27.7,night
2024-01-12 04:00:00,Manewada,208.0,0,183.45,228.64,0.9641,0.1446,29.4,night
2024-01-12 04:00:00,Hingna,264.68,0,261.53,224.55,0.9576,0.0466,26.6,night
2024-01-12 05:00:00,Dharampeth,229.67,0,236.05,236.16,0.9413,0.0888,27.3,night
2024-01-12 05:00:00,Sitabuldi,183.8,0,199.08,235.43,0.9514,0.0926,34.3,night
2024-01-12 05:00:00,Gandhibagh,203.59,0,188.27,229.07,0.883,0.1714,26.8,night
2024-01-12 05:00:00,Lakadganj,208.26,0,221.67,232.06,0.9362,0.1567,29.7,night
2024-01-12 05:00:00,Sadar,182.15,0,180.79,230.64,0.9511,0.1112,30.1,night
2024-01-12 05:00:00,Itwari,242.67,0,244.06,232.73,0.9258,0.3353,27.0,night
2024-01-12 05:00:00,Manewada,223.22,0,231.15,236.01,0.9739,0.1561,31.3,night
2024-01-12 05:00:00,Hingna,170.64,0,162.38,236.66,0.9136,0.1255,32.1,night
2024-01-12 06:00:00,Dharampeth,185.25,0,196.36,231.5,0.9271,0.0915,28.8,daytime
2024-01-12 06:00:00,Sitabuldi,325.75,14.49,300.03,226.95,0.9161,0.1005,27.3,daytime
2024-01-12 06:00:00,Gandhibagh,354.46,10.05,346.72,236.19,0.9106,0.0398,29.5,daytime
2024-01-12 06:00:00,Lakadganj,299.86,0,309.8,230.69,0.9326,0.0721,28.9,daytime
2024-01-12 06:00:00,Sadar,299.15,3.96,294.67,229.85,0.9525,0.0846,31.7,daytime
2024-01-12 06:00:00,Itwari,280.16,12.33,263.02,238.86,0.8877,0.0203,31.9,daytime
2024-01-12 06:00:00,Manewada,287.9,5.07,283.7,224.61,0.915,0.0908,27.9,daytime
2024-01-12 06:00:00,Hingna,291.23,0,291.64,229.75,0.8808,0.1088,26.7,daytime
2024-01-12 07:00:00,Dharampeth,279.66,55.76,216.47,236.72,0.9144,0.0379,29.6,daytime
2024-01-12 07:00:00,Sitabuldi,230.01,9.05,225.83,220.51,0.8857,0.0061,28.9,daytime
2024-01-12 07:00:00,Gandhibagh,275.21,50.75,218.12,240.35,0.9226,0.1127,28.3,daytime
2024-01-12 07:00:00,Lakadganj,272.49,48.12,221.72,231.95,0.916,0.1701,30.4,daytime
2024-01-12 07:00:00,Sadar,299.16,70.58,243.25,228.13,0.9311,0.0379,28.9,daytime
2024-01-12 07:00:00,Itwari,283.5,32.8,237.32,228.62,0.9467,0.1486,30.9,daytime
2024-01-12 07:00:00,Manewada,298.38,64.34,232.61,235.98,0.9387,0.053,31.3,daytime
2024-01-12 07:00:00,Hingna,237.75,58.85,171.4,229.21,0.9002,0.0993,28.0,daytime
2024-01-12 08:00:00,Dharampeth,233.92,81.01,162.01,232.65,0.9933,0.0256,30.1,daytime
2024-01-12 08:00:00,Sitabuldi,287.78,97.16,186.57,229.8,0.9461,0.3602,28.6,daytime
2024-01-12 08:00:00,Gandhibagh,216.06,84.49,136.98,229.3,0.9241,0.0502,26.2,daytime
2024-01-12 08:00:00,Lakadganj,366.27,71.52,295.4,231.25,0.9691,0.0639,25.3,daytime
2024-01-12 08:00:00,Sadar,274.49,61.23,210.31,239.19,0.9312,0.128,28.4,daytime
2024-01-12 08:00:00,Itwari,233.46,96.15,141.85,228.77,0.896,0.0014,28.7,daytime
2024-01-12 08:00:00,Manewada,298.86,88.19,205.53,229.47,0.9234,0.0479,29.4,daytime
2024-01-12 08:00:00,Hingna,320.45,94.32,230.47,228.57,0.9536,0.0853,30.0,daytime
2024-01-12 09:00:00,Dharampeth,349.69,142.07,204.9,222.24,0.9398,0.1485,29.3,peak
2024-01-12 09:00:00,Sitabuldi,378.59,131.99,242.54,230.45,0.9528,0.4662,29.3,peak
2024-01-12 09:00:00,Gandhibagh,423.44,147.31,278.55,221.8,0.8549,0.0124,27.4,peak
2024-01-12 09:00:00,Lakadganj,402.29,145.11,258.2,223.36,0.9419,0.0157,30.4,peak
2024-01-12 09:00:00,Sadar,385.25,116.8,255.05,227.94,0.9303,0.1187,28.9,peak
2024-01-12 09:00:00,Itwari,394.94,108.28,303.04,218.93,0.8861,0.1132,28.5,peak
2024-01-12 09:00:00,Manewada,368.42,115.8,243.45,220.71,0.9701,0.0572,29.6,peak
2024-01-12 09:00:00,Hingna,361.13,117.48,230.53,233.72,0.8105,0.0188,27.5,peak
2024-01-12 10:00:00,Dharampeth,352.74,140.84,211.83,232.33,0.9309,0.0324,30.2,peak
2024-01-12 10:00:00,Sitabuldi,386.06,171.67,208.2,231.74,0.9098,0.1161,28.7,peak
2024-01-12 10:00:00,Gandhibagh,315.42,158.41,176.36,229.87,0.9511,0.083,31.8,peak
2024-01-12 10:00:00,Lakadganj,353.16,131.53,247.06,231.87,0.944,0.0662,29.2,peak
2024-01-12 10:00:00,Sadar,393.78,155.03,234.95,228.33,0.9188,0.0416,28.8,peak
2024-01-12 10:00:00,Itwari,388.61,170.24,228.35,231.97,0.8255,0.0448,30.7,peak
2024-01-12 10:00:00,Manewada,348.41,165.53,181.8,233.1,0.9673,0.1003,29.5,peak
2024-01-12 10:00:00,Hingna,396.11,147.73,229.91,224.47,0.9253,0.1143,32.5,peak
2024-01-12 11:00:00,Dharampeth,371.37,173.46,184.0,226.36,0.9223,0.0642,31.3,peak
2024-01-12 11:00:00,Sitabuldi,330.9,186.62,137.62,227.37,0.9235,0.1589,33.0,peak
2024-01-12 11:00:00,Gandhibagh,381.82,180.62,209.32,230.36,0.9495,0.3543,32.8,peak
2024-01-12 11:00:00,Lakadganj,412.73,185.27,232.97,223.97,0.8755,0.045,30.6,peak
2024-01-12 11:00:00,Sadar,391.2,167.54,233.09,227.55,0.975,0.1561,28.3,peak
2024-01-12 11:00:00,Itwari,363.95,186.0,175.07,225.31,0.952,0.0451,29.9,peak
2024-01-12 11:00:00,Manewada,347.39,180.0,176.32,229.91,0.9032,0.0597,26.2,peak
2024-01-12 11:00:00,Hingna,353.7,160.84,191.29,233.99,0.8907,0.1054,29.7,peak
2024-01-12 12:00:00,Dharampeth,350.46,170.33,178.0,218.67,0.9369,0.0107,28.2,peak
2024-01-12 12:00:00,Sitabuldi,408.54,154.67,257.64,225.65,0.944,0.0183,28.4,peak
2024-01-12 12:00:00,Gandhibagh,377.12,176.5,199.12,232.31,0.9246,0.0711,32.2,peak
2024-01-12 12:00:00,Lakadganj,338.23,143.89,223.27,228.07,0.9111,0.0811,29.3,peak
2024-01-12 12:00:00,Sadar,365.84,179.85,179.43,231.49,0.9096,0.1179,29.0,peak
2024-01-12 12:00:00,Itwari,400.72,160.23,244.85,231.33,0.9132,0.0563,31.9,peak
2024-01-12 12:00:00,Manewada,325.37,176.77,158.54,226.49,0.9252,0.0003,25.5,peak
2024-01-12 12:00:00,Hingna,408.03,178.05,221.26,229.52,0.933,0.0085,32.6,peak
2024-01-12 13:00:00,Dharampeth,228.07,188.85,34.31,228.56,0.8649,0.0615,28.4,daytime
2024-01-12 13:00:00,Sitabuldi,305.64,186.65,127.43,225.36,0.8517,0.0479,29.4,daytime
2024-01-12 13:00:00,Gandhibagh,236.46,181.58,39.15,230.15,0.9332,0.0605,30.4,daytime
2024-01-12 13:00:00,Lakadganj,336.89,200.0,152.58,235.0,0.9512,0.048,27.4,daytime
2024-01-12 13:00:00,Sadar,237.28,159.61,57.15,225.26,0.9379,0.1401,26.0,daytime
2024-01-12 13:00:00,Itwari,269.74,162.15,125.88,228.97,0.9284,0.156,28.0,daytime
2024-01-12 13:00:00,Manewada,239.78,193.39,64.44,228.49,0.9147,0.1138,29.4,daytime
2024-01-12 13:00:00,Hingna,263.18,149.48,112.49,227.63,0.9235,0.0962,32.3,daytime
2024-01-12 14:00:00,Dharampeth,230.95,160.71,59.45,235.33,0.8953,0.0175,29.6,daytime
2024-01-12 14:00:00,Sitabuldi,233.18,156.71,89.26,223.2,0.8617,0.1725,31.8,daytime
2024-01-12 14:00:00,Gandhibagh,310.11,139.81,181.38,232.66,0.9249,0.0482,33.1,daytime
2024-01-12 14:00:00,Lakadganj,275.98,132.48,144.5,226.84,0.9266,0.1774,26.4,daytime
2024-01-12 14:00:00,Sadar,311.2,159.83,147.48,236.75,0.8849,0.1707,27.9,daytime
2024-01-12 14:00:00,Itwari,240.52,152.32,86.98,224.86,0.9524,0.1051,29.7,daytime
2024-01-12 14:00:00,Manewada,302.75,145.61,168.04,220.84,0.882,0.0653,30.0,daytime
2024-01-12 14:00:00,Hingna,273.6,149.38,134.46,225.17,0.9611,0.0937,30.0,daytime
2024-01-12 15:00:00,Dharampeth,230.96,119.74,109.32,221.67,0.8726,0.0068,34.3,daytime
2024-01-12 15:00:00,Sitabuldi,256.19,152.65,115.24,231.75,1.0,0.1162,30.8,daytime
2024-01-12 15:00:00,Gandhibagh,259.5,112.49,147.69,230.87,0.9471,0.0959,30.8,daytime
2024-01-12 15:00:00,Lakadganj,217.36,110.9,110.49,228.09,0.9292,0.1402,32.1,daytime
2024-01-12 15:00:00,Sadar,237.01,114.9,117.32,225.65,0.8795,0.088,29.6,daytime
2024-01-12 15:00:00,Itwari,268.3,154.58,104.82,236.55,0.928,0.0015,27.7,daytime
2024-01-12 15:00:00,Manewada,334.2,126.24,207.92,238.65,0.8827,0.1238,30.9,daytime
2024-01-12 15:00:00,Hingna,295.74,161.21,138.02,228.02,0.9116,0.0142,30.5,daytime
2024-01-12 16:00:00,Dharampeth,295.44,70.02,236.79,227.82,0.9348,0.1008,27.8,daytime
2024-01-12 16:00:00,Sitabuldi,297.78,99.03,203.75,222.28,0.9446,0.0152,27.3,daytime
2024-01-12 16:00:00,Gandhibagh,309.76,118.74,182.65,230.43,0.9222,0.0611,25.4,daytime
2024-01-12 16:00:00,Lakadganj,269.96,78.48,206.12,230.2,0.9376,0.1675,30.1,daytime
2024-01-12 16:00:00,Sadar,281.14,114.91,173.06,226.05,0.9029,0.0557,29.0,daytime
2024-01-12 16:00:00,Itwari,218.72,94.52,115.35,227.58,0.9272,0.1512,33.4,daytime
2024-01-12 16:00:00,Manewada,325.16,95.79,226.16,230.19,0.9242,0.1583,32.6,daytime
2024-01-12 16:00:00,Hingna,257.42,74.97,176.66,229.43,0.9034,0.0056,29.9,daytime
2024-01-12 17:00:00,Dharampeth,252.51,53.41,214.42,222.38,0.931,0.0218,26.6,daytime
2024-01-12 17:00:00,Sitabuldi,260.59,46.1,238.18,224.87,0.9323,0.0126,30.0,daytime
2024-01-12 17:00:00,Gandhibagh,326.21,66.57,261.49,223.8,0.9231,0.108,30.4,daytime
2024-01-12 17:00:00,Lakadganj,210.94,22.74,199.04,227.27,0.9077,0.0055,29.2,daytime
2024-01-12 17:00:00,Sadar,290.41,61.41,239.9,231.01,0.8916,0.1738,27.5,daytime
2024-01-12 17:00:00,Itwari,300.19,50.02,243.11,233.0,0.9264,0.4358,30.2,daytime
2024-01-12 17:00:00,Manewada,251.41,45.84,202.99,228.42,0.9187,0.0268,28.4,daytime
2024-01-12 17:00:00,Hingna,288.38,63.93,225.03,226.74,0.9048,0.0921,28.9,daytime
2024-01-12 18:00:00,Dharampeth,325.95,0,311.48,227.4,0.9561,0.0434,29.8,peak
2024-01-12 18:00:00,Sitabuldi,407.93,0,384.49,231.57,0.9108,0.0729,27.6,peak
2024-01-12 18:00:00,Gandhibagh,382.86,0,379.69,229.51,0.9178,0.1073,28.2,peak
2024-01-12 18:00:00,Lakadganj,374.58,0,393.55,227.86,0.8831,0.0115,30.4,peak
2024-01-12 18:00:00,Sadar,379.53,0,374.6,226.83,0.9621,0.1734,28.1,peak
2024-01-12 18:00:00,Itwari,304.37,0,307.47,228.62,0.8878,0.138,29.4,peak
2024-01-12 18:00:00,Manewada,348.45,30.02,322.42,231.07,0.954,0.0565,31.0,peak
2024-01-12 18:00:00,Hingna,313.81,0,294.91,227.87,0.9326,0.0707,31.8,peak
2024-01-12 19:00:00,Dharampeth,272.4,0,251.84,224.86,0.9088,0.0967,30.3,peak
2024-01-12 19:00:00,Sitabuldi,291.05,0,294.23,224.4,0.9582,0.03,27.9,peak
2024-01-12 19:00:00,Gandhibagh,342.06,0,341.96,234.34,0.9537,0.0249,30.0,peak
2024-01-12 19:00:00,Lakadganj,295.14,0,299.78,233.21,0.9317,0.1278,30.8,peak
2024-01-12 19:00:00,Sadar,364.53,0,362.26,237.04,0.9623,0.1794,28.1,peak
2024-01-12 19:00:00,Itwari,337.67,0,334.73,229.86,0.9061,0.0896,27.1,peak
2024-01-12 19:00:00,Manewada,336.71,0,341.82,235.7,0.9227,0.1495,32.1,peak
2024-01-12 19:00:00,Hingna,277.72,0,259.6,232.7,0.8657,0.0476,25.1,peak
2024-01-12 20:00:00,Dharampeth,313.09,0,324.25,227.2,0.8306,0.0839,30.7,peak
2024-01-12 20:00:00,Sitabuldi,305.54,0,311.53,232.76,0.9069,0.1697,32.5,peak
2024-01-12 20:00:00,Gandhibagh,274.25,0,262.4,233.16,0.9648,0.1348,26.8,peak
2024-01-12 20:00:00,Lakadganj,277.49,0,278.78,228.7,0.88,0.0207,30.1,peak
2024-01-12 20:00:00,Sadar,345.05,0,332.26,231.53,0.9558,0.0931,33.2,peak
2024-01-12 20:00:00,Itwari,266.64,0,280.41,231.56,0.9638,0.1396,27.8,peak
2024-01-12 20:00:00,Manewada,315.65,0,330.59,219.9,0.8635,0.1594,27.1,peak
2024-01-12 20:00:00,Hingna,320.9,0,312.45,232.72,0.949,0.1349,28.6,peak
2024-01-12 21:00:00,Dharampeth,302.74,0,304.59,235.19,0.906,0.0169,30.4,peak
2024-01-12 21:00:00,Sitabuldi,340.5,0,333.44,225.12,0.9753,0.0168,29.5,peak
2024-01-12 21:00:00,Gandhibagh,305.16,0,295.47,228.8,0.9488,0.1775,29.0,peak
2024-01-12 21:00:00,Lakadganj,324.15,0,330.09,240.02,0.9016,0.0248,30.6,peak
2024-01-12 21:00:00,Sadar,343.33,0,352.14,233.94,0.9285,0.1377,29.7,peak
2024-01-12 21:00:00,Itwari,270.0,0,282.25,225.35,0.9557,0.0668,30.7,peak
2024-01-12 21:00:00,Manewada,301.24,0,290.53,237.35,0.938,0.1123,32.5,peak
2024-01-12 21:00:00,Hingna,288.16,0,276.47,226.54,0.8926,0.0965,29.0,peak
2024-01-12 22:00:00,Dharampeth,294.15,0,298.15,223.87,0.9284,0.0581,29.9,peak
2024-01-12 22:00:00,Sitabuldi,331.22,0,318.62,228.63,0.9076,0.0505,29.0,peak
2024-01-12 22:00:00,Gandhibagh,329.39,0,338.22,232.72,0.9795,0.0305,28.4,peak
2024-01-12 22:00:00,Lakadganj,388.05,0,402.07,233.69,0.9648,0.129,28.6,peak
2024-01-12 22:00:00,Sadar,315.0,0,298.52,229.4,0.938,0.0443,30.8,peak
2024-01-12 22:00:00,Itwari,345.95,0,342.38,234.85,0.9502,0.1085,29.4,peak
2024-01-12 22:00:00,Manewada,327.17,0,335.67,226.14,0.8995,0.0643,28.4,peak
2024-01-12 22:00:00,Hingna,227.9,0,229.43,235.03,0.9451,0.1121,29.8,peak
2024-01-12 23:00:00,Dharampeth,249.69,0,242.43,220.38,0.9278,0.1127,31.3,night
2024-01-12 23:00:00,Sitabuldi,206.24,0,217.15,230.14,0.9433,0.0005,28.5,night
2024-01-12 23:00:00,Gandhibagh,252.29,0,261.2,225.12,0.9177,0.0056,29.4,night
2024-01-12 23:00:00,Lakadganj,268.67,0,266.45,224.42,0.8392,0.1625,32.6,night
2024-01-12 23:00:00,Sadar,190.11,0,196.23,239.17,0.9653,0.0245,27.4,night
2024-01-12 23:00:00,Itwari,285.78,0,302.47,235.76,0.9869,0.1755,30.4,night
2024-01-12 23:00:00,Manewada,269.51,0,273.53,232.56,0.9918,0.0777,30.3,night
2024-01-12 23:00:00,Hingna,250.9,0,256.63,228.47,0.8891,0.0867,32.1,night
2024-01-13 00:00:00,Dharampeth,236.73,0,239.7,229.91,0.9106,0.1121,30.8,night
2024-01-13 00:00:00,Sitabuldi,213.48,0,215.29,228.21,0.8636,0.0821,32.3,night
2024-01-13 00:00:00,Gandhibagh,305.17,0,297.81,226.26,0.9146,0.0239,24.9,night
2024-01-13 00:00:00,Lakadganj,211.74,0,198.58,223.12,0.9077,0.0474,28.2,night
2024-01-13 00:00:00,Sadar,194.86,0,207.79,230.41,0.9067,0.0673,26.7,night
2024-01-13 00:00:00,Itwari,279.38,0,279.32,228.88,0.851,0.0548,28.8,night
2024-01-13 00:00:00,Manewada,240.73,0,248.11,225.85,0.9394,0.0203,34.0,night
2024-01-13 00:00:00,Hingna,168.8,0,166.14,236.75,0.8829,0.0638,31.2,night
2024-01-13 01:00:00,Dharampeth,241.49,0,259.91,223.25,0.9408,0.1233,32.9,night
2024-01-13 01:00:00,Sitabuldi,243.35,0,236.17,235.6,0.9288,0.1325,29.6,night
2024-01-13 01:00:00,Gandhibagh,224.46,0,233.9,230.21,0.9047,0.1133,30.9,night
2024-01-13 01:00:00,Lakadganj,223.36,0,230.45,229.51,0.9116,0.1639,31.5,night
2024-01-13 01:00:00,Sadar,225.8,0,231.98,231.32,0.902,0.0066,26.9,night
2024-01-13 01:00:00,Itwari,170.48,0,161.32,231.03,0.8949,0.1266,29.5,night
2024-01-13 01:00:00,Manewada,245.83,0,229.67,234.18,0.9749,0.1693,33.2,night
2024-01-13 01:00:00,Hingna,243.67,0,244.16,228.14,0.9168,0.0169,31.9,night
2024-01-13 02:00:00,Dharampeth,253.22,0,256.33,222.49,0.9099,0.1424,26.9,night
2024-01-13 02:00:00,Sitabuldi,205.69,0,219.06,232.71,0.8851,0.0661,27.2,night
2024-01-13 02:00:00,Gandhibagh,183.28,0,169.86,224.13,0.9513,0.1758,29.6,night
2024-01-13 02:00:00,Lakadganj,172.9,0,154.88,224.78,0.9022,0.0325,29.6,night
2024-01-13 02:00:00,Sadar,242.12,0,233.4,225.62,0.9662,0.1127,27.4,night
2024-01-13 02:00:00,Itwari,250.74,0,274.07,233.34,0.9301,0.1057,28.3,night
2024-01-13 02:00:00,Manewada,204.77,0,224.97,231.07,0.9103,0.1293,28.5,night
2024-01-13 02:00:00,Hingna,323.76,0,329.0,224.78,0.8813,0.0257,32.0,night
2024-01-13 03:00:00,Dharampeth,235.59,0,230.13,229.85,0.933,0.0491,26.4,night
2024-01-13 03:00:00,Sitabuldi,277.69,0,289.77,233.93,0.9624,0.0399,31.7,night
2024-01-13 03:00:00,Gandhibagh,202.78,0,196.86,238.34,0.9333,0.1127,31.4,night
2024-01-13 03:00:00,Lakadganj,228.0,0,226.41,233.28,0.9477,0.0339,32.4,night
2024-01-13 03:00:00,Sadar,219.14,0,208.99,226.17,0.9789,0.1088,33.2,night
2024-01-13 03:00:00,Itwari,268.75,0,262.44,237.88,0.9108,0.0487,32.3,night
2024-01-13 03:00:00,Manewada,220.39,0,224.08,228.05,0.9229,0.0778,29.4,night
2024-01-13 03:00:00,Hingna,115.71,0,111.84,222.05,0.8815,0.0488,30.2,night
2024-01-13 04:00:00,Dharampeth,201.17,0,206.11,226.74,0.9417,0.0752,27.7,night
2024-01-13 04:00:00,Sitabuldi,216.31,0,210.13,236.78,0.9289,0.3541,27.9,night
2024-01-13 04:00:00,Gandhibagh,234.07,0,230.68,230.19,0.9283,0.1337,28.3,night
2024-01-13 04:00:00,Lakadganj,225.09,0,221.12,228.57,0.9341,0.0397,27.1,night
2024-01-13 04:00:00,Sadar,242.06,0,227.77,233.67,0.9142,0.0122,28.5,night
2024-01-13 04:00:00,Itwari,269.56,0,272.86,234.44,0.9094,0.0029,28.6,night
2024-01-13 04:00:00,Manewada,254.09,0,265.31,227.76,0.9423,0.1501,31.5,night
2024-01-13 04:00:00,Hingna,229.88,0,235.01,231.7,0.886,0.0009,30.2,night
2024-01-13 05:00:00,Dharampeth,239.86,0,236.0,217.47,0.9301,0.0202,27.9,night
2024-01-13 05:00:00,Sitabuldi,222.42,0,227.47,226.07,0.9422,0.0356,33.6,night
2024-01-13 05:00:00,Gandhibagh,204.19,0,200.6,225.95,0.9537,0.0637,31.7,night
2024-01-13 05:00:00,Lakadganj,275.66,0,250.88,234.86,0.9008,0.0302,30.6,night
2024-01-13 05:00:00,Sadar,194.47,0,179.07,229.79,0.8871,0.1271,27.5,night
2024-01-13 05:00:00,Itwari,264.5,0,253.37,232.54,0.8629,0.0566,30.7,night
2024-01-13 05:00:00,Manewada,260.05,0,243.72,222.05,0.9803,0.0125,30.9,night
2024-01-13 05:00:00,Hingna,225.69,0,223.78,224.7,0.9305,0.061,32.0,night
2024-01-13 06:00:00,Dharampeth,291.46,11.85,283.96,231.58,0.8929,0.094,33.2,daytime
2024-01-13 06:00:00,Sitabuldi,292.56,28.01,269.57,232.91,0.9002,0.1329,28.0,daytime
2024-01-13 06:00:00,Gandhibagh,313.08,17.69,299.62,228.6,0.9935,0.0283,29.6,daytime
2024-01-13 06:00:00,Lakadganj,252.58,18.96,250.08,226.38,0.9031,0.0513,29.1,daytime
2024-01-13 06:00:00,Sadar,173.3,0,172.38,233.83,0.9454,0.1496,29.9,daytime
2024-01-13 06:00:00,Itwari,313.95,0,310.66,229.59,0.892,0.0082,30.3,daytime
2024-01-13 06:00:00,Manewada,258.4,1.87,253.78,232.54,0.868,0.0414,32.7,daytime
2024-01-13 06:00:00,Hingna,331.86,0,325.96,229.65,0.9379,0.0253,27.9,daytime
2024-01-13 07:00:00,Dharampeth,300.26,51.93,242.23,224.78,0.9551,0.0274,33.3,daytime
2024-01-13 07:00:00,Sitabuldi,319.6,51.95,260.92,216.05,0.9207,0.0516,27.1,daytime
2024-01-13 07:00:00,Gandhibagh,291.69,46.41,234.26,229.5,0.8794,0.0402,27.7,daytime
2024-01-13 07:00:00,Lakadganj,291.99,28.23,259.15,236.71,0.9293,0.0302,30.7,daytime
2024-01-13 07:00:00,Sadar,276.39,67.38,228.44,230.56,0.9671,0.1196,29.9,daytime
2024-01-13 07:00:00,Itwari,293.33,26.61,282.63,229.5,0.9005,0.0406,30.8,daytime
2024-01-13 07:00:00,Manewada,247.75,66.28,184.61,223.01,0.9266,0.1001,31.1,daytime
2024-01-13 07:00:00,Hingna,242.64,42.94,218.24,239.69,0.9403,0.0678,34.5,daytime
2024-01-13 08:00:00,Dharampeth,286.84,74.55,205.06,235.34,0.9141,0.115,29.7,daytime
2024-01-13 08:00:00,Sitabuldi,304.61,90.95,222.55,233.29,0.89,0.0577,29.4,daytime
2024-01-13 08:00:00,Gandhibagh,245.93,116.38,106.23,235.11,0.9522,0.0238,33.3,daytime
2024-01-13 08:00:00,Lakadganj,314.08,112.27,213.52,228.22,0.8775,0.0348,34.1,daytime
2024-01-13 08:00:00,Sadar,282.0,96.26,196.21,234.28,0.9057,0.1727,31.3,daytime
2024-01-13 08:00:00,Itwari,371.68,58.99,320.85,238.8,0.9735,0.0371,26.7,daytime
2024-01-13 08:00:00,Manewada,198.63,85.78,100.92,229.29,0.8644,0.0846,29.6,daytime
2024-01-13 08:00:00,Hingna,287.76,91.66,193.46,229.26,0.8567,0.1361,29.1,daytime
2024-01-13 09:00:00,Dharampeth,439.58,129.56,287.84,218.59,0.8974,0.1087,27.2,peak
2024-01-13 09:00:00,Sitabuldi,295.05,140.41,142.51,227.87,0.8983,0.0125,31.4,peak
2024-01-13 09:00:00,Gandhibagh,340.74,124.95,220.11,230.37,0.938,0.0778,25.6,peak
2024-01-13 09:00:00,Lakadganj,383.68,92.09,303.68,231.58,0.9398,0.1072,28.9,peak
2024-01-13 09:00:00,Sadar,366.24,111.09,249.45,223.45,0.8833,0.0624,29.1,peak
2024-01-13 09:00:00,Itwari,311.96,124.61,190.61,234.12,0.9122,0.0938,27.5,peak
2024-01-13 09:00:00,Manewada,321.78,122.99,199.67,233.17,0.8593,0.0967,32.0,peak
2024-01-13 09:00:00,Hingna,290.92,133.34,163.87,229.19,0.9215,0.0388,30.3,peak
2024-01-13 10:00:00,Dharampeth,407.89,153.3,258.89,228.93,0.8918,0.1547,26.3,peak
2024-01-13 10:00:00,Sitabuldi,304.57,155.63,150.84,232.25,0.9343,0.0771,28.8,peak
2024-01-13 10:00:00,Gandhibagh,321.6,155.83,170.2,234.33,0.8937,0.1011,28.6,peak
2024-01-13 10:00:00,Lakadganj,394.55,176.92,207.6,229.58,0.9028,0.1046,28.3,peak
2024-01-13 10:00:00,Sadar,373.67,156.6,215.95,219.34,0.9256,0.3897,27.0,peak
2024-01-13 10:00:00,Itwari,403.5,150.86,263.87,225.7,0.9076,0.0305,32.1,peak
2024-01-13 10:00:00,Manewada,297.86,165.31,135.05,225.61,0.8785,0.1348,32.9,peak
2024-01-13 10:00:00,Hingna,382.45,158.79,225.46,227.2,0.9355,0.1094,28.3,peak
2024-01-13 11:00:00,Dharampeth,328.67,147.97,195.65,232.03,0.9303,0.1761,30.2,peak
2024-01-13 11:00:00,Sitabuldi,360.0,167.3,182.94,234.3,0.8831,0.042,27.3,peak
2024-01-13 11:00:00,Gandhibagh,307.65,156.9,152.65,231.13,0.9393,0.1177,32.5,peak
2024-01-13 11:00:00,Lakadganj,383.72,208.56,182.54,235.05,0.8784,0.1191,29.6,peak
2024-01-13 11:00:00,Sadar,374.99,184.48,206.6,238.14,0.9466,0.0513,28.3,peak
2024-01-13 11:00:00,Itwari,325.78,169.19,147.73,222.29,0.9254,0.1068,29.3,peak
2024-01-13 11:00:00,Manewada,354.53,163.72,197.43,239.18,0.9158,0.086,26.4,peak
2024-01-13 11:00:00,Hingna,361.05,190.72,159.99,230.66,0.9086,0.0278,31.2,peak
2024-01-13 12:00:00,Dharampeth,319.19,169.81,143.52,232.78,0.9206,0.143,28.8,peak
2024-01-13 12:00:00,Sitabuldi,410.82,211.49,198.03,230.19,0.9226,0.063,30.4,peak
2024-01-13 12:00:00,Gandhibagh,402.23,173.65,233.87,238.18,0.941,0.1451,27.4,peak
2024-01-13 12:00:00,Lakadganj,356.29,184.2,177.58,225.35,0.9361,0.1681,29.1,peak
2024-01-13 12:00:00,Sadar,353.45,173.26,175.31,231.37,0.8921,0.1791,31.5,peak
2024-01-13 12:00:00,Itwari,390.44,179.37,221.04,232.45,0.933,0.1707,27.0,peak
2024-01-13 12:00:00,Manewada,371.78,185.55,184.89,227.95,0.9011,0.0801,27.6,peak
2024-01-13 12:00:00,Hingna,391.95,186.15,214.16,226.13,0.8898,0.1505,31.7,peak
2024-01-13 13:00:00,Dharampeth,305.49,163.97,132.54,222.53,0.9133,0.1543,26.3,daytime
2024-01-13 13:00:00,Sitabuldi,238.1,157.84,74.88,233.65,0.915,0.0992,29.3,daytime
2024-01-13 13:00:00,Gandhibagh,302.17,186.77,113.11,234.35,0.939,0.1009,31.2,daytime
2024-01-13 13:00:00,Lakadganj,300.11,171.48,136.6,228.44,0.9399,0.0491,25.1,daytime
2024-01-13 13:00:00,Sadar,322.71,150.24,176.56,224.6,0.8912,0.039,30.7,daytime
2024-01-13 13:00:00,Itwari,211.54,159.52,67.35,240.79,0.8826,0.0758,32.6,daytime
2024-01-13 13:00:00,Manewada,265.93,179.39,65.68,221.74,0.9006,0.4638,30.7,daytime
2024-01-13 13:00:00,Hingna,265.3,212.43,54.78,235.06,0.9228,0.0859,30.2,daytime
2024-01-13 14:00:00,Dharampeth,341.45,153.39,186.49,230.08,0.8607,0.1676,24.5,daytime
2024-01-13 14:00:00,Sitabuldi,316.89,154.21,156.24,229.0,0.9222,0.0487,28.2,daytime
2024-01-13 14:00:00,Gandhibagh,247.73,148.08,83.24,230.75,0.8661,0.1503,26.7,daytime
2024-01-13 14:00:00,Lakadganj,367.82,125.47,241.56,231.16,0.9221,0.1779,31.2,daytime
2024-01-13 14:00:00,Sadar,255.41,130.98,126.18,224.85,0.9083,0.0882,26.5,daytime
2024-01-13 14:00:00,Itwari,238.92,148.93,83.94,228.47,0.9358,0.0752,26.3,daytime
2024-01-13 14:00:00,Manewada,259.14,158.35,99.28,229.21,0.9285,0.0425,27.9,daytime
2024-01-13 14:00:00,Hingna,290.74,157.23,150.52,227.31,0.9371,0.1368,33.6,daytime
2024-01-13 15:00:00,Dharampeth,331.5,152.45,184.0,226.49,0.927,0.5339,28.4,daytime
2024-01-13 15:00:00,Sitabuldi,301.34,118.39,185.97,232.42,0.9167,0.1056,29.7,daytime
2024-01-13 15:00:00,Gandhibagh,328.22,119.78,222.73,230.89,0.9354,0.0105,30.4,daytime
2024-01-13 15:00:00,Lakadganj,243.56,138.86,110.21,235.23,0.8891,0.0606,30.1,daytime
2024-01-13 15:00:00,Sadar,231.6,146.14,85.78,230.21,0.9426,0.0805,31.4,daytime
2024-01-13 15:00:00,Itwari,247.3,142.02,97.73,217.65,0.944,0.0007,27.8,daytime
2024-01-13 15:00:00,Manewada,347.35,135.11,210.16,235.43,0.9172,0.0079,26.5,daytime
2024-01-13 15:00:00,Hingna,308.86,134.82,169.65,240.68,0.8567,0.1575,28.0,daytime
2024-01-13 16:00:00,Dharampeth,300.32,94.02,205.91,221.62,0.9097,0.0589,29.5,daytime
2024-01-13 16:00:00,Sitabuldi,280.1,57.41,217.72,226.84,0.8849,0.1794,28.6,daytime
2024-01-13 16:00:00,Gandhibagh,257.76,103.13,156.4,232.22,0.9326,0.0249,30.8,daytime
2024-01-13 16:00:00,Lakadganj,232.08,94.53,127.33,229.34,0.8777,0.0313,31.3,daytime
2024-01-13 16:00:00,Sadar,347.01,85.46,257.99,223.84,0.876,0.1408,30.3,daytime
2024-01-13 16:00:00,Itwari,198.7,79.36,124.53,225.09,0.8803,0.1632,28.7,daytime
2024-01-13 16:00:00,Manewada,234.97,119.17,102.27,225.5,0.8782,0.0414,29.8,daytime
2024-01-13 16:00:00,Hingna,250.02,77.98,169.13,223.48,0.9348,0.0339,30.4,daytime
2024-01-13 17:00:00,Dharampeth,302.33,54.38,261.96,232.09,0.9444,0.1544,27.4,daytime
2024-01-13 17:00:00,Sitabuldi,299.21,25.79,269.11,226.93,0.8851,0.0035,26.0,daytime
2024-01-13 17:00:00,Gandhibagh,311.38,58.67,254.21,235.2,0.9282,0.1573,31.1,daytime
2024-01-13 17:00:00,Lakadganj,277.7,69.45,221.86,236.57,0.9212,0.0142,30.3,daytime
2024-01-13 17:00:00,Sadar,331.86,47.94,288.48,226.25,0.8925,0.1409,31.4,daytime
2024-01-13 17:00:00,Itwari,257.72,52.11,201.55,229.44,0.9145,0.1524,28.9,daytime
2024-01-13 17:00:00,Manewada,354.49,29.3,333.81,225.37,0.9016,0.0485,31.5,daytime
2024-01-13 17:00:00,Hingna,285.05,72.95,214.89,230.85,0.9038,0.0083,26.6,daytime
2024-01-13 18:00:00,Dharampeth,383.8,0,387.61,229.19,0.9066,0.1113,25.9,peak
2024-01-13 18:00:00,Sitabuldi,343.66,25.57,312.8,233.06,0.9242,0.0154,27.7,peak
2024-01-13 18:00:00,Gandhibagh,385.6,0,394.12,229.36,0.9226,0.1518,32.2,peak
2024-01-13 18:00:00,Lakadganj,354.08,0,349.19,228.49,0.9177,0.1742,31.4,peak
2024-01-13 18:00:00,Sadar,342.82,0,365.61,224.83,0.9653,0.1615,30.7,peak
2024-01-13 18:00:00,Itwari,343.71,30.16,325.42,230.48,0.903,0.1491,27.8,peak
2024-01-13 18:00:00,Manewada,339.73,0,331.44,229.63,0.9253,0.1573,25.5,peak
2024-01-13 18:00:00,Hingna,405.77,0,400.4,226.6,0.8893,0.1717,28.5,peak
2024-01-13 19:00:00,Dharampeth,307.97,0,328.85,235.95,0.9273,0.1574,27.7,peak
2024-01-13 19:00:00,Sitabuldi,308.5,0,308.56,229.52,0.8958,0.1495,29.8,peak
2024-01-13 19:00:00,Gandhibagh,308.0,0,306.31,231.32,0.9186,0.0194,30.0,peak
2024-01-13 19:00:00,Lakadganj,251.7,0,245.29,222.41,0.9421,0.0084,29.9,peak
2024-01-13 19:00:00,Sadar,286.81,0,300.18,228.04,0.98,0.1181,31.7,peak
2024-01-13 19:00:00,Itwari,273.35,0,260.64,226.4,0.9627,0.6725,27.9,peak
2024-01-13 19:00:00,Manewada,276.39,0,265.53,230.5,0.9122,0.0254,28.8,peak
2024-01-13 19:00:00,Hingna,358.26,0,366.36,228.11,0.9363,0.1144,33.0,peak
2024-01-13 20:00:00,Dharampeth,272.5,0,265.24,234.09,0.9055,0.1209,30.2,peak
2024-01-13 20:00:00,Sitabuldi,335.94,0,321.66,238.19,0.8716,0.023,27.4,peak
2024-01-13 20:00:00,Gandhibagh,266.21,0,282.07,229.18,0.9056,0.0991,27.6,peak
2024-01-13 20:00:00,Lakadganj,354.04,0,351.33,225.82,0.9157,0.111,26.8,peak
2024-01-13 20:00:00,Sadar,328.04,0,337.32,234.01,0.9115,0.0384,29.6,peak
2024-01-13 20:00:00,Itwari,337.45,0,343.11,232.25,0.9097,0.1299,29.6,peak
2024-01-13 20:00:00,Manewada,316.79,0,319.22,218.59,0.9547,0.0336,30.3,peak
2024-01-13 20:00:00,Hingna,285.64,0,272.61,231.76,0.9453,0.1675,28.3,peak
2024-01-13 21:00:00,Dharampeth,322.27,0,321.08,228.62,0.8996,0.0582,31.0,peak
2024-01-13 21:00:00,Sitabuldi,365.29,0,343.13,232.88,0.9076,0.0059,24.9,peak
2024-01-13 21:00:00,Gandhibagh,327.96,0,323.05,228.48,0.9136,0.0774,30.6,peak
2024-01-13 21:00:00,Lakadganj,293.75,0,298.29,232.82,0.8489,0.0012,31.7,peak
2024-01-13 21:00:00,Sadar,330.22,0,338.08,230.24,0.9108,0.0084,31.0,peak
2024-01-13 21:00:00,Itwari,329.2,0,348.99,230.76,0.893,0.0346,28.2,peak
2024-01-13 21:00:00,Manewada,261.53,0,272.18,229.93,0.9397,0.174,29.0,peak
2024-01-13 21:00:00,Hingna,251.93,0,245.19,234.89,0.93,0.0866,32.3,peak
2024-01-13 22:00:00,Dharampeth,333.72,0,359.67,224.62,0.9235,0.0507,27.7,peak
2024-01-13 22:00:00,Sitabuldi,348.62,0,339.28,226.53,0.8885,0.0236,30.5,peak
2024-01-13 22:00:00,Gandhibagh,382.24,0,389.17,227.54,0.9453,0.0237,29.5,peak
2024-01-13 22:00:00,Lakadganj,347.41,0,372.39,229.74,0.9276,0.1788,27.9,peak
2024-01-13 22:00:00,Sadar,346.36,0,330.1,235.18,0.9174,0.1173,31.0,peak
2024-01-13 22:00:00,Itwari,300.86,0,304.96,219.45,0.9427,0.1611,32.7,peak
2024-01-13 22:00:00,Manewada,327.07,0,309.22,230.27,0.9015,0.0437,31.5,peak
2024-01-13 22:00:00,Hingna,333.9,0,351.84,229.27,0.9712,0.1429,30.8,peak
2024-01-13 23:00:00,Dharampeth,248.13,0,250.86,224.57,0.8853,0.0356,27.5,night
2024-01-13 23:00:00,Sitabuldi,284.82,0,281.85,234.63,0.9117,0.0774,33.1,night
2024-01-13 23:00:00,Gandhibagh,277.65,0,285.96,227.75,0.9239,0.0408,31.7,night
2024-01-13 23:00:00,Lakadganj,178.93,0,168.73,235.28,0.9314,0.0303,27.6,night
2024-01-13 23:00:00,Sadar,244.07,0,235.44,225.11,0.9046,0.0348,29.1,night
2024-01-13 23:00:00,Itwari,249.68,0,248.21,226.73,0.9801,0.0572,31.1,night
2024-01-13 23:00:00,Manewada,275.66,0,268.72,234.86,0.9006,0.0168,32.6,night
2024-01-13 23:00:00,Hingna,271.23,0,264.15,230.44,0.9402,0.1739,30.5,night
2024-01-14 00:00:00,Dharampeth,218.2,0,223.99,230.4,0.902,0.0867,29.9,night
2024-01-14 00:00:00,Sitabuldi,198.49,0,205.65,231.86,0.8918,0.1493,26.7,night
2024-01-14 00:00:00,Gandhibagh,212.4,0,217.8,238.99,0.9391,0.0052,30.1,night
2024-01-14 00:00:00,Lakadganj,171.66,0,173.58,224.95,0.9311,0.0972,29.2,night
2024-01-14 00:00:00,Sadar,224.62,0,217.95,234.26,0.9118,0.1049,31.1,night
2024-01-14 00:00:00,Itwari,186.52,0,171.42,224.39,0.9063,0.0732,29.9,night
2024-01-14 00:00:00,Manewada,256.56,0,256.4,232.81,0.9289,0.1643,29.2,night
2024-01-14 00:00:00,Hingna,170.09,0,179.85,233.93,0.8608,0.5813,30.9,night
2024-01-14 01:00:00,Dharampeth,289.87,0,294.49,233.85,0.8978,0.0173,33.1,night
2024-01-14 01:00:00,Sitabuldi,252.1,0,236.63,225.69,0.8978,0.1527,30.6,night
2024-01-14 01:00:00,Gandhibagh,241.33,0,245.96,228.05,0.931,0.0342,30.2,night
2024-01-14 01:00:00,Lakadganj,206.0,0,215.77,234.35,0.9041,0.0068,30.6,night
2024-01-14 01:00:00,Sadar,276.18,0,278.74,222.44,0.8541,0.0273,30.6,night
2024-01-14 01:00:00,Itwari,301.2,0,319.15,230.36,0.9008,0.0996,30.2,night
2024-01-14 01:00:00,Manewada,270.99,0,267.75,223.57,0.8983,0.0157,30.9,night
2024-01-14 01:00:00,Hingna,265.9,0,253.24,227.86,0.9624,0.1248,26.2,night
2024-01-14 02:00:00,Dharampeth,193.86,0,189.23,232.42,0.9143,0.0049,31.4,night
2024-01-14 02:00:00,Sitabuldi,234.44,0,230.17,222.7,0.936,0.036,29.8,night
2024-01-14 02:00:00,Gandhibagh,271.76,0,271.28,225.24,0.9252,0.0635,35.0,night
2024-01-14 02:00:00,Lakadganj,248.85,0,256.93,228.13,0.9282,0.1598,29.8,night
2024-01-14 02:00:00,Sadar,290.25,0,290.92,226.99,0.9956,0.1603,28.8,night
2024-01-14 02:00:00,Itwari,245.27,0,240.42,231.38,0.867,0.1598,28.9,night
2024-01-14 02:00:00,Manewada,177.18,0,176.8,231.44,0.8576,0.172,27.1,night
2024-01-14 02:00:00,Hingna,288.16,0,275.97,237.6,0.9575,0.0522,35.4,night
2024-01-14 03:00:00,Dharampeth,190.63,0,203.7,226.65,0.939,0.0794,28.8,night
2024-01-14 03:00:00,Sitabuldi,218.06,0,207.1,227.62,0.9208,0.0373,28.8,night
2024-01-14 03:00:00,Gandhibagh,220.6,0,215.16,232.63,0.8837,0.1466,29.5,night
2024-01-14 03:00:00,Lakadganj,243.46,0,261.78,225.88,0.9193,0.1448,33.6,night
2024-01-14 03:00:00,Sadar,273.41,0,301.27,233.06,0.9106,0.0008,31.0,night
2024-01-14 03:00:00,Itwari,332.6,0,313.67,232.23,0.9252,0.1541,28.9,night
2024-01-14 03:00:00,Manewada,251.79,0,251.94,227.27,0.8907,0.1133,28.6,night
2024-01-14 03:00:00,Hingna,256.73,0,248.62,234.18,0.9103,0.0294,32.9,night
2024-01-14 04:00:00,Dharampeth,250.8,0,242.9,225.74,0.94,0.0531,28.0,night
2024-01-14 04:00:00,Sitabuldi,229.65,0,236.34,232.73,0.8444,0.0331,30.7,night
2024-01-14 04:00:00,Gandhibagh,235.05,0,233.13,235.36,0.9361,0.0282,26.5,night
2024-01-14 04:00:00,Lakadganj,287.19,0,308.84,226.73,0.9055,0.0928,30.2,night
2024-01-14 04:00:00,Sadar,277.38,0,277.28,228.24,0.9332,0.1785,27.6,night
2024-01-14 04:00:00,Itwari,238.78,0,236.15,236.19,0.8788,0.0456,30.3,night
2024-01-14 04:00:00,Manewada,300.31,0,285.96,236.99,0.922,0.0626,31.1,night
2024-01-14 04:00:00,Hingna,208.65,0,195.03,230.07,0.9346,0.0693,28.4,night
2024-01-14 05:00:00,Dharampeth,326.03,0,325.91,231.54,0.8413,0.0489,32.0,night
2024-01-14 05:00:00,Sitabuldi,271.05,0,264.9,225.78,0.9755,0.1084,29.1,night
2024-01-14 05:00:00,Gandhibagh,231.7,0,219.97,216.8,0.93,0.0891,27.5,night
2024-01-14 05:00:00,Lakadganj,237.94,0,224.28,236.96,0.9253,0.1753,31.1,night
2024-01-14 05:00:00,Sadar,263.83,0,277.04,234.18,0.9078,0.1379,28.2,night
2024-01-14 05:00:00,Itwari,249.13,0,239.98,232.3,0.9322,0.1169,30.2,night
2024-01-14 05:00:00,Manewada,230.97,0,236.16,228.59,0.9163,0.0144,31.0,night
2024-01-14 05:00:00,Hingna,240.27,0,243.52,225.3,0.9649,0.1277,27.8,night
2024-01-14 06:00:00,Dharampeth,305.47,10.86,280.24,222.33,0.8985,0.1032,27.2,daytime
2024-01-14 06:00:00,Sitabuldi,259.18,13.76,237.46,226.04,0.9457,0.1392,28.2,daytime
2024-01-14 06:00:00,Gandhibagh,296.7,0,298.54,229.64,0.8712,0.043,28.9,daytime
2024-01-14 06:00:00,Lakadganj,303.64,11.93,289.83,231.66,0.9376,0.0845,30.9,daytime
2024-01-14 06:00:00,Sadar,216.73,0,223.2,228.08,0.929,0.0152,31.1,daytime
2024-01-14 06:00:00,Itwari,215.56,0,223.19,231.52,0.9437,0.0791,29.6,daytime
2024-01-14 06:00:00,Manewada,278.35,0,286.43,223.87,0.8663,0.1417,28.4,daytime
2024-01-14 06:00:00,Hingna,284.61,0,280.56,232.82,0.9027,0.0679,30.6,daytime
2024-01-14 07:00:00,Dharampeth,281.88,24.3,261.45,228.64,0.9171,0.0863,29.4,daytime
2024-01-14 07:00:00,Sitabuldi,277.46,29.9,250.44,224.08,0.889,0.0806,26.8,daytime
2024-01-14 07:00:00,Gandhibagh,280.71,65.57,214.82,227.39,0.9254,0.15,31.4,daytime
2024-01-14 07:00:00,Lakadganj,311.54,56.76,246.61,227.71,0.9427,0.1702,30.9,daytime
2024-01-14 07:00:00,Sadar,303.1,46.6,250.75,226.78,0.9528,0.1451,32.8,daytime
2024-01-14 07:00:00,Itwari,272.62,40.39,240.19,226.7,0.9327,0.0866,31.3,daytime
2024-01-14 07:00:00,Manewada,295.92,45.15,242.21,221.12,0.9247,0.1524,29.6,daytime
2024-01-14 07:00:00,Hingna,267.69,54.07,205.94,230.16,0.9159,0.0114,30.1,daytime
2024-01-14 08:00:00,Dharampeth,244.79,106.01,141.08,235.78,0.8949,0.0977,28.7,daytime
2024-01-14 08:00:00,Sitabuldi,318.2,86.4,223.79,224.45,0.9163,0.0857,29.4,daytime
2024-01-14 08:00:00,Gandhibagh,227.66,98.31,117.55,229.34,0.888,0.1253,31.6,daytime
2024-01-14 08:00:00,Lakadganj,248.53,82.99,174.32,237.47,0.9466,0.0131,29.1,daytime
2024-01-14 08:00:00,Sadar,235.48,93.9,149.71,226.02,0.9625,0.0371,35.0,daytime
2024-01-14 08:00:00,Itwari,253.57,87.51,177.43,227.4,0.9069,0.0824,30.9,daytime
2024-01-14 08:00:00,Manewada,241.46,82.01,153.22,232.18,0.8828,0.1002,27.8,daytime
2024-01-14 08:00:00,Hingna,274.09,110.05,150.78,232.39,0.8701,0.1694,30.0,daytime
2024-01-14 09:00:00,Dharampeth,394.69,136.08,255.66,226.86,0.8925,0.1493,29.1,peak
2024-01-14 09:00:00,Sitabuldi,401.02,137.86,282.21,230.05,0.9628,0.0253,33.2,peak
2024-01-14 09:00:00,Gandhibagh,367.87,121.07,244.5,232.22,0.8891,0.0516,29.7,peak
2024-01-14 09:00:00,Lakadganj,377.82,131.85,231.16,227.8,0.9091,0.0903,31.6,peak
2024-01-14 09:00:00,Sadar,397.28,114.8,292.0,223.21,0.8793,0.0215,29.5,peak
2024-01-14 09:00:00,Itwari,386.86,120.55,260.77,225.32,0.9475,0.052,27.2,peak
2024-01-14 09:00:00,Manewada,371.11,125.87,243.04,224.99,0.9272,0.0208,25.0,peak
2024-01-14 09:00:00,Hingna,363.85,145.49,199.5,222.04,0.9092,0.0898,29.3,peak
2024-01-14 10:00:00,Dharampeth,326.68,167.62,145.46,229.49,0.9307,0.0886,27.2,peak
2024-01-14 10:00:00,Sitabuldi,341.67,175.8,163.42,226.78,0.9167,0.1317,26.4,peak
2024-01-14 10:00:00,Gandhibagh,317.81,175.84,142.55,235.6,0.9623,0.1227,25.4,peak
2024-01-14 10:00:00,Lakadganj,393.29,148.15,247.81,234.38,0.9097,0.1644,30.1,peak
2024-01-14 10:00:00,Sadar,391.5,156.66,233.81,231.94,0.9048,0.0081,30.2,peak
2024-01-14 10:00:00,Itwari,357.9,124.73,216.68,232.39,0.9266,0.068,30.9,peak
2024-01-14 10:00:00,Manewada,370.07,168.15,207.51,223.36,0.8525,0.0924,28.9,peak
2024-01-14 10:00:00,Hingna,302.71,144.69,158.05,225.86,0.9247,0.0234,30.2,peak
2024-01-14 11:00:00,Dharampeth,348.59,163.3,181.22,227.75,0.9515,0.1501,31.3,peak
2024-01-14 11:00:00,Sitabuldi,369.13,199.67,173.72,228.41,1.0,0.1509,28.3,peak
2024-01-14 11:00:00,Gandhibagh,365.75,169.88,197.05,233.67,0.9299,0.1061,28.7,peak
2024-01-14 11:00:00,Lakadganj,314.6,180.31,122.74,222.49,0.9015,0.1732,28.6,peak
2024-01-14 11:00:00,Sadar,342.02,160.45,176.88,232.15,0.9356,0.0879,31.8,peak
2024-01-14 11:00:00,Itwari,328.77,183.3,138.16,229.0,0.9294,0.0871,29.4,peak
2024-01-14 11:00:00,Manewada,374.84,181.74,182.86,230.38,0.8635,0.0361,33.5,peak
2024-01-14 11:00:00,Hingna,379.98,196.13,183.01,221.32,0.9166,0.1263,28.2,peak
2024-01-14 12:00:00,Dharampeth,323.5,175.61,141.49,226.5,0.8775,0.0716,32.8,peak
2024-01-14 12:00:00,Sitabuldi,352.68,197.87,139.56,231.16,0.9685,0.1585,28.9,peak
2024-01-14 12:00:00,Gandhibagh,403.46,164.52,217.24,234.84,0.9293,0.0626,30.4,peak
2024-01-14 12:00:00,Lakadganj,385.69,184.38,213.8,238.43,0.9485,0.0253,30.7,peak
2024-01-14 12:00:00,Sadar,378.91,158.29,232.65,238.04,0.9119,0.1717,27.3,peak
2024-01-14 12:00:00,Itwari,368.71,183.98,189.9,233.22,0.9329,0.004,27.5,peak
2024-01-14 12:00:00,Manewada,325.86,155.39,170.45,239.86,0.9555,0.0409,30.9,peak
2024-01-14 12:00:00,Hingna,407.57,196.4,206.84,226.03,0.9702,0.0007,30.6,peak
2024-01-14 13:00:00,Dharampeth,241.78,188.39,53.03,236.81,0.8964,0.0671,29.0,daytime
2024-01-14 13:00:00,Sitabuldi,270.2,160.62,105.56,230.38,0.9112,0.0917,30.8,daytime
2024-01-14 13:00:00,Gandhibagh,219.33,208.2,10,225.29,0.8724,0.1412,27.0,daytime
2024-01-14 13:00:00,Lakadganj,265.75,157.36,119.01,229.81,0.9495,0.0507,29.3,daytime
2024-01-14 13:00:00,Sadar,324.77,174.4,150.68,229.09,0.8982,0.0333,31.7,daytime
2024-01-14 13:00:00,Itwari,238.81,139.17,112.4,231.13,0.9072,0.1093,27.6,daytime
2024-01-14 13:00:00,Manewada,283.16,173.73,130.94,237.33,0.8859,0.0951,28.6,daytime
2024-01-14 13:00:00,Hingna,291.32,181.87,101.58,235.06,0.8887,0.6825,28.2,daytime
2024-01-14 14:00:00,Dharampeth,296.2,120.97,181.48,231.57,0.9575,0.0934,32.4,daytime
2024-01-14 14:00:00,Sitabuldi,317.36,174.35,136.48,237.08,1.0,0.0756,29.4,daytime
2024-01-14 14:00:00,Gandhibagh,239.05,140.05,98.24,227.08,0.9266,0.165,29.8,daytime
2024-01-14 14:00:00,Lakadganj,264.65,142.3,123.3,230.18,0.9144,0.0647,33.4,daytime
2024-01-14 14:00:00,Sadar,298.41,165.92,135.87,223.01,0.9494,0.1675,31.8,daytime
2024-01-14 14:00:00,Itwari,301.63,127.82,173.29,225.65,0.934,0.0576,30.6,daytime
2024-01-14 14:00:00,Manewada,236.4,148.02,90.81,228.85,0.934,0.0631,30.1,daytime
2024-01-14 14:00:00,Hingna,204.07,166.86,41.98,231.6,0.9185,0.1682,28.3,daytime
2024-01-14 15:00:00,Dharampeth,312.96,120.26,196.76,214.22,0.906,0.1329,29.9,daytime
2024-01-14 15:00:00,Sitabuldi,267.3,143.86,110.2,230.29,0.926,0.0973,30.4,daytime
2024-01-14 15:00:00,Gandhibagh,297.45,122.23,174.37,226.36,0.9441,0.1526,28.8,daytime
2024-01-14 15:00:00,Lakadganj,236.33,140.06,91.75,228.64,0.8885,0.1771,31.8,daytime
2024-01-14 15:00:00,Sadar,285.41,141.87,139.07,231.71,0.9154,0.1513,30.2,daytime
2024-01-14 15:00:00,Itwari,367.28,113.67,264.31,237.62,0.9587,0.0279,28.9,daytime
2024-01-14 15:00:00,Manewada,283.49,106.36,182.52,237.76,0.9194,0.1366,31.5,daytime
2024-01-14 15:00:00,Hingna,293.08,132.74,158.34,233.93,0.9011,0.1716,27.6,daytime
2024-01-14 16:00:00,Dharampeth,303.27,74.95,228.92,234.62,0.911,0.0977,29.6,daytime
2024-01-14 16:00:00,Sitabuldi,286.58,73.19,221.05,230.21,0.9556,0.094,26.2,daytime
2024-01-14 16:00:00,Gandhibagh,260.0,86.39,171.07,235.07,0.9291,0.0135,27.6,daytime
2024-01-14 16:00:00,Lakadganj,260.15,82.3,197.69,232.09,0.9746,0.0428,34.3,daytime
2024-01-14 16:00:00,Sadar,257.43,85.55,169.15,228.39,0.9541,0.1202,31.6,daytime
2024-01-14 16:00:00,Itwari,261.54,68.3,206.89,231.85,0.94,0.0622,28.1,daytime
2024-01-14 16:00:00,Manewada,259.19,92.21,158.77,224.22,0.9513,0.1424,31.8,daytime
2024-01-14 16:00:00,Hingna,281.41,93.88,203.9,228.2,0.9765,0.0306,30.9,daytime
2024-01-14 17:00:00,Dharampeth,209.75,59.09,129.36,223.5,0.9612,0.1669,29.5,daytime
2024-01-14 17:00:00,Sitabuldi,246.3,44.75,197.79,225.2,0.9411,0.0608,29.4,daytime
2024-01-14 17:00:00,Gandhibagh,237.22,57.92,182.7,219.91,0.8983,0.085,31.3,daytime
2024-01-14 17:00:00,Lakadganj,304.59,34.61,266.25,236.41,0.9958,0.1265,29.6,daytime
2024-01-14 17:00:00,Sadar,277.25,65.52,195.97,231.34,0.9464,0.112,27.7,daytime
2024-01-14 17:00:00,Itwari,232.31,39.21,202.42,231.42,0.9035,0.153,26.4,daytime
2024-01-14 17:00:00,Manewada,254.17,31.05,211.59,237.53,0.8904,0.0378,28.3,daytime
2024-01-14 17:00:00,Hingna,263.13,52.41,215.0,235.97,0.9732,0.1732,30.1,daytime
2024-01-14 18:00:00,Dharampeth,405.53,0,394.61,237.72,0.9422,0.0666,31.7,peak
2024-01-14 18:00:00,Sitabuldi,354.21,0,347.94,237.11,0.9548,0.4696,29.3,peak
2024-01-14 18:00:00,Gandhibagh,342.23,15.39,315.96,228.16,0.9131,0.1099,27.9,peak
2024-01-14 18:00:00,Lakadganj,381.0,8.14,365.6,232.31,0.9576,0.0839,31.9,peak
2024-01-14 18:00:00,Sadar,393.71,0,391.56,227.87,1.0,0.047,28.4,peak
2024-01-14 18:00:00,Itwari,338.77,0,337.71,221.59,0.9197,0.1171,26.6,peak
2024-01-14 18:00:00,Manewada,354.64,16.54,324.71,228.71,0.8871,0.0693,29.0,peak
2024-01-14 18:00:00,Hingna,376.95,0,381.94,238.03,0.9559,0.1479,32.6,peak
2024-01-14 19:00:00,Dharampeth,343.68,0,333.09,234.36,0.9452,0.1755,29.7,peak
2024-01-14 19:00:00,Sitabuldi,347.48,0,338.21,227.49,0.9187,0.0042,31.9,peak
2024-01-14 19:00:00,Gandhibagh,304.36,0,288.69,232.64,0.887,0.0846,34.0,peak
2024-01-14 19:00:00,Lakadganj,285.94,0,282.52,227.54,0.948,0.0037,26.8,peak
2024-01-14 19:00:00,Sadar,331.56,0,316.09,232.04,0.9173,0.0315,28.3,peak
2024-01-14 19:00:00,Itwari,363.79,0,369.3,228.08,0.9249,0.1072,31.0,peak
2024-01-14 19:00:00,Manewada,301.13,0,278.63,239.69,0.944,0.1352,22.9,peak
2024-01-14 19:00:00,Hingna,303.47,0,292.26,230.12,0.9483,0.1647,30.6,peak
2024-01-14 20:00:00,Dharampeth,389.53,0,379.09,235.2,0.9401,0.1134,30.3,peak
2024-01-14 20:00:00,Sitabuldi,309.01,0,318.01,226.57,0.8981,0.0609,29.0,peak
2024-01-14 20:00:00,Gandhibagh,339.45,0,335.73,230.44,0.8766,0.079,30.8,peak
2024-01-14 20:00:00,Lakadganj,333.52,0,345.21,234.69,0.8993,0.0452,29.7,peak
2024-01-14 20:00:00,Sadar,352.93,0,348.62,232.12,0.9751,0.0177,29.2,peak
2024-01-14 20:00:00,Itwari,270.94,0,275.6,229.81,0.8906,0.0621,28.8,peak
2024-01-14 20:00:00,Manewada,284.92,0,286.87,218.21,0.9208,0.0849,29.6,peak
2024-01-14 20:00:00,Hingna,391.69,0,419.93,235.1,0.9355,0.1227,31.9,peak
2024-01-14 21:00:00,Dharampeth,266.64,0,273.29,231.01,0.9314,0.0555,31.0,peak
2024-01-14 21:00:00,Sitabuldi,367.1,0,375.98,233.22,0.9339,0.1105,30.6,peak
2024-01-14 21:00:00,Gandhibagh,337.52,0,339.76,223.08,0.8691,0.1778,29.2,peak
2024-01-14 21:00:00,Lakadganj,368.91,0,382.73,234.55,0.8976,0.0419,27.9,peak
2024-01-14 21:00:00,Sadar,296.49,0,296.2,226.56,0.9025,0.0455,30.2,peak
2024-01-14 21:00:00,Itwari,368.3,0,370.12,226.8,0.9073,0.0949,26.9,peak
2024-01-14 21:00:00,Manewada,307.14,0,331.89,225.65,0.8859,0.1102,26.9,peak
2024-01-14 21:00:00,Hingna,392.53,0,392.13,223.52,0.9642,0.1784,31.3,peak
2024-01-14 22:00:00,Dharampeth,318.3,0,318.28,226.17,0.9197,0.1449,32.6,peak
2024-01-14 22:00:00,Sitabuldi,304.97,0,296.18,232.2,0.9313,0.0472,28.5,peak
2024-01-14 22:00:00,Gandhibagh,298.04,0,296.33,226.69,0.8853,0.1505,31.1,peak
2024-01-14 22:00:00,Lakadganj,360.7,0,367.86,229.72,0.8757,0.1539,26.3,peak
2024-01-14 22:00:00,Sadar,307.94,0,310.25,232.68,0.9735,0.1342,30.0,peak
2024-01-14 22:00:00,Itwari,348.56,0,337.56,232.93,0.936,0.1332,28.3,peak
2024-01-14 22:00:00,Manewada,376.83,0,386.97,229.13,0.9726,0.1548,29.5,peak
2024-01-14 22:00:00,Hingna,291.54,0,293.56,229.88,0.9184,0.1094,27.0,peak
2024-01-14 23:00:00,Dharampeth,261.92,0,278.38,237.66,0.9482,0.0556,32.4,night
2024-01-14 23:00:00,Sitabuldi,166.72,0,175.25,237.22,0.9595,0.016,32.3,night
2024-01-14 23:00:00,Gandhibagh,239.79,0,247.99,229.36,0.9611,0.147,24.5,night
2024-01-14 23:00:00,Lakadganj,247.34,0,250.53,231.6,0.945,0.0839,26.0,night
2024-01-14 23:00:00,Sadar,237.01,0,214.38,231.9,0.9222,0.0333,31.9,night
2024-01-14 23:00:00,Itwari,252.07,0,265.56,228.35,0.9722,0.1347,30.7,night
2024-01-14 23:00:00,Manewada,190.0,0,211.26,219.23,0.992,0.0483,30.2,night
2024-01-14 23:00:00,Hingna,191.16,0,195.88,228.93,0.8957,0.0891,31.4,night
2024-01-15 00:00:00,Dharampeth,255.84,0,242.84,230.29,0.8884,0.0079,30.0,night
2024-01-15 00:00:00,Sitabuldi,240.2,0,273.35,225.14,0.9213,0.1401,27.8,night
2024-01-15 00:00:00,Gandhibagh,198.72,0,209.74,227.51,0.9342,0.0053,28.9,night
2024-01-15 00:00:00,Lakadganj,222.99,0,205.32,223.93,0.8758,0.0817,27.2,night
2024-01-15 00:00:00,Sadar,234.37,0,221.53,231.99,0.9373,0.054,29.1,night
2024-01-15 00:00:00,Itwari,291.54,0,291.59,229.79,0.9183,0.1485,31.1,night
2024-01-15 00:00:00,Manewada,250.44,0,244.67,230.75,0.9521,0.1051,31.4,night
2024-01-15 00:00:00,Hingna,187.54,0,192.08,228.82,0.9032,0.1433,30.9,night
2024-01-15 01:00:00,Dharampeth,196.9,0,190.1,231.65,0.9174,0.0946,28.2,night
2024-01-15 01:00:00,Sitabuldi,268.06,0,259.62,226.71,0.8996,0.0203,29.0,night
2024-01-15 01:00:00,Gandhibagh,190.12,0,192.61,227.67,0.8699,0.1593,29.2,night
2024-01-15 01:00:00,Lakadganj,264.5,0,272.57,233.74,0.9091,0.0818,28.8,night
2024-01-15 01:00:00,Sadar,280.76,0,281.32,227.03,0.9131,0.0261,31.3,night
2024-01-15 01:00:00,Itwari,265.16,0,273.44,234.4,0.8995,0.1238,31.6,night
2024-01-15 01:00:00,Manewada,242.85,0,244.43,235.58,0.8926,0.1568,27.7,night
2024-01-15 01:00:00,Hingna,198.12,0,204.73,218.36,0.8833,0.1743,30.0,night
2024-01-15 02:00:00,Dharampeth,221.7,0,233.93,223.01,0.9164,0.1153,30.8,night
2024-01-15 02:00:00,Sitabuldi,235.41,0,226.7,229.39,0.878,0.0984,26.3,night
2024-01-15 02:00:00,Gandhibagh,193.75,0,192.24,222.1,0.9626,0.079,29.1,night
2024-01-15 02:00:00,Lakadganj,231.46,0,236.96,223.13,0.9595,0.0449,25.1,night
2024-01-15 02:00:00,Sadar,206.18,0,219.9,239.07,0.9397,0.086,28.2,night
2024-01-15 02:00:00,Itwari,250.97,0,236.32,220.4,0.8778,0.0945,31.1,night
2024-01-15 02:00:00,Manewada,270.98,0,275.43,229.62,0.9404,0.7498,26.4,night
2024-01-15 02:00:00,Hingna,271.21,0,285.64,232.38,0.9325,0.0082,32.5,night
2024-01-15 03:00:00,Dharampeth,262.71,0,255.22,230.66,0.891,0.1176,32.2,night
2024-01-15 03:00:00,Sitabuldi,209.65,0,202.35,228.71,0.9273,0.1501,30.5,night
2024-01-15 03:00:00,Gandhibagh,237.37,0,239.39,221.36,0.9564,0.1357,28.7,night
2024-01-15 03:00:00,Lakadganj,265.52,0,273.78,233.4,0.9211,0.1551,31.2,night
2024-01-15 03:00:00,Sadar,228.72,0,215.91,225.94,0.9062,0.0653,28.9,night
2024-01-15 03:00:00,Itwari,293.78,0,301.24,227.19,0.9156,0.1338,29.8,night
2024-01-15 03:00:00,Manewada,176.03,0,166.96,225.75,0.9416,0.056,28.9,night
2024-01-15 03:00:00,Hingna,265.74,0,232.98,229.46,0.9627,0.1438,31.1,night
2024-01-15 04:00:00,Dharampeth,288.63,0,276.31,230.81,0.9628,0.1215,27.9,night
2024-01-15 04:00:00,Sitabuldi,234.59,0,239.29,224.86,0.9565,0.1635,31.0,night
2024-01-15 04:00:00,Gandhibagh,260.51,0,262.93,235.67,0.9665,0.3605,29.1,night
2024-01-15 04:00:00,Lakadganj,185.02,0,188.86,217.64,0.8975,0.1171,31.0,night
2024-01-15 04:00:00,Sadar,156.89,0,168.23,239.56,0.9127,0.0084,33.0,night
2024-01-15 04:00:00,Itwari,196.08,0,196.82,237.3,0.8517,0.113,30.8,night
2024-01-15 04:00:00,Manewada,323.87,0,346.52,230.36,0.9379,0.1786,31.1,night
2024-01-15 04:00:00,Hingna,262.14,0,281.34,224.16,0.9337,0.0334,30.7,night
2024-01-15 05:00:00,Dharampeth,316.8,0,326.78,227.01,0.9369,0.1755,31.5,night
2024-01-15 05:00:00,Sitabuldi,258.1,0,259.02,226.74,0.9336,0.1325,29.4,night
2024-01-15 05:00:00,Gandhibagh,256.34,0,255.59,227.92,0.8827,0.0313,31.6,night
2024-01-15 05:00:00,Lakadganj,248.13,0,256.37,238.54,0.833,0.0104,32.2,night
2024-01-15 05:00:00,Sadar,194.3,0,200.63,232.67,0.9244,0.1184,31.0,night
2024-01-15 05:00:00,Itwari,290.28,0,284.03,223.87,0.8588,0.1477,32.3,night
2024-01-15 05:00:00,Manewada,209.84,0,224.22,225.51,0.9511,0.1491,31.4,night
2024-01-15 05:00:00,Hingna,242.74,0,246.57,236.79,0.9296,0.0001,27.6,night
2024-01-15 06:00:00,Dharampeth,269.26,18.14,248.8,231.84,0.9321,0.558,31.0,daytime
2024-01-15 06:00:00,Sitabuldi,229.93,0,243.64,237.21,0.8823,0.0035,29.8,daytime
2024-01-15 06:00:00,Gandhibagh,306.11,0,294.29,229.15,0.9249,0.0965,31.0,daytime
2024-01-15 06:00:00,Lakadganj,303.55,0,304.89,232.23,0.9434,0.1578,31.7,daytime
2024-01-15 06:00:00,Sadar,323.99,10.53,325.73,225.33,0.8443,0.1724,28.5,daytime
2024-01-15 06:00:00,Itwari,292.54,0,291.29,239.64,0.9289,0.1173,33.2,daytime
2024-01-15 06:00:00,Manewada,262.31,32.17,230.47,226.77,0.9105,0.088,29.2,daytime
2024-01-15 06:00:00,Hingna,267.47,0,271.77,233.16,0.8582,0.1162,29.6,daytime
2024-01-15 07:00:00,Dharampeth,292.95,30.1,271.39,235.13,0.8426,0.1508,27.1,daytime
2024-01-15 07:00:00,Sitabuldi,296.61,53.37,244.82,229.69,0.8994,0.0472,35.5,daytime
2024-01-15 07:00:00,Gandhibagh,323.01,45.52,269.72,229.63,0.9382,0.0516,29.7,daytime
2024-01-15 07:00:00,Lakadganj,327.64,38.6,283.37,231.86,0.9607,0.0837,32.5,daytime
2024-01-15 07:00:00,Sadar,324.32,49.49,278.73,230.54,0.9058,0.0306,30.0,daytime
2024-01-15 07:00:00,Itwari,314.24,50.9,260.45,221.32,0.9281,0.0058,31.0,daytime
2024-01-15 07:00:00,Manewada,266.47,51.73,205.14,232.97,0.8886,0.053,34.8,daytime
2024-01-15 07:00:00,Hingna,267.05,59.69,204.43,232.32,0.909,0.0495,33.1,daytime
2024-01-15 08:00:00,Dharampeth,264.26,105.79,171.41,225.13,0.9842,0.0287,30.3,daytime
2024-01-15 08:00:00,Sitabuldi,289.17,92.27,190.32,229.74,0.8862,0.1229,30.1,daytime
2024-01-15 08:00:00,Gandhibagh,317.68,79.62,237.76,231.85,0.9219,0.0362,29.0,daytime
2024-01-15 08:00:00,Lakadganj,346.79,85.61,265.84,226.47,0.9017,0.0044,27.9,daytime
2024-01-15 08:00:00,Sadar,294.18,95.56,196.78,223.18,0.9463,0.0336,27.9,daytime
2024-01-15 08:00:00,Itwari,291.18,84.57,196.23,236.62,0.9261,0.1431,29.4,daytime
2024-01-15 08:00:00,Manewada,335.35,90.06,269.08,226.8,0.9169,0.1624,28.7,daytime
2024-01-15 08:00:00,Hingna,255.42,83.09,169.49,239.02,0.9619,0.014,29.1,daytime
2024-01-15 09:00:00,Dharampeth,363.44,138.3,223.9,229.58,0.9276,0.0225,33.0,peak
2024-01-15 09:00:00,Sitabuldi,331.29,132.19,197.01,236.38,0.9248,0.0641,29.9,peak
2024-01-15 09:00:00,Gandhibagh,330.59,129.99,209.21,224.02,0.9004,0.1633,26.2,peak
2024-01-15 09:00:00,Lakadganj,373.11,139.24,239.4,230.38,0.9666,0.0922,28.4,peak
2024-01-15 09:00:00,Sadar,350.18,110.13,230.97,223.18,0.9158,0.0858,26.1,peak
2024-01-15 09:00:00,Itwari,388.85,125.07,256.98,229.67,0.9035,0.082,29.0,peak
2024-01-15 09:00:00,Manewada,340.04,126.45,209.2,235.11,0.8679,0.1395,33.7,peak
2024-01-15 09:00:00,Hingna,398.96,130.94,276.16,223.73,0.9665,0.0103,29.5,peak
2024-01-15 10:00:00,Dharampeth,360.15,150.2,212.19,238.41,0.9099,0.1383,32.6,peak
2024-01-15 10:00:00,Sitabuldi,317.82,172.87,155.08,223.83,0.904,0.156,29.1,peak
2024-01-15 10:00:00,Gandhibagh,389.98,168.55,228.97,230.07,0.9323,0.1649,30.7,peak
2024-01-15 10:00:00,Lakadganj,372.0,140.69,219.29,226.72,0.9137,0.0031,28.7,peak
2024-01-15 10:00:00,Sadar,402.98,140.02,256.79,235.39,0.9043,0.1119,27.5,peak
2024-01-15 10:00:00,Itwari,360.4,155.67,199.13,229.84,0.9834,0.0397,29.8,peak
2024-01-15 10:00:00,Manewada,403.48,149.93,256.95,230.91,0.9248,0.1134,32.2,peak
2024-01-15 10:00:00,Hingna,292.82,195.8,93.79,233.41,0.9611,0.4534,30.1,peak
2024-01-15 11:00:00,Dharampeth,320.6,183.6,142.06,223.7,0.9418,0.1247,31.3,peak
2024-01-15 11:00:00,Sitabuldi,348.37,159.66,188.12,234.66,0.9343,0.0954,27.5,peak
2024-01-15 11:00:00,Gandhibagh,360.69,171.85,186.87,225.77,0.898,0.0781,29.2,peak
2024-01-15 11:00:00,Lakadganj,348.06,190.33,151.42,229.75,0.8932,0.0046,29.2,peak
2024-01-15 11:00:00,Sadar,343.69,172.43,174.14,229.39,0.8934,0.1556,33.1,peak
2024-01-15 11:00:00,Itwari,414.49,220.42,190.61,225.12,0.8829,0.1492,28.4,peak
2024-01-15 11:00:00,Manewada,387.26,174.58,221.8,219.84,0.9175,0.1548,28.1,peak
2024-01-15 11:00:00,Hingna,379.38,182.31,211.6,226.66,0.9296,0.1406,31.6,peak
2024-01-15 12:00:00,Dharampeth,383.37,156.09,224.87,234.48,0.8955,0.0148,27.7,peak
2024-01-15 12:00:00,Sitabuldi,345.84,186.83,156.37,236.99,0.9161,0.0236,28.8,peak
2024-01-15 12:00:00,Gandhibagh,367.17,163.91,206.8,235.06,0.8929,0.0123,31.4,peak
2024-01-15 12:00:00,Lakadganj,351.41,177.74,180.51,231.28,0.9035,0.1529,29.4,peak
2024-01-15 12:00:00,Sadar,339.56,181.74,163.97,236.48,0.9026,0.1664,32.9,peak
2024-01-15 12:00:00,Itwari,278.21,179.65,80.27,229.26,0.8595,0.171,30.0,peak
2024-01-15 12:00:00,Manewada,324.01,198.08,132.97,225.88,0.9166,0.1097,28.7,peak
2024-01-15 12:00:00,Hingna,413.37,173.84,231.13,226.99,0.8947,0.0011,31.1,peak
2024-01-15 13:00:00,Dharampeth,318.27,168.63,143.9,225.27,0.9069,0.0978,27.8,daytime
2024-01-15 13:00:00,Sitabuldi,272.09,165.54,119.5,228.44,0.9283,0.0644,29.9,daytime
2024-01-15 13:00:00,Gandhibagh,306.16,181.32,122.0,233.63,0.9164,0.1103,31.9,daytime
2024-01-15 13:00:00,Lakadganj,266.67,164.67,90.96,225.58,0.9309,0.1542,28.0,daytime
2024-01-15 13:00:00,Sadar,285.25,167.67,130.3,230.78,0.9325,0.1212,30.5,daytime
2024-01-15 13:00:00,Itwari,273.64,170.51,102.02,229.31,0.9322,0.049,30.2,daytime
2024-01-15 13:00:00,Manewada,277.61,177.52,117.8,218.68,0.9026,0.1502,32.2,daytime
2024-01-15 13:00:00,Hingna,268.44,175.64,91.09,234.13,0.9499,0.0853,29.5,daytime
2024-01-15 14:00:00,Dharampeth,265.2,146.51,129.05,232.27,0.9309,0.0803,32.1,daytime
2024-01-15 14:00:00,Sitabuldi,342.17,180.8,156.45,222.62,0.945,0.1181,31.2,daytime
2024-01-15 14:00:00,Gandhibagh,241.96,136.4,126.5,230.52,0.8802,0.0948,26.8,daytime
2024-01-15 14:00:00,Lakadganj,159.07,156.53,16.4,239.68,0.9243,0.0779,29.5,daytime
2024-01-15 14:00:00,Sadar,244.73,147.55,113.08,229.34,0.8879,0.0619,29.1,daytime
2024-01-15 14:00:00,Itwari,343.46,147.09,195.79,227.9,0.9053,0.1067,29.6,daytime
2024-01-15 14:00:00,Manewada,254.55,139.64,114.79,235.45,0.8965,0.1439,33.4,daytime
2024-01-15 14:00:00,Hingna,280.07,155.65,121.1,224.89,0.9899,0.1369,28.7,daytime
2024-01-15 15:00:00,Dharampeth,270.51,124.69,147.35,220.32,0.9259,0.0531,29.1,daytime
2024-01-15 15:00:00,Sitabuldi,325.68,153.55,166.45,228.22,0.8947,0.17,27.7,daytime
2024-01-15 15:00:00,Gandhibagh,244.24,128.8,105.76,230.3,0.8972,0.1596,27.2,daytime
2024-01-15 15:00:00,Lakadganj,246.72,124.11,125.7,225.68,0.934,0.0204,33.3,daytime
2024-01-15 15:00:00,Sadar,267.43,126.82,137.77,242.41,0.9359,0.6672,28.1,daytime
2024-01-15 15:00:00,Itwari,328.68,123.71,198.43,232.5,0.9331,0.1113,30.5,daytime
2024-01-15 15:00:00,Manewada,260.66,143.52,111.93,229.79,0.9562,0.1011,28.9,daytime
2024-01-15 15:00:00,Hingna,248.91,108.5,156.3,228.4,0.9088,0.1457,30.2,daytime
2024-01-15 16:00:00,Dharampeth,279.51,99.56,174.17,250.41,0.9308,0.1415,28.4,daytime
2024-01-15 16:00:00,Sitabuldi,309.34,94.79,223.66,225.68,0.9251,0.1601,30.2,daytime
2024-01-15 16:00:00,Gandhibagh,321.36,81.23,242.16,223.38,0.9232,0.0325,28.6,daytime
2024-01-15 16:00:00,Lakadganj,361.95,82.34,280.4,229.46,0.8887,0.1309,29.7,daytime
2024-01-15 16:00:00,Sadar,302.32,79.42,214.89,230.72,0.9428,0.1419,28.4,daytime
2024-01-15 16:00:00,Itwari,291.07,98.54,192.11,230.66,0.8466,0.017,31.2,daytime
2024-01-15 16:00:00,Manewada,263.92,85.57,177.57,227.64,0.8878,0.0329,28.7,daytime
2024-01-15 16:00:00,Hingna,251.21,106.6,162.43,235.09,0.9261,0.062,30.1,daytime
2024-01-15 17:00:00,Dharampeth,316.59,45.3,268.43,242.78,0.9253,0.1425,28.5,daytime
2024-01-15 17:00:00,Sitabuldi,260.51,40.18,214.92,222.66,0.9947,0.0861,30.9,daytime
2024-01-15 17:00:00,Gandhibagh,257.16,44.88,202.67,235.5,0.9426,0.0052,31.9,daytime
2024-01-15 17:00:00,Lakadganj,249.83,45.95,219.41,235.01,0.9659,0.0341,30.1,daytime
2024-01-15 17:00:00,Sadar,277.21,27.93,258.99,231.98,0.9162,0.0236,29.9,daytime
2024-01-15 17:00:00,Itwari,321.16,41.44,288.99,231.76,0.8733,0.0526,29.2,daytime
2024-01-15 17:00:00,Manewada,312.88,38.31,279.43,228.04,0.9258,0.1643,30.1,daytime
2024-01-15 17:00:00,Hingna,316.83,46.77,269.78,226.67,0.9385,0.0429,32.0,daytime
2024-01-15 18:00:00,Dharampeth,315.71,16.11,315.96,226.64,0.9355,0.0695,29.9,peak
2024-01-15 18:00:00,Sitabuldi,362.22,0,355.01,229.59,0.9129,0.0194,29.5,peak
2024-01-15 18:00:00,Gandhibagh,348.84,20.41,320.58,234.68,0.8889,0.1749,32.1,peak
2024-01-15 18:00:00,Lakadganj,319.04,0,316.81,233.22,0.9354,0.1214,30.8,peak
2024-01-15 18:00:00,Sadar,327.57,12.96,328.36,230.9,0.9072,0.0221,30.6,peak
2024-01-15 18:00:00,Itwari,371.57,0,367.0,229.43,0.981,0.0888,28.2,peak
2024-01-15 18:00:00,Manewada,329.99,0,315.33,232.94,0.9237,0.7027,31.5,peak
2024-01-15 18:00:00,Hingna,362.31,2.18,344.0,231.19,0.9315,0.0237,28.6,peak
2024-01-15 19:00:00,Dharampeth,304.21,0,305.56,225.72,0.935,0.0845,31.1,peak
2024-01-15 19:00:00,Sitabuldi,360.82,0,352.69,228.64,0.8647,0.124,29.3,peak
2024-01-15 19:00:00,Gandhibagh,294.26,0,284.91,225.18,0.883,0.0353,28.8,peak
2024-01-15 19:00:00,Lakadganj,328.05,0,327.05,234.76,0.9675,0.0062,31.1,peak
2024-01-15 19:00:00,Sadar,331.03,0,323.69,232.16,0.9288,0.1019,27.6,peak
2024-01-15 19:00:00,Itwari,324.6,0,315.59,222.75,0.9469,0.0145,31.9,peak
2024-01-15 19:00:00,Manewada,315.02,0,328.24,236.77,0.8973,0.0394,31.1,peak
2024-01-15 19:00:00,Hingna,245.17,0,224.64,231.02,0.9747,0.011,28.1,peak
2024-01-15 20:00:00,Dharampeth,260.38,0,268.89,235.24,0.9129,0.0553,27.4,peak
2024-01-15 20:00:00,Sitabuldi,281.42,0,278.92,228.73,0.9247,0.1381,32.1,peak
2024-01-15 20:00:00,Gandhibagh,337.2,0,322.77,229.94,0.9047,0.132,30.8,peak
2024-01-15 20:00:00,Lakadganj,225.43,0,230.43,235.44,0.9524,0.1521,34.1,peak
2024-01-15 20:00:00,Sadar,348.72,0,367.8,240.56,0.8788,0.176,27.7,peak
2024-01-15 20:00:00,Itwari,242.16,0,265.38,233.63,0.8831,0.1481,27.6,peak
2024-01-15 20:00:00,Manewada,290.9,0,280.41,237.95,0.9405,0.1002,30.6,peak
2024-01-15 20:00:00,Hingna,313.68,0,329.22,232.61,0.9228,0.1558,27.5,peak
2024-01-15 21:00:00,Dharampeth,279.45,0,286.34,234.65,0.943,0.1244,32.1,peak
2024-01-15 21:00:00,Sitabuldi,305.15,0,295.57,230.97,0.9318,0.1596,27.0,peak
2024-01-15 21:00:00,Gandhibagh,306.41,0,307.58,229.47,0.8809,0.1419,30.9,peak
2024-01-15 21:00:00,Lakadganj,339.14,0,330.74,233.37,0.8998,0.0581,29.3,peak
2024-01-15 21:00:00,Sadar,311.48,0,322.58,223.79,0.9857,0.0246,30.4,peak
2024-01-15 21:00:00,Itwari,389.88,0,398.07,236.23,0.8529,0.1012,27.9,peak
2024-01-15 21:00:00,Manewada,304.7,0,312.19,223.24,0.9388,0.0073,30.5,peak
2024-01-15 21:00:00,Hingna,337.37,0,328.34,228.67,0.9086,0.0065,32.4,peak
2024-01-15 22:00:00,Dharampeth,294.39,0,302.24,228.26,0.9254,0.1581,32.7,peak
2024-01-15 22:00:00,Sitabuldi,357.2,0,354.99,232.76,0.9498,0.0704,29.1,peak
2024-01-15 22:00:00,Gandhibagh,400.24,0,385.05,217.31,0.9054,0.0219,34.3,peak
2024-01-15 22:00:00,Lakadganj,313.52,0,328.89,213.97,0.9187,0.0137,30.6,peak
2024-01-15 22:00:00,Sadar,329.99,0,343.28,234.15,0.9464,0.1428,29.4,peak
2024-01-15 22:00:00,Itwari,268.02,0,270.76,236.11,0.9027,0.1361,28.4,peak
2024-01-15 22:00:00,Manewada,333.83,0,316.65,228.89,0.9413,0.1576,30.1,peak
2024-01-15 22:00:00,Hingna,333.82,0,329.75,228.96,0.9224,0.1715,33.4,peak
2024-01-15 23:00:00,Dharampeth,231.07,0,227.91,242.45,0.9119,0.1227,29.4,night
2024-01-15 23:00:00,Sitabuldi,224.47,0,220.94,239.02,0.9232,0.0329,29.3,night
2024-01-15 23:00:00,Gandhibagh,287.99,0,302.52,239.86,0.9028,0.0963,29.3,night
2024-01-15 23:00:00,Lakadganj,247.57,0,252.77,230.02,0.9206,0.1203,30.5,night
2024-01-15 23:00:00,Sadar,238.8,0,241.66,226.08,0.9192,0.1212,26.7,night
2024-01-15 23:00:00,Itwari,231.47,0,239.17,228.0,0.9466,0.0577,31.5,night
2024-01-15 23:00:00,Manewada,203.47,0,180.86,224.59,0.8659,0.0971,34.3,night
2024-01-15 23:00:00,Hingna,257.46,0,248.15,227.37,0.9319,0.0768,27.1,night
2024-01-16 00:00:00,Dharampeth,225.74,0,238.1,220.13,0.9366,0.1701,31.3,night
2024-01-16 00:00:00,Sitabuldi,254.89,0,262.89,226.36,0.8806,0.1571,29.9,night
2024-01-16 00:00:00,Gandhibagh,188.84,0,178.55,224.9,0.9358,0.0743,33.7,night
2024-01-16 00:00:00,Lakadganj,222.86,0,222.91,227.24,0.9385,0.1325,33.9,night
2024-01-16 00:00:00,Sadar,298.84,0,305.54,227.62,0.9107,0.0664,29.3,night
2024-01-16 00:00:00,Itwari,249.69,0,254.48,219.03,0.8765,0.14,26.2,night
2024-01-16 00:00:00,Manewada,233.91,0,255.67,229.72,0.9483,0.0062,30.6,night
2024-01-16 00:00:00,Hingna,253.48,0,237.02,227.16,0.9267,0.1092,31.4,night
2024-01-16 01:00:00,Dharampeth,246.96,0,259.15,237.27,0.9117,0.0509,31.6,night
2024-01-16 01:00:00,Sitabuldi,246.19,0,230.2,233.8,0.9297,0.0766,30.6,night
2024-01-16 01:00:00,Gandhibagh,274.7,0,275.76,220.4,0.9476,0.0819,31.9,night
2024-01-16 01:00:00,Lakadganj,201.0,0,209.48,234.29,0.9205,0.1404,27.6,night
2024-01-16 01:00:00,Sadar,260.52,0,256.56,223.01,0.8803,0.4329,30.7,night
2024-01-16 01:00:00,Itwari,265.13,0,256.15,223.79,0.9296,0.0257,33.5,night
2024-01-16 01:00:00,Manewada,257.95,0,252.3,234.67,0.8861,0.0785,30.1,night
2024-01-16 01:00:00,Hingna,217.82,0,238.05,231.31,0.9506,0.0677,32.9,night
2024-01-16 02:00:00,Dharampeth,210.91,0,218.41,222.11,0.9031,0.0362,30.0,night
2024-01-16 02:00:00,Sitabuldi,241.63,0,257.17,235.94,0.9214,0.0908,31.4,night
2024-01-16 02:00:00,Gandhibagh,206.38,0,208.78,225.67,0.9302,0.0198,28.1,night
2024-01-16 02:00:00,Lakadganj,195.92,0,203.05,234.56,0.9025,0.1788,28.7,night
2024-01-16 02:00:00,Sadar,192.16,0,189.98,231.29,0.9571,0.1255,31.4,night
2024-01-16 02:00:00,Itwari,164.08,0,167.56,228.26,0.9279,0.0516,34.3,night
2024-01-16 02:00:00,Manewada,207.21,0,225.66,227.64,0.8931,0.0332,31.9,night
2024-01-16 02:00:00,Hingna,199.6,0,198.76,228.35,0.9432,0.1364,36.4,night
2024-01-16 03:00:00,Dharampeth,263.01,0,253.14,225.34,0.9004,0.136,26.4,night
2024-01-16 03:00:00,Sitabuldi,222.35,0,223.46,224.71,0.8862,0.4003,25.3,night
2024-01-16 03:00:00,Gandhibagh,272.67,0,271.63,241.26,0.8937,0.1107,32.7,night
2024-01-16 03:00:00,Lakadganj,270.71,0,291.78,233.59,0.9408,0.0074,31.6,night
2024-01-16 03:00:00,Sadar,240.16,0,227.12,229.16,0.8899,0.0139,28.4,night
2024-01-16 03:00:00,Itwari,275.19,0,271.11,232.93,0.8686,0.0164,27.1,night
2024-01-16 03:00:00,Manewada,274.04,0,266.84,232.23,0.9209,0.0901,31.1,night
2024-01-16 03:00:00,Hingna,218.81,0,223.28,232.23,0.9126,0.147,29.5,night
2024-01-16 04:00:00,Dharampeth,220.91,0,215.93,227.19,0.9165,0.0831,31.6,night
2024-01-16 04:00:00,Sitabuldi,335.5,0,332.82,225.83,0.8978,0.1564,26.2,night
2024-01-16 04:00:00,Gandhibagh,227.4,0,243.97,236.88,0.915,0.0168,32.5,night
2024-01-16 04:00:00,Lakadganj,180.65,0,160.22,236.53,0.9227,0.0394,26.6,night
2024-01-16 04:00:00,Sadar,208.86,0,213.53,235.93,0.8967,0.1745,29.6,night
2024-01-16 04:00:00,Itwari,186.72,0,187.56,234.25,0.8828,0.0883,29.6,night
2024-01-16 04:00:00,Manewada,231.26,0,226.26,223.29,0.8408,0.379,27.6,night
2024-01-16 04:00:00,Hingna,246.98,0,237.17,230.07,0.9083,0.0535,33.8,night
2024-01-16 05:00:00,Dharampeth,250.73,0,261.64,231.58,0.9215,0.072,29.4,night
2024-01-16 05:00:00,Sitabuldi,181.31,0,187.46,220.55,0.9214,0.1161,26.4,night
2024-01-16 05:00:00,Gandhibagh,226.64,0,245.91,233.44,0.9271,0.0839,30.7,night
2024-01-16 05:00:00,Lakadganj,254.5,0,267.61,232.1,0.8614,0.111,29.0,night
2024-01-16 05:00:00,Sadar,253.75,0,253.44,225.66,0.9094,0.0935,32.7,night
2024-01-16 05:00:00,Itwari,295.0,0,285.27,231.07,0.9847,0.0618,24.5,night
2024-01-16 05:00:00,Manewada,268.21,0,280.16,231.66,0.9501,0.1094,32.4,night
2024-01-16 05:00:00,Hingna,273.45,0,268.59,218.6,0.9158,0.1725,30.8,night
2024-01-16 06:00:00,Dharampeth,297.23,7.77,280.58,224.31,0.9342,0.1341,32.4,daytime
2024-01-16 06:00:00,Sitabuldi,307.66,0,317.44,229.13,0.9559,0.0667,32.2,daytime
2024-01-16 06:00:00,Gandhibagh,214.79,0,211.01,225.92,0.96,0.0823,34.0,daytime
2024-01-16 06:00:00,Lakadganj,211.39,7.94,210.72,225.54,0.8682,0.0084,32.8,daytime
2024-01-16 06:00:00,Sadar,334.34,0,334.81,214.34,0.94,0.1656,32.7,daytime
2024-01-16 06:00:00,Itwari,235.37,0,229.83,227.2,0.8764,0.1799,28.8,daytime
2024-01-16 06:00:00,Manewada,255.85,34.03,221.89,226.29,0.8822,0.1681,28.6,daytime
2024-01-16 06:00:00,Hingna,292.52,0,295.93,230.07,0.9564,0.15,30.4,daytime
2024-01-16 07:00:00,Dharampeth,357.42,35.89,336.93,226.41,0.9131,0.1175,28.7,daytime
2024-01-16 07:00:00,Sitabuldi,294.67,44.92,245.36,228.08,0.9471,0.0274,29.8,daytime
2024-01-16 07:00:00,Gandhibagh,293.61,29.39,280.65,232.51,0.9036,0.0042,29.7,daytime
2024-01-16 07:00:00,Lakadganj,280.96,38.69,254.5,225.58,0.932,0.0739,28.4,daytime
2024-01-16 07:00:00,Sadar,274.9,32.93,242.02,229.36,0.9208,0.1629,32.4,daytime
2024-01-16 07:00:00,Itwari,326.13,35.54,314.55,236.92,0.8843,0.1476,31.5,daytime
2024-01-16 07:00:00,Manewada,269.14,61.57,205.67,237.57,0.9112,0.0084,31.2,daytime
2024-01-16 07:00:00,Hingna,238.95,50.3,194.21,228.37,0.9642,0.102,27.8,daytime
2024-01-16 08:00:00,Dharampeth,338.24,97.4,251.01,226.48,0.9549,0.104,29.2,daytime
2024-01-16 08:00:00,Sitabuldi,285.93,106.41,158.52,233.66,0.9152,0.1406,29.5,daytime
2024-01-16 08:00:00,Gandhibagh,272.8,94.9,174.91,223.99,0.9121,0.1081,29.8,daytime
2024-01-16 08:00:00,Lakadganj,300.22,76.69,232.53,231.81,0.9341,0.0923,27.8,daytime
2024-01-16 08:00:00,Sadar,251.38,73.41,181.17,225.64,0.9536,0.0409,29.5,daytime
2024-01-16 08:00:00,Itwari,221.39,77.74,135.39,223.92,0.97,0.1678,30.3,daytime
2024-01-16 08:00:00,Manewada,291.46,93.64,185.81,224.85,0.9725,0.1746,29.8,daytime
2024-01-16 08:00:00,Hingna,291.29,82.25,209.72,227.12,0.8864,0.0063,27.7,daytime
2024-01-16 09:00:00,Dharampeth,339.24,145.93,196.18,238.12,0.948,0.1737,29.7,peak
2024-01-16 09:00:00,Sitabuldi,393.25,139.06,247.07,228.83,0.9011,0.0181,29.0,peak
2024-01-16 09:00:00,Gandhibagh,375.86,127.68,260.82,227.43,0.9065,0.1443,31.4,peak
2024-01-16 09:00:00,Lakadganj,366.14,136.23,224.95,229.5,0.905,0.0452,30.8,peak
2024-01-16 09:00:00,Sadar,376.87,136.9,245.16,228.6,0.8933,0.1752,31.3,peak
2024-01-16 09:00:00,Itwari,332.0,133.33,199.53,234.25,0.8709,0.1732,28.4,peak
2024-01-16 09:00:00,Manewada,365.56,94.0,271.86,227.63,0.8937,0.0966,34.0,peak
2024-01-16 09:00:00,Hingna,403.31,100.06,311.36,227.41,0.9216,0.162,30.5,peak
2024-01-16 10:00:00,Dharampeth,398.42,168.25,233.43,231.59,0.912,0.1719,31.2,peak
2024-01-16 10:00:00,Sitabuldi,323.0,152.75,163.88,225.19,0.8944,0.0878,28.6,peak
2024-01-16 10:00:00,Gandhibagh,354.38,184.73,179.41,230.29,0.9409,0.0683,29.8,peak
2024-01-16 10:00:00,Lakadganj,314.61,134.75,182.11,229.92,0.9309,0.0197,30.0,peak
2024-01-16 10:00:00,Sadar,364.51,154.09,227.51,229.36,0.9389,0.0919,31.1,peak
2024-01-16 10:00:00,Itwari,329.78,138.96,187.84,234.91,0.8859,0.1424,29.0,peak
2024-01-16 10:00:00,Manewada,385.96,142.69,219.98,228.19,0.909,0.1314,32.9,peak
2024-01-16 10:00:00,Hingna,321.47,160.45,153.88,235.33,0.8784,0.0695,33.7,peak
2024-01-16 11:00:00,Dharampeth,363.99,159.14,210.84,221.07,0.9011,0.1013,30.9,peak
2024-01-16 11:00:00,Sitabuldi,337.92,177.13,161.28,227.94,0.8943,0.1578,33.7,peak
2024-01-16 11:00:00,Gandhibagh,360.4,210.19,145.9,220.83,0.9374,0.0487,30.8,peak
2024-01-16 11:00:00,Lakadganj,403.09,151.37,242.07,221.05,0.9254,0.0391,33.7,peak
2024-01-16 11:00:00,Sadar,320.08,164.65,157.75,228.25,0.9005,0.1628,31.6,peak
2024-01-16 11:00:00,Itwari,339.13,159.65,166.38,225.03,0.9237,0.047,28.0,peak
2024-01-16 11:00:00,Manewada,331.87,194.69,139.93,222.99,0.9017,0.1533,32.3,peak
2024-01-16 11:00:00,Hingna,285.9,174.83,125.75,231.44,0.8905,0.1787,33.5,peak
2024-01-16 12:00:00,Dharampeth,312.12,165.09,149.36,228.46,0.8872,0.0131,27.5,peak
2024-01-16 12:00:00,Sitabuldi,355.28,166.99,195.03,232.04,0.928,0.1584,29.4,peak
2024-01-16 12:00:00,Gandhibagh,309.3,169.38,152.45,227.15,0.9212,0.1338,28.0,peak
2024-01-16 12:00:00,Lakadganj,358.48,176.93,167.43,226.86,0.9546,0.1723,28.2,peak
2024-01-16 12:00:00,Sadar,324.94,199.35,120.49,220.0,0.9376,0.0536,29.9,peak
2024-01-16 12:00:00,Itwari,353.6,155.92,193.0,229.06,0.9556,0.1357,32.2,peak
2024-01-16 12:00:00,Manewada,322.04,207.96,125.66,230.46,0.9429,0.0008,29.0,peak
2024-01-16 12:00:00,Hingna,297.31,213.05,76.89,233.19,0.9266,0.1698,31.6,peak
2024-01-16 13:00:00,Dharampeth,334.08,188.28,143.81,228.17,0.9133,0.0368,32.9,daytime
2024-01-16 13:00:00,Sitabuldi,271.81,162.79,128.58,240.19,0.9698,0.0484,33.0,daytime
2024-01-16 13:00:00,Gandhibagh,198.25,169.52,49.04,231.16,0.907,0.1245,27.6,daytime
2024-01-16 13:00:00,Lakadganj,208.65,179.02,16.94,230.97,0.9098,0.169,28.3,daytime
2024-01-16 13:00:00,Sadar,230.75,146.7,89.63,212.72,0.8905,0.1235,30.7,daytime
2024-01-16 13:00:00,Itwari,363.9,176.29,188.19,225.54,0.9479,0.1542,32.4,daytime
2024-01-16 13:00:00,Manewada,243.9,179.87,67.25,229.07,0.9364,0.0321,31.3,daytime
2024-01-16 13:00:00,Hingna,278.97,173.0,124.2,230.26,0.9312,0.0147,26.9,daytime
2024-01-16 14:00:00,Dharampeth,300.83,174.04,129.05,232.83,0.8712,0.1264,27.6,daytime
2024-01-16 14:00:00,Sitabuldi,287.01,181.9,111.84,225.14,0.9744,0.0027,31.9,daytime
2024-01-16 14:00:00,Gandhibagh,279.21,147.86,140.34,235.48,0.9178,0.144,27.7,daytime
2024-01-16 14:00:00,Lakadganj,286.33,143.21,141.48,221.43,0.9039,0.0482,31.7,daytime
2024-01-16 14:00:00,Sadar,242.21,148.45,93.88,228.78,0.9168,0.0212,28.5,daytime
2024-01-16 14:00:00,Itwari,270.85,169.34,99.74,227.52,0.9592,0.1332,31.5,daytime
2024-01-16 14:00:00,Manewada,202.15,159.24,39.12,228.77,0.9611,0.1463,29.7,daytime
2024-01-16 14:00:00,Hingna,282.76,170.77,117.59,228.28,0.9045,0.1313,28.1,daytime
2024-01-16 15:00:00,Dharampeth,265.44,104.06,174.18,236.76,0.9785,0.1747,30.0,daytime
2024-01-16 15:00:00,Sitabuldi,253.83,137.68,91.73,231.95,0.962,0.0022,27.9,daytime
2024-01-16 15:00:00,Gandhibagh,275.86,128.03,144.05,231.75,0.9094,0.108,29.0,daytime
2024-01-16 15:00:00,Lakadganj,294.96,135.8,144.03,227.08,0.9204,0.1311,28.5,daytime
2024-01-16 15:00:00,Sadar,346.15,123.65,237.85,227.38,0.9311,0.0997,31.3,daytime
2024-01-16 15:00:00,Itwari,228.36,112.88,109.47,224.9,0.9148,0.1011,32.1,daytime
2024-01-16 15:00:00,Manewada,319.53,142.72,163.5,236.43,0.9067,0.03,28.8,daytime
2024-01-16 15:00:00,Hingna,306.37,132.11,170.02,232.52,0.9014,0.3763,29.8,daytime
2024-01-16 16:00:00,Dharampeth,283.78,96.98,183.36,239.44,0.9066,0.1716,27.8,daytime
2024-01-16 16:00:00,Sitabuldi,229.89,75.87,153.04,224.57,0.8675,0.0526,28.5,daytime
2024-01-16 16:00:00,Gandhibagh,317.73,65.43,243.54,232.81,0.9758,0.1181,29.8,daytime
2024-01-16 16:00:00,Lakadganj,305.21,86.8,224.05,235.46,0.924,0.0987,31.5,daytime
2024-01-16 16:00:00,Sadar,238.28,104.51,124.84,235.59,0.9465,0.0518,32.2,daytime
2024-01-16 16:00:00,Itwari,300.86,88.17,204.79,219.4,0.9393,0.0111,31.4,daytime
2024-01-16 16:00:00,Manewada,273.7,120.69,143.47,225.94,0.901,0.1686,28.9,daytime
2024-01-16 16:00:00,Hingna,328.68,88.23,247.32,226.2,0.8957,0.0876,31.5,daytime
2024-01-16 17:00:00,Dharampeth,304.63,56.62,235.84,227.75,0.8642,0.1004,32.0,daytime
2024-01-16 17:00:00,Sitabuldi,319.97,55.56,276.12,227.75,0.9528,0.1138,28.6,daytime
2024-01-16 17:00:00,Gandhibagh,268.95,39.33,236.55,233.08,0.9317,0.0991,30.2,daytime
2024-01-16 17:00:00,Lakadganj,323.08,74.43,250.19,235.61,0.9845,0.1299,28.6,daytime
2024-01-16 17:00:00,Sadar,260.99,33.95,237.26,232.8,0.8602,0.0173,33.5,daytime
2024-01-16 17:00:00,Itwari,247.24,44.75,184.51,231.37,0.9175,0.0029,31.9,daytime
2024-01-16 17:00:00,Manewada,308.05,34.3,282.41,232.0,0.9595,0.1646,31.2,daytime
2024-01-16 17:00:00,Hingna,266.0,74.17,182.91,239.59,1.0,0.0322,27.1,daytime
2024-01-16 18:00:00,Dharampeth,347.39,0,347.28,231.88,0.9693,0.1416,28.2,peak
2024-01-16 18:00:00,Sitabuldi,348.96,0,374.72,234.33,0.9375,0.1145,26.8,peak
2024-01-16 18:00:00,Gandhibagh,281.78,8.14,296.05,228.36,0.9087,0.0055,27.9,peak
2024-01-16 18:00:00,Lakadganj,343.72,0,335.28,227.23,0.9349,0.0536,29.9,peak
2024-01-16 18:00:00,Sadar,357.69,13.43,347.69,232.37,0.9499,0.0466,33.6,peak
2024-01-16 18:00:00,Itwari,372.59,3.38,378.79,228.11,0.9483,0.1775,31.4,peak
2024-01-16 18:00:00,Manewada,291.17,0,295.14,229.29,0.9335,0.1182,27.4,peak
2024-01-16 18:00:00,Hingna,404.1,0,418.08,228.6,0.9464,0.1089,33.3,peak
2024-01-16 19:00:00,Dharampeth,377.64,0,370.57,230.69,0.9534,0.1254,29.3,peak
2024-01-16 19:00:00,Sitabuldi,329.21,0,328.16,227.23,0.9352,0.0115,29.6,peak
2024-01-16 19:00:00,Gandhibagh,365.82,0,362.97,226.18,0.9363,0.0967,28.7,peak
2024-01-16 19:00:00,Lakadganj,354.4,0,338.24,233.58,0.9277,0.6353,31.1,peak
2024-01-16 19:00:00,Sadar,356.45,0,363.42,223.66,0.9127,0.1266,30.7,peak
2024-01-16 19:00:00,Itwari,284.49,0,278.97,228.89,0.8626,0.3545,31.0,peak
2024-01-16 19:00:00,Manewada,303.58,0,297.88,227.6,0.9315,0.0737,30.0,peak
2024-01-16 19:00:00,Hingna,298.02,0,292.93,225.37,0.971,0.6881,31.8,peak
2024-01-16 20:00:00,Dharampeth,348.83,0,336.53,241.8,0.8932,0.063,28.6,peak
2024-01-16 20:00:00,Sitabuldi,248.23,0,252.84,230.95,0.9436,0.0903,30.5,peak
2024-01-16 20:00:00,Gandhibagh,328.41,0,322.68,224.8,1.0,0.0928,29.0,peak
2024-01-16 20:00:00,Lakadganj,347.57,0,345.77,232.03,0.9254,0.0336,32.6,peak
2024-01-16 20:00:00,Sadar,296.45,0,302.12,229.56,0.8917,0.1635,30.3,peak
2024-01-16 20:00:00,Itwari,324.38,0,318.56,229.05,0.8987,0.1487,29.7,peak
2024-01-16 20:00:00,Manewada,300.83,0,287.75,228.74,0.8839,0.0021,29.5,peak
2024-01-16 20:00:00,Hingna,259.68,0,270.76,229.24,0.9057,0.1318,32.4,peak
2024-01-16 21:00:00,Dharampeth,363.38,0,347.15,226.64,0.9342,0.0323,26.6,peak
2024-01-16 21:00:00,Sitabuldi,274.99,0,261.56,237.7,0.9876,0.1062,31.4,peak
2024-01-16 21:00:00,Gandhibagh,329.51,0,332.82,222.76,0.9442,0.0963,31.6,peak
2024-01-16 21:00:00,Lakadganj,290.68,0,286.94,227.39,0.9,0.0718,31.6,peak
2024-01-16 21:00:00,Sadar,327.39,0,324.2,240.02,0.9221,0.0912,27.7,peak
2024-01-16 21:00:00,Itwari,293.11,0,288.68,227.97,0.8975,0.1708,29.7,peak
2024-01-16 21:00:00,Manewada,266.2,0,265.32,237.48,0.8621,0.1554,27.8,peak
2024-01-16 21:00:00,Hingna,340.27,0,315.24,230.53,0.9124,0.1566,29.4,peak
2024-01-16 22:00:00,Dharampeth,340.08,0,339.69,228.76,0.9459,0.0688,28.5,peak
2024-01-16 22:00:00,Sitabuldi,255.54,0,244.33,230.4,0.8873,0.1755,28.9,peak
2024-01-16 22:00:00,Gandhibagh,337.66,0,332.94,228.3,0.8511,0.1006,29.6,peak
2024-01-16 22:00:00,Lakadganj,286.54,0,291.08,230.27,0.8911,0.0698,26.6,peak
2024-01-16 22:00:00,Sadar,338.35,0,324.27,229.26,0.9596,0.0315,32.3,peak
2024-01-16 22:00:00,Itwari,332.33,0,343.65,226.38,0.8963,0.0303,32.8,peak
2024-01-16 22:00:00,Manewada,304.72,0,309.04,227.19,0.8492,0.1259,31.0,peak
2024-01-16 22:00:00,Hingna,308.76,0,298.01,242.04,0.9075,0.0894,30.6,peak
2024-01-16 23:00:00,Dharampeth,304.95,0,310.46,220.01,0.9286,0.0223,27.8,night
2024-01-16 23:00:00,Sitabuldi,237.85,0,232.46,227.92,0.9312,0.0555,25.6,night
2024-01-16 23:00:00,Gandhibagh,303.62,0,294.6,227.21,0.8734,0.0842,29.9,night
2024-01-16 23:00:00,Lakadganj,272.61,0,272.96,232.75,0.9187,0.1614,27.9,night
2024-01-16 23:00:00,Sadar,251.32,0,232.8,226.7,0.9003,0.1169,28.9,night
2024-01-16 23:00:00,Itwari,235.59,0,235.45,228.67,0.8715,0.471,28.7,night
2024-01-16 23:00:00,Manewada,243.11,0,252.63,230.02,0.9458,0.0513,28.9,night
2024-01-16 23:00:00,Hingna,218.32,0,223.45,233.37,0.9538,0.1434,32.9,night
2024-01-17 00:00:00,Dharampeth,258.7,0,269.44,218.86,0.9619,0.1327,29.7,night
2024-01-17 00:00:00,Sitabuldi,242.96,0,248.37,233.01,0.94,0.1174,32.1,night
2024-01-17 00:00:00,Gandhibagh,231.0,0,238.61,229.55,0.9482,0.041,29.1,night
2024-01-17 00:00:00,Lakadganj,249.95,0,233.78,240.69,0.9247,0.1421,30.0,night
2024-01-17 00:00:00,Sadar,169.82,0,190.04,231.53,0.884,0.1149,28.7,night
2024-01-17 00:00:00,Itwari,216.36,0,211.35,226.59,0.8851,0.0969,29.1,night
2024-01-17 00:00:00,Manewada,265.88,0,253.52,228.4,0.9367,0.063,33.7,night
2024-01-17 00:00:00,Hingna,184.72,0,174.83,238.49,0.9133,0.1626,29.1,night
2024-01-17 01:00:00,Dharampeth,237.66,0,240.8,232.38,0.9198,0.0349,30.2,night
2024-01-17 01:00:00,Sitabuldi,209.45,0,221.67,229.87,0.9413,0.1713,30.3,night
2024-01-17 01:00:00,Gandhibagh,289.58,0,300.59,224.68,0.9157,0.0139,30.2,night
2024-01-17 01:00:00,Lakadganj,285.05,0,276.53,234.76,0.9222,0.1694,28.3,night
2024-01-17 01:00:00,Sadar,340.99,0,330.06,223.89,0.9257,0.102,27.6,night
2024-01-17 01:00:00,Itwari,282.21,0,279.44,232.38,0.9118,0.0557,27.8,night
2024-01-17 01:00:00,Manewada,239.39,0,215.51,225.06,0.8852,0.0164,28.8,night
2024-01-17 01:00:00,Hingna,297.08,0,288.7,222.61,0.8927,0.0559,32.3,night
2024-01-17 02:00:00,Dharampeth,220.82,0,229.04,231.46,0.8477,0.1619,32.0,night
2024-01-17 02:00:00,Sitabuldi,248.36,0,268.48,223.01,0.9204,0.0196,31.0,night
2024-01-17 02:00:00,Gandhibagh,202.7,0,204.47,237.85,0.8905,0.1572,31.9,night
2024-01-17 02:00:00,Lakadganj,284.11,0,287.06,232.73,0.8943,0.0436,31.4,night
2024-01-17 02:00:00,Sadar,220.44,0,215.73,220.87,0.8521,0.0971,33.2,night
2024-01-17 02:00:00,Itwari,205.17,0,219.48,230.15,0.8988,0.0683,31.2,night
2024-01-17 02:00:00,Manewada,279.46,0,290.97,227.77,0.9102,0.0181,28.1,night
2024-01-17 02:00:00,Hingna,228.96,0,248.35,226.33,0.9549,0.0636,28.5,night
2024-01-17 03:00:00,Dharampeth,205.59,0,191.05,229.0,0.9032,0.0784,33.4,night
2024-01-17 03:00:00,Sitabuldi,241.23,0,249.74,220.05,0.8764,0.1056,29.6,night
2024-01-17 03:00:00,Gandhibagh,199.07,0,212.31,221.2,0.9076,0.0114,32.3,night
2024-01-17 03:00:00,Lakadganj,251.97,0,261.63,232.55,0.9425,0.0487,31.1,night
2024-01-17 03:00:00,Sadar,284.06,0,272.27,236.47,0.9442,0.0457,26.4,night
2024-01-17 03:00:00,Itwari,242.93,0,230.08,229.16,0.9619,0.094,29.9,night
2024-01-17 03:00:00,Manewada,197.34,0,199.01,231.08,0.9742,0.0404,32.9,night
2024-01-17 03:00:00,Hingna,287.61,0,302.96,236.06,0.9652,0.1222,29.9,night
2024-01-17 04:00:00,Dharampeth,243.18,0,238.36,231.19,0.91,0.006,31.0,night
2024-01-17 04:00:00,Sitabuldi,224.65,0,221.54,240.05,0.9474,0.0657,32.3,night
2024-01-17 04:00:00,Gandhibagh,263.75,0,261.12,232.27,0.9228,0.1222,28.1,night
2024-01-17 04:00:00,Lakadganj,188.24,0,196.75,225.76,0.9284,0.0786,30.7,night
2024-01-17 04:00:00,Sadar,255.38,0,251.4,232.73,0.8831,0.136,29.6,night
2024-01-17 04:00:00,Itwari,265.39,0,272.71,229.39,0.8744,0.6515,29.7,night
2024-01-17 04:00:00,Manewada,302.23,0,296.7,227.53,0.906,0.0992,32.0,night
2024-01-17 04:00:00,Hingna,243.61,0,257.05,232.75,0.8644,0.1609,33.8,night
2024-01-17 05:00:00,Dharampeth,197.56,0,182.65,223.13,0.9661,0.1723,32.7,night
2024-01-17 05:00:00,Sitabuldi,276.15,0,277.56,227.98,0.9277,0.175,29.0,night
2024-01-17 05:00:00,Gandhibagh,220.19,0,226.8,223.25,0.9688,0.1758,30.4,night
2024-01-17 05:00:00,Lakadganj,209.35,0,214.07,233.75,0.9195,0.0508,31.7,night
2024-01-17 05:00:00,Sadar,340.37,0,341.5,235.15,1.0,0.0516,32.1,night
2024-01-17 05:00:00,Itwari,210.42,0,214.89,228.14,0.9124,0.1324,28.1,night
2024-01-17 05:00:00,Manewada,247.77,0,251.9,231.68,0.8874,0.0638,33.8,night
2024-01-17 05:00:00,Hingna,172.76,0,184.6,230.21,0.8808,0.0384,30.4,night
2024-01-17 06:00:00,Dharampeth,264.15,0,262.13,230.83,0.9067,0.1031,29.3,daytime
2024-01-17 06:00:00,Sitabuldi,255.28,0,256.02,228.67,0.9135,0.1447,30.1,daytime
2024-01-17 06:00:00,Gandhibagh,227.98,0,233.22,225.41,0.9509,0.115,33.7,daytime
2024-01-17 06:00:00,Lakadganj,225.9,0,215.8,226.52,0.9631,0.0626,31.6,daytime
2024-01-17 06:00:00,Sadar,202.97,0,215.85,230.8,0.8548,0.1214,30.0,daytime
2024-01-17 06:00:00,Itwari,263.55,12.13,263.61,234.14,0.88,0.0665,30.0,daytime
2024-01-17 06:00:00,Manewada,263.82,11.8,230.53,229.21,0.9828,0.0926,28.8,daytime
2024-01-17 06:00:00,Hingna,225.25,0,203.76,228.13,0.9197,0.0197,33.9,daytime
2024-01-17 07:00:00,Dharampeth,281.17,41.99,224.68,231.62,0.9108,0.0708,28.7,daytime
2024-01-17 07:00:00,Sitabuldi,304.24,62.75,261.75,222.12,0.9188,0.0365,29.2,daytime
2024-01-17 07:00:00,Gandhibagh,280.36,62.74,236.12,228.48,0.8916,0.0915,29.8,daytime
2024-01-17 07:00:00,Lakadganj,200.46,38.82,163.17,223.85,0.8849,0.0594,31.9,daytime
2024-01-17 07:00:00,Sadar,254.32,52.69,185.3,228.42,0.9629,0.0391,32.7,daytime
2024-01-17 07:00:00,Itwari,285.94,32.15,244.3,226.26,0.9629,0.119,31.3,daytime
2024-01-17 07:00:00,Manewada,296.87,33.07,271.16,224.85,0.9167,0.1756,30.4,daytime
2024-01-17 07:00:00,Hingna,269.94,40.52,211.2,234.04,0.9391,0.0363,29.5,daytime
2024-01-17 08:00:00,Dharampeth,255.81,85.62,170.07,228.43,0.896,0.1112,29.9,daytime
2024-01-17 08:00:00,Sitabuldi,250.89,77.75,170.16,226.05,0.9383,0.0219,27.7,daytime
2024-01-17 08:00:00,Gandhibagh,261.56,85.12,178.66,230.38,0.962,0.0534,33.1,daytime
2024-01-17 08:00:00,Lakadganj,252.31,102.85,159.28,219.38,0.8877,0.0393,26.9,daytime
2024-01-17 08:00:00,Sadar,236.34,111.49,132.72,225.47,0.9405,0.1051,35.4,daytime
2024-01-17 08:00:00,Itwari,355.19,92.71,267.51,227.21,0.9323,0.0758,26.0,daytime
2024-01-17 08:00:00,Manewada,303.51,119.46,185.51,231.57,0.8881,0.0418,29.4,daytime
2024-01-17 08:00:00,Hingna,265.55,85.45,164.25,233.0,0.937,0.0938,29.5,daytime
2024-01-17 09:00:00,Dharampeth,387.31,112.35,263.54,222.16,0.8881,0.038,28.3,peak
2024-01-17 09:00:00,Sitabuldi,368.07,112.14,243.22,232.13,0.9298,0.0767,29.4,peak
2024-01-17 09:00:00,Gandhibagh,416.87,130.54,284.95,233.17,0.9229,0.1571,30.0,peak
2024-01-17 09:00:00,Lakadganj,357.26,106.51,247.67,230.32,0.9276,0.1338,32.7,peak
2024-01-17 09:00:00,Sadar,403.43,121.18,262.98,226.82,0.8859,0.023,27.0,peak
2024-01-17 09:00:00,Itwari,329.41,124.43,204.98,233.46,0.9441,0.1257,30.2,peak
2024-01-17 09:00:00,Manewada,410.02,133.58,288.89,235.04,0.9665,0.0503,28.5,peak
2024-01-17 09:00:00,Hingna,334.13,137.14,200.89,222.89,0.9212,0.088,29.1,peak
2024-01-17 10:00:00,Dharampeth,336.73,160.72,180.44,231.07,0.9282,0.1723,33.5,peak
2024-01-17 10:00:00,Sitabuldi,379.25,163.61,223.63,223.39,0.9562,0.1456,26.8,peak
2024-01-17 10:00:00,Gandhibagh,335.92,170.94,163.12,223.72,0.8876,0.0515,30.8,peak
2024-01-17 10:00:00,Lakadganj,307.15,162.41,146.2,222.5,0.8936,0.0577,31.3,peak
2024-01-17 10:00:00,Sadar,336.41,170.76,163.52,228.99,0.9096,0.0892,30.8,peak
2024-01-17 10:00:00,Itwari,329.03,145.02,179.26,235.82,0.9013,0.1082,31.4,peak
2024-01-17 10:00:00,Manewada,383.17,147.78,236.63,231.29,0.9027,0.1102,28.1,peak
2024-01-17 10:00:00,Hingna,371.72,165.21,222.66,227.0,0.9158,0.0055,33.5,peak
2024-01-17 11:00:00,Dharampeth,453.71,163.5,309.73,228.46,0.8829,0.1061,29.2,peak
2024-01-17 11:00:00,Sitabuldi,398.97,146.04,237.61,228.82,0.9451,0.0888,30.5,peak
2024-01-17 11:00:00,Gandhibagh,349.28,163.33,167.42,225.32,0.8871,0.0028,29.2,peak
2024-01-17 11:00:00,Lakadganj,326.75,190.19,128.23,228.46,0.9315,0.1788,28.9,peak
2024-01-17 11:00:00,Sadar,353.02,196.1,152.84,232.46,0.9154,0.1106,30.3,peak
2024-01-17 11:00:00,Itwari,341.24,172.95,157.43,225.49,0.9011,0.0507,31.9,peak
2024-01-17 11:00:00,Manewada,309.99,191.22,103.93,224.03,0.9696,0.142,31.6,peak
2024-01-17 11:00:00,Hingna,322.58,179.71,148.2,225.51,0.9271,0.0055,29.5,peak
2024-01-17 12:00:00,Dharampeth,412.9,174.13,248.83,237.17,0.9453,0.1493,30.0,peak
2024-01-17 12:00:00,Sitabuldi,376.05,174.7,189.57,228.8,0.9003,0.0607,26.7,peak
2024-01-17 12:00:00,Gandhibagh,326.9,177.19,141.8,225.32,0.8963,0.0818,28.3,peak
2024-01-17 12:00:00,Lakadganj,360.16,166.32,187.4,227.4,0.9102,0.0312,29.7,peak
2024-01-17 12:00:00,Sadar,281.8,189.52,79.3,232.01,0.8528,0.1689,28.4,peak
2024-01-17 12:00:00,Itwari,367.51,177.86,185.3,225.6,0.8969,0.1506,30.5,peak
2024-01-17 12:00:00,Manewada,348.48,193.52,163.54,224.0,0.9372,0.0395,28.5,peak
2024-01-17 12:00:00,Hingna,376.59,203.12,166.38,229.77,0.9414,0.0598,28.3,peak
2024-01-17 13:00:00,Dharampeth,284.49,163.94,119.33,227.62,0.9388,0.0859,26.9,daytime
2024-01-17 13:00:00,Sitabuldi,253.81,223.56,38.07,229.22,0.8845,0.0261,29.4,daytime
2024-01-17 13:00:00,Gandhibagh,271.63,161.97,92.53,224.62,0.9266,0.1007,28.9,daytime
2024-01-17 13:00:00,Lakadganj,309.82,174.68,131.83,229.68,0.8696,0.0809,30.3,daytime
2024-01-17 13:00:00,Sadar,269.04,156.77,118.18,235.61,0.9158,0.1144,27.4,daytime
2024-01-17 13:00:00,Itwari,229.75,151.64,95.23,227.68,0.9515,0.055,29.1,daytime
2024-01-17 13:00:00,Manewada,307.26,199.46,90.31,224.97,0.9547,0.1718,32.7,daytime
2024-01-17 13:00:00,Hingna,299.54,178.72,138.16,229.42,0.9191,0.094,28.9,daytime
2024-01-17 14:00:00,Dharampeth,205.23,146.35,50.19,223.73,0.9554,0.0577,30.8,daytime
2024-01-17 14:00:00,Sitabuldi,257.1,170.94,73.65,239.95,0.9248,0.1389,30.0,daytime
2024-01-17 14:00:00,Gandhibagh,276.19,167.49,118.07,218.3,0.9241,0.0331,30.5,daytime
2024-01-17 14:00:00,Lakadganj,204.39,143.64,81.33,229.8,0.8953,0.0719,29.9,daytime
2024-01-17 14:00:00,Sadar,270.59,151.92,127.99,232.3,0.9502,0.0837,30.6,daytime
2024-01-17 14:00:00,Itwari,282.38,186.15,116.4,222.42,0.9257,0.1136,28.9,daytime
2024-01-17 14:00:00,Manewada,326.71,162.69,161.02,235.49,0.9277,0.172,31.8,daytime
2024-01-17 14:00:00,Hingna,254.51,176.44,86.36,235.34,0.8953,0.042,32.4,daytime
2024-01-17 15:00:00,Dharampeth,302.96,126.29,171.45,238.54,0.9188,0.1282,32.7,daytime
2024-01-17 15:00:00,Sitabuldi,263.76,136.44,136.46,228.25,0.8976,0.1344,27.2,daytime
2024-01-17 15:00:00,Gandhibagh,236.05,145.31,93.64,231.09,0.9172,0.1314,30.8,daytime
2024-01-17 15:00:00,Lakadganj,259.09,134.09,127.08,241.45,0.9667,0.0091,29.7,daytime
2024-01-17 15:00:00,Sadar,349.21,116.4,235.97,233.39,0.8851,0.1125,27.8,daytime
2024-01-17 15:00:00,Itwari,274.49,123.6,139.45,235.37,0.96,0.1386,32.7,daytime
2024-01-17 15:00:00,Manewada,271.93,137.14,120.93,233.25,0.9693,0.0895,30.9,daytime
2024-01-17 15:00:00,Hingna,329.83,111.44,212.47,226.75,0.9086,0.1171,29.6,daytime
2024-01-17 16:00:00,Dharampeth,315.82,82.19,249.2,232.71,0.9127,0.1331,28.6,daytime
2024-01-17 16:00:00,Sitabuldi,287.6,108.12,179.21,233.53,0.9622,0.0133,31.0,daytime
2024-01-17 16:00:00,Gandhibagh,290.04,81.13,201.66,220.62,0.922,0.0645,28.9,daytime
2024-01-17 16:00:00,Lakadganj,324.71,79.18,235.01,241.15,0.8974,0.1394,27.4,daytime
2024-01-17 16:00:00,Sadar,247.18,77.49,170.36,229.49,0.9308,0.0185,28.7,daytime
2024-01-17 16:00:00,Itwari,275.69,93.14,186.86,233.98,0.8828,0.0079,29.9,daytime
2024-01-17 16:00:00,Manewada,282.98,91.91,177.58,226.51,0.8858,0.1058,29.3,daytime
2024-01-17 16:00:00,Hingna,270.22,88.55,190.06,229.89,0.8999,0.1523,30.2,daytime
2024-01-17 17:00:00,Dharampeth,226.06,54.91,167.79,229.44,0.875,0.0414,31.2,daytime
2024-01-17 17:00:00,Sitabuldi,245.17,61.5,178.44,231.25,0.9516,0.1259,28.8,daytime
2024-01-17 17:00:00,Gandhibagh,317.83,56.59,267.55,229.64,0.8507,0.1368,33.0,daytime
2024-01-17 17:00:00,Lakadganj,257.37,19.59,250.76,233.53,0.9229,0.0163,31.2,daytime
2024-01-17 17:00:00,Sadar,328.61,58.27,244.94,226.24,0.8986,0.0386,29.1,daytime
2024-01-17 17:00:00,Itwari,275.61,54.74,214.48,232.06,0.919,0.019,30.2,daytime
2024-01-17 17:00:00,Manewada,216.57,49.42,164.17,231.74,0.8909,0.0361,33.9,daytime
2024-01-17 17:00:00,Hingna,292.06,76.06,198.94,236.21,0.9032,0.0932,25.3,daytime
2024-01-17 18:00:00,Dharampeth,335.47,0,324.55,226.32,0.9216,0.1474,30.7,peak
2024-01-17 18:00:00,Sitabuldi,389.55,0,381.8,228.43,0.9354,0.0196,29.9,peak
2024-01-17 18:00:00,Gandhibagh,396.94,3.75,392.14,223.63,0.8898,0.1216,28.4,peak
2024-01-17 18:00:00,Lakadganj,250.51,0,256.41,232.79,0.9914,0.1528,29.8,peak
2024-01-17 18:00:00,Sadar,374.62,16.78,339.41,225.78,0.8987,0.085,31.8,peak
2024-01-17 18:00:00,Itwari,430.6,0,432.95,235.31,0.9126,0.1404,32.8,peak
2024-01-17 18:00:00,Manewada,386.26,0,406.2,237.88,0.9499,0.1549,28.1,peak
2024-01-17 18:00:00,Hingna,379.69,25.09,354.62,234.88,0.9562,0.0878,28.0,peak
2024-01-17 19:00:00,Dharampeth,422.06,0,414.9,239.33,0.8649,0.1748,31.2,peak
2024-01-17 19:00:00,Sitabuldi,340.86,0,328.09,236.36,0.938,0.0352,31.3,peak
2024-01-17 19:00:00,Gandhibagh,396.14,0,390.53,228.37,0.8924,0.1082,27.8,peak
2024-01-17 19:00:00,Lakadganj,349.59,0,351.75,233.12,0.9303,0.1371,28.3,peak
2024-01-17 19:00:00,Sadar,300.34,0,295.02,229.33,0.9517,0.0464,31.8,peak
2024-01-17 19:00:00,Itwari,267.65,0,247.53,233.11,0.9404,0.103,28.4,peak
2024-01-17 19:00:00,Manewada,310.4,0,322.03,227.24,0.9004,0.045,28.4,peak
2024-01-17 19:00:00,Hingna,319.04,0,322.09,224.28,0.9205,0.0094,30.7,peak
2024-01-17 20:00:00,Dharampeth,298.81,0,304.54,231.39,0.9009,0.0638,27.8,peak
2024-01-17 20:00:00,Sitabuldi,333.98,0,350.5,227.67,0.9159,0.162,29.4,peak
2024-01-17 20:00:00,Gandhibagh,262.03,0,288.14,237.05,0.947,0.0819,29.7,peak
2024-01-17 20:00:00,Lakadganj,315.38,0,306.34,228.16,1.0,0.0755,33.3,peak
2024-01-17 20:00:00,Sadar,304.47,0,313.26,234.55,0.9349,0.0993,31.6,peak
2024-01-17 20:00:00,Itwari,307.22,0,296.19,230.1,0.9557,0.0988,30.5,peak
2024-01-17 20:00:00,Manewada,354.45,0,369.12,238.45,0.8959,0.1479,27.9,peak
2024-01-17 20:00:00,Hingna,333.1,0,338.85,230.33,0.9857,0.0814,33.2,peak
2024-01-17 21:00:00,Dharampeth,325.05,0,326.78,229.93,0.965,0.135,31.6,peak
2024-01-17 21:00:00,Sitabuldi,287.77,0,280.12,233.7,0.8951,0.1316,30.5,peak
2024-01-17 21:00:00,Gandhibagh,293.27,0,287.64,230.69,0.9368,0.0715,29.2,peak
2024-01-17 21:00:00,Lakadganj,397.22,0,377.85,224.11,0.9697,0.0089,29.4,peak
2024-01-17 21:00:00,Sadar,361.27,0,357.7,231.66,0.93,0.0859,31.5,peak
2024-01-17 21:00:00,Itwari,371.05,0,377.34,224.13,0.8924,0.0475,29.9,peak
2024-01-17 21:00:00,Manewada,308.09,0,299.25,222.8,0.9253,0.0803,31.1,peak
2024-01-17 21:00:00,Hingna,291.46,0,290.56,224.33,0.9221,0.1418,31.2,peak
2024-01-17 22:00:00,Dharampeth,293.8,0,295.04,233.52,0.9493,0.0041,33.2,peak
2024-01-17 22:00:00,Sitabuldi,338.18,0,352.48,219.83,0.9048,0.0589,29.0,peak
2024-01-17 22:00:00,Gandhibagh,312.21,0,324.48,224.83,0.9064,0.1328,29.0,peak
2024-01-17 22:00:00,Lakadganj,332.4,0,329.83,222.59,0.8867,0.0095,32.8,peak
2024-01-17 22:00:00,Sadar,345.04,0,350.01,229.95,0.936,0.1752,30.5,peak
2024-01-17 22:00:00,Itwari,346.36,0,343.47,223.32,0.8825,0.0329,31.4,peak
2024-01-17 22:00:00,Manewada,308.71,0,309.05,234.07,0.8957,0.1114,31.7,peak
2024-01-17 22:00:00,Hingna,358.09,0,369.37,231.13,0.9147,0.0753,30.4,peak
2024-01-17 23:00:00,Dharampeth,225.25,0,232.71,235.92,0.9044,0.3282,32.0,night
2024-01-17 23:00:00,Sitabuldi,204.96,0,199.04,228.09,0.8898,0.1589,29.2,night
2024-01-17 23:00:00,Gandhibagh,232.16,0,222.74,230.72,0.9311,0.1527,33.2,night
2024-01-17 23:00:00,Lakadganj,266.23,0,285.24,228.62,0.8906,0.1553,34.3,night
2024-01-17 23:00:00,Sadar,252.81,0,255.86,224.77,0.9313,0.0426,29.8,night
2024-01-17 23:00:00,Itwari,265.98,0,287.43,228.38,0.8882,0.1537,31.0,night
2024-01-17 23:00:00,Manewada,256.7,0,276.24,237.63,0.933,0.1306,29.3,night
2024-01-17 23:00:00,Hingna,200.64,0,205.82,234.42,0.9316,0.0213,29.9,night
2024-01-18 00:00:00,Dharampeth,308.69,0,291.53,228.6,0.882,0.176,31.9,night
2024-01-18 00:00:00,Sitabuldi,266.83,0,257.59,228.94,0.937,0.1559,32.5,night
2024-01-18 00:00:00,Gandhibagh,209.45,0,220.36,240.15,0.9524,0.0986,28.8,night
2024-01-18 00:00:00,Lakadganj,270.36,0,268.53,227.78,0.9384,0.0831,26.4,night
2024-01-18 00:00:00,Sadar,256.19,0,256.73,233.11,1.0,0.0026,29.5,night
2024-01-18 00:00:00,Itwari,267.66,0,271.27,235.92,0.9565,0.0094,29.8,night
2024-01-18 00:00:00,Manewada,167.09,0,167.85,227.38,0.8628,0.0862,32.8,night
2024-01-18 00:00:00,Hingna,272.63,0,293.63,222.69,0.9538,0.0387,28.9,night
2024-01-18 01:00:00,Dharampeth,216.88,0,208.8,220.89,0.9373,0.0702,30.3,night
2024-01-18 01:00:00,Sitabuldi,253.8,0,272.55,229.61,0.8668,0.1715,31.1,night
2024-01-18 01:00:00,Gandhibagh,194.13,0,185.78,234.59,0.8875,0.1104,29.5,night
2024-01-18 01:00:00,Lakadganj,240.19,0,222.77,234.32,0.8863,0.0327,29.1,night
2024-01-18 01:00:00,Sadar,281.75,0,274.48,226.44,0.9137,0.1284,30.6,night
2024-01-18 01:00:00,Itwari,236.85,0,228.75,234.0,0.8996,0.0925,29.5,night
2024-01-18 01:00:00,Manewada,190.22,0,198.26,235.48,0.9,0.0206,32.0,night
2024-01-18 01:00:00,Hingna,269.97,0,261.82,233.04,0.9106,0.0828,30.8,night
2024-01-18 02:00:00,Dharampeth,226.4,0,232.37,230.13,0.9743,0.101,31.3,night
2024-01-18 02:00:00,Sitabuldi,245.96,0,267.01,228.1,0.8961,0.0947,29.7,night
2024-01-18 02:00:00,Gandhibagh,198.43,0,187.15,227.01,0.8734,0.1526,32.9,night
2024-01-18 02:00:00,Lakadganj,211.77,0,198.78,229.31,0.8743,0.0354,30.6,night
2024-01-18 02:00:00,Sadar,266.88,0,275.05,227.93,0.9404,0.4641,27.8,night
2024-01-18 02:00:00,Itwari,247.76,0,252.38,223.3,0.9215,0.0374,30.0,night
2024-01-18 02:00:00,Manewada,253.93,0,241.87,226.76,0.9019,0.0468,25.8,night
2024-01-18 02:00:00,Hingna,232.74,0,230.92,224.34,0.8416,0.094,29.4,night
2024-01-18 03:00:00,Dharampeth,315.54,0,305.1,231.35,0.9302,0.0571,27.6,night
2024-01-18 03:00:00,Sitabuldi,216.4,0,221.98,223.81,0.9791,0.1518,31.5,night
2024-01-18 03:00:00,Gandhibagh,203.5,0,214.62,234.67,0.9103,0.1488,28.2,night
2024-01-18 03:00:00,Lakadganj,197.24,0,194.4,227.76,0.9715,0.0952,31.5,night
2024-01-18 03:00:00,Sadar,248.95,0,249.77,230.47,0.9576,0.1387,27.8,night
2024-01-18 03:00:00,Itwari,262.27,0,268.97,236.45,0.9729,0.0402,26.2,night
2024-01-18 03:00:00,Manewada,246.95,0,249.31,228.63,0.9056,0.1099,31.4,night
2024-01-18 03:00:00,Hingna,176.64,0,174.44,221.71,0.9178,0.0319,30.6,night
2024-01-18 04:00:00,Dharampeth,288.75,0,288.61,228.74,0.9544,0.0981,35.2,night
2024-01-18 04:00:00,Sitabuldi,254.76,0,248.94,232.11,0.9054,0.1407,30.5,night
2024-01-18 04:00:00,Gandhibagh,314.51,0,316.14,226.02,0.894,0.0008,32.0,night
2024-01-18 04:00:00,Lakadganj,253.83,0,266.09,226.74,0.9238,0.3403,31.3,night
2024-01-18 04:00:00,Sadar,235.39,0,229.97,240.14,0.8758,0.042,28.0,night
2024-01-18 04:00:00,Itwari,291.59,0,287.69,226.94,0.9203,0.0656,29.8,night
2024-01-18 04:00:00,Manewada,226.9,0,218.88,230.16,0.9031,0.1213,32.3,night
2024-01-18 04:00:00,Hingna,277.7,0,285.0,222.71,0.9025,0.1081,31.3,night
2024-01-18 05:00:00,Dharampeth,294.24,0,289.0,230.32,0.9066,0.0923,29.4,night
2024-01-18 05:00:00,Sitabuldi,179.18,0,183.75,224.61,0.9345,0.0708,30.4,night
2024-01-18 05:00:00,Gandhibagh,190.58,0,190.69,227.3,0.8708,0.0295,29.1,night
2024-01-18 05:00:00,Lakadganj,279.61,0,301.79,225.72,0.9519,0.1787,27.3,night
2024-01-18 05:00:00,Sadar,173.42,0,186.61,237.75,0.9476,0.0427,29.1,night
2024-01-18 05:00:00,Itwari,252.9,0,233.58,235.59,0.8756,0.1246,30.7,night
2024-01-18 05:00:00,Manewada,279.81,0,285.26,235.6,0.9121,0.117,29.4,night
2024-01-18 05:00:00,Hingna,294.02,0,275.74,222.9,0.9143,0.0537,33.8,night
2024-01-18 06:00:00,Dharampeth,268.66,36.46,228.37,226.63,0.8718,0.0256,28.2,daytime
2024-01-18 06:00:00,Sitabuldi,314.18,0,311.01,226.89,0.9238,0.0017,30.9,daytime
2024-01-18 06:00:00,Gandhibagh,233.43,12.51,211.34,224.11,0.9162,0.0759,29.4,daytime
2024-01-18 06:00:00,Lakadganj,297.66,0,297.48,225.42,0.9276,0.1685,30.1,daytime
2024-01-18 06:00:00,Sadar,270.21,0,273.37,216.52,0.902,0.0021,29.3,daytime
2024-01-18 06:00:00,Itwari,308.45,17.52,275.49,228.42,0.9152,0.0162,27.0,daytime
2024-01-18 06:00:00,Manewada,262.89,0,264.71,228.96,0.9026,0.1653,31.5,daytime
2024-01-18 06:00:00,Hingna,273.47,14.87,259.73,233.13,0.8829,0.1329,30.4,daytime
2024-01-18 07:00:00,Dharampeth,267.07,72.77,196.02,234.37,0.8793,0.0674,30.9,daytime
2024-01-18 07:00:00,Sitabuldi,275.88,38.2,222.95,240.34,0.9143,0.1017,31.5,daytime
2024-01-18 07:00:00,Gandhibagh,243.62,46.19,214.19,228.95,0.965,0.0461,33.0,daytime
2024-01-18 07:00:00,Lakadganj,267.02,41.75,227.36,225.96,0.8957,0.0815,31.2,daytime
2024-01-18 07:00:00,Sadar,346.22,62.04,281.88,234.39,0.9291,0.0626,27.6,daytime
2024-01-18 07:00:00,Itwari,379.18,32.71,337.57,230.35,0.9535,0.1168,29.9,daytime
2024-01-18 07:00:00,Manewada,282.63,61.02,233.58,225.33,0.9515,0.0709,29.5,daytime
2024-01-18 07:00:00,Hingna,324.12,52.74,283.3,233.47,0.8735,0.1389,29.7,daytime
2024-01-18 08:00:00,Dharampeth,292.29,98.13,187.32,229.47,0.9276,0.0379,31.8,daytime
2024-01-18 08:00:00,Sitabuldi,252.87,69.05,175.9,222.31,0.8902,0.0803,29.9,daytime
2024-01-18 08:00:00,Gandhibagh,304.91,93.53,202.57,222.84,0.9238,0.0605,32.0,daytime
2024-01-18 08:00:00,Lakadganj,218.84,108.66,93.64,225.84,0.9243,0.0027,32.4,daytime
2024-01-18 08:00:00,Sadar,288.71,86.58,206.37,222.27,0.9422,0.1115,29.9,daytime
2024-01-18 08:00:00,Itwari,257.19,103.9,152.91,231.79,0.9304,0.1031,28.9,daytime
2024-01-18 08:00:00,Manewada,278.98,87.8,204.24,224.03,0.9248,0.1536,30.8,daytime
2024-01-18 08:00:00,Hingna,287.72,75.57,195.15,228.15,0.9171,0.1247,29.6,daytime
2024-01-18 09:00:00,Dharampeth,388.63,137.95,248.49,225.21,0.9259,0.0266,28.2,peak
2024-01-18 09:00:00,Sitabuldi,368.84,121.3,250.31,233.24,0.8787,0.0497,35.2,peak
2024-01-18 09:00:00,Gandhibagh,390.95,159.23,252.88,238.23,0.9215,0.1485,29.7,peak
2024-01-18 09:00:00,Lakadganj,342.04,146.1,183.85,244.4,0.8837,0.0664,32.0,peak
2024-01-18 09:00:00,Sadar,350.78,159.58,194.47,231.6,0.887,0.166,32.2,peak
2024-01-18 09:00:00,Itwari,332.74,131.8,202.65,223.03,0.9867,0.0475,27.7,peak
2024-01-18 09:00:00,Manewada,399.75,121.91,279.72,231.01,0.9248,0.3029,27.7,peak
2024-01-18 09:00:00,Hingna,379.28,120.18,261.41,229.57,0.9161,0.0845,28.9,peak
2024-01-18 10:00:00,Dharampeth,379.14,179.14,175.8,232.85,0.933,0.057,32.5,peak
2024-01-18 10:00:00,Sitabuldi,353.7,138.92,209.8,226.46,0.8906,0.0609,33.1,peak
2024-01-18 10:00:00,Gandhibagh,355.3,135.06,227.89,233.82,0.9211,0.0771,29.0,peak
2024-01-18 10:00:00,Lakadganj,343.88,163.33,174.85,230.76,0.897,0.0211,34.1,peak
2024-01-18 10:00:00,Sadar,367.45,146.09,214.24,233.54,0.9711,0.0551,33.7,peak
2024-01-18 10:00:00,Itwari,338.07,149.29,180.42,225.15,0.9739,0.1042,31.1,peak
2024-01-18 10:00:00,Manewada,392.26,146.62,257.64,228.21,0.9658,0.0688,32.6,peak
2024-01-18 10:00:00,Hingna,308.26,153.61,167.75,224.95,0.924,0.0166,29.7,peak
2024-01-18 11:00:00,Dharampeth,330.83,185.28,144.44,231.11,0.9333,0.1669,33.1,peak
2024-01-18 11:00:00,Sitabuldi,327.24,161.95,159.19,229.12,0.9072,0.0851,33.7,peak
2024-01-18 11:00:00,Gandhibagh,359.42,158.73,212.89,229.26,0.8768,0.1679,31.4,peak
2024-01-18 11:00:00,Lakadganj,329.12,165.95,166.65,232.89,0.913,0.1791,25.3,peak
2024-01-18 11:00:00,Sadar,371.9,166.0,189.42,244.9,0.9378,0.1138,35.9,peak
2024-01-18 11:00:00,Itwari,398.73,173.91,227.78,231.57,0.9697,0.0316,29.3,peak
2024-01-18 11:00:00,Manewada,296.77,157.48,120.86,236.94,0.8826,0.0739,32.0,peak
2024-01-18 11:00:00,Hingna,394.22,188.33,204.26,226.39,0.9389,0.1703,31.1,peak
2024-01-18 12:00:00,Dharampeth,367.05,193.17,157.25,230.67,0.8849,0.1407,31.0,peak
2024-01-18 12:00:00,Sitabuldi,288.83,181.37,116.07,233.2,0.9438,0.139,30.7,peak
2024-01-18 12:00:00,Gandhibagh,352.7,171.71,178.59,220.91,0.9282,0.1087,29.0,peak
2024-01-18 12:00:00,Lakadganj,387.68,181.46,202.49,229.86,0.8991,0.0063,30.8,peak
2024-01-18 12:00:00,Sadar,332.21,190.4,147.89,230.13,0.9328,0.0659,28.9,peak
2024-01-18 12:00:00,Itwari,333.21,157.92,156.47,217.79,0.9203,0.0399,30.6,peak
2024-01-18 12:00:00,Manewada,373.28,182.16,194.31,230.31,0.9259,0.1052,28.9,peak
2024-01-18 12:00:00,Hingna,361.72,184.43,191.61,236.32,0.9069,0.1645,33.7,peak
2024-01-18 13:00:00,Dharampeth,290.69,199.82,90.58,227.03,0.9414,0.0077,32.0,daytime
2024-01-18 13:00:00,Sitabuldi,286.26,171.72,95.84,231.27,0.9104,0.0751,32.0,daytime
2024-01-18 13:00:00,Gandhibagh,305.92,168.04,137.45,228.64,0.895,0.0494,26.8,daytime
2024-01-18 13:00:00,Lakadganj,316.3,188.21,124.32,232.47,0.9769,0.1477,33.6,daytime
2024-01-18 13:00:00,Sadar,271.24,182.42,82.05,228.97,0.8951,0.0666,31.5,daytime
2024-01-18 13:00:00,Itwari,156.72,157.27,10,223.68,0.9178,0.5256,31.7,daytime
2024-01-18 13:00:00,Manewada,268.19,169.36,78.27,232.68,0.9041,0.0598,33.8,daytime
2024-01-18 13:00:00,Hingna,297.31,186.33,122.56,231.39,0.9245,0.0765,32.2,daytime
2024-01-18 14:00:00,Dharampeth,320.08,148.62,178.47,227.04,0.9671,0.1276,28.6,daytime
2024-01-18 14:00:00,Sitabuldi,293.94,166.59,105.6,235.28,0.8627,0.1009,31.8,daytime
2024-01-18 14:00:00,Gandhibagh,277.61,145.82,126.07,227.84,0.954,0.0986,31.0,daytime
2024-01-18 14:00:00,Lakadganj,305.36,143.85,161.96,229.75,0.9114,0.048,27.4,daytime
2024-01-18 14:00:00,Sadar,272.51,161.19,121.4,226.96,0.8884,0.032,32.2,daytime
2024-01-18 14:00:00,Itwari,236.87,114.92,117.08,226.85,0.9366,0.0856,31.6,daytime
2024-01-18 14:00:00,Manewada,271.33,168.34,116.16,234.2,0.949,0.1175,30.1,daytime
2024-01-18 14:00:00,Hingna,282.12,164.27,119.54,232.26,0.8944,0.69,31.3,daytime
2024-01-18 15:00:00,Dharampeth,307.33,139.91,181.96,227.71,0.9076,0.087,30.2,daytime
2024-01-18 15:00:00,Sitabuldi,269.63,134.77,131.91,232.16,0.9329,0.0261,25.8,daytime
2024-01-18 15:00:00,Gandhibagh,227.17,133.23,99.85,220.73,0.9352,0.0046,29.0,daytime
2024-01-18 15:00:00,Lakadganj,240.94,150.94,103.68,225.33,0.8789,0.0177,30.7,daytime
2024-01-18 15:00:00,Sadar,294.04,128.26,170.23,226.53,0.925,0.0098,31.4,daytime
2024-01-18 15:00:00,Itwari,241.81,136.31,100.73,230.45,0.9291,0.0944,30.3,daytime
2024-01-18 15:00:00,Manewada,245.63,118.71,123.35,221.35,0.9266,0.1441,28.3,daytime
2024-01-18 15:00:00,Hingna,249.68,107.53,145.58,236.69,0.9,0.0654,29.3,daytime
2024-01-18 16:00:00,Dharampeth,286.06,96.12,191.41,243.08,0.8889,0.1482,28.4,daytime
2024-01-18 16:00:00,Sitabuldi,346.42,93.4,245.02,237.52,0.9863,0.154,30.2,daytime
2024-01-18 16:00:00,Gandhibagh,271.87,93.23,188.39,231.51,0.9316,0.4558,26.7,daytime
2024-01-18 16:00:00,Lakadganj,281.63,83.0,188.02,226.79,0.9588,0.0697,33.1,daytime
2024-01-18 16:00:00,Sadar,278.34,72.6,208.07,232.96,0.8772,0.0476,30.2,daytime
2024-01-18 16:00:00,Itwari,299.89,102.06,210.84,235.56,0.9422,0.1477,32.0,daytime
2024-01-18 16:00:00,Manewada,218.06,77.95,131.27,223.79,0.9476,0.1183,32.6,daytime
2024-01-18 16:00:00,Hingna,271.4,97.76,182.52,234.34,0.9316,0.0658,31.8,daytime
2024-01-18 17:00:00,Dharampeth,341.05,34.52,276.68,233.86,0.8919,0.1463,28.9,daytime
2024-01-18 17:00:00,Sitabuldi,311.32,42.08,269.92,220.75,0.9373,0.0482,32.8,daytime
2024-01-18 17:00:00,Gandhibagh,288.32,32.94,250.96,234.44,0.9078,0.1703,30.1,daytime
2024-01-18 17:00:00,Lakadganj,243.27,31.23,201.09,229.26,0.9392,0.0324,32.9,daytime
2024-01-18 17:00:00,Sadar,287.13,49.58,242.05,228.57,0.9089,0.0531,32.6,daytime
2024-01-18 17:00:00,Itwari,273.04,41.21,235.55,228.11,0.8742,0.0932,32.1,daytime
2024-01-18 17:00:00,Manewada,245.59,9.74,237.57,230.53,0.868,0.1178,29.4,daytime
2024-01-18 17:00:00,Hingna,273.91,52.09,218.37,238.57,0.8923,0.0244,32.7,daytime
2024-01-18 18:00:00,Dharampeth,412.97,0,405.54,236.31,0.8517,0.0411,31.5,peak
2024-01-18 18:00:00,Sitabuldi,367.84,11.0,347.45,227.45,0.951,0.1236,27.9,peak
2024-01-18 18:00:00,Gandhibagh,363.59,0,348.2,237.89,0.9136,0.0519,32.2,peak
2024-01-18 18:00:00,Lakadganj,313.55,9.11,295.81,236.02,0.8868,0.1754,29.2,peak
2024-01-18 18:00:00,Sadar,340.55,0,339.58,224.71,0.9816,0.1294,30.1,peak
2024-01-18 18:00:00,Itwari,305.72,20.21,294.14,222.99,0.8951,0.1325,32.1,peak
2024-01-18 18:00:00,Manewada,387.91,0.18,408.15,225.32,0.9794,0.0804,28.7,peak
2024-01-18 18:00:00,Hingna,382.31,15.55,360.09,244.74,0.9521,0.0706,31.9,peak
2024-01-18 19:00:00,Dharampeth,354.49,0,343.4,229.3,0.9134,0.1679,30.6,peak
2024-01-18 19:00:00,Sitabuldi,330.42,0,325.68,219.07,0.8998,0.1476,30.8,peak
2024-01-18 19:00:00,Gandhibagh,319.23,0,310.33,228.32,0.9162,0.1302,30.2,peak
2024-01-18 19:00:00,Lakadganj,340.7,0,332.37,225.68,0.9077,0.0051,33.7,peak
2024-01-18 19:00:00,Sadar,322.73,0,316.05,229.71,0.9264,0.0372,31.6,peak
2024-01-18 19:00:00,Itwari,320.79,0,322.7,236.28,0.9289,0.1153,30.1,peak
2024-01-18 19:00:00,Manewada,327.5,0,347.56,224.43,0.8818,0.0387,28.7,peak
2024-01-18 19:00:00,Hingna,328.98,0,299.72,238.94,0.8932,0.0928,27.6,peak
2024-01-18 20:00:00,Dharampeth,328.05,0,299.18,227.76,0.906,0.0715,30.4,peak
2024-01-18 20:00:00,Sitabuldi,359.12,0,359.06,238.29,0.931,0.0481,29.8,peak
2024-01-18 20:00:00,Gandhibagh,346.51,0,365.26,231.5,0.9158,0.1379,30.8,peak
2024-01-18 20:00:00,Lakadganj,301.16,0,291.89,229.47,0.9198,0.0252,29.4,peak
2024-01-18 20:00:00,Sadar,321.64,0,323.16,230.16,0.8916,0.0928,30.8,peak
2024-01-18 20:00:00,Itwari,345.44,0,343.82,225.8,0.8848,0.0656,30.1,peak
2024-01-18 20:00:00,Manewada,342.55,0,323.04,240.97,0.9213,0.1717,28.2,peak
2024-01-18 20:00:00,Hingna,337.72,0,334.64,233.51,0.9355,0.0402,29.6,peak
2024-01-18 21:00:00,Dharampeth,378.13,0,383.86,229.13,0.8607,0.0343,30.4,peak
2024-01-18 21:00:00,Sitabuldi,377.06,0,384.17,226.25,0.9181,0.1295,27.4,peak
2024-01-18 21:00:00,Gandhibagh,228.89,0,219.36,225.86,0.9538,0.1131,30.2,peak
2024-01-18 21:00:00,Lakadganj,346.11,0,360.13,232.82,0.8986,0.5248,28.4,peak
2024-01-18 21:00:00,Sadar,289.79,0,288.89,235.72,0.9664,0.1154,31.2,peak
2024-01-18 21:00:00,Itwari,352.55,0,352.91,227.77,0.9167,0.1543,31.1,peak
2024-01-18 21:00:00,Manewada,287.15,0,303.53,228.37,0.9572,0.1059,31.2,peak
2024-01-18 21:00:00,Hingna,336.86,0,322.45,230.74,0.9094,0.1451,32.1,peak
2024-01-18 22:00:00,Dharampeth,308.29,0,306.45,231.55,0.9467,0.1213,28.2,peak
2024-01-18 22:00:00,Sitabuldi,351.41,0,337.28,230.83,0.9611,0.1159,25.9,peak
2024-01-18 22:00:00,Gandhibagh,329.85,0,343.23,225.48,0.9511,0.0149,31.2,peak
2024-01-18 22:00:00,Lakadganj,306.64,0,308.08,235.93,0.8875,0.1532,34.1,peak
2024-01-18 22:00:00,Sadar,268.01,0,261.99,227.12,0.9067,0.0462,31.7,peak
2024-01-18 22:00:00,Itwari,323.12,0,304.35,232.22,0.8819,0.174,31.1,peak
2024-01-18 22:00:00,Manewada,310.83,0,305.31,232.19,0.9009,0.1061,31.9,peak
2024-01-18 22:00:00,Hingna,348.69,0,346.06,227.17,0.9443,0.0404,32.8,peak
2024-01-18 23:00:00,Dharampeth,290.32,0,270.32,225.72,0.9627,0.1153,28.3,night
2024-01-18 23:00:00,Sitabuldi,244.0,0,235.17,217.27,0.9277,0.022,32.3,night
2024-01-18 23:00:00,Gandhibagh,297.95,0,285.99,231.17,0.9693,0.1406,29.9,night
2024-01-18 23:00:00,Lakadganj,243.42,0,241.91,223.86,0.9124,0.0378,31.9,night
2024-01-18 23:00:00,Sadar,228.25,0,217.02,234.64,0.9162,0.1728,33.8,night
2024-01-18 23:00:00,Itwari,209.02,0,197.48,223.86,0.8916,0.0676,30.8,night
2024-01-18 23:00:00,Manewada,229.77,0,237.99,225.95,0.9375,0.3823,28.1,night
2024-01-18 23:00:00,Hingna,225.28,0,215.29,221.1,0.9306,0.1764,30.2,night
2024-01-19 00:00:00,Dharampeth,212.11,0,211.37,231.86,0.9785,0.0605,31.0,night
2024-01-19 00:00:00,Sitabuldi,130.84,0,113.03,226.9,0.9328,0.0288,28.3,night
2024-01-19 00:00:00,Gandhibagh,219.21,0,223.46,227.83,0.9042,0.0735,28.2,night
2024-01-19 00:00:00,Lakadganj,268.58,0,269.73,229.65,0.9599,0.0528,33.3,night
2024-01-19 00:00:00,Sadar,252.66,0,265.78,227.44,0.9535,0.5721,31.2,night
2024-01-19 00:00:00,Itwari,229.13,0,240.01,228.4,0.9034,0.1381,31.1,night
2024-01-19 00:00:00,Manewada,254.37,0,260.56,241.66,0.9305,0.1456,33.5,night
2024-01-19 00:00:00,Hingna,219.79,0,206.96,232.69,0.9709,0.0934,28.8,night
2024-01-19 01:00:00,Dharampeth,211.65,0,223.43,229.39,0.9438,0.0845,32.1,night
2024-01-19 01:00:00,Sitabuldi,227.49,0,222.04,231.28,0.9383,0.0218,30.5,night
2024-01-19 01:00:00,Gandhibagh,193.62,0,196.52,240.18,0.9525,0.0927,31.1,night
2024-01-19 01:00:00,Lakadganj,239.77,0,243.73,221.29,0.8753,0.1491,34.8,night
2024-01-19 01:00:00,Sadar,205.65,0,201.79,232.69,0.9382,0.0077,32.4,night
2024-01-19 01:00:00,Itwari,227.07,0,226.5,227.22,0.8924,0.0353,31.2,night
2024-01-19 01:00:00,Manewada,270.1,0,283.61,228.84,0.9079,0.0816,32.4,night
2024-01-19 01:00:00,Hingna,195.39,0,196.96,228.25,0.8364,0.0207,29.9,night
2024-01-19 02:00:00,Dharampeth,282.67,0,282.23,218.15,0.9135,0.0123,28.9,night
2024-01-19 02:00:00,Sitabuldi,224.32,0,229.31,230.24,0.877,0.0217,31.7,night
2024-01-19 02:00:00,Gandhibagh,243.62,0,257.78,227.35,0.9185,0.0381,32.6,night
2024-01-19 02:00:00,Lakadganj,251.93,0,264.14,234.13,0.8699,0.0391,29.2,night
2024-01-19 02:00:00,Sadar,278.29,0,287.52,239.1,0.9567,0.173,26.0,night
2024-01-19 02:00:00,Itwari,198.52,0,197.45,229.74,0.9036,0.1647,29.2,night
2024-01-19 02:00:00,Manewada,279.72,0,276.31,221.83,0.9507,0.0897,32.4,night
2024-01-19 02:00:00,Hingna,267.61,0,267.94,228.37,0.9254,0.1289,28.5,night
2024-01-19 03:00:00,Dharampeth,250.36,0,264.79,233.62,0.9411,0.0173,31.3,night
2024-01-19 03:00:00,Sitabuldi,225.65,0,215.63,230.81,0.8807,0.1152,29.3,night
2024-01-19 03:00:00,Gandhibagh,169.72,0,158.52,231.82,0.8932,0.0555,30.5,night
2024-01-19 03:00:00,Lakadganj,271.69,0,275.66,231.88,0.9232,0.1116,30.2,night
2024-01-19 03:00:00,Sadar,259.2,0,242.12,228.28,0.8973,0.1405,28.1,night
2024-01-19 03:00:00,Itwari,200.83,0,183.35,222.78,0.9136,0.1396,32.2,night
2024-01-19 03:00:00,Manewada,228.33,0,203.25,238.07,0.937,0.174,30.6,night
2024-01-19 03:00:00,Hingna,252.56,0,266.08,232.2,0.8583,0.0712,31.8,night
2024-01-19 04:00:00,Dharampeth,266.7,0,273.01,230.39,0.9472,0.0758,31.4,night
2024-01-19 04:00:00,Sitabuldi,263.12,0,267.84,227.36,0.9133,0.0464,29.5,night
2024-01-19 04:00:00,Gandhibagh,199.99,0,191.82,242.52,0.8956,0.1119,31.3,night
2024-01-19 04:00:00,Lakadganj,273.05,0,283.41,236.28,0.8976,0.1142,30.1,night
2024-01-19 04:00:00,Sadar,229.98,0,241.23,231.38,0.9108,0.081,28.9,night
2024-01-19 04:00:00,Itwari,246.56,0,258.58,224.36,0.875,0.1584,31.0,night
2024-01-19 04:00:00,Manewada,264.22,0,254.55,232.44,0.894,0.0059,27.8,night
2024-01-19 04:00:00,Hingna,274.83,0,268.59,231.38,0.9177,0.1375,27.2,night
2024-01-19 05:00:00,Dharampeth,176.8,0,162.18,221.79,0.8717,0.1475,33.7,night
2024-01-19 05:00:00,Sitabuldi,279.03,0,276.18,230.55,0.8761,0.6689,33.8,night
2024-01-19 05:00:00,Gandhibagh,316.99,0,331.07,229.0,0.9181,0.0124,30.7,night
2024-01-19 05:00:00,Lakadganj,189.0,0,190.62,229.68,0.9022,0.1255,32.7,night
2024-01-19 05:00:00,Sadar,264.15,0,263.47,230.86,0.9468,0.1103,30.4,night
2024-01-19 05:00:00,Itwari,245.35,0,232.08,227.27,0.9288,0.1023,30.4,night
2024-01-19 05:00:00,Manewada,220.44,0,230.07,223.11,0.879,0.1276,31.8,night
2024-01-19 05:00:00,Hingna,194.1,0,194.99,224.02,0.948,0.1039,32.8,night
2024-01-19 06:00:00,Dharampeth,273.44,8.52,248.37,227.64,0.9472,0.0981,30.0,daytime
2024-01-19 06:00:00,Sitabuldi,299.82,0,306.95,241.85,0.9141,0.1021,33.3,daytime
2024-01-19 06:00:00,Gandhibagh,318.83,24.49,301.26,226.75,0.8815,0.1687,28.3,daytime
2024-01-19 06:00:00,Lakadganj,231.74,0,223.2,231.57,0.8633,0.1205,29.8,daytime
2024-01-19 06:00:00,Sadar,244.1,1.87,238.24,226.82,0.9474,0.0065,28.3,daytime
2024-01-19 06:00:00,Itwari,263.76,15.85,235.68,229.86,0.8795,0.0549,27.9,daytime
2024-01-19 06:00:00,Manewada,334.12,0.1,336.78,229.36,0.8983,0.0616,29.2,daytime
2024-01-19 06:00:00,Hingna,293.06,1.73,289.42,228.71,0.8516,0.0092,28.0,daytime
2024-01-19 07:00:00,Dharampeth,351.96,26.35,325.18,229.97,0.9321,0.1564,34.6,daytime
2024-01-19 07:00:00,Sitabuldi,290.44,48.11,233.83,230.19,1.0,0.0277,32.8,daytime
2024-01-19 07:00:00,Gandhibagh,262.54,51.5,199.03,224.04,0.9402,0.0886,29.6,daytime
2024-01-19 07:00:00,Lakadganj,276.98,13.63,271.05,227.12,0.8929,0.1591,34.2,daytime
2024-01-19 07:00:00,Sadar,299.39,62.05,234.96,230.37,0.9553,0.0594,30.0,daytime
2024-01-19 07:00:00,Itwari,328.11,48.66,270.46,234.79,0.8912,0.0833,29.4,daytime
2024-01-19 07:00:00,Manewada,299.68,53.85,244.41,230.97,0.9003,0.0482,32.1,daytime
2024-01-19 07:00:00,Hingna,291.66,60.72,241.59,227.17,0.9126,0.0308,27.8,daytime
2024-01-19 08:00:00,Dharampeth,321.72,80.12,222.47,234.32,0.9258,0.1223,29.9,daytime
2024-01-19 08:00:00,Sitabuldi,358.18,79.78,266.7,232.03,0.9281,0.0013,31.3,daytime
2024-01-19 08:00:00,Gandhibagh,314.39,79.87,231.99,230.61,0.9119,0.0588,32.6,daytime
2024-01-19 08:00:00,Lakadganj,295.64,84.91,227.42,224.15,0.9181,0.0712,29.5,daytime
2024-01-19 08:00:00,Sadar,265.68,108.63,156.44,225.34,0.9486,0.093,33.6,daytime
2024-01-19 08:00:00,Itwari,244.3,104.6,145.99,227.95,0.9569,0.0301,30.5,daytime
2024-01-19 08:00:00,Manewada,241.42,118.68,127.79,221.79,0.8754,0.1096,28.0,daytime
2024-01-19 08:00:00,Hingna,304.02,89.54,218.7,231.65,0.8847,0.1416,28.5,daytime
2024-01-19 09:00:00,Dharampeth,343.85,136.13,207.76,229.33,0.9852,0.0739,27.4,peak
2024-01-19 09:00:00,Sitabuldi,320.74,149.24,187.91,226.1,0.9419,0.1692,31.1,peak
2024-01-19 09:00:00,Gandhibagh,347.24,147.46,205.6,224.72,0.8982,0.1488,31.2,peak
2024-01-19 09:00:00,Lakadganj,399.42,97.19,299.73,240.37,0.9155,0.0597,31.3,peak
2024-01-19 09:00:00,Sadar,386.57,128.29,265.53,231.7,0.9454,0.1567,29.5,peak
2024-01-19 09:00:00,Itwari,346.0,137.81,215.19,234.74,0.9014,0.0354,34.2,peak
2024-01-19 09:00:00,Manewada,328.69,148.47,186.59,243.19,0.8963,0.0514,28.1,peak
2024-01-19 09:00:00,Hingna,387.91,128.47,266.88,232.31,0.9747,0.0594,28.3,peak
2024-01-19 10:00:00,Dharampeth,406.0,164.38,240.31,235.24,0.8385,0.0046,30.2,peak
2024-01-19 10:00:00,Sitabuldi,345.04,154.17,189.92,241.46,0.9088,0.6607,33.7,peak
2024-01-19 10:00:00,Gandhibagh,397.04,178.91,207.0,226.64,0.8539,0.0803,29.4,peak
2024-01-19 10:00:00,Lakadganj,385.99,176.67,219.7,233.72,0.8916,0.1703,35.6,peak
2024-01-19 10:00:00,Sadar,335.83,167.46,168.04,232.5,0.875,0.0948,29.4,peak
2024-01-19 10:00:00,Itwari,330.28,151.22,191.81,225.47,0.8699,0.1643,29.4,peak
2024-01-19 10:00:00,Manewada,368.0,132.57,219.12,223.88,0.9718,0.1148,27.7,peak
2024-01-19 10:00:00,Hingna,366.43,163.43,193.28,229.76,0.8939,0.0779,34.1,peak
2024-01-19 11:00:00,Dharampeth,363.36,180.64,174.2,225.41,0.9161,0.1436,27.5,peak
2024-01-19 11:00:00,Sitabuldi,334.16,164.2,166.11,229.28,0.9555,0.4989,32.7,peak
2024-01-19 11:00:00,Gandhibagh,338.26,185.01,155.05,229.3,0.9246,0.0397,28.4,peak
2024-01-19 11:00:00,Lakadganj,331.72,183.36,126.56,234.78,0.8945,0.0471,28.7,peak
2024-01-19 11:00:00,Sadar,378.52,181.57,187.66,222.75,0.8831,0.1714,30.2,peak
2024-01-19 11:00:00,Itwari,356.17,174.04,173.9,224.67,0.9225,0.0105,27.9,peak
2024-01-19 11:00:00,Manewada,387.56,170.46,226.72,230.93,0.9121,0.1379,29.7,peak
2024-01-19 11:00:00,Hingna,323.38,163.7,167.67,224.69,0.9319,0.0867,32.5,peak
2024-01-19 12:00:00,Dharampeth,360.3,184.89,185.64,232.78,0.9369,0.0397,30.1,peak
2024-01-19 12:00:00,Sitabuldi,350.19,217.75,136.6,233.73,0.9485,0.0155,31.0,peak
2024-01-19 12:00:00,Gandhibagh,372.0,148.51,233.77,233.8,0.8824,0.0792,29.6,peak
2024-01-19 12:00:00,Lakadganj,382.46,188.37,185.79,235.56,0.9225,0.045,31.9,peak
2024-01-19 12:00:00,Sadar,373.29,162.71,204.31,233.74,0.8658,0.1528,29.8,peak
2024-01-19 12:00:00,Itwari,343.27,226.76,122.15,219.87,0.8783,0.0418,32.2,peak
2024-01-19 12:00:00,Manewada,413.52,186.1,230.35,226.17,0.9195,0.1255,30.3,peak
2024-01-19 12:00:00,Hingna,382.58,153.2,243.92,236.22,0.9297,0.147,29.8,peak
2024-01-19 13:00:00,Dharampeth,260.84,180.51,69.07,226.25,0.9562,0.118,33.3,daytime
2024-01-19 13:00:00,Sitabuldi,251.35,171.98,77.01,229.33,0.9327,0.1725,30.9,daytime
2024-01-19 13:00:00,Gandhibagh,268.03,178.6,93.68,222.88,0.8986,0.1202,33.7,daytime
2024-01-19 13:00:00,Lakadganj,243.91,176.99,52.31,228.56,0.9488,0.0431,33.0,daytime
2024-01-19 13:00:00,Sadar,324.11,176.13,138.51,235.7,0.897,0.0216,28.3,daytime
2024-01-19 13:00:00,Itwari,304.88,188.1,112.54,230.24,0.9166,0.0928,30.3,daytime
2024-01-19 13:00:00,Manewada,245.07,177.02,81.78,224.48,0.9493,0.1302,31.3,daytime
2024-01-19 13:00:00,Hingna,333.48,205.37,119.86,229.28,0.9664,0.0967,34.7,daytime
2024-01-19 14:00:00,Dharampeth,248.9,137.35,126.79,232.32,0.9471,0.0904,33.3,daytime
2024-01-19 14:00:00,Sitabuldi,299.02,156.67,147.23,227.16,0.9355,0.155,30.4,daytime
2024-01-19 14:00:00,Gandhibagh,261.17,158.69,90.73,228.94,0.9336,0.0564,30.5,daytime
2024-01-19 14:00:00,Lakadganj,301.13,136.49,154.15,229.18,0.9564,0.1337,32.5,daytime
2024-01-19 14:00:00,Sadar,259.18,155.17,101.07,235.6,0.9492,0.0789,27.9,daytime
2024-01-19 14:00:00,Itwari,276.58,147.95,127.03,228.79,0.8387,0.1494,34.7,daytime
2024-01-19 14:00:00,Manewada,199.31,150.71,45.07,236.72,0.9656,0.6147,30.4,daytime
2024-01-19 14:00:00,Hingna,315.7,175.48,136.3,229.35,0.8979,0.0716,27.4,daytime
2024-01-19 15:00:00,Dharampeth,267.8,108.64,147.18,233.63,0.8996,0.1209,29.8,daytime
2024-01-19 15:00:00,Sitabuldi,228.83,131.61,84.31,225.34,0.8965,0.0097,29.6,daytime
2024-01-19 15:00:00,Gandhibagh,308.35,109.23,200.6,229.2,0.9204,0.1179,29.7,daytime
2024-01-19 15:00:00,Lakadganj,288.43,145.3,154.27,236.71,0.9578,0.1011,31.1,daytime
2024-01-19 15:00:00,Sadar,254.95,127.53,115.66,226.39,0.8909,0.0228,30.1,daytime
2024-01-19 15:00:00,Itwari,335.82,131.06,186.2,229.13,0.9615,0.0859,29.4,daytime
2024-01-19 15:00:00,Manewada,297.17,127.97,183.15,224.3,0.9416,0.0879,33.0,daytime
2024-01-19 15:00:00,Hingna,305.14,102.13,191.6,237.98,0.978,0.1125,28.6,daytime
2024-01-19 16:00:00,Dharampeth,262.59,115.8,141.95,233.84,0.9084,0.0742,28.3,daytime
2024-01-19 16:00:00,Sitabuldi,321.4,96.03,227.1,229.24,0.833,0.0653,30.3,daytime
2024-01-19 16:00:00,Gandhibagh,249.22,83.75,168.39,234.1,0.9089,0.1103,28.9,daytime
2024-01-19 16:00:00,Lakadganj,299.3,65.64,237.02,235.62,0.9465,0.0066,32.6,daytime
2024-01-19 16:00:00,Sadar,258.33,107.51,159.31,227.49,0.9228,0.0976,32.4,daytime
2024-01-19 16:00:00,Itwari,267.01,96.11,172.44,220.16,0.9114,0.1466,30.4,daytime
2024-01-19 16:00:00,Manewada,284.47,84.85,204.27,231.2,0.8995,0.1199,30.5,daytime
2024-01-19 16:00:00,Hingna,333.03,72.69,257.23,231.9,0.9486,0.0876,32.7,daytime
2024-01-19 17:00:00,Dharampeth,279.41,38.56,228.57,229.26,0.9525,0.07,30.6,daytime
2024-01-19 17:00:00,Sitabuldi,292.58,21.44,255.18,229.28,0.9265,0.1054,31.7,daytime
2024-01-19 17:00:00,Gandhibagh,235.82,56.92,172.52,230.19,0.9363,0.0464,31.4,daytime
2024-01-19 17:00:00,Lakadganj,284.3,51.21,225.43,231.38,0.9305,0.1529,29.5,daytime
2024-01-19 17:00:00,Sadar,308.81,50.16,251.28,231.18,0.9645,0.1618,32.0,daytime
2024-01-19 17:00:00,Itwari,262.75,33.1,228.02,232.13,0.9419,0.1213,28.5,daytime
2024-01-19 17:00:00,Manewada,318.35,38.81,283.1,235.05,0.988,0.0311,27.8,daytime
2024-01-19 17:00:00,Hingna,306.32,31.15,272.99,224.82,0.9113,0.1169,26.1,daytime
2024-01-19 18:00:00,Dharampeth,357.87,19.1,329.5,227.67,0.9229,0.0115,29.1,peak
2024-01-19 18:00:00,Sitabuldi,361.11,0,359.84,240.11,0.9152,0.142,32.8,peak
2024-01-19 18:00:00,Gandhibagh,416.58,0,405.56,225.8,0.9005,0.1351,29.3,peak
2024-01-19 18:00:00,Lakadganj,352.68,0,366.2,231.12,0.905,0.1541,29.9,peak
2024-01-19 18:00:00,Sadar,326.59,0.19,331.29,233.02,0.897,0.1784,31.1,peak
2024-01-19 18:00:00,Itwari,409.33,6.48,393.97,232.23,0.8909,0.1653,30.7,peak
2024-01-19 18:00:00,Manewada,301.15,5.03,311.6,230.81,0.9171,0.133,31.5,peak
2024-01-19 18:00:00,Hingna,375.49,0,368.51,235.15,0.9095,0.1001,31.2,peak
2024-01-19 19:00:00,Dharampeth,359.27,0,370.32,224.97,0.9073,0.0553,31.3,peak
2024-01-19 19:00:00,Sitabuldi,313.71,0,302.97,227.95,0.9053,0.1247,30.2,peak
2024-01-19 19:00:00,Gandhibagh,396.2,0,406.25,230.92,0.8988,0.0153,30.4,peak
2024-01-19 19:00:00,Lakadganj,286.53,0,277.53,223.96,0.9187,0.0342,27.9,peak
2024-01-19 19:00:00,Sadar,305.7,0,308.73,231.72,0.8901,0.0468,34.9,peak
2024-01-19 19:00:00,Itwari,301.51,0,314.42,233.06,0.9125,0.1429,32.5,peak
2024-01-19 19:00:00,Manewada,381.62,0,386.84,235.32,0.9559,0.1317,35.0,peak
2024-01-19 19:00:00,Hingna,308.82,0,310.8,224.14,0.8737,0.1177,29.2,peak
2024-01-19 20:00:00,Dharampeth,315.35,0,318.52,231.44,0.8979,0.106,32.9,peak
2024-01-19 20:00:00,Sitabuldi,371.08,0,363.87,223.4,0.8982,0.0337,32.9,peak
2024-01-19 20:00:00,Gandhibagh,341.73,0,338.77,229.41,0.8866,0.0326,32.9,peak
2024-01-19 20:00:00,Lakadganj,239.23,0,245.31,226.51,0.8807,0.1321,29.8,peak
2024-01-19 20:00:00,Sadar,336.15,0,333.93,234.51,0.9535,0.0506,33.8,peak
2024-01-19 20:00:00,Itwari,286.45,0,280.66,233.68,0.9545,0.0685,31.4,peak
2024-01-19 20:00:00,Manewada,370.9,0,365.92,232.32,0.9246,0.0129,29.7,peak
2024-01-19 20:00:00,Hingna,342.94,0,343.37,229.85,0.922,0.0636,32.1,peak
2024-01-19 21:00:00,Dharampeth,325.36,0,328.17,227.06,0.9018,0.1205,29.6,peak
2024-01-19 21:00:00,Sitabuldi,325.86,0,322.64,221.72,0.9444,0.008,32.9,peak
2024-01-19 21:00:00,Gandhibagh,337.16,0,330.23,225.42,0.9278,0.1521,28.6,peak
2024-01-19 21:00:00,Lakadganj,331.63,0,324.98,232.27,0.9229,0.0755,32.4,peak
2024-01-19 21:00:00,Sadar,409.83,0,408.87,237.24,0.969,0.0296,29.4,peak
2024-01-19 21:00:00,Itwari,293.88,0,301.79,238.78,0.9033,0.1122,31.8,peak
2024-01-19 21:00:00,Manewada,266.72,0,274.1,240.44,0.9067,0.0602,30.3,peak
2024-01-19 21:00:00,Hingna,335.85,0,322.01,223.5,0.8715,0.0909,24.9,peak
2024-01-19 22:00:00,Dharampeth,248.3,0,232.46,228.97,0.9559,0.0769,28.6,peak
2024-01-19 22:00:00,Sitabuldi,356.6,0,350.01,237.94,0.8746,0.0868,30.2,peak
2024-01-19 22:00:00,Gandhibagh,336.91,0,340.41,219.98,0.8402,0.1585,34.0,peak
2024-01-19 22:00:00,Lakadganj,330.84,0,340.04,235.44,0.9206,0.1287,31.2,peak
2024-01-19 22:00:00,Sadar,335.35,0,322.61,233.96,0.9035,0.0134,28.4,peak
2024-01-19 22:00:00,Itwari,301.06,0,276.89,231.9,0.9483,0.151,31.2,peak
2024-01-19 22:00:00,Manewada,272.44,0,254.58,230.12,0.9247,0.1299,29.6,peak
2024-01-19 22:00:00,Hingna,348.98,0,360.99,228.77,0.9458,0.0446,32.4,peak
2024-01-19 23:00:00,Dharampeth,253.41,0,263.78,227.39,0.8887,0.028,30.8,night
2024-01-19 23:00:00,Sitabuldi,277.59,0,271.37,227.9,0.9633,0.0728,30.2,night
2024-01-19 23:00:00,Gandhibagh,238.77,0,246.42,228.98,0.9466,0.5331,32.2,night
2024-01-19 23:00:00,Lakadganj,310.66,0,299.03,230.84,0.9189,0.0849,30.4,night
2024-01-19 23:00:00,Sadar,255.0,0,262.96,224.88,0.9536,0.1683,30.1,night
2024-01-19 23:00:00,Itwari,201.57,0,188.75,227.68,0.8957,0.1004,27.7,night
2024-01-19 23:00:00,Manewada,277.24,0,277.78,230.12,0.9256,0.1733,31.8,night
2024-01-19 23:00:00,Hingna,236.54,0,246.72,223.27,0.9116,0.1536,31.4,night
2024-01-20 00:00:00,Dharampeth,242.91,0,248.78,232.08,0.9129,0.1798,29.2,night
2024-01-20 00:00:00,Sitabuldi,276.38,0,290.15,229.18,0.9123,0.1484,27.4,night
2024-01-20 00:00:00,Gandhibagh,195.1,0,197.97,234.41,0.9164,0.0209,34.2,night
2024-01-20 00:00:00,Lakadganj,202.83,0,191.63,229.43,0.952,0.1335,28.1,night
2024-01-20 00:00:00,Sadar,197.11,0,202.42,236.52,0.919,0.1008,29.7,night
2024-01-20 00:00:00,Itwari,210.21,0,205.28,227.68,0.9179,0.1612,32.7,night
2024-01-20 00:00:00,Manewada,228.29,0,225.8,236.24,0.8998,0.0805,31.7,night
2024-01-20 00:00:00,Hingna,300.5,0,292.57,223.71,0.8776,0.1045,33.8,night
2024-01-20 01:00:00,Dharampeth,309.55,0,325.45,232.37,0.9234,0.0223,27.9,night
2024-01-20 01:00:00,Sitabuldi,221.02,0,214.01,238.52,0.9602,0.0034,31.3,night
2024-01-20 01:00:00,Gandhibagh,218.41,0,225.6,234.43,0.9245,0.1487,31.1,night
2024-01-20 01:00:00,Lakadganj,280.03,0,273.33,232.42,0.9204,0.1358,31.3,night
2024-01-20 01:00:00,Sadar,273.46,0,284.51,226.43,0.9136,0.0999,30.2,night
2024-01-20 01:00:00,Itwari,235.5,0,227.83,232.62,0.9125,0.1577,30.3,night
2024-01-20 01:00:00,Manewada,274.91,0,279.51,234.4,0.8918,0.0262,32.1,night
2024-01-20 01:00:00,Hingna,292.54,0,288.76,227.54,0.9459,0.138,32.3,night
2024-01-20 02:00:00,Dharampeth,262.16,0,263.94,230.73,0.8805,0.0299,31.9,night
2024-01-20 02:00:00,Sitabuldi,230.3,0,239.09,230.47,0.9064,0.029,33.3,night
2024-01-20 02:00:00,Gandhibagh,208.76,0,211.68,223.4,0.9633,0.0414,33.9,night
2024-01-20 02:00:00,Lakadganj,186.5,0,171.77,242.09,0.9076,0.1294,29.5,night
2024-01-20 02:00:00,Sadar,211.7,0,188.87,233.36,0.8718,0.0849,29.9,night
2024-01-20 02:00:00,Itwari,238.48,0,235.62,231.6,0.9224,0.1206,32.5,night
2024-01-20 02:00:00,Manewada,244.52,0,264.02,227.7,0.9292,0.6146,32.6,night
2024-01-20 02:00:00,Hingna,200.74,0,215.85,235.52,0.9314,0.0602,31.9,night
2024-01-20 03:00:00,Dharampeth,244.17,0,226.53,231.55,0.9218,0.0526,29.8,night
2024-01-20 03:00:00,Sitabuldi,273.86,0,283.95,228.42,0.9167,0.1374,29.3,night
2024-01-20 03:00:00,Gandhibagh,262.5,0,270.36,231.88,0.9326,0.1001,32.0,night
2024-01-20 03:00:00,Lakadganj,200.43,0,189.37,227.9,0.9536,0.1587,34.9,night
2024-01-20 03:00:00,Sadar,259.37,0,275.51,230.36,0.9085,0.0789,29.8,night
2024-01-20 03:00:00,Itwari,262.53,0,257.63,227.02,0.9355,0.01,30.4,night
2024-01-20 03:00:00,Manewada,191.58,0,183.71,232.18,0.875,0.0475,30.4,night
2024-01-20 03:00:00,Hingna,227.35,0,223.86,223.44,0.9328,0.0296,31.2,night
2024-01-20 04:00:00,Dharampeth,256.02,0,262.54,228.29,0.9171,0.0019,27.2,night
2024-01-20 04:00:00,Sitabuldi,171.57,0,161.59,228.31,0.9247,0.1293,33.6,night
2024-01-20 04:00:00,Gandhibagh,217.51,0,220.31,228.35,0.9224,0.1733,31.8,night
2024-01-20 04:00:00,Lakadganj,230.87,0,230.12,229.43,0.979,0.0157,29.4,night
2024-01-20 04:00:00,Sadar,305.4,0,303.69,230.24,0.8921,0.1658,29.1,night
2024-01-20 04:00:00,Itwari,215.08,0,219.43,225.62,0.914,0.0749,31.6,night
2024-01-20 04:00:00,Manewada,275.17,0,280.64,223.2,0.9514,0.156,29.8,night
2024-01-20 04:00:00,Hingna,213.76,0,210.17,236.81,0.8714,0.0469,32.2,night
2024-01-20 05:00:00,Dharampeth,217.11,0,221.78,231.41,0.8734,0.1344,32.1,night
2024-01-20 05:00:00,Sitabuldi,231.68,0,231.99,228.72,0.9331,0.0123,32.1,night
2024-01-20 05:00:00,Gandhibagh,223.87,0,242.21,241.44,0.923,0.1579,30.9,night
2024-01-20 05:00:00,Lakadganj,163.26,0,156.99,230.25,0.924,0.0983,30.6,night
2024-01-20 05:00:00,Sadar,200.15,0,190.28,233.13,0.9357,0.0943,29.8,night
2024-01-20 05:00:00,Itwari,274.95,0,286.78,227.95,0.9248,0.118,30.2,night
2024-01-20 05:00:00,Manewada,275.74,0,264.5,240.18,0.9496,0.0599,33.1,night
2024-01-20 05:00:00,Hingna,147.79,0,159.1,224.77,0.9085,0.0202,28.5,night
2024-01-20 06:00:00,Dharampeth,287.42,0,286.71,232.51,0.9396,0.0672,31.5,daytime
2024-01-20 06:00:00,Sitabuldi,292.53,0,290.24,232.85,0.9392,0.7323,27.6,daytime
2024-01-20 06:00:00,Gandhibagh,302.35,0,308.15,229.58,0.8941,0.1602,28.3,daytime
2024-01-20 06:00:00,Lakadganj,311.07,29.37,283.52,243.76,0.9307,0.1612,34.0,daytime
2024-01-20 06:00:00,Sadar,284.76,7.96,286.98,228.38,0.9493,0.0859,31.1,daytime
2024-01-20 06:00:00,Itwari,339.73,0,348.7,224.72,0.8978,0.1678,29.6,daytime
2024-01-20 06:00:00,Manewada,324.87,3.65,307.8,230.83,0.9558,0.1327,30.1,daytime
2024-01-20 06:00:00,Hingna,260.0,9.46,245.8,222.34,0.9562,0.0419,30.0,daytime
2024-01-20 07:00:00,Dharampeth,236.58,26.9,205.72,229.93,0.8986,0.0212,30.7,daytime
2024-01-20 07:00:00,Sitabuldi,245.17,39.3,189.55,233.74,0.8888,0.1469,30.4,daytime
2024-01-20 07:00:00,Gandhibagh,242.73,41.48,210.0,228.69,0.9336,0.146,27.1,daytime
2024-01-20 07:00:00,Lakadganj,306.78,33.15,284.6,237.01,0.9379,0.1742,31.2,daytime
2024-01-20 07:00:00,Sadar,245.98,67.99,178.75,231.89,0.9006,0.0581,28.9,daytime
2024-01-20 07:00:00,Itwari,236.35,48.88,196.7,234.09,0.9578,0.076,29.4,daytime
2024-01-20 07:00:00,Manewada,368.01,32.37,332.75,223.23,0.901,0.1057,29.6,daytime
2024-01-20 07:00:00,Hingna,261.45,60.61,201.06,228.0,0.9111,0.0272,32.0,daytime
2024-01-20 08:00:00,Dharampeth,281.4,82.57,196.42,226.27,0.9065,0.018,29.8,daytime
2024-01-20 08:00:00,Sitabuldi,258.28,91.79,186.04,223.74,0.9989,0.1181,32.2,daytime
2024-01-20 08:00:00,Gandhibagh,341.87,99.85,251.06,229.44,0.9407,0.0811,29.4,daytime
2024-01-20 08:00:00,Lakadganj,300.79,81.54,223.59,230.94,0.9756,0.1395,33.0,daytime
2024-01-20 08:00:00,Sadar,275.46,85.86,185.99,230.27,0.9036,0.0098,28.9,daytime
2024-01-20 08:00:00,Itwari,272.44,74.74,193.85,230.56,0.8687,0.1271,34.0,daytime
2024-01-20 08:00:00,Manewada,256.86,87.82,163.53,234.89,0.9268,0.0349,29.5,daytime
2024-01-20 08:00:00,Hingna,267.57,94.88,160.87,233.26,0.9174,0.1161,26.8,daytime
2024-01-20 09:00:00,Dharampeth,373.11,115.95,264.3,229.65,0.8895,0.1088,30.6,peak
2024-01-20 09:00:00,Sitabuldi,331.07,148.48,186.7,234.27,0.9648,0.0474,26.6,peak
2024-01-20 09:00:00,Gandhibagh,400.45,148.24,260.61,235.15,0.9077,0.1066,30.9,peak
2024-01-20 09:00:00,Lakadganj,349.82,154.28,186.17,231.3,0.9367,0.0231,31.3,peak
2024-01-20 09:00:00,Sadar,333.48,134.21,202.26,229.11,0.92,0.1616,33.2,peak
2024-01-20 09:00:00,Itwari,365.12,128.1,229.53,228.78,0.9108,0.0169,29.5,peak
2024-01-20 09:00:00,Manewada,368.26,117.07,254.09,230.92,0.9312,0.0078,30.7,peak
2024-01-20 09:00:00,Hingna,371.83,142.85,230.62,234.46,0.8744,0.1798,29.3,peak
2024-01-20 10:00:00,Dharampeth,370.55,151.63,222.6,232.92,0.9361,0.1005,32.4,peak
2024-01-20 10:00:00,Sitabuldi,362.01,174.87,188.16,235.96,0.9037,0.1584,29.6,peak
2024-01-20 10:00:00,Gandhibagh,416.54,174.97,227.55,230.13,0.9604,0.1391,31.6,peak
2024-01-20 10:00:00,Lakadganj,377.14,149.95,219.93,229.19,0.9037,0.1799,30.9,peak
2024-01-20 10:00:00,Sadar,424.3,137.84,307.97,228.32,0.9193,0.0982,33.4,peak
2024-01-20 10:00:00,Itwari,333.83,138.53,206.36,227.74,0.9177,0.1115,31.0,peak
2024-01-20 10:00:00,Manewada,364.32,167.19,178.17,231.87,0.9093,0.1543,30.3,peak
2024-01-20 10:00:00,Hingna,351.23,152.8,199.96,233.49,0.9492,0.7266,28.8,peak
2024-01-20 11:00:00,Dharampeth,387.92,171.41,223.86,234.1,0.9326,0.1735,31.9,peak
2024-01-20 11:00:00,Sitabuldi,289.67,195.11,100.44,224.0,0.9113,0.1018,31.4,peak
2024-01-20 11:00:00,Gandhibagh,315.04,182.03,133.16,230.5,0.8458,0.0184,32.1,peak
2024-01-20 11:00:00,Lakadganj,315.79,181.95,127.37,231.33,0.929,0.1731,29.6,peak
2024-01-20 11:00:00,Sadar,370.82,158.8,198.78,236.21,0.9151,0.0071,32.6,peak
2024-01-20 11:00:00,Itwari,450.83,158.54,271.75,232.12,0.9194,0.0812,28.6,peak
2024-01-20 11:00:00,Manewada,390.88,196.76,195.86,226.64,0.9572,0.0861,29.8,peak
2024-01-20 11:00:00,Hingna,368.05,173.98,189.25,224.92,0.9458,0.1202,32.6,peak
2024-01-20 12:00:00,Dharampeth,348.84,160.58,193.01,226.78,0.865,0.149,29.8,peak
2024-01-20 12:00:00,Sitabuldi,328.05,162.27,168.2,232.84,0.8923,0.1352,31.1,peak
2024-01-20 12:00:00,Gandhibagh,388.99,153.43,222.3,231.37,0.9829,0.0735,29.6,peak
2024-01-20 12:00:00,Lakadganj,332.02,200.48,137.18,230.72,0.8632,0.1537,30.3,peak
2024-01-20 12:00:00,Sadar,329.38,192.06,141.15,230.3,0.9623,0.027,33.5,peak
2024-01-20 12:00:00,Itwari,334.64,163.07,168.65,235.84,0.9364,0.0301,30.6,peak
2024-01-20 12:00:00,Manewada,340.03,164.17,177.16,234.03,0.9193,0.0005,27.6,peak
2024-01-20 12:00:00,Hingna,386.78,204.54,187.13,225.32,0.9217,0.0123,30.5,peak
2024-01-20 13:00:00,Dharampeth,297.27,164.1,118.83,241.75,0.9195,0.1019,31.1,daytime
2024-01-20 13:00:00,Sitabuldi,233.46,175.38,54.78,231.99,0.8812,0.1609,29.1,daytime
2024-01-20 13:00:00,Gandhibagh,262.58,184.61,66.36,233.41,0.9392,0.0408,32.5,daytime
2024-01-20 13:00:00,Lakadganj,322.09,189.31,132.2,226.06,0.9332,0.0648,29.8,daytime
2024-01-20 13:00:00,Sadar,277.23,163.45,115.38,226.72,0.8941,0.1581,32.4,daytime
2024-01-20 13:00:00,Itwari,272.77,173.33,85.73,233.15,0.905,0.0923,29.0,daytime
2024-01-20 13:00:00,Manewada,270.88,183.35,110.79,232.95,0.9187,0.0909,29.4,daytime
2024-01-20 13:00:00,Hingna,273.97,167.23,119.27,232.36,0.9148,0.1013,29.5,daytime
2024-01-20 14:00:00,Dharampeth,323.78,155.41,175.26,225.47,0.9267,0.0076,32.6,daytime
2024-01-20 14:00:00,Sitabuldi,225.77,160.92,63.54,231.97,0.9056,0.083,27.6,daytime
2024-01-20 14:00:00,Gandhibagh,228.13,142.43,92.89,226.45,0.9183,0.1548,33.3,daytime
2024-01-20 14:00:00,Lakadganj,292.9,152.98,148.93,232.32,0.9193,0.0803,31.8,daytime
2024-01-20 14:00:00,Sadar,268.56,145.34,126.8,229.87,0.8889,0.0129,31.0,daytime
2024-01-20 14:00:00,Itwari,296.88,161.42,139.65,222.75,0.931,0.1658,29.4,daytime
2024-01-20 14:00:00,Manewada,317.45,171.19,136.62,236.6,0.9307,0.1154,27.5,daytime
2024-01-20 14:00:00,Hingna,279.98,159.87,136.15,230.13,0.9576,0.0631,30.2,daytime
2024-01-20 15:00:00,Dharampeth,265.83,100.58,168.54,228.06,0.8904,0.1665,31.5,daytime
2024-01-20 15:00:00,Sitabuldi,287.54,149.26,143.11,227.61,0.9519,0.0844,31.2,daytime
2024-01-20 15:00:00,Gandhibagh,211.14,158.33,69.42,226.49,0.939,0.012,31.2,daytime
2024-01-20 15:00:00,Lakadganj,299.44,129.14,167.88,223.16,0.9125,0.1722,32.3,daytime
2024-01-20 15:00:00,Sadar,254.8,123.42,122.57,226.75,0.9591,0.0784,30.1,daytime
2024-01-20 15:00:00,Itwari,285.81,106.29,168.81,223.76,0.9594,0.0812,28.3,daytime
2024-01-20 15:00:00,Manewada,287.01,127.28,177.07,228.92,0.9204,0.1105,30.7,daytime
2024-01-20 15:00:00,Hingna,297.48,142.73,158.13,229.56,0.8754,0.1178,31.2,daytime
2024-01-20 16:00:00,Dharampeth,327.4,87.06,243.18,229.21,0.9398,0.057,29.5,daytime
2024-01-20 16:00:00,Sitabuldi,314.15,86.22,215.51,233.99,0.9083,0.0369,31.9,daytime
2024-01-20 16:00:00,Gandhibagh,357.4,72.54,280.01,233.39,0.8813,0.104,30.2,daytime
2024-01-20 16:00:00,Lakadganj,315.39,99.98,220.11,229.88,0.8936,0.0894,31.5,daytime
2024-01-20 16:00:00,Sadar,275.38,85.14,192.72,232.66,0.9084,0.1581,32.6,daytime
2024-01-20 16:00:00,Itwari,262.12,71.61,180.03,220.86,0.9289,0.1594,30.4,daytime
2024-01-20 16:00:00,Manewada,268.47,92.81,174.03,227.62,0.9145,0.1437,27.4,daytime
2024-01-20 16:00:00,Hingna,275.03,68.19,205.13,227.65,0.9641,0.0865,31.8,daytime
2024-01-20 17:00:00,Dharampeth,249.52,55.57,195.36,240.84,0.9583,0.6393,31.1,daytime
2024-01-20 17:00:00,Sitabuldi,278.76,76.1,212.51,231.06,0.9405,0.1132,32.9,daytime
2024-01-20 17:00:00,Gandhibagh,286.43,52.31,250.67,229.65,0.8829,0.0477,32.1,daytime
2024-01-20 17:00:00,Lakadganj,274.16,25.46,240.2,229.61,0.9194,0.169,32.9,daytime
2024-01-20 17:00:00,Sadar,273.67,61.48,219.85,224.23,0.8986,0.0196,31.6,daytime
2024-01-20 17:00:00,Itwari,290.35,50.42,243.9,231.19,0.9108,0.125,31.4,daytime
2024-01-20 17:00:00,Manewada,319.72,37.01,280.27,232.11,0.9034,0.7259,33.0,daytime
2024-01-20 17:00:00,Hingna,289.54,19.72,281.14,228.62,0.9325,0.1765,31.7,daytime
2024-01-20 18:00:00,Dharampeth,341.11,0,347.12,225.97,0.909,0.0647,30.1,peak
2024-01-20 18:00:00,Sitabuldi,469.74,4.06,461.06,237.84,0.9641,0.0722,31.4,peak
2024-01-20 18:00:00,Gandhibagh,327.72,0,326.44,224.74,0.9439,0.0755,31.5,peak
2024-01-20 18:00:00,Lakadganj,360.35,0,357.16,232.05,0.909,0.0409,30.8,peak
2024-01-20 18:00:00,Sadar,379.23,8.23,383.08,223.9,0.9216,0.0462,30.4,peak
2024-01-20 18:00:00,Itwari,349.36,0,340.84,224.6,0.9054,0.0258,32.5,peak
2024-01-20 18:00:00,Manewada,389.11,5.23,376.3,233.15,0.9635,0.0544,28.9,peak
2024-01-20 18:00:00,Hingna,314.95,0,325.14,234.55,0.9011,0.1006,33.1,peak
2024-01-20 19:00:00,Dharampeth,303.03,0,289.56,230.93,0.9335,0.1065,30.9,peak
2024-01-20 19:00:00,Sitabuldi,246.96,0,238.0,227.8,0.8967,0.1058,32.7,peak
2024-01-20 19:00:00,Gandhibagh,282.28,0,281.44,229.88,0.8894,0.0932,29.6,peak
2024-01-20 19:00:00,Lakadganj,313.46,0,304.57,226.93,0.8912,0.0117,30.8,peak
2024-01-20 19:00:00,Sadar,320.68,0,295.45,236.82,0.9151,0.129,33.6,peak
2024-01-20 19:00:00,Itwari,281.32,0,282.52,238.28,0.9289,0.0573,31.0,peak
2024-01-20 19:00:00,Manewada,267.22,0,265.67,233.85,0.9182,0.1657,33.1,peak
2024-01-20 19:00:00,Hingna,359.06,0,353.99,222.26,0.9495,0.0562,30.0,peak
2024-01-20 20:00:00,Dharampeth,345.88,0,335.03,231.74,0.9001,0.071,29.6,peak
2024-01-20 20:00:00,Sitabuldi,341.85,0,330.7,228.76,0.9216,0.0717,29.4,peak
2024-01-20 20:00:00,Gandhibagh,295.52,0,302.56,232.51,0.8875,0.1304,26.7,peak
2024-01-20 20:00:00,Lakadganj,352.47,0,336.03,228.35,0.9139,0.1633,30.5,peak
2024-01-20 20:00:00,Sadar,331.06,0,330.86,234.15,0.8852,0.0375,30.3,peak
2024-01-20 20:00:00,Itwari,339.7,0,340.19,223.39,0.9173,0.134,31.5,peak
2024-01-20 20:00:00,Manewada,355.41,0,345.42,229.56,0.9271,0.1036,31.5,peak
2024-01-20 20:00:00,Hingna,268.98,0,259.51,223.21,0.9178,0.1193,29.4,peak
2024-01-20 21:00:00,Dharampeth,357.59,0,355.18,230.35,0.9255,0.135,33.3,peak
2024-01-20 21:00:00,Sitabuldi,343.16,0,333.94,229.95,0.9251,0.1017,30.5,peak
2024-01-20 21:00:00,Gandhibagh,201.24,0,198.73,226.4,0.9042,0.006,30.4,peak
2024-01-20 21:00:00,Lakadganj,331.48,0,311.04,239.19,0.8912,0.0628,31.0,peak
2024-01-20 21:00:00,Sadar,315.91,0,315.93,221.14,0.8907,0.1611,34.4,peak
2024-01-20 21:00:00,Itwari,311.05,0,302.22,231.99,0.8851,0.0984,28.7,peak
2024-01-20 21:00:00,Manewada,318.01,0,314.21,239.66,0.9542,0.1595,32.6,peak
2024-01-20 21:00:00,Hingna,300.26,0,274.66,228.6,0.9285,0.117,28.5,peak
2024-01-20 22:00:00,Dharampeth,347.69,0,338.24,238.93,0.944,0.0443,31.6,peak
2024-01-20 22:00:00,Sitabuldi,322.92,0,326.64,226.78,0.9686,0.1472,31.2,peak
2024-01-20 22:00:00,Gandhibagh,339.67,0,349.47,228.73,0.9149,0.0301,28.4,peak
2024-01-20 22:00:00,Lakadganj,301.71,0,304.94,239.04,0.9579,0.171,31.9,peak
2024-01-20 22:00:00,Sadar,297.66,0,307.23,227.01,0.8844,0.1792,33.4,peak
2024-01-20 22:00:00,Itwari,385.16,0,384.48,226.62,0.9111,0.0432,33.6,peak
2024-01-20 22:00:00,Manewada,311.45,0,312.73,231.52,0.8594,0.0138,29.5,peak
2024-01-20 22:00:00,Hingna,365.09,0,361.51,223.06,0.9206,0.1211,31.2,peak
2024-01-20 23:00:00,Dharampeth,277.38,0,273.93,223.69,0.9176,0.0453,29.0,night
2024-01-20 23:00:00,Sitabuldi,313.45,0,315.69,232.27,0.9048,0.1173,30.5,night
2024-01-20 23:00:00,Gandhibagh,200.76,0,176.32,235.72,0.944,0.121,30.6,night
2024-01-20 23:00:00,Lakadganj,149.12,0,133.83,240.5,0.8884,0.1474,30.0,night
2024-01-20 23:00:00,Sadar,212.58,0,213.55,223.68,0.976,0.1009,31.9,night
2024-01-20 23:00:00,Itwari,251.51,0,259.59,225.52,0.9348,0.1283,28.7,night
2024-01-20 23:00:00,Manewada,245.32,0,240.23,230.43,0.9296,0.5606,29.2,night
2024-01-20 23:00:00,Hingna,230.5,0,240.39,226.01,0.9896,0.0926,32.0,night
2024-01-21 00:00:00,Dharampeth,243.8,0,245.42,229.47,0.9853,0.0315,31.8,night
2024-01-21 00:00:00,Sitabuldi,221.49,0,228.56,234.05,0.8857,0.1008,31.8,night
2024-01-21 00:00:00,Gandhibagh,178.39,0,177.81,231.53,0.9146,0.056,30.0,night
2024-01-21 00:00:00,Lakadganj,232.66,0,229.42,219.3,0.932,0.1497,30.3,night
2024-01-21 00:00:00,Sadar,219.68,0,227.79,234.07,0.9107,0.1311,32.9,night
2024-01-21 00:00:00,Itwari,190.09,0,184.66,224.36,0.8952,0.1585,29.9,night
2024-01-21 00:00:00,Manewada,241.19,0,230.9,231.26,0.8916,0.0043,29.9,night
2024-01-21 00:00:00,Hingna,243.96,0,248.94,227.63,0.9207,0.0079,35.9,night
2024-01-21 01:00:00,Dharampeth,288.26,0,285.27,230.1,0.888,0.1104,32.4,night
2024-01-21 01:00:00,Sitabuldi,267.83,0,275.45,223.26,0.99,0.0443,30.5,night
2024-01-21 01:00:00,Gandhibagh,259.28,0,272.92,232.65,0.9022,0.1616,32.4,night
2024-01-21 01:00:00,Lakadganj,277.74,0,272.9,234.8,0.8915,0.1483,31.9,night
2024-01-21 01:00:00,Sadar,187.2,0,183.55,223.52,0.9446,0.0699,30.8,night
2024-01-21 01:00:00,Itwari,212.74,0,217.86,225.32,0.8853,0.0461,34.1,night
2024-01-21 01:00:00,Manewada,194.37,0,198.57,227.16,0.9474,0.0518,33.0,night
2024-01-21 01:00:00,Hingna,285.43,0,281.22,230.05,0.9068,0.1747,28.5,night
2024-01-21 02:00:00,Dharampeth,216.09,0,208.55,229.88,0.9516,0.0596,31.9,night
2024-01-21 02:00:00,Sitabuldi,219.01,0,213.65,230.54,0.9788,0.0235,33.5,night
2024-01-21 02:00:00,Gandhibagh,182.01,0,195.14,230.25,0.9193,0.1512,30.4,night
2024-01-21 02:00:00,Lakadganj,240.69,0,253.86,235.09,0.878,0.1126,33.3,night
2024-01-21 02:00:00,Sadar,226.58,0,238.58,230.43,0.9363,0.1223,31.1,night
2024-01-21 02:00:00,Itwari,237.83,0,246.46,236.98,0.9232,0.1489,28.8,night
2024-01-21 02:00:00,Manewada,210.48,0,192.52,237.77,0.8557,0.0534,31.6,night
2024-01-21 02:00:00,Hingna,248.19,0,235.33,232.86,0.8469,0.1494,30.6,night
2024-01-21 03:00:00,Dharampeth,253.03,0,254.64,227.65,0.9856,0.1319,30.4,night
2024-01-21 03:00:00,Sitabuldi,261.95,0,286.25,223.6,0.8577,0.0915,32.9,night
2024-01-21 03:00:00,Gandhibagh,281.35,0,286.96,228.79,0.9317,0.0719,29.3,night
2024-01-21 03:00:00,Lakadganj,234.77,0,243.71,230.37,0.9616,0.0301,30.3,night
2024-01-21 03:00:00,Sadar,168.32,0,158.9,226.31,0.9048,0.0848,29.6,night
2024-01-21 03:00:00,Itwari,242.12,0,240.53,227.06,0.9087,0.137,29.3,night
2024-01-21 03:00:00,Manewada,327.07,0,322.93,230.26,0.9565,0.041,27.9,night
2024-01-21 03:00:00,Hingna,275.8,0,295.18,224.4,0.9256,0.0423,29.2,night
2024-01-21 04:00:00,Dharampeth,276.43,0,275.34,233.69,0.9026,0.0783,26.8,night
2024-01-21 04:00:00,Sitabuldi,284.69,0,283.67,227.91,0.9218,0.1686,30.6,night
2024-01-21 04:00:00,Gandhibagh,224.04,0,224.05,231.61,0.9107,0.0306,32.4,night
2024-01-21 04:00:00,Lakadganj,249.48,0,257.8,231.35,0.9006,0.1712,29.1,night
2024-01-21 04:00:00,Sadar,237.72,0,239.85,221.97,0.9676,0.1106,29.6,night
2024-01-21 04:00:00,Itwari,269.63,0,275.19,220.49,0.9487,0.099,30.5,night
2024-01-21 04:00:00,Manewada,201.83,0,183.95,232.21,0.8879,0.122,33.3,night
2024-01-21 04:00:00,Hingna,282.22,0,268.56,226.55,0.9442,0.0122,31.6,night
2024-01-21 05:00:00,Dharampeth,254.85,0,259.7,224.27,0.9399,0.0982,33.2,night
2024-01-21 05:00:00,Sitabuldi,227.27,0,216.59,228.96,0.8658,0.0223,31.6,night
2024-01-21 05:00:00,Gandhibagh,251.05,0,271.39,231.62,0.9989,0.0439,29.8,night
2024-01-21 05:00:00,Lakadganj,224.88,0,248.56,220.8,0.8671,0.0794,29.1,night
2024-01-21 05:00:00,Sadar,288.1,0,266.88,231.79,0.9923,0.0832,25.9,night
2024-01-21 05:00:00,Itwari,265.3,0,244.44,229.67,0.9024,0.0951,32.6,night
2024-01-21 05:00:00,Manewada,217.41,0,222.65,228.25,0.9003,0.0093,31.6,night
2024-01-21 05:00:00,Hingna,285.27,0,272.24,235.58,0.9354,0.1185,30.0,night
2024-01-21 06:00:00,Dharampeth,276.49,1.45,272.76,230.67,0.9015,0.1486,31.0,daytime
2024-01-21 06:00:00,Sitabuldi,301.66,23.06,259.21,234.26,0.9422,0.0639,30.3,daytime
2024-01-21 06:00:00,Gandhibagh,278.5,5.97,266.44,230.99,0.897,0.0306,31.0,daytime
2024-01-21 06:00:00,Lakadganj,318.52,12.46,320.66,230.89,0.91,0.1606,29.3,daytime
2024-01-21 06:00:00,Sadar,280.34,27.1,241.28,227.69,0.8858,0.0679,31.0,daytime
2024-01-21 06:00:00,Itwari,239.78,11.07,233.16,236.11,0.9079,0.0636,32.2,daytime
2024-01-21 06:00:00,Manewada,234.83,28.86,210.9,236.86,0.9188,0.1314,29.8,daytime
2024-01-21 06:00:00,Hingna,249.84,0,261.13,224.33,0.9035,0.1121,29.0,daytime
2024-01-21 07:00:00,Dharampeth,316.96,23.54,293.74,232.26,0.9243,0.0205,34.2,daytime
2024-01-21 07:00:00,Sitabuldi,322.24,32.28,298.96,225.36,0.9046,0.1059,28.9,daytime
2024-01-21 07:00:00,Gandhibagh,216.88,36.97,187.21,230.83,0.957,0.047,33.2,daytime
2024-01-21 07:00:00,Lakadganj,273.9,28.67,252.18,224.03,0.9722,0.1452,30.1,daytime
2024-01-21 07:00:00,Sadar,274.54,21.69,243.14,229.57,0.8633,0.1474,30.4,daytime
2024-01-21 07:00:00,Itwari,261.44,74.8,199.34,224.71,0.929,0.1431,29.1,daytime
2024-01-21 07:00:00,Manewada,326.64,47.88,292.48,234.77,0.931,0.0458,28.1,daytime
2024-01-21 07:00:00,Hingna,195.6,56.2,144.58,232.99,0.9752,0.0944,31.1,daytime
2024-01-21 08:00:00,Dharampeth,352.85,90.83,259.76,230.08,0.9282,0.1455,28.8,daytime
2024-01-21 08:00:00,Sitabuldi,280.61,107.15,179.26,224.16,0.9001,0.0504,28.9,daytime
2024-01-21 08:00:00,Gandhibagh,328.73,95.39,244.33,232.67,0.9218,0.0315,28.8,daytime
2024-01-21 08:00:00,Lakadganj,300.36,91.6,203.23,233.15,0.9738,0.1459,34.0,daytime
2024-01-21 08:00:00,Sadar,266.17,67.24,191.99,231.45,0.9432,0.1381,31.6,daytime
2024-01-21 08:00:00,Itwari,280.53,117.16,151.84,236.56,0.9195,0.1378,28.1,daytime
2024-01-21 08:00:00,Manewada,289.48,80.02,209.15,233.59,0.9136,0.0939,30.3,daytime
2024-01-21 08:00:00,Hingna,272.26,104.51,175.37,228.0,0.8706,0.1208,32.7,daytime
2024-01-21 09:00:00,Dharampeth,280.47,139.23,128.75,241.49,0.9425,0.0884,33.5,peak
2024-01-21 09:00:00,Sitabuldi,399.14,116.51,298.02,223.07,0.9235,0.1244,31.3,peak
2024-01-21 09:00:00,Gandhibagh,399.29,140.22,266.34,228.26,0.8973,0.0483,28.4,peak
2024-01-21 09:00:00,Lakadganj,416.11,150.67,255.53,233.43,0.918,0.0205,31.7,peak
2024-01-21 09:00:00,Sadar,302.8,124.85,163.12,230.79,0.9406,0.1354,33.6,peak
2024-01-21 09:00:00,Itwari,349.38,135.64,228.14,226.09,0.934,0.0264,29.7,peak
2024-01-21 09:00:00,Manewada,339.57,107.82,235.67,233.3,0.877,0.1474,31.2,peak
2024-01-21 09:00:00,Hingna,365.4,126.7,241.28,225.65,0.8871,0.4866,31.1,peak
2024-01-21 10:00:00,Dharampeth,332.02,134.74,192.6,230.78,0.9359,0.1628,31.5,peak
2024-01-21 10:00:00,Sitabuldi,307.43,165.97,144.75,229.12,0.9101,0.0508,35.2,peak
2024-01-21 10:00:00,Gandhibagh,338.8,164.52,164.95,233.16,0.983,0.0874,30.2,peak
2024-01-21 10:00:00,Lakadganj,331.45,190.3,127.9,224.24,0.9094,0.0106,32.7,peak
2024-01-21 10:00:00,Sadar,335.96,169.02,172.66,234.69,0.9321,0.0748,32.8,peak
2024-01-21 10:00:00,Itwari,419.91,176.27,244.11,233.35,0.9403,0.002,32.3,peak
2024-01-21 10:00:00,Manewada,365.89,157.88,200.72,233.32,0.9455,0.1683,28.6,peak
2024-01-21 10:00:00,Hingna,357.22,145.53,204.68,232.32,0.9131,0.0284,31.1,peak
2024-01-21 11:00:00,Dharampeth,350.25,165.17,181.79,227.99,0.9386,0.1452,27.2,peak
2024-01-21 11:00:00,Sitabuldi,330.99,207.69,114.49,230.28,0.8785,0.0757,31.1,peak
2024-01-21 11:00:00,Gandhibagh,277.52,182.72,87.47,232.53,0.9071,0.1072,32.8,peak
2024-01-21 11:00:00,Lakadganj,409.51,166.56,242.58,229.14,0.9294,0.1671,32.0,peak
2024-01-21 11:00:00,Sadar,280.26,174.14,111.86,225.26,0.9536,0.1102,30.4,peak
2024-01-21 11:00:00,Itwari,355.9,163.75,198.56,238.37,0.9241,0.028,31.3,peak
2024-01-21 11:00:00,Manewada,367.31,197.17,162.65,237.82,0.906,0.002,31.7,peak
2024-01-21 11:00:00,Hingna,350.18,163.47,182.16,229.77,0.9033,0.0987,33.7,peak
2024-01-21 12:00:00,Dharampeth,415.11,172.96,249.9,237.67,0.9558,0.1471,30.4,peak
2024-01-21 12:00:00,Sitabuldi,353.23,183.27,178.43,236.92,0.9218,0.0698,30.5,peak
2024-01-21 12:00:00,Gandhibagh,336.99,175.98,150.25,223.92,0.8778,0.0872,31.4,peak
2024-01-21 12:00:00,Lakadganj,344.69,209.35,124.83,226.49,0.9563,0.0993,31.2,peak
2024-01-21 12:00:00,Sadar,336.11,165.58,169.12,227.04,0.8776,0.0527,33.0,peak
2024-01-21 12:00:00,Itwari,425.79,208.04,224.79,220.69,0.8923,0.0041,32.4,peak
2024-01-21 12:00:00,Manewada,393.35,168.75,216.9,229.58,0.8829,0.1089,32.1,peak
2024-01-21 12:00:00,Hingna,344.88,192.49,143.18,223.1,0.9261,0.1645,29.6,peak
2024-01-21 13:00:00,Dharampeth,253.13,180.11,66.88,229.04,0.9066,0.0571,32.0,daytime
2024-01-21 13:00:00,Sitabuldi,306.66,162.94,138.0,234.45,0.9012,0.0093,30.7,daytime
2024-01-21 13:00:00,Gandhibagh,264.81,178.04,86.43,225.1,0.9116,0.164,30.4,daytime
2024-01-21 13:00:00,Lakadganj,287.16,185.97,102.85,228.53,0.9983,0.0756,32.0,daytime
2024-01-21 13:00:00,Sadar,240.93,186.09,54.57,234.36,0.9373,0.0978,31.4,daytime
2024-01-21 13:00:00,Itwari,305.48,147.28,159.19,228.64,0.9182,0.0296,26.7,daytime
2024-01-21 13:00:00,Manewada,303.2,163.02,142.21,226.3,0.916,0.0652,30.2,daytime
2024-01-21 13:00:00,Hingna,293.4,186.46,109.69,228.13,0.8939,0.0888,32.8,daytime
2024-01-21 14:00:00,Dharampeth,304.05,161.67,144.15,219.52,0.9424,0.115,29.8,daytime
2024-01-21 14:00:00,Sitabuldi,283.83,157.35,125.56,229.53,0.906,0.0988,31.4,daytime
2024-01-21 14:00:00,Gandhibagh,288.24,169.83,109.44,232.26,0.916,0.0367,31.2,daytime
2024-01-21 14:00:00,Lakadganj,246.12,137.48,113.54,223.68,0.9075,0.0327,28.3,daytime
2024-01-21 14:00:00,Sadar,254.82,166.18,86.78,235.53,0.8891,0.16,33.2,daytime
2024-01-21 14:00:00,Itwari,299.17,125.55,166.23,224.3,0.9702,0.0019,27.5,daytime
2024-01-21 14:00:00,Manewada,306.33,159.06,151.36,232.9,0.9134,0.1247,28.2,daytime
2024-01-21 14:00:00,Hingna,324.5,142.47,167.66,238.61,0.9048,0.1468,32.6,daytime
2024-01-21 15:00:00,Dharampeth,296.35,140.49,162.7,234.93,0.9549,0.0836,29.4,daytime
2024-01-21 15:00:00,Sitabuldi,287.98,155.16,116.95,224.39,0.8535,0.0443,29.3,daytime
2024-01-21 15:00:00,Gandhibagh,232.39,143.64,100.75,225.26,0.8907,0.0838,33.6,daytime
2024-01-21 15:00:00,Lakadganj,267.05,138.82,126.88,234.9,0.8699,0.0409,27.8,daytime
2024-01-21 15:00:00,Sadar,310.37,133.13,189.01,229.88,0.9218,0.1445,31.8,daytime
2024-01-21 15:00:00,Itwari,216.3,140.52,65.11,230.75,0.9525,0.0443,31.5,daytime
2024-01-21 15:00:00,Manewada,249.32,112.07,130.92,248.48,0.9165,0.0403,30.3,daytime
2024-01-21 15:00:00,Hingna,260.12,141.89,120.19,233.6,0.8925,0.109,30.1,daytime
2024-01-21 16:00:00,Dharampeth,280.46,88.12,185.56,231.69,0.9288,0.1193,27.1,daytime
2024-01-21 16:00:00,Sitabuldi,276.44,81.04,196.96,230.11,0.9057,0.5725,31.7,daytime
2024-01-21 16:00:00,Gandhibagh,268.43,87.99,180.77,225.53,0.9095,0.0659,30.6,daytime
2024-01-21 16:00:00,Lakadganj,315.93,79.96,231.54,232.49,0.9101,0.1259,29.5,daytime
2024-01-21 16:00:00,Sadar,220.11,83.62,102.27,230.87,0.8684,0.1304,29.9,daytime
2024-01-21 16:00:00,Itwari,257.04,98.81,141.71,222.33,0.9091,0.1014,32.4,daytime
2024-01-21 16:00:00,Manewada,196.24,101.11,89.06,236.62,0.9024,0.0027,30.3,daytime
2024-01-21 16:00:00,Hingna,219.89,91.8,115.93,232.77,0.9659,0.1045,27.6,daytime
2024-01-21 17:00:00,Dharampeth,297.25,40.8,260.97,236.33,0.9083,0.0052,30.7,daytime
2024-01-21 17:00:00,Sitabuldi,256.96,60.35,193.55,231.2,0.9256,0.0011,35.2,daytime
2024-01-21 17:00:00,Gandhibagh,251.08,38.51,208.19,230.11,0.8963,0.0479,30.8,daytime
2024-01-21 17:00:00,Lakadganj,257.43,44.24,192.38,239.3,0.9586,0.4715,30.5,daytime
2024-01-21 17:00:00,Sadar,279.5,34.08,246.56,231.83,0.8938,0.1067,34.1,daytime
2024-01-21 17:00:00,Itwari,290.48,64.71,230.67,227.97,0.9027,0.1337,30.1,daytime
2024-01-21 17:00:00,Manewada,310.82,49.38,267.12,228.61,0.8928,0.1006,33.7,daytime
2024-01-21 17:00:00,Hingna,323.61,22.67,290.8,242.01,1.0,0.0702,28.6,daytime
2024-01-21 18:00:00,Dharampeth,352.7,9.97,351.94,218.75,0.9197,0.1179,32.3,peak
2024-01-21 18:00:00,Sitabuldi,306.5,0,293.32,234.14,0.9369,0.1188,31.3,peak
2024-01-21 18:00:00,Gandhibagh,339.77,0,346.2,235.96,0.9389,0.071,35.4,peak
2024-01-21 18:00:00,Lakadganj,336.75,14.7,314.66,223.82,0.9542,0.0152,28.4,peak
2024-01-21 18:00:00,Sadar,334.34,3.08,318.94,220.94,0.9331,0.0836,32.8,peak
2024-01-21 18:00:00,Itwari,397.6,0,413.89,219.39,0.928,0.0049,31.0,peak
2024-01-21 18:00:00,Manewada,310.06,32.07,271.24,230.96,0.9071,0.043,28.7,peak
2024-01-21 18:00:00,Hingna,402.43,0,400.78,224.59,0.9672,0.1321,30.6,peak
2024-01-21 19:00:00,Dharampeth,398.05,0,410.34,231.21,0.8982,0.0868,30.5,peak
2024-01-21 19:00:00,Sitabuldi,291.38,0,276.26,227.95,0.9318,0.1481,28.5,peak
2024-01-21 19:00:00,Gandhibagh,381.24,0,375.83,236.18,0.9808,0.1711,34.4,peak
2024-01-21 19:00:00,Lakadganj,313.38,0,308.45,227.29,0.8881,0.1362,27.5,peak
2024-01-21 19:00:00,Sadar,297.24,0,326.23,227.37,0.9092,0.0624,27.6,peak
2024-01-21 19:00:00,Itwari,325.28,0,321.17,226.03,0.9196,0.101,29.9,peak
2024-01-21 19:00:00,Manewada,313.17,0,317.7,231.74,0.9051,0.103,28.5,peak
2024-01-21 19:00:00,Hingna,301.62,0,296.22,234.57,0.9158,0.1521,29.9,peak
2024-01-21 20:00:00,Dharampeth,334.97,0,334.41,240.77,0.8612,0.048,31.0,peak
2024-01-21 20:00:00,Sitabuldi,305.06,0,294.97,229.79,0.8779,0.0906,28.6,peak
2024-01-21 20:00:00,Gandhibagh,312.16,0,300.74,224.98,0.9193,0.3622,32.0,peak
2024-01-21 20:00:00,Lakadganj,267.36,0,258.09,227.1,0.9597,0.1748,30.7,peak
2024-01-21 20:00:00,Sadar,371.16,0,390.04,225.83,0.9435,0.0331,29.8,peak
2024-01-21 20:00:00,Itwari,381.07,0,383.07,230.76,0.8915,0.0617,31.9,peak
2024-01-21 20:00:00,Manewada,350.92,0,355.97,222.73,0.9361,0.1627,33.0,peak
2024-01-21 20:00:00,Hingna,359.21,0,369.13,235.12,0.8606,0.1433,35.0,peak
2024-01-21 21:00:00,Dharampeth,322.51,0,336.5,223.73,0.9368,0.0925,32.4,peak
2024-01-21 21:00:00,Sitabuldi,280.49,0,278.45,221.37,0.9215,0.1265,31.2,peak
2024-01-21 21:00:00,Gandhibagh,356.59,0,344.21,232.21,0.8777,0.1024,33.0,peak
2024-01-21 21:00:00,Lakadganj,327.55,0,331.85,233.34,0.908,0.0412,35.0,peak
2024-01-21 21:00:00,Sadar,322.14,0,310.88,228.4,0.9108,0.1471,30.6,peak
2024-01-21 21:00:00,Itwari,326.86,0,320.89,231.12,0.9386,0.1196,33.6,peak
2024-01-21 21:00:00,Manewada,373.3,0,383.16,228.02,0.9556,0.5282,30.5,peak
2024-01-21 21:00:00,Hingna,269.73,0,272.13,227.53,0.8792,0.1084,31.6,peak
2024-01-21 22:00:00,Dharampeth,295.74,0,291.43,225.05,0.9083,0.1725,32.3,peak
2024-01-21 22:00:00,Sitabuldi,374.89,0,374.84,232.4,0.9478,0.0065,33.0,peak
2024-01-21 22:00:00,Gandhibagh,318.69,0,331.48,231.1,0.908,0.0169,33.5,peak
2024-01-21 22:00:00,Lakadganj,375.37,0,367.96,227.46,0.8928,0.0897,31.1,peak
2024-01-21 22:00:00,Sadar,342.08,0,345.67,223.89,0.9894,0.1091,31.9,peak
2024-01-21 22:00:00,Itwari,295.14,0,304.44,229.86,0.9049,0.0272,27.7,peak
2024-01-21 22:00:00,Manewada,336.56,0,343.58,226.7,0.9595,0.1323,34.6,peak
2024-01-21 22:00:00,Hingna,356.6,0,365.75,229.01,0.9516,0.133,30.9,peak
2024-01-21 23:00:00,Dharampeth,237.04,0,252.84,227.53,0.8815,0.1369,32.0,night
2024-01-21 23:00:00,Sitabuldi,262.55,0,253.73,235.41,0.9476,0.1556,32.2,night
2024-01-21 23:00:00,Gandhibagh,264.85,0,283.34,237.02,0.8877,0.005,30.5,night
2024-01-21 23:00:00,Lakadganj,250.91,0,241.3,224.97,0.921,0.477,27.6,night
2024-01-21 23:00:00,Sadar,280.97,0,284.03,234.47,0.907,0.6039,28.2,night
2024-01-21 23:00:00,Itwari,202.97,0,216.7,231.67,0.9268,0.0947,30.6,night
2024-01-21 23:00:00,Manewada,240.91,0,239.79,230.8,0.9025,0.0576,29.6,night
2024-01-21 23:00:00,Hingna,252.14,0,252.22,237.16,0.935,0.1657,31.6,night
2024-01-22 00:00:00,Dharampeth,248.45,0,257.11,228.64,0.9508,0.0321,29.0,night
2024-01-22 00:00:00,Sitabuldi,239.51,0,235.67,239.56,0.9072,0.102,32.8,night
2024-01-22 00:00:00,Gandhibagh,242.24,0,258.62,230.71,0.896,0.0705,32.1,night
2024-01-22 00:00:00,Lakadganj,212.5,0,213.22,222.67,0.8836,0.0051,26.1,night
2024-01-22 00:00:00,Sadar,248.32,0,260.4,230.34,0.9148,0.1594,31.6,night
2024-01-22 00:00:00,Itwari,189.62,0,190.81,228.06,0.9721,0.1474,34.3,night
2024-01-22 00:00:00,Manewada,317.61,0,329.78,232.05,0.9172,0.057,31.0,night
2024-01-22 00:00:00,Hingna,254.3,0,243.92,235.82,0.931,0.0839,30.5,night
2024-01-22 01:00:00,Dharampeth,235.62,0,236.04,223.43,0.9036,0.1273,31.7,night
2024-01-22 01:00:00,Sitabuldi,280.0,0,278.39,230.88,0.9344,0.1678,33.4,night
2024-01-22 01:00:00,Gandhibagh,225.26,0,210.74,226.75,0.9392,0.014,30.4,night
2024-01-22 01:00:00,Lakadganj,213.93,0,205.46,232.44,0.9658,0.006,30.8,night
2024-01-22 01:00:00,Sadar,194.45,0,182.76,226.13,0.9263,0.1429,29.2,night
2024-01-22 01:00:00,Itwari,194.86,0,208.34,238.72,0.9294,0.0665,27.4,night
2024-01-22 01:00:00,Manewada,233.1,0,228.78,229.33,0.943,0.4618,30.0,night
2024-01-22 01:00:00,Hingna,264.6,0,263.09,239.59,0.9444,0.0291,27.5,night
2024-01-22 02:00:00,Dharampeth,219.11,0,213.42,228.85,0.8773,0.0822,29.4,night
2024-01-22 02:00:00,Sitabuldi,241.67,0,251.54,228.7,0.874,0.0933,34.4,night
2024-01-22 02:00:00,Gandhibagh,245.53,0,241.77,227.69,0.9171,0.1658,31.9,night
2024-01-22 02:00:00,Lakadganj,201.13,0,202.95,234.05,0.8973,0.1701,27.9,night
2024-01-22 02:00:00,Sadar,220.53,0,231.36,237.04,0.9454,0.166,33.4,night
2024-01-22 02:00:00,Itwari,222.99,0,214.94,230.67,0.9351,0.0197,28.0,night
2024-01-22 02:00:00,Manewada,247.08,0,247.89,230.38,0.9476,0.1133,29.0,night
2024-01-22 02:00:00,Hingna,278.8,0,288.87,230.43,0.9042,0.6157,34.5,night
2024-01-22 03:00:00,Dharampeth,203.9,0,197.12,223.8,0.9455,0.1643,31.0,night
2024-01-22 03:00:00,Sitabuldi,182.63,0,183.22,233.54,0.9197,0.177,30.7,night
2024-01-22 03:00:00,Gandhibagh,255.02,0,252.99,235.08,0.8923,0.1614,28.6,night
2024-01-22 03:00:00,Lakadganj,257.63,0,259.22,235.27,0.9219,0.052,29.9,night
2024-01-22 03:00:00,Sadar,188.05,0,183.58,224.34,0.9186,0.0664,28.2,night
2024-01-22 03:00:00,Itwari,309.67,0,328.93,232.31,0.9337,0.1161,31.7,night
2024-01-22 03:00:00,Manewada,243.28,0,237.23,228.48,0.9345,0.0597,33.3,night
2024-01-22 03:00:00,Hingna,167.46,0,170.7,227.07,0.9236,0.0994,33.2,night
2024-01-22 04:00:00,Dharampeth,279.62,0,278.9,238.94,0.9778,0.7568,30.2,night
2024-01-22 04:00:00,Sitabuldi,243.71,0,257.12,222.56,0.9499,0.0119,34.0,night
2024-01-22 04:00:00,Gandhibagh,262.56,0,262.78,232.54,0.9002,0.1471,34.7,night
2024-01-22 04:00:00,Lakadganj,183.02,0,191.99,227.09,0.922,0.1724,30.1,night
2024-01-22 04:00:00,Sadar,224.41,0,239.29,236.93,0.9407,0.1436,26.2,night
2024-01-22 04:00:00,Itwari,245.38,0,250.35,231.96,0.9267,0.0003,31.1,night
2024-01-22 04:00:00,Manewada,180.57,0,192.25,236.48,0.9512,0.0997,29.3,night
2024-01-22 04:00:00,Hingna,255.53,0,252.39,231.18,0.966,0.0949,31.9,night
2024-01-22 05:00:00,Dharampeth,277.48,0,286.67,231.53,0.9254,0.0319,29.8,night
2024-01-22 05:00:00,Sitabuldi,249.43,0,253.53,229.01,0.9561,0.1247,32.9,night
2024-01-22 05:00:00,Gandhibagh,234.95,0,240.95,227.96,0.9495,0.0606,33.8,night
2024-01-22 05:00:00,Lakadganj,221.66,0,240.5,233.91,0.8953,0.0839,31.6,night
2024-01-22 05:00:00,Sadar,258.89,0,254.09,235.38,0.9244,0.1536,30.5,night
2024-01-22 05:00:00,Itwari,280.08,0,262.57,231.92,0.915,0.0637,31.4,night
2024-01-22 05:00:00,Manewada,289.57,0,286.78,229.1,0.9052,0.1783,31.9,night
2024-01-22 05:00:00,Hingna,236.93,0,237.63,223.27,0.9181,0.0742,29.5,night
2024-01-22 06:00:00,Dharampeth,368.04,0,374.01,232.76,0.9215,0.128,35.4,daytime
2024-01-22 06:00:00,Sitabuldi,301.3,10.53,295.24,223.87,0.9214,0.0175,32.8,daytime
2024-01-22 06:00:00,Gandhibagh,324.45,0,313.6,235.69,0.9198,0.0884,30.6,daytime
2024-01-22 06:00:00,Lakadganj,346.36,0,358.01,228.19,0.8769,0.0534,30.6,daytime
2024-01-22 06:00:00,Sadar,277.05,0,307.26,229.54,0.8952,0.1657,31.8,daytime
2024-01-22 06:00:00,Itwari,318.17,0,303.01,230.32,0.881,0.1012,32.6,daytime
2024-01-22 06:00:00,Manewada,334.15,0,348.71,228.43,0.9498,0.0638,34.4,daytime
2024-01-22 06:00:00,Hingna,240.79,10.82,220.05,232.41,0.9403,0.0359,32.1,daytime
2024-01-22 07:00:00,Dharampeth,266.09,68.11,197.48,225.9,0.9527,0.536,30.0,daytime
2024-01-22 07:00:00,Sitabuldi,328.2,46.59,275.04,224.38,0.9411,0.0181,30.8,daytime
2024-01-22 07:00:00,Gandhibagh,253.25,48.32,202.9,229.12,0.9319,0.0074,28.2,daytime
2024-01-22 07:00:00,Lakadganj,260.05,65.58,214.23,237.2,0.9412,0.698,29.1,daytime
2024-01-22 07:00:00,Sadar,276.83,11.02,277.54,227.91,0.915,0.0734,28.0,daytime
2024-01-22 07:00:00,Itwari,288.82,54.0,229.02,221.3,0.9316,0.0098,30.4,daytime
2024-01-22 07:00:00,Manewada,288.07,64.04,221.94,228.73,0.9143,0.07,29.0,daytime
2024-01-22 07:00:00,Hingna,225.3,42.69,183.77,227.19,0.9112,0.0367,31.5,daytime
2024-01-22 08:00:00,Dharampeth,289.43,94.63,195.11,231.06,0.9855,0.0693,31.6,daytime
2024-01-22 08:00:00,Sitabuldi,297.51,89.24,194.46,223.65,0.9303,0.1036,32.6,daytime
2024-01-22 08:00:00,Gandhibagh,182.78,96.65,99.99,226.59,0.9355,0.1004,31.2,daytime
2024-01-22 08:00:00,Lakadganj,341.78,72.37,277.66,232.21,0.8833,0.1567,30.7,daytime
2024-01-22 08:00:00,Sadar,356.58,97.45,269.67,235.11,0.9058,0.0129,33.0,daytime
2024-01-22 08:00:00,Itwari,296.04,79.2,205.71,231.85,0.8894,0.1624,30.7,daytime
2024-01-22 08:00:00,Manewada,238.19,84.49,149.78,220.1,0.8955,0.1432,28.8,daytime
2024-01-22 08:00:00,Hingna,291.36,56.68,223.98,230.72,0.9037,0.1066,31.2,daytime
2024-01-22 09:00:00,Dharampeth,384.96,113.91,266.28,227.73,0.9501,0.1654,31.4,peak
2024-01-22 09:00:00,Sitabuldi,349.18,110.21,239.16,230.94,0.9373,0.0295,32.0,peak
2024-01-22 09:00:00,Gandhibagh,362.04,130.81,236.11,223.6,0.8587,0.1219,33.4,peak
2024-01-22 09:00:00,Lakadganj,334.52,125.5,201.01,231.28,0.945,0.1461,32.0,peak
2024-01-22 09:00:00,Sadar,386.74,116.39,270.14,230.32,0.897,0.0788,30.8,peak
2024-01-22 09:00:00,Itwari,372.64,154.97,199.93,231.97,0.9397,0.0807,30.9,peak
2024-01-22 09:00:00,Manewada,370.24,138.75,227.25,232.11,0.9138,0.0819,29.8,peak
2024-01-22 09:00:00,Hingna,363.43,118.22,249.16,241.17,0.9278,0.4378,29.3,peak
2024-01-22 10:00:00,Dharampeth,363.41,155.14,206.42,231.58,0.9178,0.1734,29.7,peak
2024-01-22 10:00:00,Sitabuldi,383.11,180.61,199.71,234.5,0.8974,0.0634,29.3,peak
2024-01-22 10:00:00,Gandhibagh,337.49,159.77,176.98,229.59,0.8829,0.1333,31.5,peak
2024-01-22 10:00:00,Lakadganj,370.47,184.01,175.9,233.86,0.9266,0.1652,32.2,peak
2024-01-22 10:00:00,Sadar,377.17,173.2,204.33,230.25,0.9012,0.067,35.6,peak
2024-01-22 10:00:00,Itwari,371.51,161.9,216.51,235.57,0.9144,0.1536,29.9,peak
2024-01-22 10:00:00,Manewada,415.49,161.18,267.69,229.01,0.9104,0.0843,30.9,peak
2024-01-22 10:00:00,Hingna,356.71,160.56,191.91,232.43,0.8777,0.021,26.3,peak
2024-01-22 11:00:00,Dharampeth,356.13,174.33,203.99,226.69,0.9197,0.0598,29.2,peak
2024-01-22 11:00:00,Sitabuldi,340.2,201.97,128.15,233.14,0.8914,0.1755,29.7,peak
2024-01-22 11:00:00,Gandhibagh,333.88,145.32,195.67,228.06,0.8811,0.0537,31.3,peak
2024-01-22 11:00:00,Lakadganj,348.55,174.03,167.78,232.26,0.9178,0.1032,31.4,peak
2024-01-22 11:00:00,Sadar,400.21,179.03,215.46,226.76,0.9349,0.1595,31.5,peak
2024-01-22 11:00:00,Itwari,363.5,192.52,166.73,225.12,0.9298,0.1052,31.3,peak
2024-01-22 11:00:00,Manewada,387.46,179.04,205.15,231.53,0.9455,0.0244,33.3,peak
2024-01-22 11:00:00,Hingna,357.48,151.54,218.61,224.74,0.9183,0.074,32.9,peak
2024-01-22 12:00:00,Dharampeth,374.83,167.1,206.02,232.88,0.9377,0.153,31.4,peak
2024-01-22 12:00:00,Sitabuldi,367.4,195.41,158.05,228.55,0.9391,0.137,29.3,peak
2024-01-22 12:00:00,Gandhibagh,357.1,185.52,159.05,225.56,0.9188,0.028,31.1,peak
2024-01-22 12:00:00,Lakadganj,376.49,180.39,195.41,223.61,0.9471,0.0459,32.3,peak
2024-01-22 12:00:00,Sadar,361.54,186.58,167.35,234.82,0.9591,0.121,31.2,peak
2024-01-22 12:00:00,Itwari,344.35,177.72,163.64,227.14,0.955,0.0925,31.6,peak
2024-01-22 12:00:00,Manewada,401.2,168.42,231.35,224.03,0.9429,0.0623,30.3,peak
2024-01-22 12:00:00,Hingna,383.92,177.02,203.64,229.71,0.9104,0.1053,31.3,peak
2024-01-22 13:00:00,Dharampeth,267.89,159.22,107.43,234.71,0.9219,0.1753,30.5,daytime
2024-01-22 13:00:00,Sitabuldi,253.19,176.07,84.18,229.25,0.9041,0.1388,33.1,daytime
2024-01-22 13:00:00,Gandhibagh,172.25,172.37,10,225.26,0.877,0.168,34.3,daytime
2024-01-22 13:00:00,Lakadganj,236.82,187.41,54.88,230.48,0.9433,0.0107,27.3,daytime
2024-01-22 13:00:00,Sadar,281.29,138.24,153.25,236.38,0.9018,0.1199,30.8,daytime
2024-01-22 13:00:00,Itwari,234.26,146.01,91.67,234.32,0.9767,0.043,30.8,daytime
2024-01-22 13:00:00,Manewada,311.24,186.66,121.89,240.46,0.9121,0.1144,30.0,daytime
2024-01-22 13:00:00,Hingna,291.22,173.41,108.41,228.3,0.8944,0.0127,30.7,daytime
2024-01-22 14:00:00,Dharampeth,256.22,156.34,108.15,229.36,0.9285,0.0908,32.6,daytime
2024-01-22 14:00:00,Sitabuldi,297.33,154.87,138.78,233.96,0.9046,0.1222,31.8,daytime
2024-01-22 14:00:00,Gandhibagh,358.7,149.14,196.25,234.77,0.894,0.0183,32.9,daytime
2024-01-22 14:00:00,Lakadganj,302.92,148.15,154.26,226.1,0.9379,0.0943,28.7,daytime
2024-01-22 14:00:00,Sadar,275.0,180.04,94.84,229.93,0.889,0.1692,30.8,daytime
2024-01-22 14:00:00,Itwari,273.61,167.53,83.93,228.45,0.9214,0.1354,34.0,daytime
2024-01-22 14:00:00,Manewada,311.25,137.06,156.69,231.99,0.9077,0.0556,31.3,daytime
2024-01-22 14:00:00,Hingna,279.77,164.45,105.98,220.05,0.8845,0.0986,32.5,daytime
2024-01-22 15:00:00,Dharampeth,227.42,101.02,137.69,236.28,0.9408,0.0301,27.1,daytime
2024-01-22 15:00:00,Sitabuldi,260.93,115.44,150.98,232.92,0.9642,0.058,31.0,daytime
2024-01-22 15:00:00,Gandhibagh,235.87,141.82,100.92,228.94,0.9205,0.0208,29.8,daytime
2024-01-22 15:00:00,Lakadganj,296.88,132.59,158.81,237.86,0.9269,0.1213,31.7,daytime
2024-01-22 15:00:00,Sadar,241.01,142.44,95.89,230.5,0.9236,0.1262,29.8,daytime
2024-01-22 15:00:00,Itwari,276.37,117.73,170.38,227.25,0.8925,0.0713,30.9,daytime
2024-01-22 15:00:00,Manewada,329.58,150.85,164.94,229.67,0.906,0.1521,31.7,daytime
2024-01-22 15:00:00,Hingna,311.2,167.6,157.91,222.75,0.9312,0.0644,32.4,daytime
2024-01-22 16:00:00,Dharampeth,319.16,84.81,211.51,224.73,0.9125,0.5483,33.6,daytime
2024-01-22 16:00:00,Sitabuldi,360.19,73.35,290.0,231.86,0.9124,0.0624,33.1,daytime
2024-01-22 16:00:00,Gandhibagh,322.73,86.97,215.25,230.46,0.926,0.0065,29.5,daytime
2024-01-22 16:00:00,Lakadganj,226.93,83.88,160.47,228.44,0.8678,0.0112,29.6,daytime
2024-01-22 16:00:00,Sadar,305.81,61.99,231.47,229.93,0.8978,0.1376,32.8,daytime
2024-01-22 16:00:00,Itwari,299.03,113.44,207.0,227.94,0.8812,0.126,29.4,daytime
2024-01-22 16:00:00,Manewada,322.44,104.6,214.95,232.71,0.8625,0.1471,29.4,daytime
2024-01-22 16:00:00,Hingna,275.07,88.29,205.13,230.42,0.9391,0.1442,32.3,daytime
2024-01-22 17:00:00,Dharampeth,274.04,61.32,221.08,229.73,0.9026,0.0502,30.8,daytime
2024-01-22 17:00:00,Sitabuldi,233.91,65.0,168.78,230.23,0.9553,0.0166,28.7,daytime
2024-01-22 17:00:00,Gandhibagh,281.16,54.21,223.46,226.32,0.9345,0.5314,30.8,daytime
2024-01-22 17:00:00,Lakadganj,260.01,47.69,210.12,233.47,0.9586,0.0549,33.3,daytime
2024-01-22 17:00:00,Sadar,293.59,55.55,242.25,230.26,0.9639,0.0991,31.1,daytime
2024-01-22 17:00:00,Itwari,291.95,73.53,214.46,223.38,0.9392,0.05,29.3,daytime
2024-01-22 17:00:00,Manewada,315.94,72.85,236.74,228.6,0.9026,0.0255,31.4,daytime
2024-01-22 17:00:00,Hingna,264.8,83.25,193.47,230.72,0.9827,0.1398,31.8,daytime
2024-01-22 18:00:00,Dharampeth,339.75,0,342.5,225.92,0.913,0.0248,30.2,peak
2024-01-22 18:00:00,Sitabuldi,332.29,14.72,317.41,229.51,0.9016,0.0132,25.8,peak
2024-01-22 18:00:00,Gandhibagh,355.07,0,358.12,235.44,0.9507,0.0197,27.3,peak
2024-01-22 18:00:00,Lakadganj,398.38,3.27,395.04,238.84,0.9438,0.0384,31.7,peak
2024-01-22 18:00:00,Sadar,390.19,23.08,358.27,231.55,0.897,0.7189,28.7,peak
2024-01-22 18:00:00,Itwari,365.15,0,368.55,226.16,0.9241,0.0883,29.9,peak
2024-01-22 18:00:00,Manewada,361.18,1.83,376.51,228.04,0.9233,0.0502,30.5,peak
2024-01-22 18:00:00,Hingna,404.84,0,401.04,224.25,0.9627,0.0673,31.3,peak
2024-01-22 19:00:00,Dharampeth,335.78,0,337.95,226.68,0.9263,0.1403,34.0,peak
2024-01-22 19:00:00,Sitabuldi,386.36,0,360.29,239.45,0.8708,0.121,30.6,peak
2024-01-22 19:00:00,Gandhibagh,248.75,0,245.74,225.91,0.8988,0.1145,30.5,peak
2024-01-22 19:00:00,Lakadganj,326.12,0,308.83,227.71,0.9181,0.0292,30.6,peak
2024-01-22 19:00:00,Sadar,327.08,0,321.31,226.22,0.9087,0.1386,27.4,peak
2024-01-22 19:00:00,Itwari,308.65,0,312.7,233.58,0.9291,0.037,26.8,peak
2024-01-22 19:00:00,Manewada,277.29,0,269.98,231.46,0.9148,0.0328,32.2,peak
2024-01-22 19:00:00,Hingna,300.83,0,301.49,226.35,0.9138,0.1699,27.5,peak
2024-01-22 20:00:00,Dharampeth,330.37,0,348.19,229.46,0.9033,0.0352,34.7,peak
2024-01-22 20:00:00,Sitabuldi,282.49,0,280.59,230.1,0.883,0.103,27.4,peak
2024-01-22 20:00:00,Gandhibagh,271.81,0,256.52,233.53,0.9443,0.0532,32.2,peak
2024-01-22 20:00:00,Lakadganj,343.1,0,352.0,231.12,0.9354,0.1769,28.3,peak
2024-01-22 20:00:00,Sadar,277.03,0,276.37,232.63,0.9351,0.0449,30.3,peak
2024-01-22 20:00:00,Itwari,306.91,0,304.25,229.01,0.9464,0.0483,29.6,peak
2024-01-22 20:00:00,Manewada,302.51,0,322.26,224.08,0.9359,0.1144,32.7,peak
2024-01-22 20:00:00,Hingna,311.9,0,325.14,229.61,0.9289,0.053,32.9,peak
2024-01-22 21:00:00,Dharampeth,309.48,0,313.16,231.46,0.9324,0.7937,30.5,peak
2024-01-22 21:00:00,Sitabuldi,325.93,0,317.52,225.4,0.8797,0.016,28.4,peak
2024-01-22 21:00:00,Gandhibagh,325.94,0,336.24,231.33,0.9002,0.429,32.3,peak
2024-01-22 21:00:00,Lakadganj,294.51,0,313.6,244.37,0.8917,0.0831,32.1,peak
2024-01-22 21:00:00,Sadar,307.08,0,315.69,235.44,0.8783,0.0488,29.4,peak
2024-01-22 21:00:00,Itwari,355.87,0,356.98,220.98,0.9568,0.0415,32.1,peak
2024-01-22 21:00:00,Manewada,305.04,0,303.71,227.56,0.9335,0.0475,30.3,peak
2024-01-22 21:00:00,Hingna,310.3,0,313.64,234.51,0.965,0.176,29.4,peak
2024-01-22 22:00:00,Dharampeth,346.77,0,338.42,228.5,0.901,0.0852,28.6,peak
2024-01-22 22:00:00,Sitabuldi,269.55,0,258.91,224.86,0.9105,0.1527,34.2,peak
2024-01-22 22:00:00,Gandhibagh,294.85,0,310.53,234.74,0.9248,0.075,27.0,peak
2024-01-22 22:00:00,Lakadganj,279.34,0,286.33,222.97,0.9005,0.1242,29.9,peak
2024-01-22 22:00:00,Sadar,305.71,0,294.01,235.53,0.9008,0.06,31.8,peak
2024-01-22 22:00:00,Itwari,292.87,0,286.97,238.39,0.8911,0.1665,29.0,peak
2024-01-22 22:00:00,Manewada,326.08,0,313.61,223.25,0.9235,0.141,35.2,peak
2024-01-22 22:00:00,Hingna,319.63,0,306.99,235.91,0.877,0.1311,30.3,peak
2024-01-22 23:00:00,Dharampeth,281.32,0,270.96,223.91,0.8919,0.0231,31.5,night
2024-01-22 23:00:00,Sitabuldi,249.76,0,240.37,238.61,0.9871,0.1321,31.9,night
2024-01-22 23:00:00,Gandhibagh,267.55,0,251.93,222.34,0.9182,0.1428,32.5,night
2024-01-22 23:00:00,Lakadganj,190.78,0,197.28,239.48,0.8964,0.1533,27.9,night
2024-01-22 23:00:00,Sadar,198.95,0,187.57,224.49,0.9054,0.156,31.0,night
2024-01-22 23:00:00,Itwari,265.67,0,270.1,227.57,0.9168,0.1151,31.9,night
2024-01-22 23:00:00,Manewada,270.95,0,278.28,216.35,0.9522,0.1118,30.5,night
2024-01-22 23:00:00,Hingna,225.36,0,214.1,224.19,0.9071,0.0735,29.6,night
2024-01-23 00:00:00,Dharampeth,262.01,0,270.55,228.37,0.9221,0.132,29.7,night
2024-01-23 00:00:00,Sitabuldi,246.96,0,251.27,240.03,0.909,0.1035,27.9,night
2024-01-23 00:00:00,Gandhibagh,323.21,0,330.32,228.23,0.8716,0.0912,28.2,night
2024-01-23 00:00:00,Lakadganj,236.29,0,237.53,231.9,0.8945,0.0461,33.0,night
2024-01-23 00:00:00,Sadar,249.9,0,246.13,233.82,0.9141,0.0129,29.4,night
2024-01-23 00:00:00,Itwari,229.1,0,220.94,231.71,0.9689,0.0255,30.5,night
2024-01-23 00:00:00,Manewada,290.19,0,281.38,230.86,0.9101,0.1279,30.4,night
2024-01-23 00:00:00,Hingna,274.14,0,271.22,234.71,0.9062,0.0009,31.2,night
2024-01-23 01:00:00,Dharampeth,277.46,0,279.49,235.24,0.8557,0.1463,32.3,night
2024-01-23 01:00:00,Sitabuldi,246.85,0,248.2,236.53,0.9097,0.14,31.3,night
2024-01-23 01:00:00,Gandhibagh,221.12,0,233.69,232.22,0.9411,0.1139,24.4,night
2024-01-23 01:00:00,Lakadganj,294.62,0,276.75,227.73,0.9241,0.06,35.5,night
2024-01-23 01:00:00,Sadar,225.85,0,219.39,225.94,0.9489,0.0946,31.4,night
2024-01-23 01:00:00,Itwari,190.73,0,189.48,224.64,0.8547,0.148,31.5,night
2024-01-23 01:00:00,Manewada,266.63,0,276.73,232.71,0.9092,0.1779,31.0,night
2024-01-23 01:00:00,Hingna,204.81,0,200.1,228.23,0.8861,0.001,32.9,night
2024-01-23 02:00:00,Dharampeth,234.42,0,229.86,227.32,0.9077,0.1348,29.8,night
2024-01-23 02:00:00,Sitabuldi,254.82,0,256.31,236.51,0.8925,0.1048,28.8,night
2024-01-23 02:00:00,Gandhibagh,273.1,0,282.37,228.95,0.8983,0.1434,32.4,night
2024-01-23 02:00:00,Lakadganj,237.99,0,236.78,243.66,0.9628,0.0263,31.9,night
2024-01-23 02:00:00,Sadar,266.01,0,276.19,235.96,0.9244,0.0827,33.7,night
2024-01-23 02:00:00,Itwari,226.76,0,219.91,229.95,0.8768,0.1352,26.9,night
2024-01-23 02:00:00,Manewada,244.71,0,236.41,234.39,0.9049,0.0531,28.0,night
2024-01-23 02:00:00,Hingna,201.26,0,201.38,228.02,0.9187,0.1164,29.1,night
2024-01-23 03:00:00,Dharampeth,261.31,0,265.82,236.89,0.8693,0.17,33.1,night
2024-01-23 03:00:00,Sitabuldi,254.89,0,268.86,229.86,0.9364,0.0462,29.5,night
2024-01-23 03:00:00,Gandhibagh,276.34,0,287.65,227.67,0.9235,0.0574,33.3,night
2024-01-23 03:00:00,Lakadganj,293.57,0,286.93,234.76,0.987,0.1526,33.9,night
2024-01-23 03:00:00,Sadar,297.58,0,304.23,222.82,0.9671,0.0604,33.1,night
2024-01-23 03:00:00,Itwari,278.27,0,272.19,227.31,0.919,0.0745,33.0,night
2024-01-23 03:00:00,Manewada,212.28,0,207.5,232.15,0.887,0.0032,32.0,night
2024-01-23 03:00:00,Hingna,256.73,0,252.72,232.02,0.9085,0.0881,30.1,night
2024-01-23 04:00:00,Dharampeth,258.01,0,268.66,226.38,0.9189,0.0673,32.8,night
2024-01-23 04:00:00,Sitabuldi,219.2,0,217.15,224.96,0.9461,0.0852,33.3,night
2024-01-23 04:00:00,Gandhibagh,217.86,0,231.03,219.02,0.9448,0.145,31.0,night
2024-01-23 04:00:00,Lakadganj,197.62,0,184.5,230.63,0.9983,0.0013,33.2,night
2024-01-23 04:00:00,Sadar,233.52,0,239.17,223.53,0.9157,0.1588,35.5,night
2024-01-23 04:00:00,Itwari,212.64,0,205.0,225.12,0.9526,0.0692,32.3,night
2024-01-23 04:00:00,Manewada,245.75,0,250.2,223.26,0.9371,0.0787,30.1,night
2024-01-23 04:00:00,Hingna,251.35,0,255.86,226.96,0.8464,0.0149,31.0,night
2024-01-23 05:00:00,Dharampeth,266.55,0,273.19,238.2,0.8862,0.1236,33.6,night
2024-01-23 05:00:00,Sitabuldi,249.8,0,257.63,228.16,0.9024,0.0224,31.4,night
2024-01-23 05:00:00,Gandhibagh,232.48,0,226.63,226.05,0.8471,0.1327,30.2,night
2024-01-23 05:00:00,Lakadganj,265.25,0,271.94,223.02,0.9423,0.1378,30.3,night
2024-01-23 05:00:00,Sadar,201.07,0,202.51,242.58,0.9058,0.0912,29.6,night
2024-01-23 05:00:00,Itwari,211.14,0,237.17,217.43,0.9514,0.0674,33.4,night
2024-01-23 05:00:00,Manewada,241.73,0,247.15,228.01,0.9286,0.1228,28.0,night
2024-01-23 05:00:00,Hingna,288.54,0,290.43,238.31,0.9733,0.1238,34.5,night
2024-01-23 06:00:00,Dharampeth,300.58,0,303.46,230.21,0.9425,0.1164,33.7,daytime
2024-01-23 06:00:00,Sitabuldi,275.33,0,274.59,235.99,0.9425,0.0572,33.7,daytime
2024-01-23 06:00:00,Gandhibagh,230.67,8.12,225.31,222.9,0.9193,0.0817,34.6,daytime
2024-01-23 06:00:00,Lakadganj,334.77,0,329.15,219.43,0.9606,0.1423,29.4,daytime
2024-01-23 06:00:00,Sadar,277.01,0,291.3,233.95,0.9399,0.0712,32.1,daytime
2024-01-23 06:00:00,Itwari,303.25,0,310.77,239.49,0.9006,0.1667,26.8,daytime
2024-01-23 06:00:00,Manewada,287.08,0,295.08,229.44,0.869,0.1537,31.9,daytime
2024-01-23 06:00:00,Hingna,270.09,18.5,249.47,217.04,0.9462,0.1705,30.7,daytime
2024-01-23 07:00:00,Dharampeth,282.02,46.84,239.36,225.76,0.9224,0.044,31.0,daytime
2024-01-23 07:00:00,Sitabuldi,258.95,27.0,238.47,225.95,0.9073,0.0713,26.4,daytime
2024-01-23 07:00:00,Gandhibagh,280.71,51.14,230.9,229.82,0.9409,0.0184,32.9,daytime
2024-01-23 07:00:00,Lakadganj,251.67,56.46,186.53,229.97,0.9519,0.0558,30.3,daytime
2024-01-23 07:00:00,Sadar,207.57,69.87,157.02,231.4,0.9303,0.0128,33.1,daytime
2024-01-23 07:00:00,Itwari,270.41,81.54,194.25,235.27,0.9496,0.0548,32.6,daytime
2024-01-23 07:00:00,Manewada,251.51,37.47,194.61,234.97,0.8465,0.1161,32.0,daytime
2024-01-23 07:00:00,Hingna,298.91,52.85,260.54,233.06,0.9027,0.0711,28.6,daytime
2024-01-23 08:00:00,Dharampeth,304.07,106.59,181.48,224.57,0.9281,0.4402,28.7,daytime
2024-01-23 08:00:00,Sitabuldi,265.05,95.09,179.38,234.41,0.8762,0.0719,32.9,daytime
2024-01-23 08:00:00,Gandhibagh,323.49,93.15,226.91,220.7,0.9109,0.1672,32.4,daytime
2024-01-23 08:00:00,Lakadganj,285.86,108.0,171.69,230.01,0.8371,0.1593,31.8,daytime
2024-01-23 08:00:00,Sadar,286.49,85.12,232.4,226.29,0.8976,0.1543,31.2,daytime
2024-01-23 08:00:00,Itwari,257.34,91.03,157.94,232.16,0.9735,0.0074,34.9,daytime
2024-01-23 08:00:00,Manewada,311.16,106.83,208.0,234.59,0.9733,0.077,32.9,daytime
2024-01-23 08:00:00,Hingna,293.4,50.72,244.09,233.81,0.9722,0.1163,31.8,daytime
2024-01-23 09:00:00,Dharampeth,302.72,132.5,161.15,227.27,0.9686,0.1795,33.2,peak
2024-01-23 09:00:00,Sitabuldi,356.7,143.35,199.36,227.83,0.9586,0.0443,30.8,peak
2024-01-23 09:00:00,Gandhibagh,354.2,131.91,214.82,225.64,0.9315,0.1226,29.8,peak
2024-01-23 09:00:00,Lakadganj,371.97,130.18,267.84,229.31,0.8946,0.1396,32.4,peak
2024-01-23 09:00:00,Sadar,397.93,97.2,307.93,230.58,0.8738,0.0598,29.3,peak
2024-01-23 09:00:00,Itwari,378.85,150.41,235.63,225.32,0.9333,0.1688,31.8,peak
2024-01-23 09:00:00,Manewada,323.79,110.4,215.46,223.61,0.957,0.0379,30.9,peak
2024-01-23 09:00:00,Hingna,346.23,151.74,191.21,232.36,0.9907,0.0782,29.4,peak
2024-01-23 10:00:00,Dharampeth,342.25,132.86,226.41,230.28,0.9406,0.0176,27.4,peak
2024-01-23 10:00:00,Sitabuldi,372.35,163.91,200.69,226.0,0.9827,0.1553,29.2,peak
2024-01-23 10:00:00,Gandhibagh,324.45,179.39,152.97,233.72,0.9394,0.1166,33.5,peak
2024-01-23 10:00:00,Lakadganj,353.29,168.25,175.47,226.9,0.9268,0.1093,28.4,peak
2024-01-23 10:00:00,Sadar,356.31,155.8,205.54,228.77,0.872,0.0172,28.6,peak
2024-01-23 10:00:00,Itwari,322.92,150.87,196.81,228.45,0.8798,0.0584,33.1,peak
2024-01-23 10:00:00,Manewada,420.41,155.49,262.17,234.41,0.874,0.1565,29.4,peak
2024-01-23 10:00:00,Hingna,334.67,145.56,199.26,232.6,0.908,0.1341,30.4,peak
2024-01-23 11:00:00,Dharampeth,370.87,178.41,186.2,231.97,0.9197,0.0198,28.7,peak
2024-01-23 11:00:00,Sitabuldi,326.65,166.56,162.04,228.88,0.8949,0.1208,32.4,peak
2024-01-23 11:00:00,Gandhibagh,406.37,172.79,226.73,227.42,0.9062,0.1721,33.5,peak
2024-01-23 11:00:00,Lakadganj,419.05,166.04,263.15,230.17,0.8959,0.0865,32.2,peak
2024-01-23 11:00:00,Sadar,417.79,197.76,213.31,224.54,0.865,0.1795,31.0,peak
2024-01-23 11:00:00,Itwari,362.38,204.79,145.13,230.7,0.909,0.0389,30.8,peak
2024-01-23 11:00:00,Manewada,388.91,148.32,248.53,223.85,0.8888,0.1668,30.8,peak
2024-01-23 11:00:00,Hingna,367.78,179.09,194.97,226.2,0.9129,0.0304,28.9,peak
2024-01-23 12:00:00,Dharampeth,312.72,199.19,124.01,237.04,0.8995,0.1683,33.3,peak
2024-01-23 12:00:00,Sitabuldi,392.2,163.46,236.81,216.18,0.8528,0.0571,28.4,peak
2024-01-23 12:00:00,Gandhibagh,322.9,179.63,143.81,226.55,0.9471,0.1218,31.1,peak
2024-01-23 12:00:00,Lakadganj,351.77,190.31,165.67,224.39,0.9404,0.1362,33.2,peak
2024-01-23 12:00:00,Sadar,370.82,191.85,174.88,228.8,0.8893,0.179,31.3,peak
2024-01-23 12:00:00,Itwari,358.71,177.61,179.86,234.21,0.9098,0.1414,33.4,peak
2024-01-23 12:00:00,Manewada,371.78,178.36,184.05,232.93,0.9524,0.0698,32.2,peak
2024-01-23 12:00:00,Hingna,338.68,190.31,153.87,228.43,0.9285,0.0712,27.1,peak
2024-01-23 13:00:00,Dharampeth,300.24,174.88,128.31,226.33,0.8727,0.0831,31.7,daytime
2024-01-23 13:00:00,Sitabuldi,345.97,181.33,165.51,228.15,0.9427,0.0151,32.0,daytime
2024-01-23 13:00:00,Gandhibagh,302.68,166.62,119.0,226.57,0.8499,0.1267,29.5,daytime
2024-01-23 13:00:00,Lakadganj,272.95,189.68,85.64,233.91,0.9446,0.0212,33.5,daytime
2024-01-23 13:00:00,Sadar,279.17,188.15,93.94,227.06,0.9328,0.1189,27.7,daytime
2024-01-23 13:00:00,Itwari,338.16,187.38,151.06,227.6,0.8923,0.1583,28.3,daytime
2024-01-23 13:00:00,Manewada,243.28,179.13,68.12,232.49,0.8854,0.0903,32.5,daytime
2024-01-23 13:00:00,Hingna,327.94,156.03,176.33,231.51,0.9141,0.0501,30.8,daytime
2024-01-23 14:00:00,Dharampeth,238.88,153.32,108.74,234.45,0.8995,0.053,27.9,daytime
2024-01-23 14:00:00,Sitabuldi,272.84,126.93,142.65,237.79,0.8866,0.068,30.2,daytime
2024-01-23 14:00:00,Gandhibagh,283.11,189.91,97.65,234.2,0.9195,0.0813,29.5,daytime
2024-01-23 14:00:00,Lakadganj,243.79,160.72,85.76,231.23,0.9719,0.021,30.7,daytime
2024-01-23 14:00:00,Sadar,311.35,149.67,149.26,228.49,0.929,0.0084,28.7,daytime
2024-01-23 14:00:00,Itwari,308.4,166.63,134.41,233.74,0.9115,0.6532,29.8,daytime
2024-01-23 14:00:00,Manewada,238.17,136.43,103.42,231.29,0.9399,0.051,32.1,daytime
2024-01-23 14:00:00,Hingna,292.53,143.85,147.8,229.81,0.9368,0.0965,30.5,daytime
2024-01-23 15:00:00,Dharampeth,245.06,144.07,97.44,231.45,0.9208,0.146,31.8,daytime
2024-01-23 15:00:00,Sitabuldi,297.31,112.0,175.3,227.74,0.9519,0.1662,30.4,daytime
2024-01-23 15:00:00,Gandhibagh,289.87,120.03,171.57,228.83,0.8597,0.0069,28.7,daytime
2024-01-23 15:00:00,Lakadganj,293.59,131.88,160.88,226.71,0.9452,0.0754,29.1,daytime
2024-01-23 15:00:00,Sadar,293.75,138.52,159.81,230.58,0.8941,0.1332,29.5,daytime
2024-01-23 15:00:00,Itwari,297.64,120.43,184.74,225.58,0.9611,0.0334,28.3,daytime
2024-01-23 15:00:00,Manewada,220.39,106.66,115.07,229.41,0.9065,0.1322,29.7,daytime
2024-01-23 15:00:00,Hingna,230.54,119.6,106.89,230.89,0.9745,0.0944,29.6,daytime
2024-01-23 16:00:00,Dharampeth,316.86,111.35,192.32,218.27,0.977,0.0007,28.3,daytime
2024-01-23 16:00:00,Sitabuldi,253.35,75.15,185.44,232.9,0.9321,0.1564,33.8,daytime
2024-01-23 16:00:00,Gandhibagh,230.37,100.8,108.28,233.57,0.9005,0.0469,30.7,daytime
2024-01-23 16:00:00,Lakadganj,262.41,77.33,171.3,236.17,0.9762,0.1263,32.5,daytime
2024-01-23 16:00:00,Sadar,302.76,100.87,199.52,235.58,0.9185,0.0019,31.9,daytime
2024-01-23 16:00:00,Itwari,297.45,74.53,218.14,222.65,0.9158,0.0207,31.0,daytime
2024-01-23 16:00:00,Manewada,325.75,77.04,234.15,229.43,0.9317,0.0559,29.9,daytime
2024-01-23 16:00:00,Hingna,270.42,96.31,175.1,225.64,0.9328,0.0202,32.4,daytime
2024-01-23 17:00:00,Dharampeth,302.77,51.62,241.96,236.55,0.8876,0.0428,30.1,daytime
2024-01-23 17:00:00,Sitabuldi,271.22,51.3,216.07,232.46,0.9102,0.1198,32.0,daytime
2024-01-23 17:00:00,Gandhibagh,271.22,44.11,213.37,229.83,0.9128,0.1586,31.9,daytime
2024-01-23 17:00:00,Lakadganj,267.42,46.23,218.28,234.52,0.8943,0.0322,28.8,daytime
2024-01-23 17:00:00,Sadar,287.31,60.92,215.99,234.94,0.9594,0.0433,27.9,daytime
2024-01-23 17:00:00,Itwari,343.83,35.25,302.35,228.38,0.8798,0.0686,31.4,daytime
2024-01-23 17:00:00,Manewada,294.98,55.26,235.53,236.25,0.9879,0.0247,29.9,daytime
2024-01-23 17:00:00,Hingna,321.43,43.28,288.02,223.54,0.9163,0.1098,32.3,daytime
2024-01-23 18:00:00,Dharampeth,377.21,0,369.58,221.6,0.8932,0.0163,30.0,peak
2024-01-23 18:00:00,Sitabuldi,332.53,26.44,305.94,231.34,0.9283,0.0269,30.2,peak
2024-01-23 18:00:00,Gandhibagh,373.01,0,371.81,226.72,0.929,0.033,33.0,peak
2024-01-23 18:00:00,Lakadganj,313.16,3.3,306.16,239.34,0.9464,0.0632,29.1,peak
2024-01-23 18:00:00,Sadar,354.08,0,359.19,224.71,0.9242,0.1798,30.5,peak
2024-01-23 18:00:00,Itwari,430.75,7.01,413.87,224.6,0.9049,0.165,30.7,peak
2024-01-23 18:00:00,Manewada,334.1,0,336.83,235.37,0.9135,0.0903,29.2,peak
2024-01-23 18:00:00,Hingna,444.99,11.18,421.72,238.22,0.912,0.1653,32.8,peak
2024-01-23 19:00:00,Dharampeth,284.48,0,288.66,225.51,0.9136,0.0141,29.9,peak
2024-01-23 19:00:00,Sitabuldi,351.94,0,360.77,222.2,0.8892,0.1745,33.0,peak
2024-01-23 19:00:00,Gandhibagh,293.24,0,300.95,221.03,0.9601,0.0154,34.6,peak
2024-01-23 19:00:00,Lakadganj,350.43,0,362.02,227.71,0.9494,0.0777,29.6,peak
2024-01-23 19:00:00,Sadar,302.87,0,324.01,225.21,0.8911,0.1522,31.2,peak
2024-01-23 19:00:00,Itwari,350.18,0,369.38,229.13,0.9545,0.0811,30.0,peak
2024-01-23 19:00:00,Manewada,297.25,0,302.6,237.34,0.9102,0.3704,31.9,peak
2024-01-23 19:00:00,Hingna,313.74,0,310.16,233.29,0.9434,0.1482,31.5,peak
2024-01-23 20:00:00,Dharampeth,275.4,0,278.06,228.75,0.8921,0.0524,30.6,peak
2024-01-23 20:00:00,Sitabuldi,331.22,0,326.19,224.07,0.9124,0.1149,29.2,peak
2024-01-23 20:00:00,Gandhibagh,328.02,0,339.84,224.7,0.9276,0.123,28.8,peak
2024-01-23 20:00:00,Lakadganj,312.46,0,291.23,231.29,0.8902,0.0046,33.4,peak
2024-01-23 20:00:00,Sadar,361.84,0,348.26,227.37,0.8905,0.0673,30.2,peak
2024-01-23 20:00:00,Itwari,263.28,0,265.36,239.16,0.9112,0.0507,29.9,peak
2024-01-23 20:00:00,Manewada,323.67,0,330.16,216.86,0.8256,0.1309,30.2,peak
2024-01-23 20:00:00,Hingna,334.52,0,329.72,229.76,0.8758,0.0258,35.2,peak
2024-01-23 21:00:00,Dharampeth,361.46,0,355.39,225.88,0.9322,0.1512,30.0,peak
2024-01-23 21:00:00,Sitabuldi,272.71,0,259.33,233.71,0.93,0.1122,29.6,peak
2024-01-23 21:00:00,Gandhibagh,348.75,0,348.53,216.79,0.9122,0.0932,30.1,peak
2024-01-23 21:00:00,Lakadganj,327.41,0,332.57,214.25,0.9366,0.0825,30.0,peak
2024-01-23 21:00:00,Sadar,315.64,0,326.96,229.35,0.9136,0.1,30.7,peak
2024-01-23 21:00:00,Itwari,339.51,0,328.64,218.16,0.9608,0.019,29.4,peak
2024-01-23 21:00:00,Manewada,325.05,0,316.79,230.57,0.9091,0.0185,27.3,peak
2024-01-23 21:00:00,Hingna,363.57,0,353.5,239.46,0.9283,0.1721,33.1,peak
2024-01-23 22:00:00,Dharampeth,312.63,0,298.69,229.54,0.9496,0.0179,31.3,peak
2024-01-23 22:00:00,Sitabuldi,269.53,0,265.2,225.96,0.9604,0.1273,33.1,peak
2024-01-23 22:00:00,Gandhibagh,289.89,0,302.79,224.58,0.9476,0.1307,31.6,peak
2024-01-23 22:00:00,Lakadganj,317.68,0,319.54,230.66,0.9447,0.1618,30.3,peak
2024-01-23 22:00:00,Sadar,289.07,0,283.76,231.02,0.8885,0.1322,31.9,peak
2024-01-23 22:00:00,Itwari,318.86,0,315.41,237.48,0.928,0.1576,31.9,peak
2024-01-23 22:00:00,Manewada,340.67,0,337.01,231.48,0.9136,0.1044,31.4,peak
2024-01-23 22:00:00,Hingna,346.97,0,340.76,223.43,0.9126,0.0398,29.6,peak
2024-01-23 23:00:00,Dharampeth,241.38,0,252.21,230.73,0.9529,0.002,29.7,night
2024-01-23 23:00:00,Sitabuldi,299.61,0,295.97,228.08,0.9113,0.0254,32.6,night
2024-01-23 23:00:00,Gandhibagh,204.32,0,190.2,231.36,0.8968,0.0448,30.1,night
2024-01-23 23:00:00,Lakadganj,284.93,0,284.86,230.87,0.9427,0.0688,33.9,night
2024-01-23 23:00:00,Sadar,208.19,0,230.01,228.81,0.9433,0.1271,30.7,night
2024-01-23 23:00:00,Itwari,255.85,0,276.13,227.58,0.9282,0.0456,31.9,night
2024-01-23 23:00:00,Manewada,220.26,0,227.79,227.49,0.9113,0.1401,30.5,night
2024-01-23 23:00:00,Hingna,198.11,0,203.33,226.13,0.9497,0.0234,33.1,night
2024-01-24 00:00:00,Dharampeth,229.81,0,213.29,233.46,0.9304,0.0934,31.9,night
2024-01-24 00:00:00,Sitabuldi,190.12,0,186.88,230.91,0.9278,0.1496,30.0,night
2024-01-24 00:00:00,Gandhibagh,197.24,0,196.68,226.27,0.8901,0.0728,30.5,night
2024-01-24 00:00:00,Lakadganj,264.1,0,259.6,233.07,0.9091,0.0535,33.0,night
2024-01-24 00:00:00,Sadar,248.98,0,267.64,227.96,0.9192,0.0099,34.0,night
2024-01-24 00:00:00,Itwari,277.51,0,287.33,227.24,0.9735,0.0978,31.7,night
2024-01-24 00:00:00,Manewada,229.0,0,234.46,229.7,0.8919,0.0516,31.3,night
2024-01-24 00:00:00,Hingna,239.27,0,232.59,233.58,0.8764,0.0353,33.1,night
2024-01-24 01:00:00,Dharampeth,221.15,0,214.83,226.42,0.9438,0.0096,31.2,night
2024-01-24 01:00:00,Sitabuldi,236.77,0,244.0,232.13,0.9154,0.0405,32.4,night
2024-01-24 01:00:00,Gandhibagh,239.36,0,233.31,224.29,0.8939,0.1184,32.7,night
2024-01-24 01:00:00,Lakadganj,194.88,0,200.7,235.49,0.8992,0.0877,28.4,night
2024-01-24 01:00:00,Sadar,268.47,0,272.11,235.6,0.8728,0.1174,32.6,night
2024-01-24 01:00:00,Itwari,222.12,0,226.54,225.4,0.915,0.0226,29.8,night
2024-01-24 01:00:00,Manewada,231.88,0,238.25,225.44,0.8991,0.3692,31.8,night
2024-01-24 01:00:00,Hingna,283.02,0,302.98,227.29,0.9202,0.1544,29.3,night
2024-01-24 02:00:00,Dharampeth,216.72,0,227.74,230.28,0.8912,0.1385,26.9,night
2024-01-24 02:00:00,Sitabuldi,267.16,0,279.48,222.12,0.9284,0.1533,29.8,night
2024-01-24 02:00:00,Gandhibagh,269.18,0,261.09,230.97,0.9529,0.1289,31.0,night
2024-01-24 02:00:00,Lakadganj,248.9,0,248.8,233.09,0.9238,0.041,29.3,night
2024-01-24 02:00:00,Sadar,193.46,0,178.94,232.36,0.8882,0.0933,30.0,night
2024-01-24 02:00:00,Itwari,227.29,0,240.86,227.8,0.9453,0.1742,30.5,night
2024-01-24 02:00:00,Manewada,244.82,0,253.4,230.84,0.9388,0.0637,34.0,night
2024-01-24 02:00:00,Hingna,194.94,0,201.44,230.85,0.9673,0.1748,31.4,night
2024-01-24 03:00:00,Dharampeth,221.81,0,209.23,227.03,0.9697,0.1225,29.3,night
2024-01-24 03:00:00,Sitabuldi,219.08,0,216.35,222.15,0.9353,0.1799,31.4,night
2024-01-24 03:00:00,Gandhibagh,269.05,0,261.04,234.55,0.9283,0.0869,30.9,night
2024-01-24 03:00:00,Lakadganj,223.7,0,225.06,236.93,0.9231,0.0135,33.7,night
2024-01-24 03:00:00,Sadar,236.74,0,234.81,227.21,0.9655,0.0943,30.4,night
2024-01-24 03:00:00,Itwari,199.01,0,192.26,227.98,0.9847,0.1557,30.5,night
2024-01-24 03:00:00,Manewada,265.93,0,267.11,230.31,0.9061,0.1599,31.0,night
2024-01-24 03:00:00,Hingna,245.46,0,250.36,238.85,0.9502,0.0848,32.4,night
2024-01-24 04:00:00,Dharampeth,225.82,0,224.31,231.65,0.8741,0.0701,33.1,night
2024-01-24 04:00:00,Sitabuldi,272.01,0,264.35,234.33,0.8801,0.1647,30.3,night
2024-01-24 04:00:00,Gandhibagh,253.47,0,263.22,220.15,0.9173,0.1169,29.6,night
2024-01-24 04:00:00,Lakadganj,272.02,0,277.44,224.61,0.8921,0.0508,30.0,night
2024-01-24 04:00:00,Sadar,200.87,0,193.07,229.06,0.9493,0.0296,32.5,night
2024-01-24 04:00:00,Itwari,278.73,0,291.8,219.79,0.9262,0.1533,31.1,night
2024-01-24 04:00:00,Manewada,243.44,0,268.1,230.54,0.9404,0.1289,30.9,night
2024-01-24 04:00:00,Hingna,285.96,0,269.16,232.89,0.8743,0.1314,30.8,night
2024-01-24 05:00:00,Dharampeth,275.76,0,269.86,227.42,0.9338,0.0254,29.0,night
2024-01-24 05:00:00,Sitabuldi,240.92,0,239.8,221.2,0.937,0.0345,32.6,night
2024-01-24 05:00:00,Gandhibagh,256.26,0,258.24,235.92,0.8634,0.1056,32.9,night
2024-01-24 05:00:00,Lakadganj,245.61,0,240.66,225.69,0.8556,0.1593,29.8,night
2024-01-24 05:00:00,Sadar,224.57,0,212.83,235.78,0.9049,0.003,29.3,night
2024-01-24 05:00:00,Itwari,207.15,0,200.35,235.97,0.9224,0.108,30.4,night
2024-01-24 05:00:00,Manewada,229.25,0,231.94,228.95,0.9032,0.052,29.9,night
2024-01-24 05:00:00,Hingna,236.13,0,222.33,241.13,0.9652,0.0369,28.1,night
2024-01-24 06:00:00,Dharampeth,300.06,0,313.39,233.95,0.9201,0.1413,31.0,daytime
2024-01-24 06:00:00,Sitabuldi,265.32,0,249.69,236.88,0.9389,0.1406,32.6,daytime
2024-01-24 06:00:00,Gandhibagh,325.2,21.79,329.4,226.9,0.9803,0.1762,30.8,daytime
2024-01-24 06:00:00,Lakadganj,266.24,0,250.01,240.64,0.935,0.075,32.7,daytime
2024-01-24 06:00:00,Sadar,281.38,8.34,264.45,241.98,0.9012,0.1742,31.2,daytime
2024-01-24 06:00:00,Itwari,271.11,0,280.85,231.04,0.9371,0.0443,32.0,daytime
2024-01-24 06:00:00,Manewada,187.11,0,191.28,229.44,0.982,0.0757,33.1,daytime
2024-01-24 06:00:00,Hingna,263.2,27.71,225.78,235.65,0.9215,0.1513,32.9,daytime
2024-01-24 07:00:00,Dharampeth,331.4,49.06,291.36,231.29,0.9029,0.0328,31.3,daytime
2024-01-24 07:00:00,Sitabuldi,316.36,56.86,254.38,227.94,0.937,0.0465,30.0,daytime
2024-01-24 07:00:00,Gandhibagh,239.56,53.36,183.02,230.89,0.9214,0.6101,32.4,daytime
2024-01-24 07:00:00,Lakadganj,265.74,34.24,245.91,230.42,0.9319,0.016,30.3,daytime
2024-01-24 07:00:00,Sadar,319.62,34.7,273.7,236.95,0.9558,0.1599,29.8,daytime
2024-01-24 07:00:00,Itwari,263.61,47.91,209.92,221.91,0.8839,0.048,32.1,daytime
2024-01-24 07:00:00,Manewada,335.27,36.14,294.92,222.62,0.888,0.0563,31.4,daytime
2024-01-24 07:00:00,Hingna,286.31,64.19,226.52,235.53,0.8945,0.0277,27.6,daytime
2024-01-24 08:00:00,Dharampeth,244.38,114.91,118.78,228.1,0.9046,0.0632,34.6,daytime
2024-01-24 08:00:00,Sitabuldi,287.02,71.74,218.49,229.98,0.9724,0.1114,31.1,daytime
2024-01-24 08:00:00,Gandhibagh,309.37,79.61,222.18,234.95,0.9284,0.0262,32.2,daytime
2024-01-24 08:00:00,Lakadganj,282.36,108.77,168.43,230.98,0.9637,0.094,30.8,daytime
2024-01-24 08:00:00,Sadar,264.8,92.83,189.76,231.82,0.9724,0.0846,29.8,daytime
2024-01-24 08:00:00,Itwari,277.88,80.95,197.9,236.83,0.9364,0.1303,31.2,daytime
2024-01-24 08:00:00,Manewada,257.56,94.62,149.92,231.63,0.9279,0.1376,31.4,daytime
2024-01-24 08:00:00,Hingna,274.2,101.11,179.32,232.01,0.9429,0.0499,34.1,daytime
2024-01-24 09:00:00,Dharampeth,330.55,92.53,249.92,237.19,0.8732,0.1774,33.4,peak
2024-01-24 09:00:00,Sitabuldi,359.32,123.49,256.32,223.18,0.9631,0.0472,29.8,peak
2024-01-24 09:00:00,Gandhibagh,310.91,140.13,155.82,236.01,0.8869,0.0409,29.6,peak
2024-01-24 09:00:00,Lakadganj,375.34,146.72,226.07,224.31,0.8647,0.1748,30.8,peak
2024-01-24 09:00:00,Sadar,370.51,136.03,235.29,232.7,0.9312,0.1658,33.3,peak
2024-01-24 09:00:00,Itwari,320.67,144.57,165.64,236.06,0.9794,0.0073,32.3,peak
2024-01-24 09:00:00,Manewada,393.75,114.43,292.53,227.97,0.9569,0.1726,32.6,peak
2024-01-24 09:00:00,Hingna,370.02,122.92,266.61,231.56,0.9301,0.1011,31.8,peak
2024-01-24 10:00:00,Dharampeth,366.22,124.94,251.19,228.42,0.9158,0.1014,28.6,peak
2024-01-24 10:00:00,Sitabuldi,391.33,161.78,244.39,223.41,0.939,0.1195,31.6,peak
2024-01-24 10:00:00,Gandhibagh,373.35,176.94,199.64,234.38,0.8963,0.0886,35.6,peak
2024-01-24 10:00:00,Lakadganj,359.73,144.25,205.47,228.44,0.952,0.156,25.8,peak
2024-01-24 10:00:00,Sadar,383.66,153.32,235.36,226.09,0.9329,0.0728,31.2,peak
2024-01-24 10:00:00,Itwari,388.76,178.09,213.28,227.83,0.937,0.0609,27.6,peak
2024-01-24 10:00:00,Manewada,329.97,179.51,140.89,241.98,0.9366,0.18,32.6,peak
2024-01-24 10:00:00,Hingna,311.46,161.72,151.11,231.73,0.923,0.063,28.0,peak
2024-01-24 11:00:00,Dharampeth,451.66,185.74,255.87,227.04,0.8949,0.0124,31.8,peak
2024-01-24 11:00:00,Sitabuldi,326.94,176.47,153.44,231.78,0.9016,0.0828,33.6,peak
2024-01-24 11:00:00,Gandhibagh,381.12,176.53,221.76,231.5,0.8468,0.0479,33.3,peak
2024-01-24 11:00:00,Lakadganj,317.42,185.24,128.53,237.48,0.9298,0.1167,29.6,peak
2024-01-24 11:00:00,Sadar,334.42,181.91,169.32,227.61,0.9158,0.095,30.9,peak
2024-01-24 11:00:00,Itwari,361.99,191.0,174.55,233.01,0.9188,0.1475,31.7,peak
2024-01-24 11:00:00,Manewada,312.07,165.02,134.45,232.73,0.9081,0.1393,28.3,peak
2024-01-24 11:00:00,Hingna,360.93,176.52,170.5,228.85,0.883,0.1199,31.0,peak
2024-01-24 12:00:00,Dharampeth,297.24,142.91,151.43,230.12,0.9454,0.1368,29.6,peak
2024-01-24 12:00:00,Sitabuldi,332.73,177.59,175.34,232.04,0.9492,0.0648,33.7,peak
2024-01-24 12:00:00,Gandhibagh,385.93,176.02,207.59,235.25,0.8515,0.0446,26.6,peak
2024-01-24 12:00:00,Lakadganj,344.97,193.48,162.58,231.37,0.8903,0.0345,31.1,peak
2024-01-24 12:00:00,Sadar,317.88,184.14,144.51,224.16,0.8577,0.1086,30.9,peak
2024-01-24 12:00:00,Itwari,397.33,175.73,226.77,232.01,0.9635,0.139,30.0,peak
2024-01-24 12:00:00,Manewada,403.92,223.85,163.94,234.99,0.9361,0.0723,31.4,peak
2024-01-24 12:00:00,Hingna,335.15,180.17,156.32,232.95,0.8818,0.4686,30.5,peak
2024-01-24 13:00:00,Dharampeth,275.49,155.56,107.85,227.8,0.9453,0.0802,29.9,daytime
2024-01-24 13:00:00,Sitabuldi,305.96,162.08,140.53,225.12,0.9196,0.0313,32.0,daytime
2024-01-24 13:00:00,Gandhibagh,322.71,183.36,123.75,228.13,0.9603,0.1546,30.6,daytime
2024-01-24 13:00:00,Lakadganj,230.85,200.41,26.84,234.74,0.8579,0.094,30.9,daytime
2024-01-24 13:00:00,Sadar,286.98,196.59,73.83,236.53,0.9327,0.0097,31.5,daytime
2024-01-24 13:00:00,Itwari,277.76,158.64,107.25,232.67,0.9255,0.0612,32.0,daytime
2024-01-24 13:00:00,Manewada,269.48,152.35,115.23,230.76,0.9442,0.0717,32.8,daytime
2024-01-24 13:00:00,Hingna,301.95,174.28,140.25,226.21,0.9409,0.0411,32.2,daytime
2024-01-24 14:00:00,Dharampeth,321.84,153.93,169.65,235.28,0.8848,0.152,29.8,daytime
2024-01-24 14:00:00,Sitabuldi,235.3,175.19,58.13,225.13,0.8727,0.1397,27.7,daytime
2024-01-24 14:00:00,Gandhibagh,267.59,157.32,85.6,234.3,0.9086,0.0483,33.7,daytime
2024-01-24 14:00:00,Lakadganj,271.34,149.44,118.0,219.24,0.9293,0.1032,32.1,daytime
2024-01-24 14:00:00,Sadar,290.17,156.5,146.67,225.18,0.916,0.1671,28.4,daytime
2024-01-24 14:00:00,Itwari,240.06,164.88,68.13,235.29,0.9267,0.0088,35.2,daytime
2024-01-24 14:00:00,Manewada,247.53,167.28,74.69,222.99,0.9291,0.1481,33.4,daytime
2024-01-24 14:00:00,Hingna,297.37,148.18,159.48,227.39,0.9392,0.0858,30.1,daytime
2024-01-24 15:00:00,Dharampeth,251.79,136.8,120.23,228.74,0.93,0.1214,32.8,daytime
2024-01-24 15:00:00,Sitabuldi,290.51,99.69,197.49,227.27,0.8975,0.0418,31.3,daytime
2024-01-24 15:00:00,Gandhibagh,329.89,148.55,196.86,222.97,0.8854,0.115,31.0,daytime
2024-01-24 15:00:00,Lakadganj,251.34,131.93,107.7,230.81,0.8798,0.0477,30.6,daytime
2024-01-24 15:00:00,Sadar,215.92,124.28,95.1,225.22,0.9279,0.0564,32.0,daytime
2024-01-24 15:00:00,Itwari,306.16,120.94,177.27,237.86,0.8971,0.1244,30.4,daytime
2024-01-24 15:00:00,Manewada,349.44,106.68,251.67,217.05,0.9248,0.0893,33.4,daytime
2024-01-24 15:00:00,Hingna,247.63,155.54,88.21,231.98,0.9412,0.0921,35.1,daytime
2024-01-24 16:00:00,Dharampeth,266.81,98.6,171.89,234.72,0.9059,0.0794,31.4,daytime
2024-01-24 16:00:00,Sitabuldi,202.23,87.49,119.33,229.72,0.9069,0.1337,32.8,daytime
2024-01-24 16:00:00,Gandhibagh,245.6,97.51,149.87,225.26,0.9031,0.0858,32.8,daytime
2024-01-24 16:00:00,Lakadganj,338.53,48.9,276.98,226.47,0.9859,0.0278,31.3,daytime
2024-01-24 16:00:00,Sadar,283.52,60.91,229.45,227.76,0.8916,0.069,28.6,daytime
2024-01-24 16:00:00,Itwari,266.9,85.97,188.99,238.06,0.8941,0.1213,32.3,daytime
2024-01-24 16:00:00,Manewada,305.64,87.12,215.12,233.98,0.8904,0.1256,30.7,daytime
2024-01-24 16:00:00,Hingna,303.31,126.74,167.08,228.36,0.9297,0.0104,33.9,daytime
2024-01-24 17:00:00,Dharampeth,294.81,67.56,234.2,220.89,0.938,0.0652,32.9,daytime
2024-01-24 17:00:00,Sitabuldi,283.61,65.57,229.87,228.04,0.8933,0.1087,34.6,daytime
2024-01-24 17:00:00,Gandhibagh,338.64,36.27,315.11,226.52,0.8924,0.0242,33.6,daytime
2024-01-24 17:00:00,Lakadganj,356.04,40.42,309.6,230.9,0.9496,0.167,28.5,daytime
2024-01-24 17:00:00,Sadar,289.24,35.32,253.64,230.34,0.9325,0.1539,30.7,daytime
2024-01-24 17:00:00,Itwari,327.79,45.14,299.72,219.58,0.8553,0.1478,32.7,daytime
2024-01-24 17:00:00,Manewada,279.95,50.06,245.22,222.73,0.8756,0.035,30.4,daytime
2024-01-24 17:00:00,Hingna,274.51,26.15,257.1,227.84,0.9008,0.1422,34.1,daytime
2024-01-24 18:00:00,Dharampeth,329.42,0,347.73,217.41,0.8992,0.0332,30.7,peak
2024-01-24 18:00:00,Sitabuldi,311.33,0,315.69,229.19,0.8835,0.1614,33.9,peak
2024-01-24 18:00:00,Gandhibagh,386.55,0,386.6,230.17,0.9054,0.1214,33.4,peak
2024-01-24 18:00:00,Lakadganj,439.51,5.8,407.97,234.59,0.8371,0.0648,30.3,peak
2024-01-24 18:00:00,Sadar,337.02,0,327.63,234.2,0.9131,0.1385,32.9,peak
2024-01-24 18:00:00,Itwari,366.7,5.84,330.34,231.79,0.9369,0.0815,32.2,peak
2024-01-24 18:00:00,Manewada,355.28,0,347.17,224.48,0.9377,0.0506,29.9,peak
2024-01-24 18:00:00,Hingna,355.27,10.57,345.42,228.35,0.9599,0.0337,31.9,peak
2024-01-24 19:00:00,Dharampeth,327.81,0,319.16,223.25,0.891,0.0946,32.1,peak
2024-01-24 19:00:00,Sitabuldi,233.56,0,236.77,227.96,0.902,0.0087,29.7,peak
2024-01-24 19:00:00,Gandhibagh,327.29,0,338.54,227.07,0.9146,0.1694,29.7,peak
2024-01-24 19:00:00,Lakadganj,358.0,0,370.55,236.75,0.9058,0.0958,28.6,peak
2024-01-24 19:00:00,Sadar,293.93,0,283.19,228.68,0.8725,0.1582,31.0,peak
2024-01-24 19:00:00,Itwari,350.38,0,364.78,229.08,0.9134,0.1044,31.6,peak
2024-01-24 19:00:00,Manewada,302.73,0,307.92,229.99,0.9306,0.1322,32.8,peak
2024-01-24 19:00:00,Hingna,330.37,0,309.0,233.17,0.8543,0.0224,28.7,peak
2024-01-24 20:00:00,Dharampeth,383.62,0,383.84,229.13,0.9442,0.0552,33.5,peak
2024-01-24 20:00:00,Sitabuldi,298.12,0,275.46,227.76,0.8903,0.0125,28.1,peak
2024-01-24 20:00:00,Gandhibagh,346.8,0,346.43,238.51,0.8891,0.0702,32.2,peak
2024-01-24 20:00:00,Lakadganj,301.39,0,287.7,223.39,0.9776,0.1651,29.3,peak
2024-01-24 20:00:00,Sadar,345.36,0,350.72,230.48,0.9059,0.1022,32.8,peak
2024-01-24 20:00:00,Itwari,304.6,0,316.48,224.86,0.9256,0.0701,30.1,peak
2024-01-24 20:00:00,Manewada,283.65,0,288.13,225.77,0.8844,0.175,29.4,peak
2024-01-24 20:00:00,Hingna,316.76,0,314.48,220.61,0.949,0.1417,33.6,peak
2024-01-24 21:00:00,Dharampeth,282.76,0,269.86,222.16,0.9243,0.0528,32.5,peak
2024-01-24 21:00:00,Sitabuldi,313.11,0,307.99,230.07,0.9238,0.1352,30.1,peak
2024-01-24 21:00:00,Gandhibagh,259.96,0,268.41,229.23,0.9131,0.0672,34.1,peak
2024-01-24 21:00:00,Lakadganj,307.56,0,311.3,228.71,0.9357,0.0091,32.3,peak
2024-01-24 21:00:00,Sadar,333.2,0,326.66,233.06,0.8907,0.1506,34.2,peak
2024-01-24 21:00:00,Itwari,376.75,0,357.45,231.9,0.9721,0.0427,31.1,peak
2024-01-24 21:00:00,Manewada,284.04,0,282.86,231.55,0.9212,0.0057,30.2,peak
2024-01-24 21:00:00,Hingna,335.38,0,340.45,223.43,0.932,0.1647,30.0,peak
2024-01-24 22:00:00,Dharampeth,296.3,0,280.07,238.52,0.9087,0.1278,29.1,peak
2024-01-24 22:00:00,Sitabuldi,367.87,0,375.58,233.54,0.965,0.1451,33.9,peak
2024-01-24 22:00:00,Gandhibagh,351.37,0,368.0,225.64,0.8951,0.0611,27.7,peak
2024-01-24 22:00:00,Lakadganj,288.85,0,281.8,235.03,0.9269,0.1166,31.3,peak
2024-01-24 22:00:00,Sadar,253.33,0,259.93,233.34,0.9199,0.0452,29.6,peak
2024-01-24 22:00:00,Itwari,392.04,0,393.96,232.63,0.9144,0.1767,31.8,peak
2024-01-24 22:00:00,Manewada,321.94,0,320.01,235.47,0.9434,0.037,34.6,peak
2024-01-24 22:00:00,Hingna,328.12,0,321.55,223.54,0.8851,0.1706,28.3,peak
2024-01-24 23:00:00,Dharampeth,268.88,0,287.16,235.24,0.9517,0.036,28.8,night
2024-01-24 23:00:00,Sitabuldi,285.03,0,280.0,232.55,0.9374,0.1348,31.6,night
2024-01-24 23:00:00,Gandhibagh,236.06,0,256.41,242.47,0.9185,0.0621,32.1,night
2024-01-24 23:00:00,Lakadganj,290.08,0,294.33,237.21,0.8702,0.1767,34.8,night
2024-01-24 23:00:00,Sadar,260.54,0,262.51,233.5,0.8858,0.0793,31.5,night
2024-01-24 23:00:00,Itwari,291.32,0,293.96,225.74,0.8856,0.1316,31.3,night
2024-01-24 23:00:00,Manewada,252.3,0,242.94,234.22,0.9786,0.6392,33.7,night
2024-01-24 23:00:00,Hingna,267.92,0,258.42,226.91,0.8875,0.1154,29.0,night
2024-01-25 00:00:00,Dharampeth,185.7,0,173.13,223.34,0.8935,0.0335,34.3,night
2024-01-25 00:00:00,Sitabuldi,245.73,0,249.37,230.61,0.9344,0.0144,33.6,night
2024-01-25 00:00:00,Gandhibagh,303.73,0,318.13,234.44,0.952,0.103,33.0,night
2024-01-25 00:00:00,Lakadganj,189.49,0,201.57,228.48,0.9331,0.0636,30.0,night
2024-01-25 00:00:00,Sadar,159.05,0,163.7,222.15,0.944,0.0087,28.3,night
2024-01-25 00:00:00,Itwari,288.49,0,288.39,228.98,0.9631,0.1677,29.8,night
2024-01-25 00:00:00,Manewada,168.28,0,157.77,227.76,0.8827,0.008,32.2,night
2024-01-25 00:00:00,Hingna,288.94,0,299.55,226.65,0.962,0.6225,33.0,night
2024-01-25 01:00:00,Dharampeth,264.51,0,245.36,225.3,0.9634,0.0356,31.3,night
2024-01-25 01:00:00,Sitabuldi,167.13,0,175.65,229.81,0.9028,0.0339,30.7,night
2024-01-25 01:00:00,Gandhibagh,235.62,0,242.89,225.34,0.8934,0.1709,30.7,night
2024-01-25 01:00:00,Lakadganj,276.28,0,285.88,229.71,0.9454,0.0165,29.6,night
2024-01-25 01:00:00,Sadar,237.05,0,231.73,236.01,0.8861,0.032,34.6,night
2024-01-25 01:00:00,Itwari,203.77,0,198.63,226.03,0.9437,0.1502,32.0,night
2024-01-25 01:00:00,Manewada,222.45,0,234.43,230.73,0.9434,0.0692,35.2,night
2024-01-25 01:00:00,Hingna,221.1,0,208.73,235.75,0.9408,0.0732,29.5,night
2024-01-25 02:00:00,Dharampeth,263.93,0,249.74,229.12,0.9286,0.0579,29.7,night
2024-01-25 02:00:00,Sitabuldi,171.28,0,163.14,231.09,0.9716,0.1287,31.5,night
2024-01-25 02:00:00,Gandhibagh,248.86,0,256.77,236.46,0.9433,0.1581,35.1,night
2024-01-25 02:00:00,Lakadganj,250.77,0,269.62,234.57,0.9141,0.1138,32.2,night
2024-01-25 02:00:00,Sadar,221.13,0,218.57,226.06,0.9662,0.0745,31.7,night
2024-01-25 02:00:00,Itwari,239.4,0,218.35,231.44,0.9371,0.1458,32.0,night
2024-01-25 02:00:00,Manewada,249.93,0,237.61,233.52,0.8667,0.1147,31.1,night
2024-01-25 02:00:00,Hingna,135.8,0,147.39,231.74,0.9181,0.1798,31.5,night
2024-01-25 03:00:00,Dharampeth,259.86,0,247.65,218.33,0.8911,0.054,31.5,night
2024-01-25 03:00:00,Sitabuldi,202.94,0,190.21,237.48,0.8902,0.1511,27.8,night
2024-01-25 03:00:00,Gandhibagh,257.27,0,264.08,232.2,0.9192,0.0226,29.9,night
2024-01-25 03:00:00,Lakadganj,205.98,0,220.6,239.35,0.9107,0.1455,32.2,night
2024-01-25 03:00:00,Sadar,217.81,0,215.89,233.25,0.9172,0.0026,31.0,night
2024-01-25 03:00:00,Itwari,254.68,0,262.47,237.94,0.9358,0.1567,29.4,night
2024-01-25 03:00:00,Manewada,276.84,0,269.29,227.89,0.8926,0.1139,30.0,night
2024-01-25 03:00:00,Hingna,320.56,0,316.37,224.89,0.9218,0.1112,29.1,night
2024-01-25 04:00:00,Dharampeth,174.86,0,158.53,233.64,0.9219,0.1072,30.1,night
2024-01-25 04:00:00,Sitabuldi,225.9,0,207.08,227.35,0.9082,0.024,28.7,night
2024-01-25 04:00:00,Gandhibagh,233.31,0,222.12,231.52,0.9085,0.1596,32.1,night
2024-01-25 04:00:00,Lakadganj,194.34,0,187.4,238.2,0.9111,0.143,31.6,night
2024-01-25 04:00:00,Sadar,262.92,0,252.59,233.65,0.9046,0.1445,30.6,night
2024-01-25 04:00:00,Itwari,290.12,0,292.78,232.79,0.9232,0.0058,32.3,night
2024-01-25 04:00:00,Manewada,292.74,0,307.15,230.25,0.8701,0.1272,31.4,night
2024-01-25 04:00:00,Hingna,288.7,0,286.76,228.1,0.9396,0.1573,38.7,night
2024-01-25 05:00:00,Dharampeth,260.3,0,281.15,242.18,0.9431,0.0917,28.1,night
2024-01-25 05:00:00,Sitabuldi,294.91,0,303.24,233.91,0.9162,0.0981,27.8,night
2024-01-25 05:00:00,Gandhibagh,244.17,0,249.34,218.2,0.8815,0.1365,30.0,night
2024-01-25 05:00:00,Lakadganj,253.49,0,258.87,234.87,0.9089,0.0116,31.0,night
2024-01-25 05:00:00,Sadar,222.51,0,232.54,231.43,0.9391,0.0681,31.5,night
2024-01-25 05:00:00,Itwari,297.06,0,284.49,234.57,0.8814,0.036,28.5,night
2024-01-25 05:00:00,Manewada,261.43,0,278.37,228.06,0.9398,0.1373,33.2,night
2024-01-25 05:00:00,Hingna,252.75,0,245.06,227.24,0.9166,0.1236,31.1,night
2024-01-25 06:00:00,Dharampeth,229.76,12.59,205.77,223.5,0.9092,0.0667,30.4,daytime
2024-01-25 06:00:00,Sitabuldi,288.8,0,314.68,236.66,0.8984,0.1579,31.9,daytime
2024-01-25 06:00:00,Gandhibagh,244.93,3.85,228.3,225.72,0.8915,0.0461,34.1,daytime
2024-01-25 06:00:00,Lakadganj,295.09,0,294.96,223.61,0.9088,0.1142,29.4,daytime
2024-01-25 06:00:00,Sadar,288.99,11.16,261.22,236.46,0.9533,0.1547,34.0,daytime
2024-01-25 06:00:00,Itwari,287.65,0,299.02,230.25,0.905,0.0374,31.1,daytime
2024-01-25 06:00:00,Manewada,295.55,0,302.03,234.08,0.9151,0.1151,31.1,daytime
2024-01-25 06:00:00,Hingna,260.82,16.42,256.9,233.8,0.9185,0.0092,32.1,daytime
2024-01-25 07:00:00,Dharampeth,369.09,35.15,319.45,228.19,0.8681,0.0967,32.4,daytime
2024-01-25 07:00:00,Sitabuldi,385.8,47.71,322.21,238.63,0.8992,0.0038,30.4,daytime
2024-01-25 07:00:00,Gandhibagh,298.1,38.73,244.98,237.72,0.9182,0.0897,28.1,daytime
2024-01-25 07:00:00,Lakadganj,331.36,38.08,289.11,228.48,0.9431,0.1299,32.8,daytime
2024-01-25 07:00:00,Sadar,320.71,47.57,283.03,236.12,0.9209,0.0216,30.6,daytime
2024-01-25 07:00:00,Itwari,262.68,38.87,221.18,227.07,0.9257,0.1025,33.1,daytime
2024-01-25 07:00:00,Manewada,269.19,61.76,208.07,233.46,0.9459,0.5911,28.6,daytime
2024-01-25 07:00:00,Hingna,288.31,38.61,229.1,242.12,0.8879,0.0932,32.3,daytime
2024-01-25 08:00:00,Dharampeth,294.73,67.18,231.48,228.68,0.9458,0.1372,28.7,daytime
2024-01-25 08:00:00,Sitabuldi,310.88,65.97,251.2,223.41,0.9038,0.1532,30.9,daytime
2024-01-25 08:00:00,Gandhibagh,248.63,75.6,183.46,234.5,0.8316,0.0321,32.9,daytime
2024-01-25 08:00:00,Lakadganj,286.76,96.2,195.04,242.52,0.9417,0.1494,34.1,daytime
2024-01-25 08:00:00,Sadar,276.5,92.18,178.48,235.94,0.9649,0.1407,32.7,daytime
2024-01-25 08:00:00,Itwari,301.37,105.8,189.28,230.95,0.9507,0.1086,30.5,daytime
2024-01-25 08:00:00,Manewada,294.35,82.01,215.83,224.99,0.916,0.0325,31.4,daytime
2024-01-25 08:00:00,Hingna,354.44,87.17,250.12,218.47,0.9181,0.1207,31.8,daytime
2024-01-25 09:00:00,Dharampeth,352.0,135.22,228.44,224.1,0.8832,0.0664,29.0,peak
2024-01-25 09:00:00,Sitabuldi,373.19,101.08,255.64,238.25,0.9551,0.0499,31.6,peak
2024-01-25 09:00:00,Gandhibagh,353.71,106.17,245.76,227.86,0.9549,0.0343,31.6,peak
2024-01-25 09:00:00,Lakadganj,340.48,129.12,202.62,232.39,0.8923,0.1481,32.6,peak
2024-01-25 09:00:00,Sadar,345.87,134.12,198.81,240.15,0.8862,0.1242,27.7,peak
2024-01-25 09:00:00,Itwari,311.24,136.25,180.89,229.79,0.9167,0.0369,28.6,peak
2024-01-25 09:00:00,Manewada,366.96,114.12,265.05,228.68,0.9199,0.1376,33.8,peak
2024-01-25 09:00:00,Hingna,376.21,102.66,270.89,225.29,0.9016,0.0615,31.7,peak
2024-01-25 10:00:00,Dharampeth,382.18,135.1,238.68,241.19,0.9121,0.0953,33.3,peak
2024-01-25 10:00:00,Sitabuldi,374.74,163.86,195.81,233.19,0.9103,0.1212,30.8,peak
2024-01-25 10:00:00,Gandhibagh,427.74,162.35,260.25,231.58,0.8741,0.0298,29.1,peak
2024-01-25 10:00:00,Lakadganj,398.66,161.12,237.72,232.6,0.9299,0.1269,31.3,peak
2024-01-25 10:00:00,Sadar,371.47,150.16,211.85,231.77,0.9175,0.1279,31.1,peak
2024-01-25 10:00:00,Itwari,444.51,149.04,301.74,231.49,0.9652,0.093,32.8,peak
2024-01-25 10:00:00,Manewada,351.22,177.15,163.73,235.19,0.9365,0.0403,29.8,peak
2024-01-25 10:00:00,Hingna,387.65,164.9,218.64,233.17,0.8888,0.0349,31.1,peak
2024-01-25 11:00:00,Dharampeth,370.2,181.92,161.9,222.68,0.9327,0.0814,33.6,peak
2024-01-25 11:00:00,Sitabuldi,336.58,150.64,189.56,231.45,0.9524,0.128,32.6,peak
2024-01-25 11:00:00,Gandhibagh,371.98,162.51,209.68,230.2,0.9826,0.0584,30.0,peak
2024-01-25 11:00:00,Lakadganj,308.17,180.54,132.17,236.56,0.9541,0.0435,31.8,peak
2024-01-25 11:00:00,Sadar,367.74,196.04,169.47,229.58,0.8932,0.0598,28.7,peak
2024-01-25 11:00:00,Itwari,366.43,176.95,177.79,222.71,0.9154,0.0296,32.0,peak
2024-01-25 11:00:00,Manewada,337.99,176.43,148.09,227.02,0.9228,0.0522,32.2,peak
2024-01-25 11:00:00,Hingna,361.28,180.37,173.25,228.27,0.8779,0.1148,30.8,peak
2024-01-25 12:00:00,Dharampeth,382.38,177.19,210.24,231.97,0.8999,0.1079,31.8,peak
2024-01-25 12:00:00,Sitabuldi,331.38,209.2,145.45,230.23,0.9112,0.017,32.2,peak
2024-01-25 12:00:00,Gandhibagh,337.81,170.85,156.03,228.57,0.9056,0.1401,33.0,peak
2024-01-25 12:00:00,Lakadganj,371.24,190.96,188.55,234.92,0.9267,0.0046,30.5,peak
2024-01-25 12:00:00,Sadar,405.92,179.98,239.39,226.56,0.9062,0.0004,33.3,peak
2024-01-25 12:00:00,Itwari,308.63,176.17,139.08,227.93,0.8973,0.0718,29.7,peak
2024-01-25 12:00:00,Manewada,371.16,198.22,172.6,232.93,0.9118,0.0163,32.2,peak
2024-01-25 12:00:00,Hingna,382.87,184.42,199.72,233.46,0.8987,0.1215,34.9,peak
2024-01-25 13:00:00,Dharampeth,269.85,195.89,62.58,232.95,0.9218,0.0014,32.8,daytime
2024-01-25 13:00:00,Sitabuldi,265.29,162.15,97.64,236.31,0.9204,0.1625,30.3,daytime
2024-01-25 13:00:00,Gandhibagh,240.27,157.76,83.53,231.75,0.8945,0.1411,31.1,daytime
2024-01-25 13:00:00,Lakadganj,253.68,158.75,94.68,222.55,0.86,0.0559,29.2,daytime
2024-01-25 13:00:00,Sadar,257.46,183.03,67.22,224.12,0.9129,0.0562,28.3,daytime
2024-01-25 13:00:00,Itwari,258.5,183.31,92.06,233.26,0.9363,0.1071,28.6,daytime
2024-01-25 13:00:00,Manewada,275.98,142.94,137.41,233.37,0.9276,0.0232,30.2,daytime
2024-01-25 13:00:00,Hingna,236.93,193.24,40.26,234.12,0.9215,0.0211,33.2,daytime
2024-01-25 14:00:00,Dharampeth,308.31,129.95,174.87,233.68,0.9548,0.1655,29.4,daytime
2024-01-25 14:00:00,Sitabuldi,230.48,153.04,71.63,227.72,0.9543,0.1558,32.7,daytime
2024-01-25 14:00:00,Gandhibagh,300.45,158.41,149.99,227.38,0.9009,0.1644,31.2,daytime
2024-01-25 14:00:00,Lakadganj,288.5,184.81,108.43,229.18,0.945,0.0138,32.1,daytime
2024-01-25 14:00:00,Sadar,303.9,142.09,148.63,227.85,0.9663,0.0135,34.6,daytime
2024-01-25 14:00:00,Itwari,223.59,146.28,64.97,223.29,0.9509,0.1268,31.5,daytime
2024-01-25 14:00:00,Manewada,282.61,158.77,129.13,230.26,0.9139,0.1261,32.0,daytime
2024-01-25 14:00:00,Hingna,303.09,150.52,154.2,231.74,0.9442,0.1406,33.4,daytime
2024-01-25 15:00:00,Dharampeth,326.99,128.61,192.01,225.09,0.9039,0.0397,31.3,daytime
2024-01-25 15:00:00,Sitabuldi,256.84,149.34,106.27,223.8,0.9443,0.0746,28.5,daytime
2024-01-25 15:00:00,Gandhibagh,313.76,166.55,154.65,232.49,0.9165,0.05,32.7,daytime
2024-01-25 15:00:00,Lakadganj,351.94,124.08,230.8,226.84,0.8759,0.0085,31.3,daytime
2024-01-25 15:00:00,Sadar,268.19,121.74,147.48,228.93,0.9474,0.6037,31.7,daytime
2024-01-25 15:00:00,Itwari,224.61,122.65,106.71,234.36,0.9359,0.1518,31.3,daytime
2024-01-25 15:00:00,Manewada,307.95,129.97,183.75,233.72,0.9313,0.1418,33.0,daytime
2024-01-25 15:00:00,Hingna,211.85,140.01,81.96,227.8,0.8966,0.0931,33.7,daytime
2024-01-25 16:00:00,Dharampeth,246.34,106.47,140.18,225.82,0.9996,0.1429,34.7,daytime
2024-01-25 16:00:00,Sitabuldi,304.8,69.57,223.54,231.4,0.9297,0.124,33.7,daytime
2024-01-25 16:00:00,Gandhibagh,293.84,91.27,203.31,226.99,0.9195,0.0102,36.2,daytime
2024-01-25 16:00:00,Lakadganj,245.76,78.99,160.03,226.3,0.9675,0.0457,31.8,daytime
2024-01-25 16:00:00,Sadar,235.77,105.2,125.98,238.23,0.961,0.1628,32.1,daytime
2024-01-25 16:00:00,Itwari,244.53,101.11,135.19,230.55,0.8879,0.0645,31.3,daytime
2024-01-25 16:00:00,Manewada,308.56,112.69,194.22,234.34,0.8716,0.1469,31.2,daytime
2024-01-25 16:00:00,Hingna,229.25,88.01,140.0,236.39,0.9317,0.0192,30.3,daytime
2024-01-25 17:00:00,Dharampeth,331.69,52.62,273.32,230.63,0.8993,0.1245,31.0,daytime
2024-01-25 17:00:00,Sitabuldi,322.12,18.65,304.49,222.24,0.8957,0.1536,30.5,daytime
2024-01-25 17:00:00,Gandhibagh,265.0,36.85,239.16,229.77,0.9377,0.0342,30.1,daytime
2024-01-25 17:00:00,Lakadganj,244.71,28.83,214.63,227.51,0.9058,0.1639,32.7,daytime
2024-01-25 17:00:00,Sadar,278.15,77.05,200.46,226.15,0.9303,0.1417,31.9,daytime
2024-01-25 17:00:00,Itwari,261.69,34.49,229.96,229.85,0.889,0.1037,32.3,daytime
2024-01-25 17:00:00,Manewada,326.95,13.14,315.15,231.8,0.8896,0.1196,26.4,daytime
2024-01-25 17:00:00,Hingna,249.14,25.39,224.49,218.45,0.9543,0.1199,29.8,daytime
2024-01-25 18:00:00,Dharampeth,356.56,0,338.63,230.27,0.9136,0.0054,29.2,peak
2024-01-25 18:00:00,Sitabuldi,405.69,15.08,372.88,224.35,0.919,0.0501,30.6,peak
2024-01-25 18:00:00,Gandhibagh,339.92,2.16,336.89,228.57,0.8818,0.0217,29.3,peak
2024-01-25 18:00:00,Lakadganj,421.05,2.16,402.74,234.53,0.9502,0.0439,37.2,peak
2024-01-25 18:00:00,Sadar,400.59,0,403.33,238.65,0.9481,0.1735,32.8,peak
2024-01-25 18:00:00,Itwari,377.94,1.0,385.31,228.92,0.9107,0.0244,28.9,peak
2024-01-25 18:00:00,Manewada,303.8,0,308.02,235.66,0.8505,0.102,31.5,peak
2024-01-25 18:00:00,Hingna,352.27,0,339.84,227.32,0.946,0.1557,30.0,peak
2024-01-25 19:00:00,Dharampeth,362.08,0,353.9,233.78,0.8913,0.1545,32.9,peak
2024-01-25 19:00:00,Sitabuldi,237.29,0,250.2,231.87,0.9214,0.1739,30.8,peak
2024-01-25 19:00:00,Gandhibagh,346.49,0,343.99,232.66,0.9505,0.0147,31.7,peak
2024-01-25 19:00:00,Lakadganj,294.44,0,295.03,235.03,0.8875,0.1782,32.1,peak
2024-01-25 19:00:00,Sadar,275.05,0,292.4,231.09,0.8751,0.0438,32.0,peak
2024-01-25 19:00:00,Itwari,325.77,0,313.35,220.95,0.9551,0.1553,32.3,peak
2024-01-25 19:00:00,Manewada,326.21,0,316.5,227.05,0.8486,0.1091,33.9,peak
2024-01-25 19:00:00,Hingna,333.33,0,360.55,226.28,0.8958,0.1157,30.7,peak
2024-01-25 20:00:00,Dharampeth,340.59,0,336.41,229.89,0.9017,0.4102,32.6,peak
2024-01-25 20:00:00,Sitabuldi,319.83,0,306.68,228.61,0.9278,0.1433,31.7,peak
2024-01-25 20:00:00,Gandhibagh,354.56,0,348.59,227.98,0.9678,0.0951,28.6,peak
2024-01-25 20:00:00,Lakadganj,291.58,0,293.56,224.11,0.9597,0.0324,33.7,peak
2024-01-25 20:00:00,Sadar,263.47,0,263.0,231.1,0.933,0.0227,28.7,peak
2024-01-25 20:00:00,Itwari,286.95,0,286.94,227.96,0.8447,0.1377,30.1,peak
2024-01-25 20:00:00,Manewada,274.47,0,270.27,231.85,0.9016,0.1388,34.3,peak
2024-01-25 20:00:00,Hingna,377.86,0,359.62,241.27,0.9285,0.135,32.8,peak
2024-01-25 21:00:00,Dharampeth,323.31,0,322.7,226.65,0.8597,0.1521,36.1,peak
2024-01-25 21:00:00,Sitabuldi,265.9,0,273.67,231.04,0.8671,0.0137,29.9,peak
2024-01-25 21:00:00,Gandhibagh,352.55,0,327.43,226.31,0.9107,0.1368,33.3,peak
2024-01-25 21:00:00,Lakadganj,293.6,0,289.14,232.44,0.871,0.1449,27.1,peak
2024-01-25 21:00:00,Sadar,237.34,0,239.01,240.31,0.9429,0.1045,29.7,peak
2024-01-25 21:00:00,Itwari,327.67,0,326.73,239.09,0.9638,0.1123,30.6,peak
2024-01-25 21:00:00,Manewada,333.7,0,346.54,221.96,0.9105,0.042,31.7,peak
2024-01-25 21:00:00,Hingna,346.04,0,357.0,234.91,0.8842,0.0635,31.3,peak
2024-01-25 22:00:00,Dharampeth,303.47,0,309.67,225.95,0.9301,0.1266,29.7,peak
2024-01-25 22:00:00,Sitabuldi,247.5,0,250.7,220.15,0.9073,0.162,30.6,peak
2024-01-25 22:00:00,Gandhibagh,300.58,0,290.54,226.39,0.8985,0.0555,30.3,peak
2024-01-25 22:00:00,Lakadganj,364.99,0,365.01,231.64,0.8917,0.1487,30.1,peak
2024-01-25 22:00:00,Sadar,303.16,0,319.13,230.5,0.9389,0.0961,27.9,peak
2024-01-25 22:00:00,Itwari,299.44,0,298.82,227.97,0.9613,0.1164,30.5,peak
2024-01-25 22:00:00,Manewada,333.92,0,321.21,218.82,0.8795,0.1149,31.3,peak
2024-01-25 22:00:00,Hingna,276.33,0,264.51,226.1,0.9041,0.1392,30.2,peak
2024-01-25 23:00:00,Dharampeth,290.05,0,293.95,226.75,0.9088,0.1744,29.1,night
2024-01-25 23:00:00,Sitabuldi,247.31,0,257.17,223.72,0.9083,0.1592,32.2,night
2024-01-25 23:00:00,Gandhibagh,234.5,0,234.86,230.53,0.9636,0.1415,29.2,night
2024-01-25 23:00:00,Lakadganj,239.39,0,245.47,226.34,0.9627,0.0056,30.6,night
2024-01-25 23:00:00,Sadar,238.43,0,247.47,227.97,0.9457,0.7189,28.9,night
2024-01-25 23:00:00,Itwari,217.22,0,209.34,231.69,0.9263,0.1204,32.0,night
2024-01-25 23:00:00,Manewada,275.76,0,278.47,232.11,0.8676,0.0532,31.6,night
2024-01-25 23:00:00,Hingna,225.23,0,245.71,226.26,0.8844,0.0999,31.9,night
2024-01-26 00:00:00,Dharampeth,229.7,0,250.61,235.74,0.9193,0.0209,32.6,night
2024-01-26 00:00:00,Sitabuldi,230.33,0,231.72,226.02,0.8943,0.1057,30.3,night
2024-01-26 00:00:00,Gandhibagh,229.23,0,225.56,228.08,0.9183,0.1324,33.1,night
2024-01-26 00:00:00,Lakadganj,319.2,0,328.8,233.21,0.8855,0.0144,29.9,night
2024-01-26 00:00:00,Sadar,215.5,0,219.17,228.47,0.8917,0.0133,29.8,night
2024-01-26 00:00:00,Itwari,252.2,0,239.16,238.35,0.9462,0.0967,34.0,night
2024-01-26 00:00:00,Manewada,236.96,0,244.29,231.29,0.8888,0.0881,34.9,night
2024-01-26 00:00:00,Hingna,265.46,0,267.74,233.31,0.9413,0.0057,32.9,night
2024-01-26 01:00:00,Dharampeth,235.12,0,225.59,232.96,0.9456,0.7546,30.1,night
2024-01-26 01:00:00,Sitabuldi,276.74,0,260.49,237.48,0.8854,0.0561,31.0,night
2024-01-26 01:00:00,Gandhibagh,237.91,0,232.39,235.41,0.9934,0.0156,27.7,night
2024-01-26 01:00:00,Lakadganj,229.13,0,225.04,238.34,0.8968,0.0246,27.9,night
2024-01-26 01:00:00,Sadar,261.66,0,232.09,228.79,0.9592,0.1084,30.4,night
2024-01-26 01:00:00,Itwari,301.58,0,299.98,230.92,0.924,0.0734,31.2,night
2024-01-26 01:00:00,Manewada,299.96,0,310.81,239.26,0.9751,0.1665,33.4,night
2024-01-26 01:00:00,Hingna,248.71,0,234.54,229.51,0.9067,0.0078,31.6,night
2024-01-26 02:00:00,Dharampeth,221.79,0,210.08,223.37,0.929,0.1409,29.6,night
2024-01-26 02:00:00,Sitabuldi,218.08,0,237.14,232.93,0.8849,0.1493,29.0,night
2024-01-26 02:00:00,Gandhibagh,215.13,0,215.62,235.68,0.8798,0.1682,33.6,night
2024-01-26 02:00:00,Lakadganj,234.81,0,239.29,232.04,0.9282,0.0167,34.2,night
2024-01-26 02:00:00,Sadar,189.05,0,194.41,230.28,0.9327,0.1549,28.4,night
2024-01-26 02:00:00,Itwari,210.9,0,213.63,230.64,0.8984,0.1506,27.8,night
2024-01-26 02:00:00,Manewada,204.34,0,220.29,238.47,0.9331,0.1565,34.3,night
2024-01-26 02:00:00,Hingna,258.56,0,258.2,226.9,0.924,0.0378,33.2,night
2024-01-26 03:00:00,Dharampeth,261.57,0,267.02,237.94,0.9684,0.0263,33.2,night
2024-01-26 03:00:00,Sitabuldi,221.59,0,213.54,227.46,0.8848,0.1649,28.3,night
2024-01-26 03:00:00,Gandhibagh,253.46,0,254.34,229.14,0.9216,0.0368,31.9,night
2024-01-26 03:00:00,Lakadganj,270.05,0,270.34,226.44,0.9404,0.174,30.3,night
2024-01-26 03:00:00,Sadar,242.23,0,224.47,217.45,0.8995,0.1732,29.3,night
2024-01-26 03:00:00,Itwari,195.45,0,181.61,229.88,0.9033,0.0558,31.6,night
2024-01-26 03:00:00,Manewada,231.15,0,234.36,227.74,0.9314,0.0796,31.5,night
2024-01-26 03:00:00,Hingna,267.35,0,250.22,231.81,0.9757,0.0238,30.9,night
2024-01-26 04:00:00,Dharampeth,286.83,0,293.65,233.41,0.9484,0.0605,33.6,night
2024-01-26 04:00:00,Sitabuldi,189.32,0,204.97,235.65,0.9113,0.1433,30.7,night
2024-01-26 04:00:00,Gandhibagh,268.72,0,267.73,225.06,0.9607,0.0459,30.4,night
2024-01-26 04:00:00,Lakadganj,209.73,0,211.33,221.8,0.9292,0.0974,33.4,night
2024-01-26 04:00:00,Sadar,303.91,0,289.45,226.87,0.8836,0.1554,31.1,night
2024-01-26 04:00:00,Itwari,280.07,0,286.97,237.41,0.9806,0.035,31.8,night
2024-01-26 04:00:00,Manewada,227.23,0,225.29,237.2,0.9479,0.0952,33.8,night
2024-01-26 04:00:00,Hingna,273.55,0,280.57,216.91,0.9071,0.1017,29.2,night
2024-01-26 05:00:00,Dharampeth,284.23,0,269.34,232.13,0.875,0.1318,25.6,night
2024-01-26 05:00:00,Sitabuldi,213.03,0,198.18,241.07,0.8843,0.1724,32.0,night
2024-01-26 05:00:00,Gandhibagh,257.09,0,265.78,221.1,0.9429,0.0635,29.3,night
2024-01-26 05:00:00,Lakadganj,176.77,0,184.76,230.23,0.9708,0.0508,28.3,night
2024-01-26 05:00:00,Sadar,270.05,0,265.35,229.36,0.8964,0.0409,32.4,night
2024-01-26 05:00:00,Itwari,201.04,0,201.97,226.82,0.8753,0.099,32.6,night
2024-01-26 05:00:00,Manewada,231.37,0,246.78,233.66,0.9216,0.1647,32.7,night
2024-01-26 05:00:00,Hingna,247.66,0,228.07,237.45,0.9138,0.1273,32.3,night
2024-01-26 06:00:00,Dharampeth,251.58,2.35,240.4,228.92,0.9607,0.023,28.9,daytime
2024-01-26 06:00:00,Sitabuldi,259.3,0,260.94,228.44,0.8829,0.1754,29.3,daytime
2024-01-26 06:00:00,Gandhibagh,262.87,9.17,261.82,234.66,0.9271,0.0202,32.1,daytime
2024-01-26 06:00:00,Lakadganj,317.19,4.44,307.27,235.11,0.9249,0.1143,27.7,daytime
2024-01-26 06:00:00,Sadar,225.75,11.38,228.21,233.23,0.9405,0.0388,27.7,daytime
2024-01-26 06:00:00,Itwari,332.94,36.18,291.76,228.79,0.8865,0.1068,31.8,daytime
2024-01-26 06:00:00,Manewada,247.92,28.21,223.4,233.37,0.9498,0.0347,33.4,daytime
2024-01-26 06:00:00,Hingna,293.73,6.09,298.26,228.21,0.9427,0.1207,30.5,daytime
2024-01-26 07:00:00,Dharampeth,292.59,44.39,249.75,233.13,0.8742,0.0276,34.2,daytime
2024-01-26 07:00:00,Sitabuldi,289.83,36.26,247.89,231.85,0.9182,0.4097,32.6,daytime
2024-01-26 07:00:00,Gandhibagh,258.89,69.45,194.69,233.22,0.9132,0.1767,31.3,daytime
2024-01-26 07:00:00,Lakadganj,315.41,45.07,263.61,226.38,0.918,0.0035,32.8,daytime
2024-01-26 07:00:00,Sadar,282.37,46.04,244.34,226.32,0.9336,0.0179,30.5,daytime
2024-01-26 07:00:00,Itwari,302.87,43.42,271.27,239.27,0.9169,0.0215,28.7,daytime
2024-01-26 07:00:00,Manewada,265.54,63.78,218.23,228.52,0.9196,0.141,33.6,daytime
2024-01-26 07:00:00,Hingna,271.3,48.05,218.0,227.03,0.9227,0.132,28.9,daytime
2024-01-26 08:00:00,Dharampeth,261.91,99.01,177.09,230.49,0.9352,0.0418,35.9,daytime
2024-01-26 08:00:00,Sitabuldi,274.62,85.87,189.08,223.21,0.9362,0.129,30.8,daytime
2024-01-26 08:00:00,Gandhibagh,313.05,78.28,230.79,228.06,0.8607,0.0071,30.9,daytime
2024-01-26 08:00:00,Lakadganj,275.14,92.59,176.51,234.0,0.9471,0.0662,31.1,daytime
2024-01-26 08:00:00,Sadar,228.73,71.33,149.92,233.59,0.9237,0.0949,32.5,daytime
2024-01-26 08:00:00,Itwari,193.53,82.61,101.89,228.13,0.9384,0.3798,32.5,daytime
2024-01-26 08:00:00,Manewada,303.22,94.67,227.94,227.8,0.875,0.0497,32.2,daytime
2024-01-26 08:00:00,Hingna,286.92,105.68,191.07,223.3,0.9199,0.1585,32.6,daytime
2024-01-26 09:00:00,Dharampeth,386.25,128.57,285.12,232.86,0.8917,0.0079,31.6,peak
2024-01-26 09:00:00,Sitabuldi,388.47,115.75,271.31,226.68,0.9396,0.0856,31.9,peak
2024-01-26 09:00:00,Gandhibagh,347.5,108.82,237.97,226.13,0.9271,0.1239,29.2,peak
2024-01-26 09:00:00,Lakadganj,406.64,150.3,261.16,229.79,0.871,0.1271,30.7,peak
2024-01-26 09:00:00,Sadar,348.26,134.16,218.83,233.25,0.9257,0.1706,30.2,peak
2024-01-26 09:00:00,Itwari,350.46,111.69,236.71,225.77,0.9149,0.1583,29.4,peak
2024-01-26 09:00:00,Manewada,362.15,128.13,232.99,226.4,0.8785,0.0156,32.0,peak
2024-01-26 09:00:00,Hingna,363.04,130.22,245.15,225.17,0.9226,0.0571,32.7,peak
2024-01-26 10:00:00,Dharampeth,398.32,155.45,235.8,224.52,0.8117,0.1247,33.3,peak
2024-01-26 10:00:00,Sitabuldi,301.36,157.59,121.68,233.93,0.9367,0.0724,33.3,peak
2024-01-26 10:00:00,Gandhibagh,366.58,126.57,229.09,229.65,0.8553,0.1722,32.0,peak
2024-01-26 10:00:00,Lakadganj,335.41,169.25,170.94,234.02,0.9014,0.5538,30.8,peak
2024-01-26 10:00:00,Sadar,327.26,186.12,147.15,238.37,0.9195,0.1428,29.4,peak
2024-01-26 10:00:00,Itwari,352.76,134.27,202.87,233.82,0.9265,0.0873,28.7,peak
2024-01-26 10:00:00,Manewada,335.45,159.59,152.67,240.22,0.9112,0.1388,28.4,peak
2024-01-26 10:00:00,Hingna,324.06,152.15,171.22,224.94,0.8941,0.0623,34.1,peak
2024-01-26 11:00:00,Dharampeth,322.89,194.21,130.17,232.55,0.9526,0.0345,32.0,peak
2024-01-26 11:00:00,Sitabuldi,344.0,180.63,175.82,220.92,0.9441,0.1639,31.7,peak
2024-01-26 11:00:00,Gandhibagh,387.8,166.08,233.72,226.1,0.9474,0.1225,29.2,peak
2024-01-26 11:00:00,Lakadganj,413.87,179.95,237.27,235.53,0.8671,0.1478,31.9,peak
2024-01-26 11:00:00,Sadar,378.57,175.32,208.96,218.72,0.9351,0.0361,34.4,peak
2024-01-26 11:00:00,Itwari,408.82,157.59,248.92,225.07,0.9218,0.5676,28.8,peak
2024-01-26 11:00:00,Manewada,322.5,146.02,183.55,226.78,0.8915,0.1398,30.1,peak
2024-01-26 11:00:00,Hingna,382.78,192.11,192.62,238.96,0.9513,0.0696,29.7,peak
2024-01-26 12:00:00,Dharampeth,337.02,187.26,140.64,234.95,0.8925,0.1299,28.4,peak
2024-01-26 12:00:00,Sitabuldi,348.58,146.41,190.26,236.71,0.8658,0.0472,34.5,peak
2024-01-26 12:00:00,Gandhibagh,362.36,172.74,186.72,226.23,0.8976,0.1555,31.2,peak
2024-01-26 12:00:00,Lakadganj,359.47,186.32,174.9,234.56,0.9664,0.0431,33.2,peak
2024-01-26 12:00:00,Sadar,415.01,150.76,255.75,239.89,0.8947,0.1555,32.2,peak
2024-01-26 12:00:00,Itwari,312.56,190.22,128.12,226.32,0.8942,0.0599,32.3,peak
2024-01-26 12:00:00,Manewada,397.75,158.05,234.92,226.22,0.9006,0.4611,32.4,peak
2024-01-26 12:00:00,Hingna,378.35,162.63,214.33,229.98,0.8962,0.1051,29.4,peak
2024-01-26 13:00:00,Dharampeth,272.62,193.86,75.89,231.11,0.9079,0.0234,33.5,daytime
2024-01-26 13:00:00,Sitabuldi,315.77,174.41,134.31,228.6,0.9081,0.0917,30.0,daytime
2024-01-26 13:00:00,Gandhibagh,330.26,158.52,169.17,240.67,0.9246,0.0103,28.2,daytime
2024-01-26 13:00:00,Lakadganj,330.99,169.29,163.83,226.29,0.9756,0.1222,29.9,daytime
2024-01-26 13:00:00,Sadar,306.61,168.66,129.97,235.36,0.942,0.135,30.5,daytime
2024-01-26 13:00:00,Itwari,268.12,152.08,105.15,220.87,0.8503,0.1453,33.5,daytime
2024-01-26 13:00:00,Manewada,296.15,210.86,70.63,236.39,0.9019,0.1449,33.4,daytime
2024-01-26 13:00:00,Hingna,352.46,190.64,157.57,225.06,0.9147,0.094,29.2,daytime
2024-01-26 14:00:00,Dharampeth,277.61,197.66,86.01,227.03,0.8956,0.0673,31.2,daytime
2024-01-26 14:00:00,Sitabuldi,319.03,125.38,187.67,234.04,0.9058,0.1358,31.4,daytime
2024-01-26 14:00:00,Gandhibagh,252.64,125.63,134.6,227.39,0.9411,0.0902,30.6,daytime
2024-01-26 14:00:00,Lakadganj,294.55,144.15,140.98,219.22,0.9056,0.0926,31.0,daytime
2024-01-26 14:00:00,Sadar,297.4,121.27,153.18,228.7,0.8956,0.034,32.1,daytime
2024-01-26 14:00:00,Itwari,297.85,179.72,110.03,236.42,0.8949,0.065,30.6,daytime
2024-01-26 14:00:00,Manewada,246.98,160.1,83.3,228.99,0.8801,0.0831,35.1,daytime
2024-01-26 14:00:00,Hingna,255.28,168.99,83.63,236.81,0.863,0.4519,29.4,daytime
2024-01-26 15:00:00,Dharampeth,294.63,128.59,163.71,230.48,0.899,0.0683,34.6,daytime
2024-01-26 15:00:00,Sitabuldi,334.96,134.22,203.49,234.96,0.9212,0.0538,34.5,daytime
2024-01-26 15:00:00,Gandhibagh,313.13,105.98,182.97,234.76,0.9321,0.0592,31.7,daytime
2024-01-26 15:00:00,Lakadganj,334.97,147.43,195.07,237.03,0.9069,0.1394,31.7,daytime
2024-01-26 15:00:00,Sadar,339.82,159.64,170.65,224.49,0.9789,0.12,31.8,daytime
2024-01-26 15:00:00,Itwari,244.95,122.06,112.87,236.01,0.9239,0.0965,30.8,daytime
2024-01-26 15:00:00,Manewada,253.81,106.29,156.22,230.92,0.9204,0.1464,30.4,daytime
2024-01-26 15:00:00,Hingna,265.69,112.29,141.45,232.32,0.9259,0.036,35.3,daytime
2024-01-26 16:00:00,Dharampeth,263.82,108.88,156.9,225.22,0.9171,0.088,31.6,daytime
2024-01-26 16:00:00,Sitabuldi,331.0,70.86,248.73,227.4,0.9222,0.1711,32.2,daytime
2024-01-26 16:00:00,Gandhibagh,267.8,96.21,175.49,223.73,0.9079,0.0295,32.1,daytime
2024-01-26 16:00:00,Lakadganj,243.24,87.94,164.46,234.12,0.9374,0.1023,30.7,daytime
2024-01-26 16:00:00,Sadar,254.73,73.61,179.4,234.86,0.9229,0.1174,30.7,daytime
2024-01-26 16:00:00,Itwari,325.67,105.93,225.74,226.7,0.8868,0.0488,31.4,daytime
2024-01-26 16:00:00,Manewada,284.57,91.59,205.1,230.25,0.9423,0.1301,32.1,daytime
2024-01-26 16:00:00,Hingna,247.4,82.7,153.73,228.34,0.9341,0.0223,32.8,daytime
2024-01-26 17:00:00,Dharampeth,308.82,34.68,262.53,232.41,0.886,0.177,32.4,daytime
2024-01-26 17:00:00,Sitabuldi,296.85,54.05,240.23,228.9,0.9467,0.0921,30.7,daytime
2024-01-26 17:00:00,Gandhibagh,295.76,57.13,251.96,225.19,0.8849,0.0828,32.0,daytime
2024-01-26 17:00:00,Lakadganj,244.5,48.21,202.88,234.03,0.872,0.0897,28.6,daytime
2024-01-26 17:00:00,Sadar,259.58,20.56,227.7,228.6,0.9527,0.0131,31.2,daytime
2024-01-26 17:00:00,Itwari,279.0,57.79,219.13,227.29,0.9257,0.136,31.0,daytime
2024-01-26 17:00:00,Manewada,211.1,44.99,167.97,233.97,0.8985,0.163,31.4,daytime
2024-01-26 17:00:00,Hingna,297.35,52.68,246.31,242.33,0.9471,0.0009,28.3,daytime
2024-01-26 18:00:00,Dharampeth,420.93,0,414.81,227.48,0.888,0.0027,31.2,peak
2024-01-26 18:00:00,Sitabuldi,348.88,0,350.03,229.03,0.9375,0.1515,32.4,peak
2024-01-26 18:00:00,Gandhibagh,352.1,0,365.03,227.5,0.9233,0.1127,31.0,peak
2024-01-26 18:00:00,Lakadganj,321.23,0,316.5,229.82,0.9519,0.1769,30.3,peak
2024-01-26 18:00:00,Sadar,367.47,0,373.35,222.55,0.9284,0.1449,33.3,peak
2024-01-26 18:00:00,Itwari,397.24,14.01,381.97,224.66,1.0,0.1001,29.3,peak
2024-01-26 18:00:00,Manewada,387.28,19.92,368.9,231.98,0.9154,0.1331,35.3,peak
2024-01-26 18:00:00,Hingna,350.3,0,366.48,220.12,0.9052,0.0386,30.6,peak
2024-01-26 19:00:00,Dharampeth,283.24,0,302.81,227.05,0.8926,0.0422,33.5,peak
2024-01-26 19:00:00,Sitabuldi,321.33,0,317.07,227.64,0.9526,0.0127,35.6,peak
2024-01-26 19:00:00,Gandhibagh,375.9,0,373.45,230.42,0.933,0.0042,29.6,peak
2024-01-26 19:00:00,Lakadganj,303.26,0,313.13,231.76,0.9821,0.1129,30.1,peak
2024-01-26 19:00:00,Sadar,296.77,0,301.48,226.4,0.9697,0.0771,32.5,peak
2024-01-26 19:00:00,Itwari,345.57,0,357.08,231.37,0.9057,0.1276,32.0,peak
2024-01-26 19:00:00,Manewada,269.71,0,259.21,232.76,0.9145,0.1044,33.3,peak
2024-01-26 19:00:00,Hingna,302.42,0,300.73,228.82,0.8804,0.123,31.1,peak
2024-01-26 20:00:00,Dharampeth,369.2,0,363.29,233.0,0.9465,0.0709,35.7,peak
2024-01-26 20:00:00,Sitabuldi,345.47,0,331.71,227.04,0.9251,0.0563,31.9,peak
2024-01-26 20:00:00,Gandhibagh,284.66,0,282.9,233.56,0.8683,0.1277,31.4,peak
2024-01-26 20:00:00,Lakadganj,364.12,0,369.57,233.18,0.9033,0.1338,30.0,peak
2024-01-26 20:00:00,Sadar,337.06,0,337.26,226.7,0.8787,0.0483,33.4,peak
2024-01-26 20:00:00,Itwari,282.03,0,279.55,226.69,0.9499,0.0888,32.8,peak
2024-01-26 20:00:00,Manewada,340.52,0,343.67,233.96,0.9418,0.0069,28.0,peak
2024-01-26 20:00:00,Hingna,295.26,0,303.74,220.4,0.9164,0.1229,28.6,peak
2024-01-26 21:00:00,Dharampeth,278.46,0,257.13,216.97,0.9282,0.116,33.1,peak
2024-01-26 21:00:00,Sitabuldi,253.58,0,258.84,226.04,0.9297,0.1368,28.4,peak
2024-01-26 21:00:00,Gandhibagh,305.81,0,307.92,237.59,0.9293,0.0784,31.6,peak
2024-01-26 21:00:00,Lakadganj,324.35,0,329.26,229.11,0.9038,0.0008,27.8,peak
2024-01-26 21:00:00,Sadar,285.03,0,293.54,227.8,0.8882,0.0836,26.9,peak
2024-01-26 21:00:00,Itwari,285.07,0,297.39,235.78,0.9451,0.0376,30.9,peak
2024-01-26 21:00:00,Manewada,300.8,0,296.58,235.55,0.9135,0.1737,32.0,peak
2024-01-26 21:00:00,Hingna,332.41,0,328.49,230.23,0.8583,0.0984,31.6,peak
2024-01-26 22:00:00,Dharampeth,289.78,0,313.03,238.03,0.9624,0.1034,29.3,peak
2024-01-26 22:00:00,Sitabuldi,300.5,0,287.55,225.43,0.8715,0.131,31.7,peak
2024-01-26 22:00:00,Gandhibagh,314.9,0,308.62,229.49,0.9358,0.1513,31.1,peak
2024-01-26 22:00:00,Lakadganj,268.1,0,263.81,232.31,0.9058,0.0697,31.6,peak
2024-01-26 22:00:00,Sadar,336.63,0,327.95,230.25,0.9546,0.1025,32.7,peak
2024-01-26 22:00:00,Itwari,280.95,0,279.25,236.96,0.9259,0.0423,32.0,peak
2024-01-26 22:00:00,Manewada,316.78,0,291.14,219.48,0.9349,0.0516,29.9,peak
2024-01-26 22:00:00,Hingna,350.87,0,333.0,233.32,0.8853,0.0517,33.2,peak
2024-01-26 23:00:00,Dharampeth,112.23,0,84.99,234.83,0.9649,0.1229,28.6,night
2024-01-26 23:00:00,Sitabuldi,216.63,0,223.23,230.64,0.9794,0.0442,31.3,night
2024-01-26 23:00:00,Gandhibagh,186.42,0,191.16,230.55,0.9494,0.1436,33.3,night
2024-01-26 23:00:00,Lakadganj,195.57,0,212.29,237.68,0.9347,0.0391,33.1,night
2024-01-26 23:00:00,Sadar,202.83,0,196.47,230.34,0.9475,0.0136,31.3,night
2024-01-26 23:00:00,Itwari,174.88,0,181.11,234.53,0.8903,0.0246,32.2,night
2024-01-26 23:00:00,Manewada,269.64,0,296.66,238.42,0.9312,0.133,31.6,night
2024-01-26 23:00:00,Hingna,240.14,0,252.48,224.86,0.918,0.0495,32.9,night
2024-01-27 00:00:00,Dharampeth,245.78,0,245.5,228.69,0.9243,0.1441,32.4,night
2024-01-27 00:00:00,Sitabuldi,224.87,0,233.44,227.16,0.9915,0.1286,30.6,night
2024-01-27 00:00:00,Gandhibagh,313.61,0,330.62,232.45,0.9218,0.0662,32.1,night
2024-01-27 00:00:00,Lakadganj,216.94,0,214.27,228.81,0.9038,0.0633,31.3,night
2024-01-27 00:00:00,Sadar,226.73,0,218.98,223.82,0.8757,0.0732,31.8,night
2024-01-27 00:00:00,Itwari,211.92,0,218.42,228.26,0.9346,0.1619,34.0,night
2024-01-27 00:00:00,Manewada,245.62,0,249.87,234.25,0.9111,0.0896,34.1,night
2024-01-27 00:00:00,Hingna,292.43,0,296.11,227.81,0.9773,0.0389,34.9,night
2024-01-27 01:00:00,Dharampeth,263.17,0,279.8,223.11,0.9078,0.7687,29.5,night
2024-01-27 01:00:00,Sitabuldi,245.91,0,246.21,229.32,0.9038,0.1058,32.8,night
2024-01-27 01:00:00,Gandhibagh,284.98,0,282.25,233.36,0.9563,0.1161,32.4,night
2024-01-27 01:00:00,Lakadganj,190.7,0,179.51,228.16,0.9238,0.17,30.2,night
2024-01-27 01:00:00,Sadar,281.85,0,291.15,232.83,0.9035,0.0713,29.5,night
2024-01-27 01:00:00,Itwari,283.01,0,279.11,231.74,0.936,0.068,33.6,night
2024-01-27 01:00:00,Manewada,233.32,0,228.98,227.4,0.8462,0.0766,32.3,night
2024-01-27 01:00:00,Hingna,240.66,0,247.9,231.32,0.9231,0.0716,28.3,night
2024-01-27 02:00:00,Dharampeth,201.05,0,196.61,236.45,0.9461,0.4073,31.8,night
2024-01-27 02:00:00,Sitabuldi,243.92,0,227.88,229.17,0.9365,0.1439,30.5,night
2024-01-27 02:00:00,Gandhibagh,307.52,0,297.03,229.32,0.9766,0.1544,34.3,night
2024-01-27 02:00:00,Lakadganj,233.64,0,222.79,225.31,0.8707,0.7216,32.8,night
2024-01-27 02:00:00,Sadar,225.79,0,220.34,229.68,0.9153,0.1181,29.3,night
2024-01-27 02:00:00,Itwari,259.37,0,261.77,234.21,0.8545,0.127,33.3,night
2024-01-27 02:00:00,Manewada,263.7,0,279.11,230.43,0.9128,0.0587,32.3,night
2024-01-27 02:00:00,Hingna,238.45,0,237.27,229.47,0.9312,0.1702,33.2,night
2024-01-27 03:00:00,Dharampeth,251.73,0,244.41,230.08,0.9633,0.1041,31.9,night
2024-01-27 03:00:00,Sitabuldi,195.72,0,207.95,228.49,0.942,0.0034,32.9,night
2024-01-27 03:00:00,Gandhibagh,210.4,0,203.71,216.4,0.916,0.0099,33.7,night
2024-01-27 03:00:00,Lakadganj,284.72,0,285.26,232.56,0.9309,0.0375,31.6,night
2024-01-27 03:00:00,Sadar,231.57,0,226.02,233.61,0.9598,0.1424,33.7,night
2024-01-27 03:00:00,Itwari,253.45,0,255.99,229.62,0.8801,0.1196,34.1,night
2024-01-27 03:00:00,Manewada,245.82,0,234.0,225.43,0.853,0.1208,30.9,night
2024-01-27 03:00:00,Hingna,219.95,0,220.14,220.72,0.8709,0.027,27.9,night
2024-01-27 04:00:00,Dharampeth,206.44,0,207.73,229.44,0.9387,0.0183,34.3,night
2024-01-27 04:00:00,Sitabuldi,232.31,0,241.68,238.24,0.9486,0.143,31.5,night
2024-01-27 04:00:00,Gandhibagh,289.34,0,286.3,234.16,0.9481,0.1102,33.8,night
2024-01-27 04:00:00,Lakadganj,273.63,0,274.65,221.03,0.9282,0.1168,32.5,night
2024-01-27 04:00:00,Sadar,213.94,0,218.76,233.82,0.9294,0.1457,30.7,night
2024-01-27 04:00:00,Itwari,237.67,0,255.98,225.15,0.9011,0.0625,30.5,night
2024-01-27 04:00:00,Manewada,158.06,0,156.85,229.26,0.9399,0.0431,32.4,night
2024-01-27 04:00:00,Hingna,219.79,0,233.65,234.26,0.8904,0.0807,31.6,night
2024-01-27 05:00:00,Dharampeth,268.45,0,271.47,227.37,0.9444,0.1672,29.5,night
2024-01-27 05:00:00,Sitabuldi,217.95,0,218.27,236.42,0.8962,0.0301,35.4,night
2024-01-27 05:00:00,Gandhibagh,230.37,0,216.94,230.4,0.9037,0.0912,31.6,night
2024-01-27 05:00:00,Lakadganj,230.34,0,237.79,233.9,0.9196,0.0395,29.1,night
2024-01-27 05:00:00,Sadar,260.87,0,278.38,233.37,0.9604,0.1357,30.8,night
2024-01-27 05:00:00,Itwari,246.77,0,246.78,231.62,0.8719,0.1731,31.8,night
2024-01-27 05:00:00,Manewada,256.48,0,264.04,238.17,0.9129,0.1485,30.9,night
2024-01-27 05:00:00,Hingna,221.15,0,214.42,229.25,0.9177,0.0989,32.0,night
2024-01-27 06:00:00,Dharampeth,307.33,11.78,290.53,234.95,0.9758,0.0751,25.5,daytime
2024-01-27 06:00:00,Sitabuldi,239.52,15.78,217.71,226.23,0.8613,0.1007,32.1,daytime
2024-01-27 06:00:00,Gandhibagh,337.04,4.78,331.3,230.58,0.9326,0.0959,33.5,daytime
2024-01-27 06:00:00,Lakadganj,240.76,20.81,220.57,224.99,0.9343,0.0243,34.9,daytime
2024-01-27 06:00:00,Sadar,277.65,19.3,252.11,232.0,0.9253,0.1241,28.7,daytime
2024-01-27 06:00:00,Itwari,341.13,5.15,341.14,226.96,0.9808,0.0866,33.7,daytime
2024-01-27 06:00:00,Manewada,301.62,0,311.37,223.64,0.933,0.0331,29.6,daytime
2024-01-27 06:00:00,Hingna,288.79,14.28,283.72,233.93,0.9683,0.1162,28.5,daytime
2024-01-27 07:00:00,Dharampeth,262.39,60.37,206.61,222.59,0.9508,0.1269,32.2,daytime
2024-01-27 07:00:00,Sitabuldi,228.18,38.64,195.91,231.51,0.9135,0.0219,30.4,daytime
2024-01-27 07:00:00,Gandhibagh,288.75,13.24,271.68,230.26,0.9261,0.1485,33.5,daytime
2024-01-27 07:00:00,Lakadganj,261.73,23.33,238.4,233.34,0.9449,0.1582,32.6,daytime
2024-01-27 07:00:00,Sadar,320.15,41.15,289.18,232.44,0.8863,0.0997,33.4,daytime
2024-01-27 07:00:00,Itwari,323.92,64.51,271.97,233.03,0.9234,0.0265,30.8,daytime
2024-01-27 07:00:00,Manewada,278.42,47.64,210.56,228.19,0.8947,0.1433,30.5,daytime
2024-01-27 07:00:00,Hingna,314.64,5.9,317.38,232.28,0.8973,0.0649,30.3,daytime
2024-01-27 08:00:00,Dharampeth,277.43,109.8,170.55,228.73,0.9217,0.0325,28.3,daytime
2024-01-27 08:00:00,Sitabuldi,256.47,88.17,191.44,231.27,0.9163,0.0257,27.4,daytime
2024-01-27 08:00:00,Gandhibagh,237.65,68.73,165.96,227.57,0.9008,0.1182,33.5,daytime
2024-01-27 08:00:00,Lakadganj,291.56,113.27,192.83,231.1,0.9724,0.1017,30.7,daytime
2024-01-27 08:00:00,Sadar,292.31,97.13,183.39,219.68,0.9204,0.0147,31.0,daytime
2024-01-27 08:00:00,Itwari,286.34,81.66,225.8,228.97,0.9176,0.1495,34.5,daytime
2024-01-27 08:00:00,Manewada,316.01,86.32,218.86,234.9,0.8669,0.0445,32.2,daytime
2024-01-27 08:00:00,Hingna,284.36,111.45,178.64,228.86,0.9761,0.0906,32.0,daytime
2024-01-27 09:00:00,Dharampeth,368.98,104.83,255.81,226.53,0.921,0.147,28.7,peak
2024-01-27 09:00:00,Sitabuldi,318.13,145.21,178.45,228.14,0.9156,0.1697,31.7,peak
2024-01-27 09:00:00,Gandhibagh,382.39,128.42,266.95,234.18,0.9295,0.1494,31.5,peak
2024-01-27 09:00:00,Lakadganj,308.23,101.14,202.45,231.89,0.8939,0.1371,31.3,peak
2024-01-27 09:00:00,Sadar,354.65,120.1,233.78,226.33,0.9228,0.157,30.4,peak
2024-01-27 09:00:00,Itwari,324.32,129.56,199.07,234.89,0.9356,0.1158,33.4,peak
2024-01-27 09:00:00,Manewada,382.85,131.59,236.48,224.46,0.8833,0.128,25.2,peak
2024-01-27 09:00:00,Hingna,413.54,117.83,292.04,232.91,0.909,0.1565,26.7,peak
2024-01-27 10:00:00,Dharampeth,423.37,156.37,274.5,229.02,0.9014,0.0159,32.2,peak
2024-01-27 10:00:00,Sitabuldi,310.0,147.89,162.58,236.22,0.8889,0.1155,32.7,peak
2024-01-27 10:00:00,Gandhibagh,332.48,145.79,190.82,230.62,0.9385,0.0298,34.4,peak
2024-01-27 10:00:00,Lakadganj,324.65,150.7,172.71,228.38,0.86,0.1024,29.1,peak
2024-01-27 10:00:00,Sadar,309.21,153.67,154.44,221.46,0.9065,0.0745,37.5,peak
2024-01-27 10:00:00,Itwari,331.75,157.35,177.43,229.62,0.887,0.116,29.7,peak
2024-01-27 10:00:00,Manewada,372.95,170.36,186.94,238.57,0.9393,0.1635,36.1,peak
2024-01-27 10:00:00,Hingna,359.42,165.86,192.98,213.1,0.9093,0.0001,29.5,peak
2024-01-27 11:00:00,Dharampeth,340.03,177.11,165.95,223.78,0.9178,0.1512,35.2,peak
2024-01-27 11:00:00,Sitabuldi,344.71,130.96,216.17,222.3,0.9305,0.0334,28.5,peak
2024-01-27 11:00:00,Gandhibagh,371.97,172.6,190.85,222.61,0.9228,0.1127,34.9,peak
2024-01-27 11:00:00,Lakadganj,353.02,156.13,183.44,227.75,0.925,0.0437,30.5,peak
2024-01-27 11:00:00,Sadar,348.65,153.42,197.16,222.27,0.9629,0.1037,30.1,peak
2024-01-27 11:00:00,Itwari,419.07,161.51,246.23,223.68,0.8899,0.1111,35.0,peak
2024-01-27 11:00:00,Manewada,344.22,178.99,139.75,226.69,0.9047,0.0609,33.9,peak
2024-01-27 11:00:00,Hingna,288.79,168.83,107.12,227.68,0.9274,0.1125,31.5,peak
2024-01-27 12:00:00,Dharampeth,316.82,190.06,122.22,229.83,0.8916,0.1657,32.3,peak
2024-01-27 12:00:00,Sitabuldi,378.82,157.0,230.76,237.27,0.9228,0.0518,29.5,peak
2024-01-27 12:00:00,Gandhibagh,316.05,187.87,119.66,236.59,0.9636,0.0293,31.7,peak
2024-01-27 12:00:00,Lakadganj,399.83,175.93,202.0,226.64,0.8708,0.0848,30.3,peak
2024-01-27 12:00:00,Sadar,354.21,151.89,213.48,233.24,0.9088,0.1514,26.7,peak
2024-01-27 12:00:00,Itwari,319.13,180.11,132.69,233.12,0.9505,0.1215,30.3,peak
2024-01-27 12:00:00,Manewada,348.57,191.45,154.57,227.9,0.9508,0.1734,33.2,peak
2024-01-27 12:00:00,Hingna,358.72,185.22,175.8,231.81,0.9551,0.0944,34.7,peak
2024-01-27 13:00:00,Dharampeth,286.1,175.54,108.75,229.24,0.9599,0.0522,31.4,daytime
2024-01-27 13:00:00,Sitabuldi,258.73,161.2,106.68,231.89,0.873,0.0624,29.3,daytime
2024-01-27 13:00:00,Gandhibagh,267.01,174.86,80.41,223.9,0.928,0.1241,30.5,daytime
2024-01-27 13:00:00,Lakadganj,253.58,170.09,86.23,229.83,0.9317,0.1754,29.1,daytime
2024-01-27 13:00:00,Sadar,256.85,131.75,107.98,229.81,0.9257,0.0653,30.8,daytime
2024-01-27 13:00:00,Itwari,290.4,186.92,114.32,221.32,0.8644,0.1418,29.6,daytime
2024-01-27 13:00:00,Manewada,263.32,159.4,108.36,238.8,0.9101,0.134,30.5,daytime
2024-01-27 13:00:00,Hingna,284.75,186.42,84.51,232.98,0.9652,0.1718,31.1,daytime
2024-01-27 14:00:00,Dharampeth,261.59,164.94,103.0,234.23,0.9391,0.0122,31.7,daytime
2024-01-27 14:00:00,Sitabuldi,324.06,167.3,150.3,228.07,0.9078,0.045,33.5,daytime
2024-01-27 14:00:00,Gandhibagh,274.99,169.08,122.98,235.26,0.9653,0.0166,30.2,daytime
2024-01-27 14:00:00,Lakadganj,311.06,138.29,148.08,226.69,0.93,0.1051,33.5,daytime
2024-01-27 14:00:00,Sadar,264.26,175.05,78.59,238.82,0.9313,0.1384,27.9,daytime
2024-01-27 14:00:00,Itwari,238.61,144.65,77.92,232.04,0.8862,0.033,29.8,daytime
2024-01-27 14:00:00,Manewada,270.66,167.12,90.06,228.22,0.9544,0.079,30.8,daytime
2024-01-27 14:00:00,Hingna,266.97,127.94,128.57,237.26,0.9441,0.0854,33.0,daytime
2024-01-27 15:00:00,Dharampeth,279.83,131.04,146.19,241.66,0.834,0.1034,30.4,daytime
2024-01-27 15:00:00,Sitabuldi,263.62,118.28,152.8,222.09,0.9495,0.0626,28.2,daytime
2024-01-27 15:00:00,Gandhibagh,316.95,134.7,191.56,221.84,0.9729,0.1752,32.4,daytime
2024-01-27 15:00:00,Lakadganj,317.18,142.92,186.21,231.52,0.9653,0.0877,33.9,daytime
2024-01-27 15:00:00,Sadar,245.15,104.19,137.87,230.14,0.9504,0.1688,34.5,daytime
2024-01-27 15:00:00,Itwari,263.6,117.42,155.4,226.55,0.9388,0.1253,33.6,daytime
2024-01-27 15:00:00,Manewada,271.92,104.2,163.42,231.96,0.8549,0.1066,30.8,daytime
2024-01-27 15:00:00,Hingna,308.26,123.58,195.88,230.98,0.8445,0.0997,29.8,daytime
2024-01-27 16:00:00,Dharampeth,260.21,96.99,155.63,232.1,0.8987,0.0487,30.3,daytime
2024-01-27 16:00:00,Sitabuldi,238.91,73.1,161.44,231.07,0.8898,0.6982,29.1,daytime
2024-01-27 16:00:00,Gandhibagh,222.46,94.17,136.79,224.0,0.9487,0.0394,33.0,daytime
2024-01-27 16:00:00,Lakadganj,318.43,106.46,210.98,231.09,0.9166,0.1783,33.9,daytime
2024-01-27 16:00:00,Sadar,222.91,97.69,111.73,238.81,0.9342,0.0743,31.0,daytime
2024-01-27 16:00:00,Itwari,270.8,105.39,165.27,236.16,0.8891,0.0834,28.6,daytime
2024-01-27 16:00:00,Manewada,286.57,119.11,160.29,235.26,0.8972,0.0293,29.7,daytime
2024-01-27 16:00:00,Hingna,284.31,77.51,186.93,225.67,0.9655,0.0395,30.2,daytime
2024-01-27 17:00:00,Dharampeth,283.29,34.01,252.67,230.47,0.9408,0.1194,29.4,daytime
2024-01-27 17:00:00,Sitabuldi,301.45,62.62,242.41,225.25,0.9234,0.1453,32.0,daytime
2024-01-27 17:00:00,Gandhibagh,315.37,32.28,271.97,226.76,0.9117,0.0855,30.0,daytime
2024-01-27 17:00:00,Lakadganj,320.36,38.41,272.47,222.37,0.8698,0.1619,33.0,daytime
2024-01-27 17:00:00,Sadar,240.42,58.1,171.96,230.63,0.9262,0.011,29.3,daytime
2024-01-27 17:00:00,Itwari,296.6,15.0,280.99,226.56,0.9605,0.0742,25.2,daytime
2024-01-27 17:00:00,Manewada,317.17,73.73,238.67,229.89,0.894,0.0046,32.3,daytime
2024-01-27 17:00:00,Hingna,250.21,33.57,224.57,229.58,0.9118,0.0413,32.2,daytime
2024-01-27 18:00:00,Dharampeth,381.12,0,393.11,227.04,0.9045,0.0524,35.0,peak
2024-01-27 18:00:00,Sitabuldi,381.22,23.03,343.16,228.63,0.9156,0.051,30.0,peak
2024-01-27 18:00:00,Gandhibagh,338.91,0,326.43,230.13,0.9012,0.0685,30.7,peak
2024-01-27 18:00:00,Lakadganj,402.49,12.69,396.61,227.64,0.9117,0.0912,26.2,peak
2024-01-27 18:00:00,Sadar,341.59,3.67,325.68,234.98,0.9408,0.0286,33.5,peak
2024-01-27 18:00:00,Itwari,329.88,0,335.41,233.74,0.973,0.0521,35.0,peak
2024-01-27 18:00:00,Manewada,373.29,16.05,367.09,223.4,0.966,0.0793,34.2,peak
2024-01-27 18:00:00,Hingna,369.43,0.16,357.97,225.15,0.911,0.061,32.1,peak
2024-01-27 19:00:00,Dharampeth,334.92,0,334.48,222.47,0.8976,0.0962,35.7,peak
2024-01-27 19:00:00,Sitabuldi,326.43,0,343.99,233.69,0.9123,0.0466,30.6,peak
2024-01-27 19:00:00,Gandhibagh,361.63,0,343.34,227.93,0.9318,0.1468,26.7,peak
2024-01-27 19:00:00,Lakadganj,375.47,0,373.09,223.02,0.8705,0.0555,27.7,peak
2024-01-27 19:00:00,Sadar,320.13,0,299.64,235.45,0.8371,0.026,29.8,peak
2024-01-27 19:00:00,Itwari,335.17,0,349.79,228.0,0.8618,0.0612,31.5,peak
2024-01-27 19:00:00,Manewada,341.95,0,349.64,227.79,0.9321,0.0953,31.3,peak
2024-01-27 19:00:00,Hingna,334.48,0,320.87,230.53,0.8842,0.1028,28.7,peak
2024-01-27 20:00:00,Dharampeth,322.75,0,325.81,231.85,0.8807,0.1482,32.8,peak
2024-01-27 20:00:00,Sitabuldi,303.39,0,307.58,221.12,0.9329,0.1757,29.2,peak
2024-01-27 20:00:00,Gandhibagh,292.2,0,290.71,224.33,0.8949,0.0772,30.5,peak
2024-01-27 20:00:00,Lakadganj,279.07,0,283.78,230.53,0.9404,0.0377,35.4,peak
2024-01-27 20:00:00,Sadar,314.16,0,304.29,230.73,0.928,0.148,30.9,peak
2024-01-27 20:00:00,Itwari,302.76,0,298.27,221.41,0.8602,0.1525,30.7,peak
2024-01-27 20:00:00,Manewada,317.3,0,311.73,236.3,0.8768,0.1239,33.3,peak
2024-01-27 20:00:00,Hingna,316.48,0,320.17,236.21,0.9625,0.159,31.5,peak
2024-01-27 21:00:00,Dharampeth,319.0,0,308.09,235.97,0.9699,0.0658,30.6,peak
2024-01-27 21:00:00,Sitabuldi,320.87,0,318.03,229.6,0.9003,0.0307,34.5,peak
2024-01-27 21:00:00,Gandhibagh,296.69,0,304.34,236.57,0.8948,0.0052,33.0,peak
2024-01-27 21:00:00,Lakadganj,352.4,0,356.31,231.12,0.9682,0.1187,32.0,peak
2024-01-27 21:00:00,Sadar,334.42,0,341.15,222.57,0.8947,0.0428,31.8,peak
2024-01-27 21:00:00,Itwari,246.9,0,244.73,221.1,0.9412,0.031,31.2,peak
2024-01-27 21:00:00,Manewada,336.11,0,348.5,227.5,0.9114,0.4653,33.0,peak
2024-01-27 21:00:00,Hingna,271.02,0,270.55,232.69,0.9254,0.098,31.1,peak
2024-01-27 22:00:00,Dharampeth,318.25,0,305.42,234.83,0.9645,0.1424,31.8,peak
2024-01-27 22:00:00,Sitabuldi,312.45,0,312.28,227.49,0.9554,0.1427,33.2,peak
2024-01-27 22:00:00,Gandhibagh,317.36,0,311.15,232.89,0.9459,0.1169,37.3,peak
2024-01-27 22:00:00,Lakadganj,300.28,0,305.37,234.5,0.9636,0.0926,29.5,peak
2024-01-27 22:00:00,Sadar,294.44,0,299.1,244.85,0.9158,0.1184,31.8,peak
2024-01-27 22:00:00,Itwari,308.23,0,311.66,224.22,0.8862,0.0561,32.9,peak
2024-01-27 22:00:00,Manewada,311.87,0,309.44,222.67,0.9215,0.1488,31.2,peak
2024-01-27 22:00:00,Hingna,280.35,0,278.4,228.61,0.9599,0.0114,32.0,peak
2024-01-27 23:00:00,Dharampeth,244.21,0,242.74,225.81,0.9312,0.0944,32.9,night
2024-01-27 23:00:00,Sitabuldi,211.92,0,228.67,230.22,0.8808,0.13,31.4,night
2024-01-27 23:00:00,Gandhibagh,305.4,0,314.81,230.28,0.9308,0.7553,30.3,night
2024-01-27 23:00:00,Lakadganj,242.69,0,248.89,231.65,0.9649,0.1399,29.1,night
2024-01-27 23:00:00,Sadar,234.87,0,239.93,222.1,0.9355,0.0031,29.8,night
2024-01-27 23:00:00,Itwari,183.99,0,191.13,225.13,0.9269,0.1011,29.2,night
2024-01-27 23:00:00,Manewada,225.6,0,212.88,229.69,0.9004,0.1648,32.1,night
2024-01-27 23:00:00,Hingna,220.88,0,216.96,220.01,0.8827,0.0357,34.4,night
2024-01-28 00:00:00,Dharampeth,264.23,0,258.51,227.07,0.9355,0.0744,29.8,night
2024-01-28 00:00:00,Sitabuldi,190.16,0,200.17,238.19,0.8971,0.1268,32.9,night
2024-01-28 00:00:00,Gandhibagh,217.24,0,221.99,228.07,0.9215,0.0067,34.6,night
2024-01-28 00:00:00,Lakadganj,224.97,0,224.78,234.64,0.9473,0.1317,31.0,night
2024-01-28 00:00:00,Sadar,261.14,0,241.41,230.45,0.8933,0.1456,31.6,night
2024-01-28 00:00:00,Itwari,265.13,0,257.81,233.8,0.9028,0.0973,30.5,night
2024-01-28 00:00:00,Manewada,264.62,0,264.98,227.1,0.9284,0.1079,31.4,night
2024-01-28 00:00:00,Hingna,283.98,0,288.57,234.34,0.9283,0.1477,33.8,night
2024-01-28 01:00:00,Dharampeth,310.11,0,310.18,232.94,0.861,0.0891,32.4,night
2024-01-28 01:00:00,Sitabuldi,244.08,0,234.5,230.53,0.963,0.0772,32.0,night
2024-01-28 01:00:00,Gandhibagh,147.63,0,157.5,234.11,0.9471,0.0875,30.0,night
2024-01-28 01:00:00,Lakadganj,244.1,0,236.82,225.7,0.9269,0.1635,29.3,night
2024-01-28 01:00:00,Sadar,228.85,0,235.4,221.8,0.8807,0.061,28.5,night
2024-01-28 01:00:00,Itwari,262.75,0,251.2,238.92,0.909,0.021,32.1,night
2024-01-28 01:00:00,Manewada,273.19,0,270.52,232.67,0.9604,0.1166,34.0,night
2024-01-28 01:00:00,Hingna,214.8,0,222.23,229.18,0.9316,0.1141,32.0,night
2024-01-28 02:00:00,Dharampeth,221.82,0,219.36,232.01,0.8896,0.1716,30.5,night
2024-01-28 02:00:00,Sitabuldi,251.33,0,238.85,232.43,0.9064,0.1365,32.0,night
2024-01-28 02:00:00,Gandhibagh,230.0,0,230.97,229.86,0.9197,0.1733,31.2,night
2024-01-28 02:00:00,Lakadganj,244.35,0,230.11,234.97,0.909,0.0113,33.6,night
2024-01-28 02:00:00,Sadar,290.41,0,279.87,225.08,0.8556,0.0652,31.6,night
2024-01-28 02:00:00,Itwari,202.18,0,198.48,228.92,0.8868,0.0684,32.5,night
2024-01-28 02:00:00,Manewada,289.02,0,297.61,235.48,0.953,0.1794,31.0,night
2024-01-28 02:00:00,Hingna,282.38,0,277.76,223.77,0.9495,0.1605,33.0,night
2024-01-28 03:00:00,Dharampeth,220.71,0,225.07,225.25,0.884,0.1073,33.8,night
2024-01-28 03:00:00,Sitabuldi,218.11,0,225.7,247.6,0.8878,0.1588,32.8,night
2024-01-28 03:00:00,Gandhibagh,285.41,0,289.36,228.87,0.9172,0.0145,30.5,night
2024-01-28 03:00:00,Lakadganj,283.08,0,304.09,227.4,0.904,0.0768,31.6,night
2024-01-28 03:00:00,Sadar,247.28,0,241.72,228.76,0.8938,0.0679,34.5,night
2024-01-28 03:00:00,Itwari,214.13,0,222.08,236.24,0.8997,0.1233,29.9,night
2024-01-28 03:00:00,Manewada,173.42,0,184.87,229.25,0.918,0.163,32.9,night
2024-01-28 03:00:00,Hingna,230.41,0,217.71,221.52,0.9307,0.1653,30.6,night
2024-01-28 04:00:00,Dharampeth,130.73,0,129.14,232.09,0.9321,0.0077,33.2,night
2024-01-28 04:00:00,Sitabuldi,242.24,0,232.56,226.67,0.8969,0.069,30.6,night
2024-01-28 04:00:00,Gandhibagh,287.1,0,273.17,225.98,0.9584,0.1342,31.5,night
2024-01-28 04:00:00,Lakadganj,279.55,0,289.2,231.62,0.9476,0.1068,30.8,night
2024-01-28 04:00:00,Sadar,230.68,0,220.63,220.08,0.9405,0.0808,31.7,night
2024-01-28 04:00:00,Itwari,265.07,0,252.25,223.3,0.9239,0.1258,31.3,night
2024-01-28 04:00:00,Manewada,257.55,0,246.93,226.37,0.9353,0.1447,32.6,night
2024-01-28 04:00:00,Hingna,226.23,0,218.53,227.94,0.9063,0.0819,30.2,night
2024-01-28 05:00:00,Dharampeth,224.73,0,221.01,225.26,0.9716,0.0136,33.0,night
2024-01-28 05:00:00,Sitabuldi,161.66,0,164.48,224.74,0.8693,0.0946,34.4,night
2024-01-28 05:00:00,Gandhibagh,258.43,0,257.0,231.77,0.9552,0.0118,30.3,night
2024-01-28 05:00:00,Lakadganj,224.66,0,238.89,236.7,0.9855,0.1405,31.6,night
2024-01-28 05:00:00,Sadar,280.66,0,283.03,222.44,0.903,0.0788,33.1,night
2024-01-28 05:00:00,Itwari,203.31,0,208.98,226.34,0.9017,0.0037,31.2,night
2024-01-28 05:00:00,Manewada,191.69,0,172.68,233.56,0.9151,0.0017,30.3,night
2024-01-28 05:00:00,Hingna,275.73,0,288.05,230.95,0.9203,0.0318,32.4,night
2024-01-28 06:00:00,Dharampeth,282.95,0,288.37,237.09,0.9329,0.1198,29.5,daytime
2024-01-28 06:00:00,Sitabuldi,261.17,0,254.17,224.0,0.8926,0.0995,29.2,daytime
2024-01-28 06:00:00,Gandhibagh,248.27,0,237.77,223.1,0.926,0.1573,32.8,daytime
2024-01-28 06:00:00,Lakadganj,305.2,4.59,321.91,241.5,0.9412,0.1101,27.9,daytime
2024-01-28 06:00:00,Sadar,277.64,5.98,278.3,234.17,0.9189,0.0516,33.1,daytime
2024-01-28 06:00:00,Itwari,289.24,0,299.47,224.09,0.9332,0.0442,36.5,daytime
2024-01-28 06:00:00,Manewada,311.88,0,319.0,229.13,0.9247,0.6663,32.9,daytime
2024-01-28 06:00:00,Hingna,287.57,0,291.0,219.21,0.9085,0.0216,33.1,daytime
2024-01-28 07:00:00,Dharampeth,252.09,37.82,223.94,237.64,0.9226,0.0573,30.1,daytime
2024-01-28 07:00:00,Sitabuldi,244.18,58.53,203.19,230.85,0.9237,0.0277,29.0,daytime
2024-01-28 07:00:00,Gandhibagh,277.05,73.58,210.73,228.32,0.9268,0.1515,33.0,daytime
2024-01-28 07:00:00,Lakadganj,267.53,30.02,235.34,224.38,0.9049,0.1121,31.7,daytime
2024-01-28 07:00:00,Sadar,308.34,51.73,255.41,228.56,0.9382,0.0433,33.6,daytime
2024-01-28 07:00:00,Itwari,242.16,43.47,189.18,230.49,0.9164,0.149,29.6,daytime
2024-01-28 07:00:00,Manewada,303.91,36.79,264.89,230.75,0.9204,0.1206,33.7,daytime
2024-01-28 07:00:00,Hingna,258.23,47.04,204.35,226.2,0.9222,0.1666,29.2,daytime
2024-01-28 08:00:00,Dharampeth,258.12,83.69,190.75,233.16,0.9556,0.1361,31.7,daytime
2024-01-28 08:00:00,Sitabuldi,341.58,110.44,227.14,240.35,0.8783,0.0525,30.2,daytime
2024-01-28 08:00:00,Gandhibagh,310.82,66.04,237.37,225.49,0.9359,0.0463,32.3,daytime
2024-01-28 08:00:00,Lakadganj,251.82,119.41,135.62,235.42,0.9107,0.1689,31.5,daytime
2024-01-28 08:00:00,Sadar,292.43,82.28,205.28,236.7,0.9365,0.0374,33.3,daytime
2024-01-28 08:00:00,Itwari,236.09,85.62,146.08,229.36,0.8808,0.0497,31.4,daytime
2024-01-28 08:00:00,Manewada,308.18,98.94,224.2,227.12,0.9422,0.0193,30.0,daytime
2024-01-28 08:00:00,Hingna,289.26,91.74,207.73,230.98,0.9212,0.0617,33.1,daytime
2024-01-28 09:00:00,Dharampeth,418.04,130.75,280.88,238.34,0.9569,0.0301,28.6,peak
2024-01-28 09:00:00,Sitabuldi,397.67,152.09,248.7,228.45,0.8955,0.0924,33.7,peak
2024-01-28 09:00:00,Gandhibagh,339.15,108.25,221.11,237.52,0.9645,0.1107,32.4,peak
2024-01-28 09:00:00,Lakadganj,309.64,145.9,162.46,232.85,0.9807,0.0692,33.4,peak
2024-01-28 09:00:00,Sadar,418.13,165.48,241.95,231.17,0.9564,0.1362,32.2,peak
2024-01-28 09:00:00,Itwari,329.12,127.13,208.04,233.18,0.9158,0.1456,29.8,peak
2024-01-28 09:00:00,Manewada,337.33,144.22,186.35,225.0,0.9264,0.0462,31.6,peak
2024-01-28 09:00:00,Hingna,415.67,133.94,276.36,232.34,0.94,0.0257,30.9,peak
2024-01-28 10:00:00,Dharampeth,318.67,147.19,181.42,238.84,0.8706,0.0743,32.5,peak
2024-01-28 10:00:00,Sitabuldi,397.61,191.52,186.96,226.52,0.8719,0.1608,28.7,peak
2024-01-28 10:00:00,Gandhibagh,404.04,130.22,277.56,229.74,0.8945,0.0444,29.7,peak
2024-01-28 10:00:00,Lakadganj,359.13,164.73,190.74,230.6,0.9599,0.1476,31.7,peak
2024-01-28 10:00:00,Sadar,417.09,140.0,278.38,230.55,0.9279,0.041,33.8,peak
2024-01-28 10:00:00,Itwari,384.14,165.14,219.93,224.83,0.8872,0.1686,29.6,peak
2024-01-28 10:00:00,Manewada,368.06,177.67,196.97,227.95,0.9162,0.1595,32.2,peak
2024-01-28 10:00:00,Hingna,405.35,121.37,285.02,235.02,0.9381,0.0276,31.5,peak
2024-01-28 11:00:00,Dharampeth,403.27,167.22,241.43,226.39,0.9084,0.0875,33.1,peak
2024-01-28 11:00:00,Sitabuldi,323.54,172.69,161.76,233.54,0.9242,0.0206,32.9,peak
2024-01-28 11:00:00,Gandhibagh,375.49,169.73,200.04,233.88,0.9157,0.0068,29.7,peak
2024-01-28 11:00:00,Lakadganj,388.6,191.11,182.73,224.04,0.9298,0.1374,31.0,peak
2024-01-28 11:00:00,Sadar,367.3,162.44,190.36,237.57,0.9521,0.0374,30.8,peak
2024-01-28 11:00:00,Itwari,356.12,190.31,166.75,233.7,0.9016,0.0226,33.3,peak
2024-01-28 11:00:00,Manewada,387.96,202.29,195.45,227.93,0.895,0.0005,37.5,peak
2024-01-28 11:00:00,Hingna,350.02,168.02,188.09,228.45,0.9386,0.0995,31.5,peak
2024-01-28 12:00:00,Dharampeth,340.64,168.27,160.9,239.52,0.8825,0.0325,35.9,peak
2024-01-28 12:00:00,Sitabuldi,452.54,155.83,287.76,229.54,0.9216,0.585,32.0,peak
2024-01-28 12:00:00,Gandhibagh,365.66,189.41,197.13,227.8,0.9448,0.1075,30.3,peak
2024-01-28 12:00:00,Lakadganj,338.1,190.31,150.01,230.59,0.9504,0.1793,27.9,peak
2024-01-28 12:00:00,Sadar,363.56,159.48,207.18,235.89,0.9365,0.1604,32.6,peak
2024-01-28 12:00:00,Itwari,326.4,199.75,122.21,233.15,0.9409,0.0792,34.6,peak
2024-01-28 12:00:00,Manewada,412.88,191.53,208.9,228.94,0.953,0.0022,32.8,peak
2024-01-28 12:00:00,Hingna,348.1,171.35,155.14,230.1,0.9689,0.1669,33.1,peak
2024-01-28 13:00:00,Dharampeth,258.42,171.36,81.91,223.29,0.8867,0.1473,29.8,daytime
2024-01-28 13:00:00,Sitabuldi,304.5,172.24,122.33,231.87,0.9472,0.0208,32.3,daytime
2024-01-28 13:00:00,Gandhibagh,269.63,158.28,100.44,235.37,1.0,0.0191,33.2,daytime
2024-01-28 13:00:00,Lakadganj,294.57,156.83,150.62,236.04,0.9511,0.0924,30.8,daytime
2024-01-28 13:00:00,Sadar,283.24,187.38,87.42,230.27,0.8955,0.1015,32.3,daytime
2024-01-28 13:00:00,Itwari,302.36,188.54,106.97,227.55,0.8521,0.1245,30.6,daytime
2024-01-28 13:00:00,Manewada,259.69,190.52,65.36,232.6,0.8967,0.014,34.0,daytime
2024-01-28 13:00:00,Hingna,245.04,174.67,54.35,223.26,0.9481,0.0567,33.1,daytime
2024-01-28 14:00:00,Dharampeth,245.7,178.21,68.93,236.46,0.9543,0.1213,33.0,daytime
2024-01-28 14:00:00,Sitabuldi,278.9,160.66,120.81,233.51,0.9264,0.1259,31.6,daytime
2024-01-28 14:00:00,Gandhibagh,318.15,149.26,187.39,234.22,0.9116,0.0147,31.3,daytime
2024-01-28 14:00:00,Lakadganj,334.25,157.44,183.82,225.61,0.9257,0.0425,32.8,daytime
2024-01-28 14:00:00,Sadar,306.99,142.07,164.2,231.01,0.89,0.5733,32.0,daytime
2024-01-28 14:00:00,Itwari,320.44,171.23,155.54,234.03,0.9771,0.1263,32.0,daytime
2024-01-28 14:00:00,Manewada,251.16,175.74,61.53,225.62,0.8957,0.0811,32.0,daytime
2024-01-28 14:00:00,Hingna,224.57,175.94,61.52,229.13,0.9095,0.1009,33.4,daytime
2024-01-28 15:00:00,Dharampeth,292.49,109.51,194.64,236.83,0.9092,0.0758,32.9,daytime
2024-01-28 15:00:00,Sitabuldi,260.17,101.0,170.38,224.81,0.8712,0.128,30.9,daytime
2024-01-28 15:00:00,Gandhibagh,272.23,99.12,160.76,235.45,0.9678,0.1166,30.9,daytime
2024-01-28 15:00:00,Lakadganj,259.69,97.23,155.98,234.49,0.9018,0.1748,32.1,daytime
2024-01-28 15:00:00,Sadar,271.67,142.52,114.95,216.33,0.9411,0.0448,29.2,daytime
2024-01-28 15:00:00,Itwari,319.58,113.57,202.17,232.75,0.9204,0.177,29.5,daytime
2024-01-28 15:00:00,Manewada,255.95,117.08,140.15,235.22,0.9107,0.0804,29.1,daytime
2024-01-28 15:00:00,Hingna,279.38,128.61,151.65,233.52,0.8959,0.0826,29.6,daytime
2024-01-28 16:00:00,Dharampeth,355.57,87.96,272.07,229.64,0.956,0.159,34.3,daytime
2024-01-28 16:00:00,Sitabuldi,325.54,98.08,236.84,222.9,0.8956,0.1352,28.9,daytime
2024-01-28 16:00:00,Gandhibagh,264.4,81.77,178.85,232.09,0.9303,0.1134,33.8,daytime
2024-01-28 16:00:00,Lakadganj,213.03,63.26,149.95,227.78,0.9533,0.1719,35.5,daytime
2024-01-28 16:00:00,Sadar,316.74,102.92,203.52,235.6,0.9306,0.1578,34.5,daytime
2024-01-28 16:00:00,Itwari,292.83,96.96,192.93,228.86,0.9189,0.1398,28.6,daytime
2024-01-28 16:00:00,Manewada,255.49,65.47,205.96,225.68,0.9269,0.148,30.7,daytime
2024-01-28 16:00:00,Hingna,278.84,73.99,217.24,229.96,0.9417,0.0462,30.6,daytime
2024-01-28 17:00:00,Dharampeth,298.7,34.97,274.08,228.36,0.8852,0.1786,33.1,daytime
2024-01-28 17:00:00,Sitabuldi,283.96,65.55,223.86,226.19,0.8939,0.6617,30.4,daytime
2024-01-28 17:00:00,Gandhibagh,308.18,39.76,259.97,228.93,0.9143,0.121,31.1,daytime
2024-01-28 17:00:00,Lakadganj,257.02,85.42,191.33,229.51,0.9501,0.1796,31.6,daytime
2024-01-28 17:00:00,Sadar,239.56,55.77,185.84,240.18,0.8902,0.0387,30.3,daytime
2024-01-28 17:00:00,Itwari,362.95,44.11,335.7,234.31,1.0,0.1038,31.5,daytime
2024-01-28 17:00:00,Manewada,297.53,83.14,224.8,225.62,0.9316,0.0644,31.9,daytime
2024-01-28 17:00:00,Hingna,199.66,53.28,151.96,223.29,0.8809,0.0124,33.8,daytime
2024-01-28 18:00:00,Dharampeth,280.14,1.25,305.56,224.6,0.8835,0.1652,31.2,peak
2024-01-28 18:00:00,Sitabuldi,317.13,0,321.44,232.06,0.9423,0.1588,33.0,peak
2024-01-28 18:00:00,Gandhibagh,391.76,0,406.54,235.38,0.8486,0.0489,32.6,peak
2024-01-28 18:00:00,Lakadganj,364.91,0,372.56,235.95,0.8667,0.1628,29.8,peak
2024-01-28 18:00:00,Sadar,407.26,0,403.8,233.09,0.9714,0.1716,27.4,peak
2024-01-28 18:00:00,Itwari,416.87,13.1,392.42,225.75,0.9225,0.0356,31.9,peak
2024-01-28 18:00:00,Manewada,363.49,14.03,347.38,235.05,0.9383,0.1502,32.3,peak
2024-01-28 18:00:00,Hingna,365.87,3.93,352.78,236.94,0.8938,0.0602,36.2,peak
2024-01-28 19:00:00,Dharampeth,358.37,0,359.23,220.94,0.8925,0.1045,30.9,peak
2024-01-28 19:00:00,Sitabuldi,333.76,0,326.52,226.97,0.8769,0.0137,34.2,peak
2024-01-28 19:00:00,Gandhibagh,339.86,0,350.19,232.91,0.8844,0.1431,29.9,peak
2024-01-28 19:00:00,Lakadganj,325.31,0,324.52,231.49,0.9245,0.1697,32.9,peak
2024-01-28 19:00:00,Sadar,347.41,0,352.15,236.9,0.9441,0.1183,33.5,peak
2024-01-28 19:00:00,Itwari,329.64,0,318.26,228.38,0.9392,0.0224,32.3,peak
2024-01-28 19:00:00,Manewada,310.93,0,283.68,234.89,0.9017,0.0143,31.3,peak
2024-01-28 19:00:00,Hingna,319.91,0,312.52,229.06,0.9288,0.0385,27.3,peak
2024-01-28 20:00:00,Dharampeth,319.54,0,317.6,218.27,0.8982,0.1222,32.4,peak
2024-01-28 20:00:00,Sitabuldi,303.92,0,311.17,237.27,0.9643,0.1538,30.8,peak
2024-01-28 20:00:00,Gandhibagh,374.41,0,383.77,227.33,0.9072,0.0531,28.5,peak
2024-01-28 20:00:00,Lakadganj,298.05,0,288.56,231.76,0.8986,0.1305,31.5,peak
2024-01-28 20:00:00,Sadar,258.19,0,250.39,234.07,0.9062,0.0905,31.2,peak
2024-01-28 20:00:00,Itwari,358.33,0,354.77,230.51,0.9142,0.1706,34.3,peak
2024-01-28 20:00:00,Manewada,355.65,0,350.82,231.15,0.9374,0.0188,33.8,peak
2024-01-28 20:00:00,Hingna,252.12,0,244.6,230.36,0.8861,0.1274,31.4,peak
2024-01-28 21:00:00,Dharampeth,311.68,0,304.97,234.1,0.9172,0.0731,29.7,peak
2024-01-28 21:00:00,Sitabuldi,346.32,0,359.14,229.23,0.9344,0.0485,33.4,peak
2024-01-28 21:00:00,Gandhibagh,280.59,0,287.21,227.32,0.883,0.1279,29.8,peak
2024-01-28 21:00:00,Lakadganj,328.05,0,325.86,215.53,0.871,0.099,31.7,peak
2024-01-28 21:00:00,Sadar,255.99,0,249.99,238.61,0.8808,0.127,31.8,peak
2024-01-28 21:00:00,Itwari,321.0,0,330.22,232.56,0.8686,0.0189,33.1,peak
2024-01-28 21:00:00,Manewada,296.94,0,300.71,227.5,0.9386,0.0336,31.8,peak
2024-01-28 21:00:00,Hingna,307.1,0,328.76,234.87,0.8826,0.0474,34.5,peak
2024-01-28 22:00:00,Dharampeth,316.88,0,308.78,235.71,0.9326,0.056,30.0,peak
2024-01-28 22:00:00,Sitabuldi,317.88,0,343.04,226.05,0.9045,0.0217,30.3,peak
2024-01-28 22:00:00,Gandhibagh,352.07,0,363.13,225.76,0.894,0.0393,32.2,peak
2024-01-28 22:00:00,Lakadganj,293.94,0,287.9,231.8,0.9455,0.0476,31.0,peak
2024-01-28 22:00:00,Sadar,332.15,0,343.38,230.56,0.9185,0.1405,31.5,peak
2024-01-28 22:00:00,Itwari,323.78,0,305.93,240.08,0.8714,0.1672,32.1,peak
2024-01-28 22:00:00,Manewada,326.69,0,314.73,237.95,0.9023,0.1049,29.4,peak
2024-01-28 22:00:00,Hingna,304.94,0,290.67,234.38,0.9292,0.0656,30.2,peak
2024-01-28 23:00:00,Dharampeth,196.1,0,214.66,223.15,0.9033,0.08,31.4,night
2024-01-28 23:00:00,Sitabuldi,208.17,0,197.54,226.74,0.9684,0.0763,33.0,night
2024-01-28 23:00:00,Gandhibagh,257.66,0,261.36,235.09,0.9194,0.1726,30.7,night
2024-01-28 23:00:00,Lakadganj,254.9,0,273.15,233.51,0.9042,0.0424,29.8,night
2024-01-28 23:00:00,Sadar,251.08,0,251.39,228.19,0.9183,0.4095,30.9,night
2024-01-28 23:00:00,Itwari,200.89,0,213.85,228.07,0.9528,0.1478,32.7,night
2024-01-28 23:00:00,Manewada,263.04,0,256.41,229.24,0.9219,0.0688,33.1,night
2024-01-28 23:00:00,Hingna,184.91,0,198.47,230.76,0.9746,0.1037,32.3,night
2024-01-29 00:00:00,Dharampeth,225.26,0,231.87,238.91,0.9023,0.1661,31.6,night
2024-01-29 00:00:00,Sitabuldi,270.19,0,274.84,227.87,0.8994,0.0687,31.9,night
2024-01-29 00:00:00,Gandhibagh,235.5,0,250.06,238.49,0.9625,0.1023,28.4,night
2024-01-29 00:00:00,Lakadganj,212.68,0,201.98,233.76,0.9216,0.0971,31.6,night
2024-01-29 00:00:00,Sadar,224.86,0,219.18,228.85,0.9261,0.0341,31.3,night
2024-01-29 00:00:00,Itwari,244.85,0,262.54,239.48,0.9217,0.0036,33.0,night
2024-01-29 00:00:00,Manewada,299.06,0,299.97,230.28,0.8825,0.3307,32.1,night
2024-01-29 00:00:00,Hingna,250.8,0,237.79,228.26,0.9027,0.0946,31.5,night
2024-01-29 01:00:00,Dharampeth,260.23,0,254.91,228.6,0.9459,0.0364,33.5,night
2024-01-29 01:00:00,Sitabuldi,216.88,0,202.16,223.67,0.8856,0.0444,30.3,night
2024-01-29 01:00:00,Gandhibagh,234.28,0,226.8,228.96,0.8819,0.1562,31.2,night
2024-01-29 01:00:00,Lakadganj,241.26,0,257.02,238.07,0.9139,0.0133,32.2,night
2024-01-29 01:00:00,Sadar,235.54,0,234.84,234.2,0.9148,0.1356,34.3,night
2024-01-29 01:00:00,Itwari,288.83,0,299.54,231.91,0.9382,0.0794,30.9,night
2024-01-29 01:00:00,Manewada,272.04,0,281.74,229.81,0.8978,0.3052,31.9,night
2024-01-29 01:00:00,Hingna,152.33,0,146.21,225.31,0.9407,0.1381,31.4,night
2024-01-29 02:00:00,Dharampeth,221.33,0,232.28,226.56,0.9267,0.139,34.5,night
2024-01-29 02:00:00,Sitabuldi,289.16,0,288.4,228.21,0.8944,0.1327,32.2,night
2024-01-29 02:00:00,Gandhibagh,292.85,0,292.59,230.52,0.9611,0.0516,32.1,night
2024-01-29 02:00:00,Lakadganj,275.78,0,271.6,234.72,0.9339,0.0134,34.5,night
2024-01-29 02:00:00,Sadar,282.12,0,288.68,232.57,0.9269,0.0463,30.0,night
2024-01-29 02:00:00,Itwari,211.01,0,218.13,228.97,0.9412,0.0858,33.1,night
2024-01-29 02:00:00,Manewada,257.04,0,230.23,227.66,0.9156,0.155,30.9,night
2024-01-29 02:00:00,Hingna,215.94,0,220.3,229.86,0.9249,0.0759,32.6,night
2024-01-29 03:00:00,Dharampeth,335.6,0,331.55,234.4,0.8799,0.0262,33.4,night
2024-01-29 03:00:00,Sitabuldi,254.81,0,251.59,230.08,0.9384,0.08,31.2,night
2024-01-29 03:00:00,Gandhibagh,269.05,0,267.09,227.43,0.9534,0.0162,30.3,night
2024-01-29 03:00:00,Lakadganj,304.65,0,298.02,230.16,0.8807,0.1421,35.4,night
2024-01-29 03:00:00,Sadar,223.11,0,234.33,224.91,0.9056,0.1522,28.5,night
2024-01-29 03:00:00,Itwari,257.65,0,274.88,228.35,0.9487,0.1414,29.2,night
2024-01-29 03:00:00,Manewada,270.46,0,260.08,227.34,0.9269,0.1352,31.8,night
2024-01-29 03:00:00,Hingna,288.42,0,292.79,236.42,0.9285,0.0679,33.3,night
2024-01-29 04:00:00,Dharampeth,202.87,0,230.31,246.71,0.8568,0.0719,32.4,night
2024-01-29 04:00:00,Sitabuldi,206.85,0,200.96,224.95,0.9174,0.0669,27.3,night
2024-01-29 04:00:00,Gandhibagh,268.9,0,270.75,232.06,0.9228,0.0944,31.4,night
2024-01-29 04:00:00,Lakadganj,261.67,0,260.22,224.57,0.9296,0.0492,33.5,night
2024-01-29 04:00:00,Sadar,244.99,0,246.37,232.47,0.9289,0.1135,27.6,night
2024-01-29 04:00:00,Itwari,259.91,0,277.49,225.69,0.9264,0.0929,31.6,night
2024-01-29 04:00:00,Manewada,215.19,0,216.19,233.85,0.9385,0.5262,36.5,night
2024-01-29 04:00:00,Hingna,212.52,0,206.25,231.78,0.9319,0.06,31.2,night
2024-01-29 05:00:00,Dharampeth,246.44,0,241.66,227.27,0.9117,0.0792,32.6,night
2024-01-29 05:00:00,Sitabuldi,273.42,0,279.81,233.79,0.8772,0.1644,32.7,night
2024-01-29 05:00:00,Gandhibagh,219.12,0,213.23,231.5,0.9015,0.0764,34.9,night
2024-01-29 05:00:00,Lakadganj,220.18,0,235.5,235.15,0.9429,0.1254,31.4,night
2024-01-29 05:00:00,Sadar,268.04,0,264.29,223.83,0.8619,0.0997,30.0,night
2024-01-29 05:00:00,Itwari,188.94,0,204.46,231.55,0.8873,0.0896,33.4,night
2024-01-29 05:00:00,Manewada,289.78,0,278.29,226.97,0.9865,0.0456,34.0,night
2024-01-29 05:00:00,Hingna,255.92,0,250.0,238.85,0.8988,0.1719,30.8,night
2024-01-29 06:00:00,Dharampeth,260.43,0,270.19,232.19,0.9143,0.1507,27.0,daytime
2024-01-29 06:00:00,Sitabuldi,263.69,0,244.91,230.19,0.9645,0.0834,32.0,daytime
2024-01-29 06:00:00,Gandhibagh,271.44,0,247.8,237.11,0.9132,0.0932,31.9,daytime
2024-01-29 06:00:00,Lakadganj,283.19,0,264.53,225.74,0.9483,0.0027,28.5,daytime
2024-01-29 06:00:00,Sadar,230.2,0,229.29,227.59,0.8864,0.0085,33.5,daytime
2024-01-29 06:00:00,Itwari,319.85,0,320.12,231.16,0.8865,0.1338,27.0,daytime
2024-01-29 06:00:00,Manewada,250.46,1.6,248.55,229.04,0.917,0.0956,33.2,daytime
2024-01-29 06:00:00,Hingna,262.98,0,265.28,223.67,0.9281,0.0839,29.9,daytime
2024-01-29 07:00:00,Dharampeth,277.12,67.87,218.49,240.18,0.9198,0.1282,33.0,daytime
2024-01-29 07:00:00,Sitabuldi,309.83,33.64,280.14,232.13,0.9279,0.1231,30.0,daytime
2024-01-29 07:00:00,Gandhibagh,238.86,30.2,189.84,236.22,0.9613,0.0045,34.1,daytime
2024-01-29 07:00:00,Lakadganj,228.59,73.06,143.13,239.39,0.8672,0.7714,33.2,daytime
2024-01-29 07:00:00,Sadar,287.67,77.65,208.89,228.45,0.9012,0.1402,32.6,daytime
2024-01-29 07:00:00,Itwari,210.21,51.02,160.27,225.36,0.9164,0.0041,32.6,daytime
2024-01-29 07:00:00,Manewada,281.37,63.3,221.16,227.31,0.895,0.1691,31.9,daytime
2024-01-29 07:00:00,Hingna,325.93,44.19,279.56,232.95,0.9006,0.0517,32.8,daytime
2024-01-29 08:00:00,Dharampeth,244.41,79.63,164.39,230.72,0.9025,0.0833,30.1,daytime
2024-01-29 08:00:00,Sitabuldi,230.02,96.05,127.04,236.06,0.94,0.016,34.4,daytime
2024-01-29 08:00:00,Gandhibagh,264.73,86.23,154.92,221.04,0.8842,0.09,34.4,daytime
2024-01-29 08:00:00,Lakadganj,253.42,78.44,173.55,223.4,0.9252,0.0982,33.4,daytime
2024-01-29 08:00:00,Sadar,279.19,96.79,162.71,226.04,0.9129,0.1762,32.2,daytime
2024-01-29 08:00:00,Itwari,253.14,100.67,159.32,235.51,0.9203,0.0242,35.5,daytime
2024-01-29 08:00:00,Manewada,205.2,83.71,127.65,223.27,0.872,0.1366,29.9,daytime
2024-01-29 08:00:00,Hingna,223.47,96.89,123.87,239.42,0.9461,0.0242,32.1,daytime
2024-01-29 09:00:00,Dharampeth,351.21,161.85,196.31,232.87,0.9104,0.0175,31.3,peak
2024-01-29 09:00:00,Sitabuldi,304.81,119.87,187.48,232.79,0.9206,0.0618,31.9,peak
2024-01-29 09:00:00,Gandhibagh,309.09,99.9,211.08,236.29,0.8509,0.1189,32.5,peak
2024-01-29 09:00:00,Lakadganj,303.95,137.78,150.08,220.43,0.916,0.1777,31.9,peak
2024-01-29 09:00:00,Sadar,348.78,127.89,214.63,231.53,0.9353,0.5503,32.6,peak
2024-01-29 09:00:00,Itwari,317.3,91.8,231.12,225.88,0.8719,0.056,30.0,peak
2024-01-29 09:00:00,Manewada,335.83,117.3,222.88,228.26,0.9118,0.1391,34.1,peak
2024-01-29 09:00:00,Hingna,338.92,130.7,213.33,242.97,0.8913,0.1206,34.7,peak
2024-01-29 10:00:00,Dharampeth,332.97,163.38,164.66,228.21,0.9268,0.0556,33.5,peak
2024-01-29 10:00:00,Sitabuldi,367.0,164.21,205.19,231.1,0.9571,0.0764,29.7,peak
2024-01-29 10:00:00,Gandhibagh,351.73,155.03,179.81,233.73,0.9367,0.6712,33.8,peak
2024-01-29 10:00:00,Lakadganj,362.42,176.64,186.93,232.8,0.9032,0.168,29.6,peak
2024-01-29 10:00:00,Sadar,393.29,142.56,234.87,229.47,0.9192,0.0949,35.1,peak
2024-01-29 10:00:00,Itwari,386.08,150.99,240.2,235.69,0.9375,0.1534,35.3,peak
2024-01-29 10:00:00,Manewada,360.87,144.52,223.01,237.42,0.9264,0.1315,31.3,peak
2024-01-29 10:00:00,Hingna,399.48,172.46,244.08,233.29,0.9223,0.1226,33.5,peak
2024-01-29 11:00:00,Dharampeth,356.05,173.38,204.94,226.63,0.8873,0.1053,32.3,peak
2024-01-29 11:00:00,Sitabuldi,368.03,198.75,169.13,220.22,0.9638,0.0912,30.1,peak
2024-01-29 11:00:00,Gandhibagh,312.17,205.95,103.94,229.02,0.9007,0.1455,32.7,peak
2024-01-29 11:00:00,Lakadganj,446.36,158.1,274.17,235.28,0.9481,0.0248,30.1,peak
2024-01-29 11:00:00,Sadar,322.98,170.84,162.31,226.9,0.8574,0.1592,29.6,peak
2024-01-29 11:00:00,Itwari,346.91,170.62,189.83,222.14,0.9021,0.0466,35.0,peak
2024-01-29 11:00:00,Manewada,375.92,174.96,186.39,231.25,0.8806,0.0746,32.3,peak
2024-01-29 11:00:00,Hingna,392.76,187.89,194.23,227.26,0.8596,0.053,31.0,peak
2024-01-29 12:00:00,Dharampeth,404.56,157.19,248.64,234.4,0.9335,0.113,29.8,peak
2024-01-29 12:00:00,Sitabuldi,385.21,213.7,180.45,236.92,0.8909,0.0282,32.0,peak
2024-01-29 12:00:00,Gandhibagh,426.31,195.38,223.9,230.75,0.9059,0.1758,28.7,peak
2024-01-29 12:00:00,Lakadganj,288.18,152.47,135.36,230.9,0.915,0.0533,35.4,peak
2024-01-29 12:00:00,Sadar,368.16,194.71,164.24,229.97,0.9709,0.4203,30.9,peak
2024-01-29 12:00:00,Itwari,350.52,181.81,178.96,234.85,0.9022,0.0969,33.3,peak
2024-01-29 12:00:00,Manewada,391.84,169.34,212.31,231.5,0.9093,0.0091,33.4,peak
2024-01-29 12:00:00,Hingna,401.77,157.96,231.64,236.21,0.9096,0.1557,36.1,peak
2024-01-29 13:00:00,Dharampeth,250.42,161.24,106.28,221.93,0.9037,0.027,34.4,daytime
2024-01-29 13:00:00,Sitabuldi,286.73,175.29,116.75,229.66,0.9411,0.1047,29.6,daytime
2024-01-29 13:00:00,Gandhibagh,262.19,180.29,79.27,226.29,0.9413,0.0568,31.4,daytime
2024-01-29 13:00:00,Lakadganj,324.8,176.04,147.62,232.24,0.9261,0.0466,31.1,daytime
2024-01-29 13:00:00,Sadar,243.04,157.7,82.0,227.26,0.9414,0.0842,29.3,daytime
2024-01-29 13:00:00,Itwari,264.56,174.97,89.83,229.78,0.9277,0.011,32.4,daytime
2024-01-29 13:00:00,Manewada,262.46,173.39,75.9,226.14,0.915,0.7556,32.6,daytime
2024-01-29 13:00:00,Hingna,276.79,157.95,119.87,222.14,0.8963,0.0358,32.2,daytime
2024-01-29 14:00:00,Dharampeth,273.55,172.62,116.61,227.69,0.9343,0.0863,35.1,daytime
2024-01-29 14:00:00,Sitabuldi,247.23,161.4,87.36,231.67,0.951,0.0906,31.4,daytime
2024-01-29 14:00:00,Gandhibagh,291.54,170.58,124.77,234.68,0.9527,0.0726,32.2,daytime
2024-01-29 14:00:00,Lakadganj,285.85,159.59,117.8,224.83,0.9022,0.0575,32.9,daytime
2024-01-29 14:00:00,Sadar,274.41,163.99,123.36,231.12,0.9025,0.0748,25.5,daytime
2024-01-29 14:00:00,Itwari,314.58,146.2,160.68,231.17,0.8901,0.0436,29.8,daytime
2024-01-29 14:00:00,Manewada,328.48,160.02,173.12,233.57,0.9907,0.0141,32.2,daytime
2024-01-29 14:00:00,Hingna,338.1,138.64,206.44,223.34,0.9637,0.1614,32.6,daytime
2024-01-29 15:00:00,Dharampeth,286.14,154.16,142.15,226.16,0.908,0.1464,32.9,daytime
2024-01-29 15:00:00,Sitabuldi,232.3,117.43,126.41,230.45,0.9525,0.1291,32.6,daytime
2024-01-29 15:00:00,Gandhibagh,234.81,150.36,97.2,230.73,0.9312,0.0731,32.6,daytime
2024-01-29 15:00:00,Lakadganj,286.09,107.13,176.89,234.97,0.8591,0.0913,30.8,daytime
2024-01-29 15:00:00,Sadar,299.8,155.81,144.81,220.25,0.9106,0.1599,31.8,daytime
2024-01-29 15:00:00,Itwari,300.86,119.88,177.66,233.03,0.9265,0.1743,35.4,daytime
2024-01-29 15:00:00,Manewada,275.05,137.55,133.85,230.39,0.9449,0.0193,33.2,daytime
2024-01-29 15:00:00,Hingna,297.26,136.37,152.39,229.4,0.8883,0.0265,29.4,daytime
2024-01-29 16:00:00,Dharampeth,284.49,69.52,216.05,227.23,0.9175,0.1438,31.4,daytime
2024-01-29 16:00:00,Sitabuldi,238.44,74.38,153.78,227.88,0.9026,0.02,30.2,daytime
2024-01-29 16:00:00,Gandhibagh,283.71,100.25,177.72,233.17,0.918,0.1125,31.2,daytime
2024-01-29 16:00:00,Lakadganj,238.49,102.26,143.08,226.09,0.9169,0.1049,35.3,daytime
2024-01-29 16:00:00,Sadar,278.1,80.06,206.35,233.12,0.9427,0.1671,34.3,daytime
2024-01-29 16:00:00,Itwari,238.68,101.2,144.55,232.22,0.9491,0.0085,32.8,daytime
2024-01-29 16:00:00,Manewada,249.71,88.65,162.93,228.52,0.9297,0.049,30.5,daytime
2024-01-29 16:00:00,Hingna,338.15,61.52,265.8,228.77,0.9382,0.0449,28.9,daytime
2024-01-29 17:00:00,Dharampeth,247.03,26.48,230.96,221.66,0.8734,0.0332,32.4,daytime
2024-01-29 17:00:00,Sitabuldi,228.75,65.37,162.14,223.13,0.933,0.1494,34.1,daytime
2024-01-29 17:00:00,Gandhibagh,196.27,67.41,117.3,219.98,0.9242,0.115,31.4,daytime
2024-01-29 17:00:00,Lakadganj,319.99,60.28,246.62,222.14,0.9329,0.0908,34.8,daytime
2024-01-29 17:00:00,Sadar,295.69,60.64,222.83,230.2,0.8816,0.1245,34.3,daytime
2024-01-29 17:00:00,Itwari,197.9,34.56,152.27,234.68,0.931,0.0039,32.2,daytime
2024-01-29 17:00:00,Manewada,293.47,57.88,226.07,220.92,0.8934,0.0002,29.8,daytime
2024-01-29 17:00:00,Hingna,264.7,46.52,210.38,234.75,0.8805,0.1421,31.1,daytime
2024-01-29 18:00:00,Dharampeth,428.67,0,439.01,239.1,0.8994,0.0852,33.2,peak
2024-01-29 18:00:00,Sitabuldi,343.86,0,347.13,223.42,0.9608,0.0816,28.9,peak
2024-01-29 18:00:00,Gandhibagh,354.03,13.17,325.27,221.19,0.9224,0.0074,32.6,peak
2024-01-29 18:00:00,Lakadganj,400.86,0,398.01,228.96,0.9212,0.0877,30.6,peak
2024-01-29 18:00:00,Sadar,382.71,0,401.36,230.68,0.9036,0.1045,31.7,peak
2024-01-29 18:00:00,Itwari,363.26,0,347.66,231.36,0.9239,0.1767,33.2,peak
2024-01-29 18:00:00,Manewada,353.93,17.96,344.76,235.27,0.882,0.0024,33.0,peak
2024-01-29 18:00:00,Hingna,361.49,0,378.39,237.61,0.9158,0.1705,27.8,peak
2024-01-29 19:00:00,Dharampeth,319.2,0,310.17,234.45,0.9312,0.1751,27.7,peak
2024-01-29 19:00:00,Sitabuldi,334.09,0,342.78,240.5,0.8983,0.1468,29.8,peak
2024-01-29 19:00:00,Gandhibagh,315.8,0,324.48,230.95,0.9432,0.0056,30.0,peak
2024-01-29 19:00:00,Lakadganj,354.79,0,361.7,224.8,0.9877,0.1795,32.2,peak
2024-01-29 19:00:00,Sadar,300.25,0,286.55,230.87,0.8691,0.1251,28.5,peak
2024-01-29 19:00:00,Itwari,333.61,0,328.74,227.51,0.9174,0.0287,33.6,peak
2024-01-29 19:00:00,Manewada,320.2,0,342.54,231.91,0.9065,0.0823,30.6,peak
2024-01-29 19:00:00,Hingna,345.74,0,329.19,231.26,0.8851,0.0599,33.7,peak
2024-01-29 20:00:00,Dharampeth,287.55,0,302.5,233.54,0.9873,0.1431,34.1,peak
2024-01-29 20:00:00,Sitabuldi,298.08,0,302.97,232.14,0.9527,0.0648,30.3,peak
2024-01-29 20:00:00,Gandhibagh,364.55,0,377.08,228.45,0.9183,0.1232,28.3,peak
2024-01-29 20:00:00,Lakadganj,324.07,0,340.88,234.96,0.8965,0.0315,31.0,peak
2024-01-29 20:00:00,Sadar,342.77,0,351.4,230.03,0.926,0.02,32.1,peak
2024-01-29 20:00:00,Itwari,316.7,0,322.06,233.05,0.9404,0.1102,32.8,peak
2024-01-29 20:00:00,Manewada,314.07,0,303.62,237.97,0.951,0.6469,32.7,peak
2024-01-29 20:00:00,Hingna,336.02,0,349.82,234.09,0.9161,0.0608,30.0,peak
2024-01-29 21:00:00,Dharampeth,329.81,0,321.72,230.35,0.9068,0.1092,32.8,peak
2024-01-29 21:00:00,Sitabuldi,372.86,0,366.55,233.64,0.9299,0.1413,33.8,peak
2024-01-29 21:00:00,Gandhibagh,282.38,0,279.76,228.28,0.9132,0.1137,32.3,peak
2024-01-29 21:00:00,Lakadganj,292.93,0,282.87,229.88,0.8995,0.1404,30.5,peak
2024-01-29 21:00:00,Sadar,348.86,0,337.74,231.42,0.9471,0.0851,28.6,peak
2024-01-29 21:00:00,Itwari,311.16,0,316.09,229.12,0.892,0.0117,32.4,peak
2024-01-29 21:00:00,Manewada,302.05,0,302.87,225.95,0.9028,0.0541,30.5,peak
2024-01-29 21:00:00,Hingna,309.08,0,305.63,215.91,0.9322,0.0052,33.0,peak
2024-01-29 22:00:00,Dharampeth,373.49,0,369.0,233.64,0.9002,0.0134,32.0,peak
2024-01-29 22:00:00,Sitabuldi,347.03,0,358.93,236.21,0.9296,0.1519,30.9,peak
2024-01-29 22:00:00,Gandhibagh,301.59,0,304.42,227.96,0.9113,0.1529,32.9,peak
2024-01-29 22:00:00,Lakadganj,350.05,0,368.54,230.32,0.9442,0.0319,28.3,peak
2024-01-29 22:00:00,Sadar,247.49,0,244.44,220.65,0.8842,0.0795,32.8,peak
2024-01-29 22:00:00,Itwari,300.75,0,299.08,220.03,0.9153,0.1247,31.8,peak
2024-01-29 22:00:00,Manewada,339.32,0,337.92,226.38,0.8923,0.0144,28.0,peak
2024-01-29 22:00:00,Hingna,400.3,0,413.12,239.24,0.9043,0.0415,31.9,peak
2024-01-29 23:00:00,Dharampeth,324.31,0,337.09,227.57,0.9469,0.0432,32.8,night
2024-01-29 23:00:00,Sitabuldi,233.0,0,230.22,230.09,0.934,0.1191,30.2,night
2024-01-29 23:00:00,Gandhibagh,238.08,0,230.63,226.83,0.9456,0.0087,30.4,night
2024-01-29 23:00:00,Lakadganj,230.93,0,227.42,231.14,0.9469,0.038,33.6,night
2024-01-29 23:00:00,Sadar,237.09,0,244.06,228.01,0.8978,0.1458,31.1,night
2024-01-29 23:00:00,Itwari,228.73,0,236.7,222.88,0.9555,0.1339,34.2,night
2024-01-29 23:00:00,Manewada,217.36,0,198.41,228.89,0.9397,0.0142,35.8,night
2024-01-29 23:00:00,Hingna,308.39,0,313.15,224.54,0.901,0.0768,31.2,night
2024-01-30 00:00:00,Dharampeth,207.15,0,208.4,229.7,0.9319,0.0713,31.2,night
2024-01-30 00:00:00,Sitabuldi,255.18,0,250.42,219.69,0.9356,0.0117,32.7,night
2024-01-30 00:00:00,Gandhibagh,241.41,0,240.21,238.15,0.9331,0.1692,34.4,night
2024-01-30 00:00:00,Lakadganj,205.89,0,207.74,230.69,0.9274,0.1769,31.6,night
2024-01-30 00:00:00,Sadar,203.33,0,206.31,234.93,0.9151,0.0738,32.9,night
2024-01-30 00:00:00,Itwari,228.27,0,233.82,231.61,0.8557,0.0003,32.7,night
2024-01-30 00:00:00,Manewada,232.16,0,228.85,236.23,0.8944,0.1482,31.3,night
2024-01-30 00:00:00,Hingna,243.86,0,239.32,232.39,0.8826,0.1494,30.9,night
2024-01-30 01:00:00,Dharampeth,243.5,0,235.62,228.61,0.9252,0.1345,31.1,night
2024-01-30 01:00:00,Sitabuldi,237.83,0,235.94,229.48,0.9229,0.0663,28.9,night
2024-01-30 01:00:00,Gandhibagh,228.57,0,217.69,234.76,0.9118,0.1291,33.4,night
2024-01-30 01:00:00,Lakadganj,244.66,0,234.7,233.75,0.9008,0.0193,33.3,night
2024-01-30 01:00:00,Sadar,218.39,0,199.99,226.69,0.9524,0.0245,29.4,night
2024-01-30 01:00:00,Itwari,170.32,0,168.34,228.39,0.8869,0.0883,32.1,night
2024-01-30 01:00:00,Manewada,214.59,0,230.28,223.2,0.9181,0.1748,32.4,night
2024-01-30 01:00:00,Hingna,305.13,0,287.35,226.55,0.9355,0.053,32.2,night
2024-01-30 02:00:00,Dharampeth,271.08,0,278.26,234.81,0.9518,0.0123,31.5,night
2024-01-30 02:00:00,Sitabuldi,168.7,0,166.03,241.03,0.9298,0.0227,31.2,night
2024-01-30 02:00:00,Gandhibagh,212.66,0,215.26,233.07,0.9436,0.1405,36.4,night
2024-01-30 02:00:00,Lakadganj,134.42,0,119.82,229.7,0.8821,0.1227,34.1,night
2024-01-30 02:00:00,Sadar,274.51,0,261.45,232.59,0.8674,0.1757,35.1,night
2024-01-30 02:00:00,Itwari,209.56,0,179.32,233.17,0.9345,0.1742,32.0,night
2024-01-30 02:00:00,Manewada,270.36,0,266.38,231.61,0.9142,0.0516,31.9,night
2024-01-30 02:00:00,Hingna,204.09,0,225.42,230.38,0.9145,0.0129,30.1,night
2024-01-30 03:00:00,Dharampeth,194.07,0,180.93,227.96,0.8671,0.1786,28.3,night
2024-01-30 03:00:00,Sitabuldi,229.45,0,221.47,227.35,0.9457,0.0141,33.7,night
2024-01-30 03:00:00,Gandhibagh,187.36,0,196.58,218.93,0.9231,0.0934,29.6,night
2024-01-30 03:00:00,Lakadganj,271.39,0,273.62,228.22,0.9097,0.0106,32.0,night
2024-01-30 03:00:00,Sadar,218.84,0,223.5,233.48,0.9246,0.0203,28.7,night
2024-01-30 03:00:00,Itwari,259.34,0,257.16,234.73,0.8746,0.0785,28.5,night
2024-01-30 03:00:00,Manewada,251.91,0,249.6,234.45,0.8575,0.1558,29.1,night
2024-01-30 03:00:00,Hingna,255.63,0,240.8,233.33,0.9101,0.1669,33.3,night
2024-01-30 04:00:00,Dharampeth,232.07,0,235.41,219.04,0.8927,0.0373,30.9,night
2024-01-30 04:00:00,Sitabuldi,221.18,0,201.54,232.12,0.9352,0.1189,31.6,night
2024-01-30 04:00:00,Gandhibagh,256.9,0,259.23,228.67,0.9203,0.1563,28.8,night
2024-01-30 04:00:00,Lakadganj,221.56,0,228.4,232.62,0.9007,0.0945,29.1,night
2024-01-30 04:00:00,Sadar,273.32,0,263.65,228.51,0.9177,0.1598,31.4,night
2024-01-30 04:00:00,Itwari,229.87,0,238.2,222.75,0.9433,0.1291,32.8,night
2024-01-30 04:00:00,Manewada,223.95,0,220.7,228.16,0.9154,0.0339,33.2,night
2024-01-30 04:00:00,Hingna,261.38,0,271.96,231.97,0.9055,0.1068,31.2,night
2024-01-30 05:00:00,Dharampeth,221.26,0,225.53,229.74,0.8715,0.0803,30.2,night
2024-01-30 05:00:00,Sitabuldi,314.99,0,330.31,235.1,0.8798,0.171,33.1,night
2024-01-30 05:00:00,Gandhibagh,264.88,0,279.32,235.5,0.886,0.0401,30.6,night
2024-01-30 05:00:00,Lakadganj,197.49,0,201.26,230.0,0.9012,0.1051,31.9,night
2024-01-30 05:00:00,Sadar,258.51,0,253.19,232.5,0.9384,0.0058,31.8,night
2024-01-30 05:00:00,Itwari,168.84,0,173.97,226.58,0.9113,0.1174,33.8,night
2024-01-30 05:00:00,Manewada,154.56,0,146.06,234.03,0.8567,0.1408,34.2,night
2024-01-30 05:00:00,Hingna,286.63,0,291.39,232.25,0.9397,0.0184,28.6,night
2024-01-30 06:00:00,Dharampeth,271.15,0,254.03,228.83,0.9103,0.1235,31.0,daytime
2024-01-30 06:00:00,Sitabuldi,360.19,0,359.59,223.84,0.9382,0.0007,36.1,daytime
2024-01-30 06:00:00,Gandhibagh,273.81,1.57,278.03,229.05,0.9278,0.0593,35.8,daytime
2024-01-30 06:00:00,Lakadganj,290.07,0,289.51,235.49,0.9201,0.0758,32.1,daytime
2024-01-30 06:00:00,Sadar,327.3,0,328.83,224.17,0.9071,0.0313,38.3,daytime
2024-01-30 06:00:00,Itwari,318.02,2.56,322.81,227.1,0.9288,0.018,29.9,daytime
2024-01-30 06:00:00,Manewada,271.8,19.75,255.93,230.63,0.8777,0.1443,28.9,daytime
2024-01-30 06:00:00,Hingna,285.66,2.95,258.19,220.97,0.9188,0.0548,31.7,daytime
2024-01-30 07:00:00,Dharampeth,294.74,55.66,235.1,226.84,0.94,0.1031,29.6,daytime
2024-01-30 07:00:00,Sitabuldi,287.87,44.38,239.59,232.86,0.9253,0.1184,29.4,daytime
2024-01-30 07:00:00,Gandhibagh,281.19,51.66,235.94,237.92,0.9607,0.1056,32.0,daytime
2024-01-30 07:00:00,Lakadganj,310.63,61.28,249.77,230.01,0.9288,0.0784,29.9,daytime
2024-01-30 07:00:00,Sadar,247.52,25.59,232.96,229.69,0.8903,0.1573,29.3,daytime
2024-01-30 07:00:00,Itwari,242.2,39.09,200.86,226.75,0.929,0.0863,31.1,daytime
2024-01-30 07:00:00,Manewada,283.06,35.31,243.89,229.04,0.9493,0.0795,32.8,daytime
2024-01-30 07:00:00,Hingna,364.52,39.96,318.9,233.86,0.8947,0.1634,29.4,daytime
2024-01-30 08:00:00,Dharampeth,321.01,101.88,226.98,240.13,0.9201,0.0119,32.2,daytime
2024-01-30 08:00:00,Sitabuldi,274.71,74.86,190.72,231.93,0.9247,0.0677,34.0,daytime
2024-01-30 08:00:00,Gandhibagh,310.41,122.62,201.77,228.6,0.8762,0.0559,31.4,daytime
2024-01-30 08:00:00,Lakadganj,279.92,102.31,180.2,221.94,0.9173,0.1175,31.8,daytime
2024-01-30 08:00:00,Sadar,290.52,61.58,228.58,224.61,0.876,0.0704,33.7,daytime
2024-01-30 08:00:00,Itwari,286.45,109.02,171.91,230.07,0.9299,0.1444,28.8,daytime
2024-01-30 08:00:00,Manewada,312.32,89.12,217.79,237.87,0.9193,0.0375,30.0,daytime
2024-01-30 08:00:00,Hingna,323.11,71.82,263.2,224.96,0.9034,0.1045,32.5,daytime
2024-01-30 09:00:00,Dharampeth,353.69,124.22,248.86,229.53,0.9247,0.0267,27.2,peak
2024-01-30 09:00:00,Sitabuldi,333.58,158.14,165.82,231.34,0.8876,0.0576,31.4,peak
2024-01-30 09:00:00,Gandhibagh,391.26,121.94,265.2,227.65,0.8798,0.0724,32.5,peak
2024-01-30 09:00:00,Lakadganj,309.63,113.88,196.95,229.86,0.9021,0.0347,29.0,peak
2024-01-30 09:00:00,Sadar,359.99,128.7,228.96,235.58,0.9665,0.1023,31.7,peak
2024-01-30 09:00:00,Itwari,401.16,120.01,280.76,235.45,0.9245,0.0784,30.5,peak
2024-01-30 09:00:00,Manewada,312.22,133.77,179.09,236.99,0.8644,0.0468,30.3,peak
2024-01-30 09:00:00,Hingna,396.39,102.51,277.96,231.17,0.8989,0.0161,31.3,peak
2024-01-30 10:00:00,Dharampeth,418.2,163.2,243.09,228.1,0.8618,0.1412,31.8,peak
2024-01-30 10:00:00,Sitabuldi,388.41,170.84,227.12,220.63,0.9626,0.0878,31.0,peak
2024-01-30 10:00:00,Gandhibagh,288.37,176.0,107.12,224.07,0.9087,0.0779,29.6,peak
2024-01-30 10:00:00,Lakadganj,376.86,156.58,219.53,226.57,0.9448,0.1491,31.7,peak
2024-01-30 10:00:00,Sadar,377.22,167.83,206.33,237.09,0.9301,0.4834,31.5,peak
2024-01-30 10:00:00,Itwari,370.77,165.93,208.36,230.16,0.9582,0.0808,32.0,peak
2024-01-30 10:00:00,Manewada,443.42,161.8,285.03,227.57,0.9531,0.1666,33.9,peak
2024-01-30 10:00:00,Hingna,431.45,156.28,278.96,232.87,0.9421,0.0439,33.5,peak
2024-01-30 11:00:00,Dharampeth,364.17,154.52,215.91,230.86,0.8877,0.0153,31.7,peak
2024-01-30 11:00:00,Sitabuldi,400.07,173.4,225.58,230.29,0.8604,0.0196,30.6,peak
2024-01-30 11:00:00,Gandhibagh,343.59,186.39,158.01,231.77,0.909,0.0456,32.8,peak
2024-01-30 11:00:00,Lakadganj,341.72,206.42,135.45,223.74,0.9721,0.0081,30.4,peak
2024-01-30 11:00:00,Sadar,348.57,173.09,165.22,229.05,0.8885,0.0736,33.9,peak
2024-01-30 11:00:00,Itwari,334.67,161.25,190.16,229.68,0.9265,0.0278,30.4,peak
2024-01-30 11:00:00,Manewada,363.95,187.39,177.04,238.95,0.8894,0.1102,28.4,peak
2024-01-30 11:00:00,Hingna,339.13,157.17,181.82,230.68,0.9256,0.1575,33.5,peak
2024-01-30 12:00:00,Dharampeth,360.48,175.45,201.62,219.38,0.9313,0.1508,31.7,peak
2024-01-30 12:00:00,Sitabuldi,347.36,199.4,144.38,228.69,0.8867,0.1269,33.4,peak
2024-01-30 12:00:00,Gandhibagh,383.17,200.41,177.02,230.85,0.9553,0.1249,32.1,peak
2024-01-30 12:00:00,Lakadganj,346.83,186.18,180.74,244.35,0.8681,0.0145,33.1,peak
2024-01-30 12:00:00,Sadar,379.3,192.27,171.39,230.19,0.9126,0.0132,33.4,peak
2024-01-30 12:00:00,Itwari,399.5,182.82,217.74,238.02,0.9356,0.0659,31.1,peak
2024-01-30 12:00:00,Manewada,391.97,202.92,198.22,231.35,0.954,0.093,29.2,peak
2024-01-30 12:00:00,Hingna,366.5,187.4,177.12,234.92,0.8967,0.0009,31.2,peak
2024-01-30 13:00:00,Dharampeth,267.34,179.76,83.54,228.29,0.9663,0.107,34.0,daytime
2024-01-30 13:00:00,Sitabuldi,319.19,195.05,119.79,227.13,0.952,0.1101,29.7,daytime
2024-01-30 13:00:00,Gandhibagh,285.85,177.92,109.54,237.02,0.9059,0.0389,32.7,daytime
2024-01-30 13:00:00,Lakadganj,299.16,170.5,128.04,226.14,0.9387,0.0671,31.0,daytime
2024-01-30 13:00:00,Sadar,306.49,189.34,113.4,231.59,0.886,0.1123,31.2,daytime
2024-01-30 13:00:00,Itwari,247.9,174.64,62.36,227.62,0.8965,0.0854,31.8,daytime
2024-01-30 13:00:00,Manewada,243.35,150.61,97.55,225.23,0.9281,0.0533,30.7,daytime
2024-01-30 13:00:00,Hingna,229.2,174.29,63.98,234.28,0.9094,0.0971,32.8,daytime
2024-01-30 14:00:00,Dharampeth,308.14,155.83,160.25,236.12,0.9442,0.0863,33.6,daytime
2024-01-30 14:00:00,Sitabuldi,260.29,167.6,96.65,231.24,0.8946,0.1559,31.6,daytime
2024-01-30 14:00:00,Gandhibagh,245.29,159.82,79.4,228.64,0.9067,0.1548,33.2,daytime
2024-01-30 14:00:00,Lakadganj,309.92,172.89,144.6,232.79,0.9248,0.0973,32.3,daytime
2024-01-30 14:00:00,Sadar,245.48,131.26,116.23,239.0,0.9438,0.1606,30.6,daytime
2024-01-30 14:00:00,Itwari,270.19,157.88,101.92,231.12,0.9831,0.0045,32.7,daytime
2024-01-30 14:00:00,Manewada,268.48,139.65,133.74,224.49,0.9046,0.0826,29.7,daytime
2024-01-30 14:00:00,Hingna,268.42,168.56,107.83,229.5,0.9248,0.1669,34.4,daytime
2024-01-30 15:00:00,Dharampeth,262.53,162.99,110.85,229.49,0.9128,0.1482,30.7,daytime
2024-01-30 15:00:00,Sitabuldi,251.3,139.96,101.71,227.98,0.9645,0.1334,30.1,daytime
2024-01-30 15:00:00,Gandhibagh,262.31,138.69,118.68,228.06,0.9427,0.1651,33.6,daytime
2024-01-30 15:00:00,Lakadganj,262.77,100.73,172.01,227.38,0.8617,0.0135,32.7,daytime
2024-01-30 15:00:00,Sadar,314.11,142.82,161.27,226.27,0.926,0.0393,30.8,daytime
2024-01-30 15:00:00,Itwari,344.82,137.75,208.08,241.01,0.9252,0.1065,35.3,daytime
2024-01-30 15:00:00,Manewada,273.65,106.13,157.09,221.83,0.9892,0.0521,33.0,daytime
2024-01-30 15:00:00,Hingna,279.23,147.96,127.34,228.1,0.9375,0.1778,33.6,daytime
2024-01-30 16:00:00,Dharampeth,273.05,114.98,154.54,225.21,0.9012,0.0566,30.1,daytime
2024-01-30 16:00:00,Sitabuldi,214.06,84.36,120.89,230.58,0.8853,0.032,31.9,daytime
2024-01-30 16:00:00,Gandhibagh,249.77,109.98,123.54,227.79,0.9228,0.1042,32.6,daytime
2024-01-30 16:00:00,Lakadganj,288.37,72.95,202.27,238.89,0.905,0.0111,33.2,daytime
2024-01-30 16:00:00,Sadar,295.02,71.13,221.43,224.96,0.8516,0.1459,33.9,daytime
2024-01-30 16:00:00,Itwari,314.62,70.2,270.8,226.54,0.8822,0.0624,32.4,daytime
2024-01-30 16:00:00,Manewada,235.57,91.74,148.04,223.74,0.9057,0.1638,33.0,daytime
2024-01-30 16:00:00,Hingna,294.12,109.33,177.88,235.53,0.8935,0.1763,34.2,daytime
2024-01-30 17:00:00,Dharampeth,278.03,40.8,231.17,228.82,0.9187,0.1366,32.3,daytime
2024-01-30 17:00:00,Sitabuldi,275.58,47.59,232.64,244.22,0.864,0.0093,32.3,daytime
2024-01-30 17:00:00,Gandhibagh,279.97,52.04,233.26,230.69,0.9525,0.1672,31.3,daytime
2024-01-30 17:00:00,Lakadganj,311.37,20.72,317.06,237.23,0.9114,0.0777,33.3,daytime
2024-01-30 17:00:00,Sadar,257.31,32.55,236.3,222.3,0.9541,0.1287,29.9,daytime
2024-01-30 17:00:00,Itwari,255.45,42.37,228.34,237.95,0.9262,0.17,29.5,daytime
2024-01-30 17:00:00,Manewada,272.11,25.78,239.41,231.13,0.8491,0.0218,33.9,daytime
2024-01-30 17:00:00,Hingna,304.36,42.79,274.16,229.36,0.9323,0.1777,31.5,daytime
2024-01-30 18:00:00,Dharampeth,372.4,0,373.05,235.03,0.9175,0.087,33.9,peak
2024-01-30 18:00:00,Sitabuldi,320.94,0,341.85,230.57,0.9093,0.1773,29.9,peak
2024-01-30 18:00:00,Gandhibagh,394.2,0,392.55,226.96,0.8956,0.1068,30.4,peak
2024-01-30 18:00:00,Lakadganj,432.83,11.16,439.88,227.15,0.9604,0.5534,30.1,peak
2024-01-30 18:00:00,Sadar,315.12,0,325.47,232.03,0.9241,0.1783,30.4,peak
2024-01-30 18:00:00,Itwari,365.21,0,357.58,234.78,0.9362,0.0469,29.2,peak
2024-01-30 18:00:00,Manewada,346.22,14.16,328.67,225.81,0.9231,0.0186,37.1,peak
2024-01-30 18:00:00,Hingna,433.57,23.88,413.01,237.35,0.9082,0.1108,32.2,peak
2024-01-30 19:00:00,Dharampeth,266.92,0,276.11,230.95,0.9078,0.1373,31.0,peak
2024-01-30 19:00:00,Sitabuldi,361.2,0,365.22,231.79,0.8899,0.0433,28.3,peak
2024-01-30 19:00:00,Gandhibagh,314.31,0,299.41,231.98,0.9771,0.1722,31.2,peak
2024-01-30 19:00:00,Lakadganj,326.94,0,332.38,224.72,0.8729,0.18,34.4,peak
2024-01-30 19:00:00,Sadar,288.16,0,293.63,220.54,0.886,0.1111,32.6,peak
2024-01-30 19:00:00,Itwari,351.85,0,342.24,227.97,0.9098,0.1405,33.8,peak
2024-01-30 19:00:00,Manewada,365.6,0,377.54,225.35,0.899,0.0146,34.3,peak
2024-01-30 19:00:00,Hingna,285.31,0,285.49,223.61,0.9002,0.0082,31.6,peak
2024-01-30 20:00:00,Dharampeth,323.11,0,323.22,229.13,0.9022,0.131,32.3,peak
2024-01-30 20:00:00,Sitabuldi,360.24,0,349.5,223.95,0.92,0.0958,30.6,peak
2024-01-30 20:00:00,Gandhibagh,278.5,0,284.07,238.02,0.9507,0.1193,33.8,peak
2024-01-30 20:00:00,Lakadganj,328.27,0,322.03,230.57,0.9497,0.1342,34.7,peak
2024-01-30 20:00:00,Sadar,407.73,0,418.16,220.31,0.9336,0.1402,32.4,peak
2024-01-30 20:00:00,Itwari,305.05,0,309.4,234.53,0.9056,0.1212,32.4,peak
2024-01-30 20:00:00,Manewada,402.59,0,394.33,234.47,0.8952,0.3518,35.5,peak
2024-01-30 20:00:00,Hingna,348.46,0,333.71,229.1,0.912,0.0797,29.4,peak
2024-01-30 21:00:00,Dharampeth,310.27,0,319.1,230.48,0.913,0.1621,32.1,peak
2024-01-30 21:00:00,Sitabuldi,343.33,0,326.49,232.35,0.8961,0.1688,33.6,peak
2024-01-30 21:00:00,Gandhibagh,371.74,0,365.51,235.47,0.8855,0.1031,31.4,peak
2024-01-30 21:00:00,Lakadganj,327.03,0,322.0,243.05,0.9184,0.0908,32.7,peak
2024-01-30 21:00:00,Sadar,301.29,0,298.79,225.36,0.9707,0.1611,32.2,peak
2024-01-30 21:00:00,Itwari,322.5,0,322.93,225.9,0.9538,0.0792,32.2,peak
2024-01-30 21:00:00,Manewada,308.2,0,321.22,230.51,0.9222,0.1117,32.8,peak
2024-01-30 21:00:00,Hingna,386.27,0,376.63,233.0,0.9123,0.0934,33.9,peak
2024-01-30 22:00:00,Dharampeth,290.49,0,294.04,228.97,0.9038,0.1636,31.9,peak
2024-01-30 22:00:00,Sitabuldi,381.99,0,388.77,226.25,0.8845,0.0542,32.7,peak
2024-01-30 22:00:00,Gandhibagh,324.09,0,316.57,229.85,0.9209,0.0515,30.1,peak
2024-01-30 22:00:00,Lakadganj,323.64,0,323.73,238.15,0.8651,0.1511,34.5,peak
2024-01-30 22:00:00,Sadar,326.57,0,328.76,224.77,0.8765,0.0181,35.0,peak
2024-01-30 22:00:00,Itwari,323.99,0,323.11,236.21,0.9081,0.1647,32.1,peak
2024-01-30 22:00:00,Manewada,338.58,0,331.21,222.0,0.9207,0.0693,35.6,peak
2024-01-30 22:00:00,Hingna,318.59,0,309.16,229.19,0.9557,0.098,32.4,peak
2024-01-30 23:00:00,Dharampeth,237.62,0,246.79,227.56,0.9146,0.1208,28.5,night
2024-01-30 23:00:00,Sitabuldi,201.96,0,197.39,228.65,0.9224,0.1058,32.4,night
2024-01-30 23:00:00,Gandhibagh,254.22,0,270.47,226.86,0.9156,0.1374,32.1,night
2024-01-30 23:00:00,Lakadganj,222.22,0,237.11,230.95,0.9264,0.1614,28.2,night
2024-01-30 23:00:00,Sadar,237.03,0,236.83,231.03,0.9723,0.0532,34.5,night
2024-01-30 23:00:00,Itwari,271.9,0,271.41,222.87,0.9363,0.1443,33.0,night
2024-01-30 23:00:00,Manewada,274.45,0,256.31,231.3,0.8766,0.0774,30.9,night
2024-01-30 23:00:00,Hingna,279.09,0,284.17,235.6,0.8574,0.0828,35.5,night
2024-01-31 00:00:00,Dharampeth,211.2,0,206.92,233.84,0.9188,0.0795,32.3,night
2024-01-31 00:00:00,Sitabuldi,209.93,0,213.82,225.95,0.9121,0.0155,32.0,night
2024-01-31 00:00:00,Gandhibagh,224.82,0,220.54,236.23,0.9186,0.0001,31.6,night
2024-01-31 00:00:00,Lakadganj,182.64,0,173.46,231.22,0.8663,0.0695,30.7,night
2024-01-31 00:00:00,Sadar,279.77,0,275.32,223.4,0.9243,0.0513,32.1,night
2024-01-31 00:00:00,Itwari,246.01,0,270.39,228.51,0.9288,0.0757,33.2,night
2024-01-31 00:00:00,Manewada,195.22,0,209.78,233.11,0.9771,0.1107,30.8,night
2024-01-31 00:00:00,Hingna,279.51,0,275.19,224.82,0.9268,0.1042,32.9,night
2024-01-31 01:00:00,Dharampeth,299.04,0,303.83,222.97,0.929,0.0383,33.1,night
2024-01-31 01:00:00,Sitabuldi,288.6,0,284.4,225.85,0.9538,0.1368,29.5,night
2024-01-31 01:00:00,Gandhibagh,263.79,0,258.32,228.43,0.9159,0.1042,32.4,night
2024-01-31 01:00:00,Lakadganj,237.1,0,237.51,229.38,0.9537,0.0398,29.1,night
2024-01-31 01:00:00,Sadar,233.72,0,242.56,227.38,0.8837,0.1046,31.7,night
2024-01-31 01:00:00,Itwari,156.16,0,177.54,225.04,0.9264,0.1158,33.7,night
2024-01-31 01:00:00,Manewada,252.01,0,247.0,231.15,0.9165,0.17,30.8,night
2024-01-31 01:00:00,Hingna,259.91,0,238.71,237.16,0.8955,0.0218,37.1,night
2024-01-31 02:00:00,Dharampeth,235.44,0,230.85,231.95,0.923,0.0642,33.3,night
2024-01-31 02:00:00,Sitabuldi,255.08,0,276.95,231.74,0.8927,0.1198,33.8,night
2024-01-31 02:00:00,Gandhibagh,154.91,0,170.49,228.67,0.9165,0.1115,33.6,night
2024-01-31 02:00:00,Lakadganj,187.09,0,184.77,233.86,0.9503,0.0882,29.3,night
2024-01-31 02:00:00,Sadar,259.56,0,238.74,229.09,0.8986,0.0798,33.6,night
2024-01-31 02:00:00,Itwari,264.16,0,265.73,235.04,0.9084,0.0819,32.2,night
2024-01-31 02:00:00,Manewada,259.51,0,260.83,225.92,0.9356,0.1072,31.5,night
2024-01-31 02:00:00,Hingna,224.26,0,226.95,231.57,0.8875,0.1103,32.0,night
2024-01-31 03:00:00,Dharampeth,275.74,0,261.99,226.08,0.942,0.0486,33.7,night
2024-01-31 03:00:00,Sitabuldi,234.67,0,243.98,235.62,0.8983,0.0976,29.6,night
2024-01-31 03:00:00,Gandhibagh,163.66,0,175.61,226.34,0.8545,0.1246,31.9,night
2024-01-31 03:00:00,Lakadganj,216.27,0,235.86,232.08,0.9425,0.1506,35.4,night
2024-01-31 03:00:00,Sadar,204.23,0,196.85,227.89,0.9148,0.1567,33.6,night
2024-01-31 03:00:00,Itwari,256.8,0,255.7,225.18,0.9614,0.023,30.8,night
2024-01-31 03:00:00,Manewada,258.05,0,247.71,224.24,0.9443,0.1419,29.3,night
2024-01-31 03:00:00,Hingna,244.2,0,222.01,239.76,0.9504,0.0872,31.2,night
2024-01-31 04:00:00,Dharampeth,258.1,0,261.6,225.57,0.9392,0.0676,31.8,night
2024-01-31 04:00:00,Sitabuldi,247.58,0,241.15,234.46,0.9083,0.1141,30.3,night
2024-01-31 04:00:00,Gandhibagh,280.22,0,296.45,231.01,0.9603,0.153,33.2,night
2024-01-31 04:00:00,Lakadganj,194.08,0,190.64,231.61,0.9362,0.0749,31.8,night
2024-01-31 04:00:00,Sadar,255.79,0,258.53,221.55,0.8782,0.0731,32.7,night
2024-01-31 04:00:00,Itwari,219.14,0,206.01,221.08,0.913,0.0798,32.1,night
2024-01-31 04:00:00,Manewada,267.27,0,251.52,233.08,0.898,0.1352,31.6,night
2024-01-31 04:00:00,Hingna,215.85,0,210.52,235.85,0.8581,0.0596,31.0,night
2024-01-31 05:00:00,Dharampeth,203.51,0,220.62,232.13,0.9158,0.1012,30.6,night
2024-01-31 05:00:00,Sitabuldi,237.31,0,235.15,238.85,0.9204,0.1539,35.7,night
2024-01-31 05:00:00,Gandhibagh,228.78,0,241.97,232.2,0.9642,0.1727,31.0,night
2024-01-31 05:00:00,Lakadganj,250.28,0,236.44,227.38,0.9421,0.0296,30.8,night
2024-01-31 05:00:00,Sadar,221.77,0,212.85,235.31,0.9712,0.0337,33.7,night
2024-01-31 05:00:00,Itwari,203.71,0,219.24,232.37,0.8932,0.1192,32.5,night
2024-01-31 05:00:00,Manewada,172.16,0,178.36,233.88,0.9093,0.0561,33.3,night
2024-01-31 05:00:00,Hingna,243.3,0,240.88,233.35,0.9139,0.0484,31.6,night
2024-01-31 06:00:00,Dharampeth,267.43,0,272.18,222.94,0.9215,0.0024,31.2,daytime
2024-01-31 06:00:00,Sitabuldi,276.78,0,271.53,227.45,0.9178,0.0427,34.3,daytime
2024-01-31 06:00:00,Gandhibagh,309.64,17.0,290.06,247.47,0.9087,0.0383,33.5,daytime
2024-01-31 06:00:00,Lakadganj,320.37,0,308.14,230.85,0.9359,0.0976,29.9,daytime
2024-01-31 06:00:00,Sadar,360.67,0,367.22,227.59,0.8929,0.1315,35.1,daytime
2024-01-31 06:00:00,Itwari,293.25,3.52,290.26,229.91,0.941,0.1042,31.1,daytime
2024-01-31 06:00:00,Manewada,276.25,2.09,286.67,233.12,0.8969,0.1711,33.1,daytime
2024-01-31 06:00:00,Hingna,286.11,24.88,257.34,230.93,0.9582,0.1678,32.7,daytime
2024-01-31 07:00:00,Dharampeth,296.76,66.6,225.83,226.86,0.917,0.0549,31.8,daytime
2024-01-31 07:00:00,Sitabuldi,243.29,62.9,186.64,227.65,0.9323,0.0094,32.0,daytime
2024-01-31 07:00:00,Gandhibagh,280.3,37.33,246.61,236.44,0.9572,0.0085,33.2,daytime
2024-01-31 07:00:00,Lakadganj,215.61,54.5,161.24,226.33,0.9219,0.0944,28.0,daytime
2024-01-31 07:00:00,Sadar,279.26,65.37,215.23,244.95,0.9178,0.0075,30.6,daytime
2024-01-31 07:00:00,Itwari,282.33,44.04,236.96,232.92,0.917,0.076,32.2,daytime
2024-01-31 07:00:00,Manewada,258.21,31.6,227.07,235.06,0.9143,0.0753,32.0,daytime
2024-01-31 07:00:00,Hingna,295.24,44.99,238.35,237.77,0.8665,0.3388,30.2,daytime
2024-01-31 08:00:00,Dharampeth,264.89,89.14,187.05,230.98,0.8959,0.0832,28.9,daytime
2024-01-31 08:00:00,Sitabuldi,231.84,88.88,148.92,226.6,0.9679,0.1,29.6,daytime
2024-01-31 08:00:00,Gandhibagh,281.75,95.65,180.31,223.95,0.9121,0.1154,30.4,daytime
2024-01-31 08:00:00,Lakadganj,288.8,85.85,203.91,233.87,0.8611,0.063,30.1,daytime
2024-01-31 08:00:00,Sadar,316.32,99.38,232.81,229.52,0.9484,0.0542,38.8,daytime
2024-01-31 08:00:00,Itwari,340.11,131.34,208.7,239.16,0.9177,0.0748,28.5,daytime
2024-01-31 08:00:00,Manewada,287.14,57.72,252.78,227.35,0.9266,0.5323,34.0,daytime
2024-01-31 08:00:00,Hingna,304.17,107.7,194.87,233.57,0.9237,0.0638,30.3,daytime
2024-01-31 09:00:00,Dharampeth,355.93,135.25,224.33,231.51,0.8807,0.1739,32.3,peak
2024-01-31 09:00:00,Sitabuldi,364.33,132.1,234.66,236.92,0.9293,0.0589,33.5,peak
2024-01-31 09:00:00,Gandhibagh,369.31,119.63,254.59,231.69,0.9446,0.0551,28.8,peak
2024-01-31 09:00:00,Lakadganj,354.57,115.38,243.08,231.46,0.8831,0.1072,32.0,peak
2024-01-31 09:00:00,Sadar,366.92,146.98,218.15,225.27,0.8858,0.1702,30.6,peak
2024-01-31 09:00:00,Itwari,383.7,103.74,289.64,222.57,0.8865,0.1333,34.5,peak
2024-01-31 09:00:00,Manewada,396.38,133.05,272.88,235.11,0.9143,0.14,33.2,peak
2024-01-31 09:00:00,Hingna,363.06,112.08,255.48,224.73,0.9122,0.035,28.3,peak
2024-01-31 10:00:00,Dharampeth,352.51,140.41,202.9,228.71,0.9064,0.0179,31.0,peak
2024-01-31 10:00:00,Sitabuldi,344.06,175.63,173.27,225.49,0.9084,0.0643,30.2,peak
2024-01-31 10:00:00,Gandhibagh,414.92,164.7,255.36,225.64,0.8951,0.0783,33.8,peak
2024-01-31 10:00:00,Lakadganj,379.63,177.68,203.55,233.98,0.9626,0.0035,32.3,peak
2024-01-31 10:00:00,Sadar,299.98,165.88,133.18,232.11,0.957,0.1169,31.2,peak
2024-01-31 10:00:00,Itwari,398.52,161.01,253.54,222.2,0.8581,0.1519,31.5,peak
2024-01-31 10:00:00,Manewada,334.53,159.33,162.93,224.14,0.9194,0.1653,28.6,peak
2024-01-31 10:00:00,Hingna,351.47,158.07,192.14,226.15,0.8932,0.1028,29.5,peak
2024-01-31 11:00:00,Dharampeth,390.33,165.34,227.25,223.24,0.9196,0.1438,28.2,peak
2024-01-31 11:00:00,Sitabuldi,290.68,153.23,141.43,230.78,0.8974,0.0918,30.3,peak
2024-01-31 11:00:00,Gandhibagh,321.28,173.71,148.91,234.28,0.8789,0.0646,36.6,peak
2024-01-31 11:00:00,Lakadganj,369.27,178.66,192.31,231.7,0.963,0.0542,32.8,peak
2024-01-31 11:00:00,Sadar,311.81,177.12,132.96,220.96,0.9491,0.0822,28.5,peak
2024-01-31 11:00:00,Itwari,403.07,180.87,225.06,219.1,0.9697,0.4268,30.9,peak
2024-01-31 11:00:00,Manewada,374.92,170.86,223.15,228.71,0.9019,0.0415,31.5,peak
2024-01-31 11:00:00,Hingna,378.79,172.54,214.0,228.32,0.9284,0.0942,32.1,peak
2024-01-31 12:00:00,Dharampeth,341.97,186.09,145.86,229.98,0.9836,0.0649,32.9,peak
2024-01-31 12:00:00,Sitabuldi,392.5,183.01,212.68,225.89,0.9405,0.0374,33.0,peak
2024-01-31 12:00:00,Gandhibagh,397.47,166.87,227.41,234.59,0.9668,0.0682,31.8,peak
2024-01-31 12:00:00,Lakadganj,320.78,164.63,160.3,226.57,0.9337,0.0602,28.6,peak
2024-01-31 12:00:00,Sadar,306.84,175.09,142.13,241.25,0.9213,0.0782,32.9,peak
2024-01-31 12:00:00,Itwari,326.64,184.64,153.89,235.83,0.9442,0.0785,31.7,peak
2024-01-31 12:00:00,Manewada,377.49,194.66,199.38,228.99,0.9821,0.0672,33.5,peak
2024-01-31 12:00:00,Hingna,346.74,151.61,197.08,233.04,0.8972,0.073,34.0,peak
2024-01-31 13:00:00,Dharampeth,310.24,156.38,169.58,233.28,0.9446,0.1057,31.2,daytime
2024-01-31 13:00:00,Sitabuldi,280.18,166.69,107.15,226.79,0.9025,0.1445,32.8,daytime
2024-01-31 13:00:00,Gandhibagh,248.13,181.03,64.19,226.21,0.8939,0.0149,29.5,daytime
2024-01-31 13:00:00,Lakadganj,254.61,180.09,72.54,225.86,0.9459,0.0795,30.5,daytime
2024-01-31 13:00:00,Sadar,272.44,184.22,67.16,238.23,0.9052,0.037,30.4,daytime
2024-01-31 13:00:00,Itwari,297.03,183.72,122.91,237.27,0.9368,0.0007,30.5,daytime
2024-01-31 13:00:00,Manewada,257.47,167.31,94.29,228.93,0.8972,0.0347,33.6,daytime
2024-01-31 13:00:00,Hingna,326.54,174.24,155.1,230.64,0.906,0.0683,33.1,daytime
2024-01-31 14:00:00,Dharampeth,244.61,168.68,68.36,226.69,0.8962,0.1326,30.7,daytime
2024-01-31 14:00:00,Sitabuldi,294.03,170.91,114.59,229.66,0.8677,0.0221,32.0,daytime
2024-01-31 14:00:00,Gandhibagh,274.69,148.95,124.4,230.17,0.9078,0.1303,32.4,daytime
2024-01-31 14:00:00,Lakadganj,259.53,166.73,87.84,227.19,0.9314,0.1161,32.1,daytime
2024-01-31 14:00:00,Sadar,339.47,158.12,168.7,235.55,0.9304,0.1536,34.6,daytime
2024-01-31 14:00:00,Itwari,251.64,150.58,95.01,236.9,0.8669,0.1221,31.5,daytime
2024-01-31 14:00:00,Manewada,340.74,147.78,187.09,233.63,0.9324,0.0513,29.4,daytime
2024-01-31 14:00:00,Hingna,198.4,167.22,33.48,229.52,0.9281,0.0929,34.1,daytime
2024-01-31 15:00:00,Dharampeth,265.85,91.35,172.65,229.47,0.9447,0.0772,28.9,daytime
2024-01-31 15:00:00,Sitabuldi,243.86,130.99,115.53,232.38,0.9546,0.0835,30.8,daytime
2024-01-31 15:00:00,Gandhibagh,313.19,105.78,208.71,232.38,0.9099,0.1373,35.0,daytime
2024-01-31 15:00:00,Lakadganj,283.38,141.39,104.26,233.42,0.9033,0.1686,32.1,daytime
2024-01-31 15:00:00,Sadar,338.89,132.95,209.99,234.15,0.9354,0.069,32.5,daytime
2024-01-31 15:00:00,Itwari,289.31,111.75,196.86,232.45,0.9633,0.0186,33.0,daytime
2024-01-31 15:00:00,Manewada,270.12,133.64,139.3,237.64,0.9239,0.0784,30.4,daytime
2024-01-31 15:00:00,Hingna,302.63,120.29,186.81,227.72,0.8951,0.1425,32.8,daytime
2024-01-31 16:00:00,Dharampeth,270.06,105.39,162.81,228.6,0.9275,0.1537,35.3,daytime
2024-01-31 16:00:00,Sitabuldi,276.13,114.97,167.45,236.33,0.8942,0.1166,31.5,daytime
2024-01-31 16:00:00,Gandhibagh,328.51,90.74,229.15,232.72,0.9077,0.1426,35.2,daytime
2024-01-31 16:00:00,Lakadganj,223.66,97.19,116.42,229.17,0.8705,0.0772,30.6,daytime
2024-01-31 16:00:00,Sadar,323.42,81.74,235.69,234.98,0.9492,0.024,29.7,daytime
2024-01-31 16:00:00,Itwari,302.33,92.0,198.3,232.91,0.9128,0.1162,35.4,daytime
2024-01-31 16:00:00,Manewada,318.9,78.54,234.32,229.44,0.9026,0.1212,31.0,daytime
2024-01-31 16:00:00,Hingna,233.44,66.25,161.97,230.24,0.8347,0.0156,32.6,daytime
2024-01-31 17:00:00,Dharampeth,257.63,49.52,206.99,239.68,0.9358,0.1346,33.1,daytime
2024-01-31 17:00:00,Sitabuldi,239.96,33.51,181.14,226.66,0.9276,0.0367,33.5,daytime
2024-01-31 17:00:00,Gandhibagh,230.34,36.51,184.06,228.58,0.9408,0.1121,31.1,daytime
2024-01-31 17:00:00,Lakadganj,300.97,53.82,242.51,228.4,0.9111,0.1218,32.5,daytime
2024-01-31 17:00:00,Sadar,327.82,42.64,280.22,235.35,0.8914,0.0571,30.5,daytime
2024-01-31 17:00:00,Itwari,221.69,73.06,153.08,231.75,0.9284,0.0703,33.8,daytime
2024-01-31 17:00:00,Manewada,272.84,51.64,219.04,226.72,0.9081,0.0154,30.7,daytime
2024-01-31 17:00:00,Hingna,331.13,38.0,292.91,227.95,0.9446,0.0034,31.1,daytime
2024-01-31 18:00:00,Dharampeth,341.03,0,336.76,229.02,0.9768,0.0082,30.2,peak
2024-01-31 18:00:00,Sitabuldi,316.43,0,326.97,225.78,0.8966,0.0743,31.9,peak
2024-01-31 18:00:00,Gandhibagh,280.37,12.48,265.55,229.18,0.9362,0.7326,33.0,peak
2024-01-31 18:00:00,Lakadganj,344.9,27.95,339.09,232.31,0.9338,0.0833,31.4,peak
2024-01-31 18:00:00,Sadar,335.04,2.78,342.34,229.2,0.9171,0.0998,28.7,peak
2024-01-31 18:00:00,Itwari,344.26,0,335.83,227.68,0.9047,0.1266,33.6,peak
2024-01-31 18:00:00,Manewada,292.84,0,308.03,232.3,0.9125,0.1175,30.2,peak
2024-01-31 18:00:00,Hingna,357.79,15.24,356.29,224.28,0.8991,0.0455,36.2,peak
2024-01-31 19:00:00,Dharampeth,291.96,0,293.08,228.98,0.9339,0.1309,32.7,peak
2024-01-31 19:00:00,Sitabuldi,247.57,0,246.85,228.3,0.8735,0.0899,32.6,peak
2024-01-31 19:00:00,Gandhibagh,304.29,0,299.48,226.18,0.8909,0.1228,32.2,peak
2024-01-31 19:00:00,Lakadganj,339.22,0,334.45,234.98,0.9033,0.0867,34.9,peak
2024-01-31 19:00:00,Sadar,329.58,0,315.0,226.95,0.9319,0.1582,33.1,peak
2024-01-31 19:00:00,Itwari,323.92,0,333.5,225.12,0.9562,0.1337,32.5,peak
2024-01-31 19:00:00,Manewada,372.56,0,379.76,236.65,0.8843,0.0787,31.3,peak
2024-01-31 19:00:00,Hingna,340.68,0,339.51,227.96,0.9525,0.0499,29.7,peak
2024-01-31 20:00:00,Dharampeth,293.08,0,286.28,231.35,0.8995,0.0442,31.9,peak
2024-01-31 20:00:00,Sitabuldi,344.69,0,348.85,226.11,0.9422,0.0925,34.6,peak
2024-01-31 20:00:00,Gandhibagh,298.56,0,322.8,222.71,0.9608,0.0453,32.2,peak
2024-01-31 20:00:00,Lakadganj,325.86,0,329.75,220.36,0.9389,0.1371,33.6,peak
2024-01-31 20:00:00,Sadar,352.62,0,348.46,234.57,0.9376,0.6223,34.3,peak
2024-01-31 20:00:00,Itwari,271.76,0,276.92,235.7,0.9172,0.1,33.1,peak
2024-01-31 20:00:00,Manewada,349.83,0,351.32,232.89,0.9337,0.0851,32.8,peak
2024-01-31 20:00:00,Hingna,225.09,0,227.83,229.15,0.9166,0.0105,36.2,peak
2024-01-31 21:00:00,Dharampeth,305.59,0,298.83,226.56,0.9531,0.1181,35.2,peak
2024-01-31 21:00:00,Sitabuldi,359.01,0,351.22,245.42,0.9151,0.1,31.0,peak
2024-01-31 21:00:00,Gandhibagh,312.56,0,307.7,238.38,0.9105,0.1638,31.0,peak
2024-01-31 21:00:00,Lakadganj,310.89,0,302.59,233.03,0.8455,0.1459,33.5,peak
2024-01-31 21:00:00,Sadar,320.91,0,314.28,232.61,0.9557,0.0468,30.4,peak
2024-01-31 21:00:00,Itwari,282.65,0,264.84,222.19,0.8869,0.159,32.8,peak
2024-01-31 21:00:00,Manewada,334.16,0,337.36,230.56,0.9127,0.1291,35.1,peak
2024-01-31 21:00:00,Hingna,333.77,0,328.85,235.64,0.9233,0.0533,31.5,peak
2024-01-31 22:00:00,Dharampeth,330.38,0,319.46,226.86,0.8932,0.0219,30.1,peak
2024-01-31 22:00:00,Sitabuldi,295.01,0,306.61,226.3,0.9311,0.1638,32.7,peak
2024-01-31 22:00:00,Gandhibagh,355.64,0,368.42,234.16,0.9501,0.0892,32.4,peak
2024-01-31 22:00:00,Lakadganj,327.69,0,310.47,232.78,0.8923,0.0748,33.2,peak
2024-01-31 22:00:00,Sadar,344.01,0,331.87,231.85,0.9508,0.0905,30.6,peak
2024-01-31 22:00:00,Itwari,360.0,0,365.97,229.2,0.8802,0.165,31.2,peak
2024-01-31 22:00:00,Manewada,312.95,0,312.9,230.21,0.8925,0.0429,30.9,peak
2024-01-31 22:00:00,Hingna,280.91,0,290.85,227.32,0.935,0.1043,31.7,peak
2024-01-31 23:00:00,Dharampeth,251.97,0,277.45,237.71,0.8965,0.1759,34.3,night
2024-01-31 23:00:00,Sitabuldi,211.11,0,225.96,227.11,0.9655,0.0876,32.1,night
2024-01-31 23:00:00,Gandhibagh,269.05,0,266.18,219.5,0.9194,0.1512,28.9,night
2024-01-31 23:00:00,Lakadganj,297.73,0,300.9,233.74,0.9544,0.091,29.6,night
2024-01-31 23:00:00,Sadar,238.55,0,243.36,233.89,0.9033,0.1618,34.9,night
2024-01-31 23:00:00,Itwari,282.37,0,284.9,230.4,0.921,0.0631,32.4,night
2024-01-31 23:00:00,Manewada,247.34,0,273.35,223.56,0.9286,0.0501,32.1,night
2024-01-31 23:00:00,Hingna,236.75,0,233.36,228.42,0.9248,0.1736,29.8,night
2024-02-01 00:00:00,Dharampeth,263.15,0,267.4,232.07,0.9211,0.1615,31.2,night
2024-02-01 00:00:00,Sitabuldi,214.16,0,189.59,230.15,0.8627,0.1156,31.0,night
2024-02-01 00:00:00,Gandhibagh,225.54,0,228.0,236.22,0.903,0.0244,30.3,night
2024-02-01 00:00:00,Lakadganj,247.42,0,240.03,230.94,0.9126,0.0432,37.3,night
2024-02-01 00:00:00,Sadar,281.55,0,278.81,233.1,0.9471,0.0217,28.4,night
2024-02-01 00:00:00,Itwari,279.08,0,290.79,232.71,0.9589,0.1286,28.8,night
2024-02-01 00:00:00,Manewada,287.82,0,294.0,224.44,0.8552,0.1467,31.3,night
2024-02-01 00:00:00,Hingna,256.57,0,262.91,231.6,0.9656,0.1173,31.0,night
2024-02-01 01:00:00,Dharampeth,290.43,0,288.02,229.78,0.9191,0.137,34.1,night
2024-02-01 01:00:00,Sitabuldi,235.79,0,218.08,230.83,0.9259,0.0271,34.0,night
2024-02-01 01:00:00,Gandhibagh,261.77,0,264.59,228.15,0.9209,0.1765,35.6,night
2024-02-01 01:00:00,Lakadganj,296.21,0,278.41,225.13,0.9959,0.0062,28.2,night
2024-02-01 01:00:00,Sadar,184.0,0,177.45,235.0,0.9264,0.084,29.6,night
2024-02-01 01:00:00,Itwari,223.69,0,242.36,228.93,0.8884,0.1426,31.9,night
2024-02-01 01:00:00,Manewada,278.6,0,274.38,229.83,0.8757,0.0389,31.7,night
2024-02-01 01:00:00,Hingna,264.09,0,260.05,227.44,0.9526,0.1592,29.6,night
2024-02-01 02:00:00,Dharampeth,203.58,0,213.85,237.25,0.9234,0.0514,32.6,night
2024-02-01 02:00:00,Sitabuldi,202.24,0,215.47,239.97,0.9223,0.1118,31.0,night
2024-02-01 02:00:00,Gandhibagh,217.38,0,197.61,231.27,0.8677,0.1556,32.3,night
2024-02-01 02:00:00,Lakadganj,170.01,0,156.22,225.05,0.8997,0.1566,28.5,night
2024-02-01 02:00:00,Sadar,210.32,0,214.37,224.72,0.9099,0.1559,30.0,night
2024-02-01 02:00:00,Itwari,236.65,0,230.0,238.14,0.9248,0.0618,33.0,night
2024-02-01 02:00:00,Manewada,175.69,0,154.81,232.28,0.904,0.0401,29.5,night
2024-02-01 02:00:00,Hingna,271.52,0,276.29,227.4,0.9017,0.1478,33.9,night
2024-02-01 03:00:00,Dharampeth,213.41,0,223.44,234.74,0.9647,0.0474,31.0,night
2024-02-01 03:00:00,Sitabuldi,270.48,0,262.34,223.33,0.8419,0.122,33.9,night
2024-02-01 03:00:00,Gandhibagh,169.02,0,168.47,226.59,0.922,0.1654,31.9,night
2024-02-01 03:00:00,Lakadganj,238.55,0,230.51,222.14,0.8978,0.1195,34.3,night
2024-02-01 03:00:00,Sadar,278.71,0,275.57,226.87,0.883,0.1413,31.1,night
2024-02-01 03:00:00,Itwari,263.95,0,272.42,225.18,0.9615,0.15,32.4,night
2024-02-01 03:00:00,Manewada,256.11,0,260.02,231.88,0.8984,0.1282,34.1,night
2024-02-01 03:00:00,Hingna,216.1,0,220.51,226.86,0.9418,0.0753,35.6,night
2024-02-01 04:00:00,Dharampeth,231.56,0,232.29,228.05,0.9198,0.0602,35.3,night
2024-02-01 04:00:00,Sitabuldi,173.09,0,178.21,230.59,0.9602,0.032,28.5,night
2024-02-01 04:00:00,Gandhibagh,251.42,0,251.19,231.54,0.9034,0.1468,32.3,night
2024-02-01 04:00:00,Lakadganj,254.2,0,260.2,233.48,0.947,0.1793,29.6,night
2024-02-01 04:00:00,Sadar,244.48,0,248.91,230.67,0.9276,0.1608,33.8,night
2024-02-01 04:00:00,Itwari,181.23,0,193.81,229.8,1.0,0.1071,31.7,night
2024-02-01 04:00:00,Manewada,188.96,0,184.99,224.7,0.9492,0.1411,33.2,night
2024-02-01 04:00:00,Hingna,150.2,0,146.57,228.35,0.9414,0.0545,33.3,night
2024-02-01 05:00:00,Dharampeth,255.5,0,240.54,225.59,0.9243,0.1243,33.1,night
2024-02-01 05:00:00,Sitabuldi,208.33,0,235.29,233.31,0.9105,0.0614,34.1,night
2024-02-01 05:00:00,Gandhibagh,250.46,0,236.37,233.35,0.924,0.0284,30.4,night
2024-02-01 05:00:00,Lakadganj,213.77,0,197.97,236.8,0.8895,0.175,32.0,night
2024-02-01 05:00:00,Sadar,256.49,0,276.57,241.44,0.9273,0.0029,30.9,night
2024-02-01 05:00:00,Itwari,216.13,0,207.56,229.87,0.8774,0.0792,30.1,night
2024-02-01 05:00:00,Manewada,274.5,0,279.95,224.46,0.918,0.0377,31.5,night
2024-02-01 05:00:00,Hingna,225.38,0,218.24,229.49,0.9596,0.0671,30.1,night
2024-02-01 06:00:00,Dharampeth,319.29,0,321.86,236.55,0.9242,0.0565,33.4,daytime
2024-02-01 06:00:00,Sitabuldi,270.07,0,275.52,230.6,0.8716,0.0545,33.2,daytime
2024-02-01 06:00:00,Gandhibagh,238.57,0,231.94,227.13,0.9392,0.0419,32.5,daytime
2024-02-01 06:00:00,Lakadganj,313.63,19.62,291.63,220.63,0.8843,0.1339,33.9,daytime
2024-02-01 06:00:00,Sadar,301.68,0.61,291.46,225.45,0.9137,0.0588,30.1,daytime
2024-02-01 06:00:00,Itwari,286.97,9.64,275.87,230.43,0.9084,0.1431,33.1,daytime
2024-02-01 06:00:00,Manewada,236.45,0,260.5,229.15,0.955,0.0439,30.9,daytime
2024-02-01 06:00:00,Hingna,235.77,0,236.14,221.26,0.9041,0.0937,27.0,daytime
2024-02-01 07:00:00,Dharampeth,221.56,38.32,177.9,240.71,0.8792,0.0762,33.4,daytime
2024-02-01 07:00:00,Sitabuldi,357.98,37.18,323.28,223.66,0.9178,0.0383,30.9,daytime
2024-02-01 07:00:00,Gandhibagh,225.25,46.86,174.86,229.43,0.9184,0.1176,31.5,daytime
2024-02-01 07:00:00,Lakadganj,301.72,23.35,282.05,237.24,0.9108,0.0779,32.8,daytime
2024-02-01 07:00:00,Sadar,282.19,86.22,208.17,229.35,0.9275,0.0551,35.3,daytime
2024-02-01 07:00:00,Itwari,248.66,59.97,194.38,230.33,0.9204,0.0028,31.0,daytime
2024-02-01 07:00:00,Manewada,283.93,12.64,277.5,225.59,0.9263,0.0902,32.7,daytime
2024-02-01 07:00:00,Hingna,301.42,48.21,247.52,240.59,0.9346,0.0876,34.2,daytime
2024-02-01 08:00:00,Dharampeth,342.85,95.24,251.05,224.4,0.9151,0.0054,30.8,daytime
2024-02-01 08:00:00,Sitabuldi,275.47,102.25,179.73,230.67,0.9102,0.1356,35.1,daytime
2024-02-01 08:00:00,Gandhibagh,285.69,70.67,206.9,224.26,0.9081,0.0971,32.3,daytime
2024-02-01 08:00:00,Lakadganj,343.75,102.11,242.01,226.78,0.916,0.1614,32.3,daytime
2024-02-01 08:00:00,Sadar,287.63,85.42,189.69,235.52,0.9744,0.1114,35.4,daytime
2024-02-01 08:00:00,Itwari,285.18,94.22,198.13,233.32,0.9561,0.0602,31.6,daytime
2024-02-01 08:00:00,Manewada,297.11,97.98,185.1,233.17,0.9229,0.1331,31.2,daytime
2024-02-01 08:00:00,Hingna,253.0,84.49,154.45,231.08,0.9725,0.1174,33.7,daytime
2024-02-01 09:00:00,Dharampeth,397.79,122.8,279.76,221.86,0.898,0.0366,33.8,peak
2024-02-01 09:00:00,Sitabuldi,381.85,134.06,256.04,232.99,0.9093,0.0336,28.7,peak
2024-02-01 09:00:00,Gandhibagh,393.21,144.81,243.69,229.02,0.938,0.0639,31.9,peak
2024-02-01 09:00:00,Lakadganj,372.74,145.66,221.26,234.51,0.8866,0.0525,34.3,peak
2024-02-01 09:00:00,Sadar,377.4,153.06,220.21,226.74,0.9391,0.1198,34.7,peak
2024-02-01 09:00:00,Itwari,264.37,128.13,141.77,216.06,0.9508,0.7683,31.2,peak
2024-02-01 09:00:00,Manewada,365.14,120.44,237.9,223.63,0.8786,0.1665,33.2,peak
2024-02-01 09:00:00,Hingna,371.29,154.76,203.66,222.69,0.9249,0.0813,31.8,peak
2024-02-01 10:00:00,Dharampeth,404.98,132.71,263.94,233.71,0.9397,0.1613,30.3,peak
2024-02-01 10:00:00,Sitabuldi,366.95,163.36,213.84,232.9,0.9391,0.015,32.6,peak
2024-02-01 10:00:00,Gandhibagh,366.42,136.58,229.53,224.87,0.9366,0.1044,32.0,peak
2024-02-01 10:00:00,Lakadganj,370.21,161.41,216.43,230.47,0.9877,0.0458,33.2,peak
2024-02-01 10:00:00,Sadar,403.02,128.7,259.03,237.48,0.9519,0.151,32.7,peak
2024-02-01 10:00:00,Itwari,389.71,175.47,217.82,230.34,0.921,0.177,34.5,peak
2024-02-01 10:00:00,Manewada,313.98,152.49,165.05,229.99,0.848,0.1494,33.1,peak
2024-02-01 10:00:00,Hingna,313.22,147.33,157.75,230.79,0.9001,0.1252,37.0,peak
2024-02-01 11:00:00,Dharampeth,290.68,185.01,106.86,230.23,0.9134,0.0174,30.7,peak
2024-02-01 11:00:00,Sitabuldi,371.36,197.98,159.39,224.67,0.9278,0.1093,29.2,peak
2024-02-01 11:00:00,Gandhibagh,325.2,175.0,144.4,231.68,0.9183,0.0014,29.9,peak
2024-02-01 11:00:00,Lakadganj,335.91,181.04,144.64,228.83,0.9153,0.6958,30.5,peak
2024-02-01 11:00:00,Sadar,431.36,173.08,273.9,229.96,0.9342,0.0244,31.0,peak
2024-02-01 11:00:00,Itwari,385.09,168.4,232.33,231.28,0.9551,0.1044,32.0,peak
2024-02-01 11:00:00,Manewada,275.35,179.41,87.76,229.2,0.9557,0.1778,29.4,peak
2024-02-01 11:00:00,Hingna,278.41,164.52,118.15,229.81,0.9077,0.1194,33.4,peak
2024-02-01 12:00:00,Dharampeth,363.81,157.38,200.38,226.96,0.9152,0.1699,27.6,peak
2024-02-01 12:00:00,Sitabuldi,351.22,198.5,149.25,227.31,0.9536,0.1229,33.5,peak
2024-02-01 12:00:00,Gandhibagh,353.2,173.2,184.88,224.45,0.9344,0.0106,33.3,peak
2024-02-01 12:00:00,Lakadganj,366.61,169.64,192.4,233.21,0.9282,0.0718,32.3,peak
2024-02-01 12:00:00,Sadar,375.78,176.34,197.27,232.09,0.9115,0.009,29.3,peak
2024-02-01 12:00:00,Itwari,361.31,211.74,157.5,222.99,0.931,0.1611,33.9,peak
2024-02-01 12:00:00,Manewada,327.78,169.51,161.25,232.28,0.8924,0.0883,32.1,peak
2024-02-01 12:00:00,Hingna,344.67,135.29,218.16,224.15,0.9099,0.1764,34.7,peak
2024-02-01 13:00:00,Dharampeth,271.94,191.22,78.42,233.06,0.9283,0.0238,30.5,daytime
2024-02-01 13:00:00,Sitabuldi,246.61,200.29,57.34,227.38,0.9595,0.0392,33.3,daytime
2024-02-01 13:00:00,Gandhibagh,251.65,201.95,57.04,225.6,0.9543,0.1506,29.6,daytime
2024-02-01 13:00:00,Lakadganj,264.15,173.8,85.9,228.92,0.8916,0.1156,36.0,daytime
2024-02-01 13:00:00,Sadar,266.28,141.11,114.82,225.07,0.9636,0.0165,32.9,daytime
2024-02-01 13:00:00,Itwari,274.1,172.51,104.47,221.6,0.9168,0.0588,32.9,daytime
2024-02-01 13:00:00,Manewada,283.01,194.26,92.24,232.86,0.8849,0.0469,30.1,daytime
2024-02-01 13:00:00,Hingna,235.86,185.1,44.41,222.59,0.8997,0.1292,30.6,daytime
2024-02-01 14:00:00,Dharampeth,298.34,140.81,139.4,228.55,0.9091,0.7501,31.2,daytime
2024-02-01 14:00:00,Sitabuldi,339.12,142.99,190.7,234.04,0.9091,0.1339,31.9,daytime
2024-02-01 14:00:00,Gandhibagh,217.78,172.81,52.65,227.19,0.9166,0.1531,32.6,daytime
2024-02-01 14:00:00,Lakadganj,268.87,156.3,111.28,230.02,0.9096,0.131,33.5,daytime
2024-02-01 14:00:00,Sadar,288.13,178.45,105.14,225.65,0.9097,0.0984,32.2,daytime
2024-02-01 14:00:00,Itwari,326.46,153.48,176.85,234.64,0.8966,0.1402,31.9,daytime
2024-02-01 14:00:00,Manewada,315.76,139.87,177.31,227.66,0.9477,0.1783,30.9,daytime
2024-02-01 14:00:00,Hingna,270.67,146.12,132.91,229.1,0.9258,0.0073,31.5,daytime
2024-02-01 15:00:00,Dharampeth,260.09,105.5,152.18,238.92,0.9268,0.1546,34.3,daytime
2024-02-01 15:00:00,Sitabuldi,251.48,107.58,140.14,229.65,0.8709,0.0426,31.4,daytime
2024-02-01 15:00:00,Gandhibagh,262.27,122.25,145.06,231.95,0.9228,0.1383,36.0,daytime
2024-02-01 15:00:00,Lakadganj,267.88,113.39,161.71,228.67,0.848,0.1432,32.8,daytime
2024-02-01 15:00:00,Sadar,330.06,127.37,189.81,238.86,0.935,0.1259,32.1,daytime
2024-02-01 15:00:00,Itwari,233.92,117.05,108.64,222.97,0.9357,0.1647,33.1,daytime
2024-02-01 15:00:00,Manewada,281.2,121.25,156.56,239.29,0.9065,0.0609,32.5,daytime
2024-02-01 15:00:00,Hingna,310.56,85.5,234.99,225.13,0.9617,0.0678,34.0,daytime
2024-02-01 16:00:00,Dharampeth,270.24,81.1,204.98,231.69,0.8784,0.0174,29.8,daytime
2024-02-01 16:00:00,Sitabuldi,237.29,69.73,184.28,233.21,0.969,0.0086,33.4,daytime
2024-02-01 16:00:00,Gandhibagh,318.09,79.6,226.63,229.95,0.9164,0.1354,30.5,daytime
2024-02-01 16:00:00,Lakadganj,271.46,89.82,182.85,232.74,0.8747,0.0961,29.5,daytime
2024-02-01 16:00:00,Sadar,284.4,60.28,207.24,234.61,0.9381,0.093,28.6,daytime
2024-02-01 16:00:00,Itwari,285.88,100.24,204.94,226.24,0.8783,0.1584,32.9,daytime
2024-02-01 16:00:00,Manewada,326.58,83.26,247.04,230.79,0.9426,0.0918,34.0,daytime
2024-02-01 16:00:00,Hingna,322.24,69.13,250.74,223.92,0.9002,0.1709,30.6,daytime
2024-02-01 17:00:00,Dharampeth,303.72,48.78,268.08,230.49,0.9483,0.1666,31.9,daytime
2024-02-01 17:00:00,Sitabuldi,250.95,15.89,224.98,230.28,0.9328,0.0408,29.1,daytime
2024-02-01 17:00:00,Gandhibagh,284.62,44.94,244.54,234.34,0.9035,0.0056,31.7,daytime
2024-02-01 17:00:00,Lakadganj,261.36,32.33,235.8,229.51,0.955,0.013,31.4,daytime
2024-02-01 17:00:00,Sadar,216.8,42.63,170.95,229.24,0.9309,0.1449,30.9,daytime
2024-02-01 17:00:00,Itwari,283.17,37.75,260.98,232.01,0.8897,0.1711,30.3,daytime
2024-02-01 17:00:00,Manewada,305.57,53.81,247.97,231.81,0.9174,0.0987,33.9,daytime
2024-02-01 17:00:00,Hingna,269.5,47.08,217.52,235.45,0.9264,0.0095,33.8,daytime
2024-02-01 18:00:00,Dharampeth,406.27,3.14,407.54,228.42,0.9247,0.0535,32.1,peak
2024-02-01 18:00:00,Sitabuldi,401.42,6.47,393.27,228.5,0.898,0.0156,32.1,peak
2024-02-01 18:00:00,Gandhibagh,323.18,0,322.47,240.89,0.8692,0.0677,34.7,peak
2024-02-01 18:00:00,Lakadganj,384.53,0,362.87,231.4,0.9613,0.1393,30.7,peak
2024-02-01 18:00:00,Sadar,414.27,13.54,393.64,231.08,0.9439,0.1746,35.3,peak
2024-02-01 18:00:00,Itwari,351.06,6.32,344.62,232.69,0.9208,0.0385,32.6,peak
2024-02-01 18:00:00,Manewada,336.59,0,327.84,245.36,0.9628,0.1431,33.6,peak
2024-02-01 18:00:00,Hingna,390.42,0,396.66,231.72,0.9103,0.1437,35.1,peak
2024-02-01 19:00:00,Dharampeth,294.41,0,295.5,230.54,0.9224,0.0355,28.9,peak
2024-02-01 19:00:00,Sitabuldi,373.93,0,353.93,227.74,0.9276,0.1791,33.1,peak
2024-02-01 19:00:00,Gandhibagh,344.13,0,333.3,234.2,0.901,0.1187,35.1,peak
2024-02-01 19:00:00,Lakadganj,346.32,0,347.83,229.95,0.9452,0.0827,34.5,peak
2024-02-01 19:00:00,Sadar,276.23,0,299.8,220.75,0.9238,0.1149,30.4,peak
2024-02-01 19:00:00,Itwari,352.95,0,347.14,226.02,0.9145,0.1551,31.6,peak
2024-02-01 19:00:00,Manewada,339.98,0,327.32,236.18,0.914,0.1034,31.7,peak
2024-02-01 19:00:00,Hingna,290.03,0,287.17,227.52,0.9387,0.0076,31.7,peak
2024-02-01 20:00:00,Dharampeth,310.38,0,317.82,236.15,0.9194,0.0086,33.7,peak
2024-02-01 20:00:00,Sitabuldi,294.42,0,301.62,237.05,0.9456,0.1137,32.7,peak
2024-02-01 20:00:00,Gandhibagh,298.66,0,298.92,238.1,0.9222,0.0094,31.3,peak
2024-02-01 20:00:00,Lakadganj,309.67,0,305.0,233.32,0.8617,0.1361,32.5,peak
2024-02-01 20:00:00,Sadar,278.03,0,281.64,232.1,0.9455,0.1041,35.9,peak
2024-02-01 20:00:00,Itwari,328.82,0,331.96,221.08,0.977,0.1267,31.5,peak
2024-02-01 20:00:00,Manewada,324.05,0,324.37,219.81,0.9296,0.1146,31.6,peak
2024-02-01 20:00:00,Hingna,314.02,0,313.36,219.51,0.8853,0.0849,29.8,peak
2024-02-01 21:00:00,Dharampeth,272.59,0,273.61,232.38,0.9122,0.0121,30.6,peak
2024-02-01 21:00:00,Sitabuldi,310.09,0,302.08,234.74,0.9241,0.0427,34.8,peak
2024-02-01 21:00:00,Gandhibagh,270.95,0,266.55,227.06,0.9105,0.0862,33.6,peak
2024-02-01 21:00:00,Lakadganj,288.01,0,307.1,227.62,0.9089,0.0543,30.3,peak
2024-02-01 21:00:00,Sadar,329.53,0,312.63,231.48,0.944,0.0379,32.2,peak
2024-02-01 21:00:00,Itwari,257.24,0,252.67,221.05,0.9589,0.1526,31.9,peak
2024-02-01 21:00:00,Manewada,320.68,0,324.36,225.73,0.8706,0.1404,31.6,peak
2024-02-01 21:00:00,Hingna,279.64,0,279.56,236.7,0.9151,0.0519,33.8,peak
2024-02-01 22:00:00,Dharampeth,308.58,0,314.34,229.28,0.9148,0.0302,34.3,peak
2024-02-01 22:00:00,Sitabuldi,340.92,0,325.93,226.22,0.9491,0.0049,33.6,peak
2024-02-01 22:00:00,Gandhibagh,333.64,0,340.0,238.66,0.9023,0.0469,32.4,peak
2024-02-01 22:00:00,Lakadganj,293.05,0,303.9,233.51,0.8381,0.0986,30.3,peak
2024-02-01 22:00:00,Sadar,370.49,0,374.64,222.63,0.9169,0.1784,32.8,peak
2024-02-01 22:00:00,Itwari,269.44,0,257.99,223.51,0.9238,0.03,31.0,peak
2024-02-01 22:00:00,Manewada,359.54,0,365.56,229.06,0.908,0.0117,32.7,peak
2024-02-01 22:00:00,Hingna,329.2,0,326.21,223.14,0.9425,0.0155,32.7,peak
2024-02-01 23:00:00,Dharampeth,223.02,0,204.28,227.58,0.9088,0.1019,29.6,night
2024-02-01 23:00:00,Sitabuldi,227.35,0,235.41,232.35,0.906,0.0356,31.8,night
2024-02-01 23:00:00,Gandhibagh,227.4,0,220.27,229.28,0.9205,0.1783,35.0,night
2024-02-01 23:00:00,Lakadganj,179.65,0,170.45,229.61,0.898,0.1667,29.9,night
2024-02-01 23:00:00,Sadar,231.5,0,241.84,232.61,0.9018,0.055,33.1,night
2024-02-01 23:00:00,Itwari,243.7,0,258.15,235.28,0.9375,0.1438,32.4,night
2024-02-01 23:00:00,Manewada,223.08,0,206.69,232.48,0.9309,0.0823,34.5,night
2024-02-01 23:00:00,Hingna,275.93,0,288.22,240.57,0.9496,0.0051,36.5,night
2024-02-02 00:00:00,Dharampeth,265.54,0,282.49,236.56,0.8845,0.0241,29.6,night
2024-02-02 00:00:00,Sitabuldi,265.17,0,262.43,232.18,0.8697,0.0008,32.2,night
2024-02-02 00:00:00,Gandhibagh,253.84,0,250.15,219.69,0.9297,0.1521,34.6,night
2024-02-02 00:00:00,Lakadganj,203.76,0,202.98,232.09,0.8971,0.0057,32.6,night
2024-02-02 00:00:00,Sadar,205.75,0,198.54,241.29,0.9005,0.1479,32.9,night
2024-02-02 00:00:00,Itwari,283.0,0,280.1,229.89,0.9444,0.0697,30.2,night
2024-02-02 00:00:00,Manewada,260.67,0,273.49,231.82,0.9047,0.0347,29.6,night
2024-02-02 00:00:00,Hingna,235.85,0,253.34,233.37,0.8963,0.0771,30.9,night
2024-02-02 01:00:00,Dharampeth,312.48,0,311.52,224.5,0.9121,0.0786,31.0,night
2024-02-02 01:00:00,Sitabuldi,258.4,0,262.94,231.05,0.9041,0.1338,30.6,night
2024-02-02 01:00:00,Gandhibagh,290.83,0,299.78,221.38,0.9536,0.128,31.3,night
2024-02-02 01:00:00,Lakadganj,285.16,0,283.01,232.67,0.9707,0.1086,33.7,night
2024-02-02 01:00:00,Sadar,257.31,0,243.82,218.91,0.863,0.0431,33.3,night
2024-02-02 01:00:00,Itwari,284.89,0,283.37,229.81,0.8918,0.1124,32.7,night
2024-02-02 01:00:00,Manewada,247.66,0,247.58,239.22,0.8998,0.1392,30.7,night
2024-02-02 01:00:00,Hingna,175.14,0,163.56,226.87,0.8501,0.075,30.7,night
2024-02-02 02:00:00,Dharampeth,187.44,0,191.42,229.6,0.951,0.0831,32.8,night
2024-02-02 02:00:00,Sitabuldi,205.95,0,179.6,234.49,0.8747,0.016,28.1,night
2024-02-02 02:00:00,Gandhibagh,218.71,0,218.58,238.94,0.9148,0.104,29.6,night
2024-02-02 02:00:00,Lakadganj,248.2,0,246.5,226.71,0.925,0.0041,34.3,night
2024-02-02 02:00:00,Sadar,164.24,0,153.86,226.51,0.9009,0.1538,30.8,night
2024-02-02 02:00:00,Itwari,271.65,0,268.44,238.49,0.8847,0.0179,28.9,night
2024-02-02 02:00:00,Manewada,193.45,0,199.32,241.28,0.9505,0.0922,31.8,night
2024-02-02 02:00:00,Hingna,290.56,0,290.6,236.05,0.9378,0.0127,31.0,night
2024-02-02 03:00:00,Dharampeth,233.11,0,235.59,233.12,0.918,0.1783,32.6,night
2024-02-02 03:00:00,Sitabuldi,241.42,0,223.85,230.17,0.9169,0.3273,36.4,night
2024-02-02 03:00:00,Gandhibagh,224.75,0,223.46,232.16,0.8516,0.0994,34.0,night
2024-02-02 03:00:00,Lakadganj,181.32,0,169.87,243.53,0.9189,0.1714,35.3,night
2024-02-02 03:00:00,Sadar,286.95,0,269.56,235.11,0.8916,0.0583,32.6,night
2024-02-02 03:00:00,Itwari,234.28,0,241.0,232.76,0.9347,0.0892,31.8,night
2024-02-02 03:00:00,Manewada,251.4,0,242.61,236.18,0.9105,0.0472,29.8,night
2024-02-02 03:00:00,Hingna,315.36,0,308.56,233.91,0.9077,0.1161,32.4,night
2024-02-02 04:00:00,Dharampeth,200.82,0,198.05,225.93,0.9633,0.0436,30.5,night
2024-02-02 04:00:00,Sitabuldi,178.97,0,186.8,221.5,0.9456,0.1424,30.5,night
2024-02-02 04:00:00,Gandhibagh,220.86,0,233.66,230.06,0.9634,0.1251,28.8,night
2024-02-02 04:00:00,Lakadganj,227.52,0,232.54,228.17,0.962,0.0932,35.9,night
2024-02-02 04:00:00,Sadar,254.59,0,250.87,235.45,0.8719,0.7675,35.8,night
2024-02-02 04:00:00,Itwari,193.75,0,202.85,229.41,0.9122,0.1743,35.1,night
2024-02-02 04:00:00,Manewada,220.19,0,230.65,231.07,0.9031,0.3302,32.1,night
2024-02-02 04:00:00,Hingna,240.87,0,242.18,221.9,0.9373,0.0386,33.5,night
2024-02-02 05:00:00,Dharampeth,259.09,0,251.52,225.63,0.9299,0.1336,32.9,night
2024-02-02 05:00:00,Sitabuldi,180.31,0,181.46,240.59,0.9258,0.1407,31.5,night
2024-02-02 05:00:00,Gandhibagh,206.36,0,215.51,232.77,0.9057,0.1271,34.9,night
2024-02-02 05:00:00,Lakadganj,312.17,0,291.67,229.35,0.9696,0.1547,30.5,night
2024-02-02 05:00:00,Sadar,281.03,0,275.02,238.02,0.9469,0.1547,31.8,night
2024-02-02 05:00:00,Itwari,188.18,0,199.11,234.4,0.912,0.0142,30.2,night
2024-02-02 05:00:00,Manewada,246.78,0,235.04,225.1,0.9203,0.1486,31.6,night
2024-02-02 05:00:00,Hingna,279.35,0,258.34,227.89,0.9364,0.0291,30.3,night
2024-02-02 06:00:00,Dharampeth,315.62,0,330.89,229.57,0.9071,0.0876,33.5,daytime
2024-02-02 06:00:00,Sitabuldi,265.94,0,263.31,227.77,0.8817,0.0809,29.5,daytime
2024-02-02 06:00:00,Gandhibagh,362.46,23.47,341.79,224.02,0.9338,0.0086,34.8,daytime
2024-02-02 06:00:00,Lakadganj,319.62,3.85,323.43,227.77,0.928,0.0356,33.4,daytime
2024-02-02 06:00:00,Sadar,191.94,0,190.7,230.12,0.9239,0.1063,32.3,daytime
2024-02-02 06:00:00,Itwari,334.98,8.29,327.87,232.41,0.9377,0.1703,31.7,daytime
2024-02-02 06:00:00,Manewada,276.36,8.07,277.45,230.5,0.9132,0.1213,30.7,daytime
2024-02-02 06:00:00,Hingna,293.99,0,290.89,232.02,0.9145,0.0949,31.4,daytime
2024-02-02 07:00:00,Dharampeth,216.2,48.8,173.93,228.11,0.9361,0.1123,30.6,daytime
2024-02-02 07:00:00,Sitabuldi,240.3,44.71,207.69,226.1,0.9353,0.0367,30.7,daytime
2024-02-02 07:00:00,Gandhibagh,307.29,68.18,242.41,224.7,0.9011,0.0093,32.6,daytime
2024-02-02 07:00:00,Lakadganj,283.87,59.37,223.53,223.96,0.9119,0.1211,30.4,daytime
2024-02-02 07:00:00,Sadar,294.79,30.51,256.34,226.08,0.9373,0.0752,31.7,daytime
2024-02-02 07:00:00,Itwari,346.68,50.73,313.86,237.66,0.9201,0.1215,31.9,daytime
2024-02-02 07:00:00,Manewada,284.49,45.9,236.82,232.59,0.9358,0.1472,32.6,daytime
2024-02-02 07:00:00,Hingna,252.56,26.1,207.78,230.29,0.9114,0.0994,33.7,daytime
2024-02-02 08:00:00,Dharampeth,300.32,114.18,194.49,229.71,0.9262,0.0548,34.6,daytime
2024-02-02 08:00:00,Sitabuldi,279.16,123.4,163.31,236.65,0.9394,0.0399,34.4,daytime
2024-02-02 08:00:00,Gandhibagh,340.28,101.02,230.26,229.62,0.93,0.1166,34.4,daytime
2024-02-02 08:00:00,Lakadganj,265.92,47.61,212.38,228.64,0.932,0.1772,29.4,daytime
2024-02-02 08:00:00,Sadar,290.97,79.18,215.59,226.74,0.8957,0.0533,31.2,daytime
2024-02-02 08:00:00,Itwari,273.34,99.65,184.61,216.43,0.8853,0.0559,37.4,daytime
2024-02-02 08:00:00,Manewada,304.92,86.53,203.54,233.05,0.9511,0.0185,30.6,daytime
2024-02-02 08:00:00,Hingna,305.42,107.62,200.23,223.28,0.9211,0.0668,33.0,daytime
2024-02-02 09:00:00,Dharampeth,395.77,100.51,292.6,225.73,0.8841,0.1382,32.0,peak
2024-02-02 09:00:00,Sitabuldi,334.92,163.64,165.43,232.44,0.911,0.0275,32.9,peak
2024-02-02 09:00:00,Gandhibagh,384.08,99.62,278.88,226.43,0.9003,0.1298,32.1,peak
2024-02-02 09:00:00,Lakadganj,320.64,141.57,178.49,238.34,0.8895,0.0885,33.3,peak
2024-02-02 09:00:00,Sadar,327.6,141.45,184.62,229.63,0.9744,0.0498,31.8,peak
2024-02-02 09:00:00,Itwari,351.69,153.52,187.67,225.29,0.8814,0.1213,32.5,peak
2024-02-02 09:00:00,Manewada,359.41,148.34,226.43,231.85,0.9506,0.0943,29.5,peak
2024-02-02 09:00:00,Hingna,312.43,146.84,149.26,233.19,0.9108,0.103,32.4,peak
2024-02-02 10:00:00,Dharampeth,371.16,138.09,234.44,227.13,0.9262,0.0329,32.5,peak
2024-02-02 10:00:00,Sitabuldi,369.02,176.97,206.01,227.04,0.9378,0.037,35.0,peak
2024-02-02 10:00:00,Gandhibagh,386.37,147.06,248.48,230.82,0.9441,0.0695,33.2,peak
2024-02-02 10:00:00,Lakadganj,343.29,110.28,245.19,231.24,0.8539,0.043,32.7,peak
2024-02-02 10:00:00,Sadar,343.73,174.17,172.14,226.08,0.888,0.167,30.3,peak
2024-02-02 10:00:00,Itwari,367.15,144.58,197.63,225.88,0.9078,0.1047,33.8,peak
2024-02-02 10:00:00,Manewada,330.55,164.69,172.52,230.24,0.9254,0.022,31.8,peak
2024-02-02 10:00:00,Hingna,361.4,145.54,204.89,231.96,0.9339,0.0954,33.1,peak
2024-02-02 11:00:00,Dharampeth,363.45,165.76,211.01,227.45,0.9686,0.1709,29.2,peak
2024-02-02 11:00:00,Sitabuldi,377.23,167.81,197.66,223.34,0.9016,0.1544,32.1,peak
2024-02-02 11:00:00,Gandhibagh,316.86,186.43,120.3,239.96,0.9256,0.0354,32.1,peak
2024-02-02 11:00:00,Lakadganj,300.66,169.39,130.41,240.3,0.9381,0.0845,36.2,peak
2024-02-02 11:00:00,Sadar,388.19,186.82,221.2,232.76,0.8996,0.0384,35.0,peak
2024-02-02 11:00:00,Itwari,356.26,182.15,179.64,237.35,0.8667,0.156,34.5,peak
2024-02-02 11:00:00,Manewada,396.7,178.48,219.93,231.65,0.9154,0.0613,29.7,peak
2024-02-02 11:00:00,Hingna,335.34,182.73,155.43,226.55,0.8705,0.0946,34.5,peak
2024-02-02 12:00:00,Dharampeth,328.47,167.62,162.81,232.36,0.9035,0.15,34.9,peak
2024-02-02 12:00:00,Sitabuldi,384.1,194.77,177.9,229.31,0.9364,0.016,33.2,peak
2024-02-02 12:00:00,Gandhibagh,325.28,182.48,128.07,232.28,0.944,0.1569,31.0,peak
2024-02-02 12:00:00,Lakadganj,408.92,193.47,212.83,226.51,0.9106,0.1224,29.4,peak
2024-02-02 12:00:00,Sadar,365.25,169.48,195.02,222.22,0.9115,0.1044,33.9,peak
2024-02-02 12:00:00,Itwari,375.23,164.15,209.98,224.75,0.896,0.0167,35.3,peak
2024-02-02 12:00:00,Manewada,343.52,187.52,170.64,229.53,0.9072,0.1043,29.0,peak
2024-02-02 12:00:00,Hingna,414.31,208.99,198.38,233.52,0.8881,0.1009,33.1,peak
2024-02-02 13:00:00,Dharampeth,291.98,173.73,104.29,229.63,0.911,0.0032,29.7,daytime
2024-02-02 13:00:00,Sitabuldi,345.78,181.48,148.55,225.01,0.928,0.0497,30.1,daytime
2024-02-02 13:00:00,Gandhibagh,320.41,173.49,131.41,234.18,0.9371,0.1492,32.6,daytime
2024-02-02 13:00:00,Lakadganj,322.53,173.22,150.54,228.96,0.9034,0.0742,32.4,daytime
2024-02-02 13:00:00,Sadar,236.29,165.91,87.84,231.43,0.8865,0.1383,32.8,daytime
2024-02-02 13:00:00,Itwari,322.64,174.9,146.66,231.89,0.9001,0.1598,31.2,daytime
2024-02-02 13:00:00,Manewada,266.09,165.81,105.9,228.66,0.9571,0.043,29.2,daytime
2024-02-02 13:00:00,Hingna,267.94,189.08,84.34,229.55,0.9696,0.0467,31.1,daytime
2024-02-02 14:00:00,Dharampeth,301.46,166.29,141.1,229.46,0.9149,0.1713,32.7,daytime
2024-02-02 14:00:00,Sitabuldi,217.22,166.61,55.47,237.98,0.8667,0.0083,34.6,daytime
2024-02-02 14:00:00,Gandhibagh,308.64,143.95,156.0,222.29,0.9269,0.0964,29.3,daytime
2024-02-02 14:00:00,Lakadganj,318.99,164.23,173.73,236.73,0.9436,0.1489,31.2,daytime
2024-02-02 14:00:00,Sadar,320.09,188.49,116.48,227.21,0.927,0.1444,34.6,daytime
2024-02-02 14:00:00,Itwari,281.73,157.06,117.88,225.51,0.8921,0.0728,31.3,daytime
2024-02-02 14:00:00,Manewada,293.65,145.92,148.73,225.18,0.9018,0.0503,33.7,daytime
2024-02-02 14:00:00,Hingna,325.5,163.53,172.79,228.86,0.9399,0.1657,30.2,daytime
2024-02-02 15:00:00,Dharampeth,177.11,108.65,83.99,236.25,0.9508,0.1214,31.5,daytime
2024-02-02 15:00:00,Sitabuldi,292.24,157.85,135.74,230.54,0.8985,0.0213,30.9,daytime
2024-02-02 15:00:00,Gandhibagh,267.49,140.97,137.74,230.31,0.9324,0.0569,32.5,daytime
2024-02-02 15:00:00,Lakadganj,247.01,155.77,88.68,224.25,0.93,0.0861,35.1,daytime
2024-02-02 15:00:00,Sadar,253.68,118.87,136.68,227.64,0.8602,0.0603,33.6,daytime
2024-02-02 15:00:00,Itwari,314.68,95.3,234.81,231.92,0.9339,0.126,31.4,daytime
2024-02-02 15:00:00,Manewada,214.16,147.38,86.2,225.44,0.8865,0.1343,31.0,daytime
2024-02-02 15:00:00,Hingna,274.2,127.57,157.01,232.39,0.9104,0.0875,30.4,daytime
2024-02-02 16:00:00,Dharampeth,284.31,83.44,189.4,231.08,0.9369,0.1639,32.4,daytime
2024-02-02 16:00:00,Sitabuldi,289.78,92.61,179.12,225.74,0.9479,0.0683,32.2,daytime
2024-02-02 16:00:00,Gandhibagh,270.24,116.63,154.44,226.34,0.9431,0.0807,31.6,daytime
2024-02-02 16:00:00,Lakadganj,211.49,103.2,109.98,231.26,0.9454,0.7874,33.4,daytime
2024-02-02 16:00:00,Sadar,218.47,117.28,85.1,224.15,0.9288,0.1487,33.5,daytime
2024-02-02 16:00:00,Itwari,224.24,89.96,133.51,235.01,0.9427,0.1468,31.6,daytime
2024-02-02 16:00:00,Manewada,243.6,103.23,139.71,225.83,0.9215,0.0202,32.7,daytime
2024-02-02 16:00:00,Hingna,300.37,82.94,222.75,229.47,0.9454,0.0267,31.4,daytime
2024-02-02 17:00:00,Dharampeth,237.28,29.91,223.89,230.85,0.9104,0.1501,32.1,daytime
2024-02-02 17:00:00,Sitabuldi,253.57,65.14,203.28,233.51,0.9113,0.0538,30.5,daytime
2024-02-02 17:00:00,Gandhibagh,306.19,27.88,275.46,237.42,0.9361,0.0636,33.5,daytime
2024-02-02 17:00:00,Lakadganj,298.64,48.3,245.59,228.75,0.9428,0.0017,32.2,daytime
2024-02-02 17:00:00,Sadar,303.87,54.22,263.26,224.94,0.9465,0.1738,32.0,daytime
2024-02-02 17:00:00,Itwari,284.99,46.92,224.37,225.37,0.8842,0.1024,29.0,daytime
2024-02-02 17:00:00,Manewada,258.93,49.09,214.05,220.33,0.9528,0.1542,36.0,daytime
2024-02-02 17:00:00,Hingna,286.83,33.71,268.34,232.92,0.9758,0.1644,29.6,daytime
2024-02-02 18:00:00,Dharampeth,434.97,13.19,414.48,226.13,0.9141,0.0493,33.2,peak
2024-02-02 18:00:00,Sitabuldi,378.52,0,370.1,234.22,0.9012,0.3785,32.5,peak
2024-02-02 18:00:00,Gandhibagh,363.75,0,361.79,221.31,0.9653,0.1009,33.3,peak
2024-02-02 18:00:00,Lakadganj,362.28,0,348.6,233.93,0.9086,0.1434,31.9,peak
2024-02-02 18:00:00,Sadar,382.95,11.37,387.57,229.76,0.9428,0.0545,33.1,peak
2024-02-02 18:00:00,Itwari,389.63,8.44,398.51,222.53,0.8988,0.0553,27.5,peak
2024-02-02 18:00:00,Manewada,366.85,13.91,358.81,233.38,0.8926,0.1795,30.3,peak
2024-02-02 18:00:00,Hingna,348.56,4.8,338.99,221.32,0.9561,0.1593,29.9,peak
2024-02-02 19:00:00,Dharampeth,291.26,0,303.49,232.74,0.8928,0.1519,34.8,peak
2024-02-02 19:00:00,Sitabuldi,372.16,0,357.62,229.61,0.902,0.1438,27.4,peak
2024-02-02 19:00:00,Gandhibagh,346.77,0,322.26,220.0,0.9818,0.3674,31.6,peak
2024-02-02 19:00:00,Lakadganj,307.8,0,298.74,233.6,0.9228,0.0699,31.6,peak
2024-02-02 19:00:00,Sadar,241.96,0,243.08,240.69,0.9564,0.1717,37.0,peak
2024-02-02 19:00:00,Itwari,327.27,0,323.46,229.6,0.9329,0.021,32.6,peak
2024-02-02 19:00:00,Manewada,343.86,0,339.65,226.55,0.9762,0.0947,32.8,peak
2024-02-02 19:00:00,Hingna,302.69,0,305.43,229.62,0.9342,0.1072,32.5,peak
2024-02-02 20:00:00,Dharampeth,267.95,0,255.06,232.92,0.9255,0.0863,31.1,peak
2024-02-02 20:00:00,Sitabuldi,326.41,0,331.79,240.73,0.9204,0.1354,31.7,peak
2024-02-02 20:00:00,Gandhibagh,311.13,0,327.31,233.1,0.9309,0.068,33.2,peak
2024-02-02 20:00:00,Lakadganj,347.44,0,338.99,233.93,0.9156,0.0143,36.8,peak
2024-02-02 20:00:00,Sadar,351.97,0,345.29,233.53,1.0,0.0775,31.3,peak
2024-02-02 20:00:00,Itwari,344.51,0,339.25,230.81,0.9198,0.0315,32.5,peak
2024-02-02 20:00:00,Manewada,299.51,0,290.72,229.66,0.9227,0.015,30.5,peak
2024-02-02 20:00:00,Hingna,324.77,0,325.5,230.07,0.9192,0.1429,32.1,peak
2024-02-02 21:00:00,Dharampeth,358.9,0,360.05,231.94,0.9344,0.0228,30.2,peak
2024-02-02 21:00:00,Sitabuldi,190.34,0,204.21,230.43,0.9096,0.0457,31.7,peak
2024-02-02 21:00:00,Gandhibagh,299.14,0,289.32,228.93,0.899,0.0496,31.5,peak
2024-02-02 21:00:00,Lakadganj,259.06,0,243.31,225.03,0.9002,0.5807,34.7,peak
2024-02-02 21:00:00,Sadar,338.69,0,328.82,225.18,0.8867,0.0994,31.5,peak
2024-02-02 21:00:00,Itwari,317.21,0,319.01,229.58,0.9383,0.0074,34.1,peak
2024-02-02 21:00:00,Manewada,347.83,0,348.93,231.38,0.9344,0.0669,31.1,peak
2024-02-02 21:00:00,Hingna,351.43,0,357.18,227.51,0.8912,0.1102,32.4,peak
2024-02-02 22:00:00,Dharampeth,301.79,0,306.95,225.17,0.9318,0.0253,35.7,peak
2024-02-02 22:00:00,Sitabuldi,347.63,0,342.15,224.87,0.9228,0.1369,32.6,peak
2024-02-02 22:00:00,Gandhibagh,313.0,0,308.74,229.9,0.8948,0.107,29.7,peak
2024-02-02 22:00:00,Lakadganj,266.45,0,270.7,220.47,0.9155,0.1718,30.2,peak
2024-02-02 22:00:00,Sadar,329.05,0,340.73,226.26,0.9653,0.0344,33.6,peak
2024-02-02 22:00:00,Itwari,340.82,0,333.05,230.83,0.9591,0.6188,34.1,peak
2024-02-02 22:00:00,Manewada,414.12,0,406.21,229.22,0.923,0.1158,32.3,peak
2024-02-02 22:00:00,Hingna,343.12,0,346.01,224.54,0.9037,0.0244,35.3,peak
2024-02-02 23:00:00,Dharampeth,245.68,0,250.21,238.1,0.9465,0.1165,33.4,night
2024-02-02 23:00:00,Sitabuldi,220.19,0,233.41,223.4,0.9144,0.017,30.0,night
2024-02-02 23:00:00,Gandhibagh,218.27,0,225.12,233.45,0.9434,0.1347,28.5,night
2024-02-02 23:00:00,Lakadganj,247.01,0,247.53,220.02,0.8965,0.0135,30.1,night
2024-02-02 23:00:00,Sadar,275.1,0,279.71,224.99,0.9538,0.0397,32.2,night
2024-02-02 23:00:00,Itwari,252.15,0,263.41,228.71,0.907,0.0668,30.8,night
2024-02-02 23:00:00,Manewada,251.5,0,252.7,230.94,0.9065,0.0076,33.1,night
2024-02-02 23:00:00,Hingna,245.04,0,248.28,232.98,0.9116,0.1506,36.0,night
2024-02-03 00:00:00,Dharampeth,262.54,0,259.42,224.28,0.9266,0.0435,33.0,night
2024-02-03 00:00:00,Sitabuldi,254.07,0,265.19,225.07,0.9044,0.0985,34.4,night
2024-02-03 00:00:00,Gandhibagh,223.26,0,220.82,227.42,0.9391,0.0987,33.1,night
2024-02-03 00:00:00,Lakadganj,246.87,0,248.4,228.17,0.9224,0.124,33.5,night
2024-02-03 00:00:00,Sadar,243.68,0,254.28,226.08,0.9448,0.0319,37.9,night
2024-02-03 00:00:00,Itwari,207.11,0,216.66,233.31,0.9573,0.094,35.8,night
2024-02-03 00:00:00,Manewada,227.5,0,215.55,222.95,0.8704,0.1796,28.7,night
2024-02-03 00:00:00,Hingna,242.38,0,267.23,235.31,0.9379,0.1397,29.7,night
2024-02-03 01:00:00,Dharampeth,202.74,0,184.45,217.38,0.8843,0.1281,31.9,night
2024-02-03 01:00:00,Sitabuldi,215.72,0,218.14,227.84,0.9368,0.0077,32.9,night
2024-02-03 01:00:00,Gandhibagh,252.67,0,242.2,228.69,1.0,0.1793,29.6,night
2024-02-03 01:00:00,Lakadganj,198.11,0,192.25,227.04,0.9884,0.143,29.1,night
2024-02-03 01:00:00,Sadar,290.69,0,298.21,236.14,0.8845,0.0883,33.8,night
2024-02-03 01:00:00,Itwari,288.56,0,296.13,227.07,0.9348,0.0554,33.1,night
2024-02-03 01:00:00,Manewada,192.54,0,208.09,228.48,0.9615,0.1651,33.4,night
2024-02-03 01:00:00,Hingna,265.95,0,277.59,231.93,0.9528,0.1398,33.7,night
2024-02-03 02:00:00,Dharampeth,237.3,0,234.4,223.51,0.882,0.019,26.4,night
2024-02-03 02:00:00,Sitabuldi,182.85,0,186.64,232.28,0.9083,0.1483,35.4,night
2024-02-03 02:00:00,Gandhibagh,269.1,0,277.82,235.22,0.9398,0.1113,32.2,night
2024-02-03 02:00:00,Lakadganj,217.91,0,213.62,224.94,0.8892,0.1584,30.4,night
2024-02-03 02:00:00,Sadar,245.85,0,233.91,225.04,0.9135,0.0399,33.9,night
2024-02-03 02:00:00,Itwari,242.75,0,241.94,232.37,0.9065,0.1013,31.4,night
2024-02-03 02:00:00,Manewada,224.49,0,232.97,230.48,0.9662,0.1301,30.1,night
2024-02-03 02:00:00,Hingna,195.47,0,196.04,234.13,0.9181,0.1203,37.0,night
2024-02-03 03:00:00,Dharampeth,243.63,0,250.52,231.17,0.8836,0.0483,34.7,night
2024-02-03 03:00:00,Sitabuldi,258.74,0,250.58,230.24,0.9695,0.076,34.1,night
2024-02-03 03:00:00,Gandhibagh,276.83,0,280.1,224.79,0.9321,0.0223,31.2,night
2024-02-03 03:00:00,Lakadganj,176.29,0,181.61,235.0,0.9321,0.0141,32.0,night
2024-02-03 03:00:00,Sadar,208.04,0,204.57,235.86,0.8306,0.1556,33.6,night
2024-02-03 03:00:00,Itwari,307.25,0,311.03,226.23,0.9311,0.0868,32.4,night
2024-02-03 03:00:00,Manewada,199.08,0,189.69,228.12,0.8982,0.1021,30.2,night
2024-02-03 03:00:00,Hingna,223.92,0,235.54,222.11,0.9237,0.0178,32.9,night
2024-02-03 04:00:00,Dharampeth,171.89,0,178.38,233.77,0.8978,0.1312,30.5,night
2024-02-03 04:00:00,Sitabuldi,169.79,0,175.41,233.28,0.9268,0.0871,32.9,night
2024-02-03 04:00:00,Gandhibagh,246.77,0,247.55,229.67,0.9381,0.108,31.8,night
2024-02-03 04:00:00,Lakadganj,239.57,0,227.68,232.21,0.899,0.0191,35.0,night
2024-02-03 04:00:00,Sadar,219.56,0,227.45,233.16,0.9404,0.126,35.2,night
2024-02-03 04:00:00,Itwari,321.47,0,332.87,233.3,0.9417,0.0478,33.3,night
2024-02-03 04:00:00,Manewada,175.8,0,177.98,225.28,0.9423,0.0255,33.1,night
2024-02-03 04:00:00,Hingna,247.51,0,253.67,223.53,0.9524,0.0064,34.0,night
2024-02-03 05:00:00,Dharampeth,214.33,0,213.09,232.51,0.9916,0.1399,36.1,night
2024-02-03 05:00:00,Sitabuldi,220.75,0,212.63,223.05,0.9444,0.1156,31.8,night
2024-02-03 05:00:00,Gandhibagh,194.19,0,204.92,219.23,0.8845,0.0392,31.5,night
2024-02-03 05:00:00,Lakadganj,210.96,0,196.11,234.86,0.93,0.1401,33.3,night
2024-02-03 05:00:00,Sadar,226.72,0,204.63,228.79,0.8973,0.1331,33.4,night
2024-02-03 05:00:00,Itwari,257.01,0,267.17,224.32,0.8952,0.1707,28.9,night
2024-02-03 05:00:00,Manewada,250.97,0,253.79,236.81,0.9316,0.1446,30.5,night
2024-02-03 05:00:00,Hingna,315.52,0,308.77,226.67,0.9255,0.028,30.0,night
2024-02-03 06:00:00,Dharampeth,270.88,0.44,259.01,224.13,1.0,0.0008,29.1,daytime
2024-02-03 06:00:00,Sitabuldi,332.73,7.45,344.35,225.03,0.8983,0.0867,31.4,daytime
2024-02-03 06:00:00,Gandhibagh,233.46,0,242.93,234.1,0.906,0.0898,34.0,daytime
2024-02-03 06:00:00,Lakadganj,291.66,6.53,279.93,235.07,0.9034,0.1464,31.8,daytime
2024-02-03 06:00:00,Sadar,231.08,3.01,225.01,230.09,0.9439,0.0764,31.7,daytime
2024-02-03 06:00:00,Itwari,239.76,0,256.83,231.59,0.9238,0.1575,32.0,daytime
2024-02-03 06:00:00,Manewada,294.71,0,303.11,228.94,0.932,0.018,34.1,daytime
2024-02-03 06:00:00,Hingna,365.66,0,350.94,231.66,0.8901,0.1291,33.8,daytime
2024-02-03 07:00:00,Dharampeth,294.42,32.24,265.85,225.97,0.9144,0.5678,28.6,daytime
2024-02-03 07:00:00,Sitabuldi,292.72,50.53,238.93,228.11,0.9313,0.0688,31.1,daytime
2024-02-03 07:00:00,Gandhibagh,301.32,57.25,240.49,228.35,0.9229,0.0265,29.0,daytime
2024-02-03 07:00:00,Lakadganj,298.92,49.98,251.71,233.97,0.9629,0.1107,33.0,daytime
2024-02-03 07:00:00,Sadar,342.15,53.05,286.16,226.48,0.8992,0.4583,33.1,daytime
2024-02-03 07:00:00,Itwari,211.15,54.52,160.29,230.79,0.941,0.0397,32.2,daytime
2024-02-03 07:00:00,Manewada,264.11,44.15,200.66,224.66,0.9545,0.1465,32.0,daytime
2024-02-03 07:00:00,Hingna,258.15,44.96,234.77,231.17,0.8288,0.1397,29.8,daytime
2024-02-03 08:00:00,Dharampeth,279.06,100.42,174.75,234.89,0.8852,0.1292,30.9,daytime
2024-02-03 08:00:00,Sitabuldi,276.8,56.37,219.93,225.72,0.8737,0.0278,29.1,daytime
2024-02-03 08:00:00,Gandhibagh,275.06,104.45,164.07,229.04,0.971,0.1132,35.2,daytime
2024-02-03 08:00:00,Lakadganj,323.69,78.19,257.53,227.49,0.9224,0.1406,31.0,daytime
2024-02-03 08:00:00,Sadar,183.61,98.15,79.25,224.1,0.9473,0.0444,33.9,daytime
2024-02-03 08:00:00,Itwari,289.04,99.35,183.85,218.1,0.9713,0.1224,32.4,daytime
2024-02-03 08:00:00,Manewada,255.56,83.5,178.35,224.52,0.9061,0.1099,31.5,daytime
2024-02-03 08:00:00,Hingna,285.69,91.9,200.47,237.4,0.9262,0.0045,37.1,daytime
2024-02-03 09:00:00,Dharampeth,328.3,148.11,183.18,231.43,0.9233,0.0335,35.4,peak
2024-02-03 09:00:00,Sitabuldi,353.08,147.3,222.98,238.82,0.9658,0.1148,33.6,peak
2024-02-03 09:00:00,Gandhibagh,396.16,136.74,279.32,224.42,0.9515,0.1148,31.0,peak
2024-02-03 09:00:00,Lakadganj,302.93,142.62,156.96,231.11,0.9645,0.0741,32.0,peak
2024-02-03 09:00:00,Sadar,367.64,131.7,246.85,227.99,0.9856,0.1141,34.8,peak
2024-02-03 09:00:00,Itwari,347.5,143.29,180.76,233.37,0.8683,0.1025,30.6,peak
2024-02-03 09:00:00,Manewada,349.12,114.74,243.82,236.25,0.8998,0.0353,28.6,peak
2024-02-03 09:00:00,Hingna,350.8,111.65,251.11,236.71,0.889,0.0393,31.9,peak
2024-02-03 10:00:00,Dharampeth,317.99,161.43,140.89,238.89,0.9536,0.0413,28.3,peak
2024-02-03 10:00:00,Sitabuldi,382.29,167.54,211.64,233.89,0.9713,0.1314,35.5,peak
2024-02-03 10:00:00,Gandhibagh,383.46,161.2,227.32,232.81,0.9232,0.0163,32.1,peak
2024-02-03 10:00:00,Lakadganj,349.1,162.53,157.1,227.55,0.9807,0.1093,32.0,peak
2024-02-03 10:00:00,Sadar,429.12,165.95,265.57,226.6,0.8938,0.0054,32.0,peak
2024-02-03 10:00:00,Itwari,324.91,152.43,159.27,226.9,0.9331,0.025,33.5,peak
2024-02-03 10:00:00,Manewada,317.92,154.53,170.86,232.42,0.995,0.0603,34.1,peak
2024-02-03 10:00:00,Hingna,360.26,165.72,195.17,238.41,0.9712,0.1235,32.5,peak
2024-02-03 11:00:00,Dharampeth,406.45,182.8,231.5,223.78,0.9079,0.5596,32.3,peak
2024-02-03 11:00:00,Sitabuldi,356.73,188.09,162.6,227.22,0.9505,0.0002,33.4,peak
2024-02-03 11:00:00,Gandhibagh,313.01,191.95,119.04,227.07,0.925,0.0,33.1,peak
2024-02-03 11:00:00,Lakadganj,354.6,145.15,226.48,232.8,0.9584,0.1748,34.1,peak
2024-02-03 11:00:00,Sadar,286.25,160.1,129.41,225.83,0.9303,0.0149,33.7,peak
2024-02-03 11:00:00,Itwari,354.85,194.52,139.65,232.52,0.885,0.1794,32.3,peak
2024-02-03 11:00:00,Manewada,367.68,191.44,195.31,241.63,0.9431,0.0344,30.6,peak
2024-02-03 11:00:00,Hingna,338.5,172.05,161.71,221.24,0.9295,0.1049,31.8,peak
2024-02-03 12:00:00,Dharampeth,343.89,194.51,160.36,225.44,0.9165,0.1436,31.2,peak
2024-02-03 12:00:00,Sitabuldi,357.93,199.09,161.85,229.72,0.9262,0.1517,31.5,peak
2024-02-03 12:00:00,Gandhibagh,365.18,199.21,162.75,231.88,0.9531,0.0156,31.9,peak
2024-02-03 12:00:00,Lakadganj,352.38,189.31,169.61,235.81,0.9504,0.009,30.6,peak
2024-02-03 12:00:00,Sadar,307.81,196.02,118.24,229.43,0.8902,0.0524,31.2,peak
2024-02-03 12:00:00,Itwari,429.41,179.82,232.48,221.74,0.855,0.1027,34.5,peak
2024-02-03 12:00:00,Manewada,401.43,197.27,192.73,233.93,0.9407,0.0022,30.0,peak
2024-02-03 12:00:00,Hingna,334.1,169.62,164.09,232.21,0.8991,0.0605,31.1,peak
2024-02-03 13:00:00,Dharampeth,245.63,174.3,48.99,226.3,0.9671,0.1742,32.8,daytime
2024-02-03 13:00:00,Sitabuldi,248.12,177.31,80.9,225.23,0.9452,0.1147,33.0,daytime
2024-02-03 13:00:00,Gandhibagh,284.84,188.48,82.25,236.59,0.9616,0.0613,32.6,daytime
2024-02-03 13:00:00,Lakadganj,281.76,155.53,142.36,232.4,0.9494,0.0894,28.6,daytime
2024-02-03 13:00:00,Sadar,210.26,172.56,28.83,227.89,0.9491,0.7349,32.1,daytime
2024-02-03 13:00:00,Itwari,316.26,171.21,148.07,223.81,0.9398,0.0581,36.0,daytime
2024-02-03 13:00:00,Manewada,242.72,185.11,27.86,233.39,0.9626,0.0791,33.9,daytime
2024-02-03 13:00:00,Hingna,299.21,176.16,133.73,234.88,0.9366,0.0362,29.1,daytime
2024-02-03 14:00:00,Dharampeth,268.39,156.85,102.89,230.79,0.9049,0.0319,35.1,daytime
2024-02-03 14:00:00,Sitabuldi,188.32,161.87,31.59,234.77,0.8879,0.1416,32.9,daytime
2024-02-03 14:00:00,Gandhibagh,241.09,153.22,72.03,233.53,0.8806,0.0097,32.7,daytime
2024-02-03 14:00:00,Lakadganj,312.78,120.14,201.28,223.2,0.8734,0.0667,30.4,daytime
2024-02-03 14:00:00,Sadar,245.48,153.57,91.42,225.07,0.9446,0.1259,32.6,daytime
2024-02-03 14:00:00,Itwari,319.28,164.24,165.67,232.56,0.9504,0.1708,33.8,daytime
2024-02-03 14:00:00,Manewada,311.34,153.23,153.54,220.42,0.8839,0.1603,31.7,daytime
2024-02-03 14:00:00,Hingna,278.57,131.39,139.6,221.83,0.9365,0.1125,32.3,daytime
2024-02-03 15:00:00,Dharampeth,296.7,133.09,181.09,234.84,0.9471,0.1723,30.8,daytime
2024-02-03 15:00:00,Sitabuldi,339.1,138.92,214.6,224.04,0.9131,0.1749,32.5,daytime
2024-02-03 15:00:00,Gandhibagh,244.08,162.38,84.33,221.36,0.9478,0.0096,29.1,daytime
2024-02-03 15:00:00,Lakadganj,279.54,154.24,127.78,232.45,0.9455,0.05,33.4,daytime
2024-02-03 15:00:00,Sadar,252.91,109.51,151.18,220.38,0.9479,0.1741,32.6,daytime
2024-02-03 15:00:00,Itwari,250.08,139.3,99.07,232.29,0.9169,0.049,31.6,daytime
2024-02-03 15:00:00,Manewada,295.26,151.56,140.91,226.13,0.9304,0.0429,36.8,daytime
2024-02-03 15:00:00,Hingna,265.38,136.98,148.03,221.97,0.9203,0.1523,30.3,daytime
2024-02-03 16:00:00,Dharampeth,309.56,104.01,197.05,228.1,0.8907,0.044,30.9,daytime
2024-02-03 16:00:00,Sitabuldi,315.62,78.87,232.63,228.29,0.8662,0.0449,33.6,daytime
2024-02-03 16:00:00,Gandhibagh,283.06,86.38,211.78,225.01,0.9354,0.0983,32.1,daytime
2024-02-03 16:00:00,Lakadganj,233.25,59.93,179.94,228.07,0.8913,0.0472,34.9,daytime
2024-02-03 16:00:00,Sadar,224.68,69.98,160.42,230.69,0.9068,0.0435,32.6,daytime
2024-02-03 16:00:00,Itwari,210.72,103.95,110.86,226.37,0.9353,0.1315,31.7,daytime
2024-02-03 16:00:00,Manewada,289.35,99.94,180.9,221.24,0.9023,0.0688,28.7,daytime
2024-02-03 16:00:00,Hingna,325.24,112.45,209.65,230.05,0.9055,0.1089,30.5,daytime
2024-02-03 17:00:00,Dharampeth,265.74,41.85,236.54,234.06,0.9258,0.0345,35.3,daytime
2024-02-03 17:00:00,Sitabuldi,286.76,87.2,189.54,227.12,0.9219,0.0402,30.5,daytime
2024-02-03 17:00:00,Gandhibagh,214.1,44.75,185.62,228.51,0.9265,0.5911,33.2,daytime
2024-02-03 17:00:00,Lakadganj,276.14,28.08,237.2,228.37,0.8858,0.0052,32.9,daytime
2024-02-03 17:00:00,Sadar,277.09,36.67,225.43,220.48,0.9211,0.0184,35.7,daytime
2024-02-03 17:00:00,Itwari,328.93,21.98,293.88,233.32,0.9535,0.162,30.2,daytime
2024-02-03 17:00:00,Manewada,244.31,42.0,212.59,231.6,0.8923,0.046,32.1,daytime
2024-02-03 17:00:00,Hingna,250.21,49.94,220.5,225.3,0.9193,0.5657,33.3,daytime
2024-02-03 18:00:00,Dharampeth,374.1,9.94,352.64,233.55,0.9426,0.04,35.2,peak
2024-02-03 18:00:00,Sitabuldi,283.25,0,280.89,234.16,0.9762,0.1313,33.4,peak
2024-02-03 18:00:00,Gandhibagh,402.9,11.61,398.61,228.56,0.9527,0.1219,35.6,peak
2024-02-03 18:00:00,Lakadganj,380.75,0,373.43,230.67,0.9369,0.0579,33.7,peak
2024-02-03 18:00:00,Sadar,367.78,0,368.48,228.42,0.8814,0.176,34.6,peak
2024-02-03 18:00:00,Itwari,355.01,7.41,340.52,223.95,0.9149,0.0555,33.4,peak
2024-02-03 18:00:00,Manewada,410.27,7.31,412.95,231.53,0.8747,0.0692,32.8,peak
2024-02-03 18:00:00,Hingna,355.32,2.34,360.58,229.67,0.9117,0.0814,32.5,peak
2024-02-03 19:00:00,Dharampeth,339.64,0,343.21,238.15,0.9732,0.1097,33.8,peak
2024-02-03 19:00:00,Sitabuldi,329.89,0,314.03,228.07,0.9196,0.1139,33.4,peak
2024-02-03 19:00:00,Gandhibagh,300.06,0,310.35,225.71,0.9186,0.0056,28.5,peak
2024-02-03 19:00:00,Lakadganj,305.71,0,317.96,233.95,0.9046,0.1189,34.8,peak
2024-02-03 19:00:00,Sadar,280.64,0,266.97,235.06,0.9388,0.1168,32.6,peak
2024-02-03 19:00:00,Itwari,315.62,0,312.02,230.26,0.8804,0.1343,33.7,peak
2024-02-03 19:00:00,Manewada,347.47,0,353.32,232.6,0.952,0.0129,32.8,peak
2024-02-03 19:00:00,Hingna,307.09,0,292.95,232.37,0.9288,0.0189,32.7,peak
2024-02-03 20:00:00,Dharampeth,319.13,0,313.86,222.61,0.9098,0.322,28.9,peak
2024-02-03 20:00:00,Sitabuldi,293.43,0,291.53,233.26,0.9432,0.0628,31.0,peak
2024-02-03 20:00:00,Gandhibagh,387.43,0,393.64,238.21,0.9117,0.1311,33.9,peak
2024-02-03 20:00:00,Lakadganj,320.67,0,324.28,226.21,0.9709,0.0821,29.4,peak
2024-02-03 20:00:00,Sadar,323.78,0,313.04,223.3,0.8691,0.1198,28.9,peak
2024-02-03 20:00:00,Itwari,367.51,0,366.96,227.15,0.8578,0.047,31.3,peak
2024-02-03 20:00:00,Manewada,374.01,0,372.64,230.32,0.8989,0.1703,33.9,peak
2024-02-03 20:00:00,Hingna,352.19,0,356.07,227.47,0.8812,0.0464,32.6,peak
2024-02-03 21:00:00,Dharampeth,348.36,0,344.36,228.19,0.95,0.1246,32.7,peak
2024-02-03 21:00:00,Sitabuldi,347.97,0,352.61,227.5,0.8942,0.0387,31.0,peak
2024-02-03 21:00:00,Gandhibagh,306.24,0,311.02,236.96,0.924,0.0848,33.2,peak
2024-02-03 21:00:00,Lakadganj,385.64,0,387.84,226.92,0.8677,0.0127,32.7,peak
2024-02-03 21:00:00,Sadar,258.9,0,277.42,233.82,0.9353,0.0476,31.9,peak
2024-02-03 21:00:00,Itwari,295.09,0,292.46,226.52,0.931,0.0584,34.1,peak
2024-02-03 21:00:00,Manewada,336.56,0,344.02,230.46,0.9581,0.0599,34.6,peak
2024-02-03 21:00:00,Hingna,294.59,0,287.61,224.68,0.9388,0.0347,31.4,peak
2024-02-03 22:00:00,Dharampeth,396.27,0,381.63,231.11,0.927,0.0713,32.3,peak
2024-02-03 22:00:00,Sitabuldi,315.04,0,325.45,231.88,0.9627,0.1207,33.0,peak
2024-02-03 22:00:00,Gandhibagh,327.56,0,326.58,226.7,0.9038,0.0022,34.5,peak
2024-02-03 22:00:00,Lakadganj,392.18,0,386.97,228.64,0.9497,0.1092,35.7,peak
2024-02-03 22:00:00,Sadar,318.4,0,310.35,227.79,0.9456,0.0745,34.5,peak
2024-02-03 22:00:00,Itwari,303.8,0,297.04,231.04,0.9256,0.1539,31.1,peak
2024-02-03 22:00:00,Manewada,335.49,0,340.85,232.64,0.9188,0.6884,35.9,peak
2024-02-03 22:00:00,Hingna,316.83,0,324.42,229.5,0.9729,0.0123,29.1,peak
2024-02-03 23:00:00,Dharampeth,256.74,0,241.76,229.25,0.945,0.0355,34.7,night
2024-02-03 23:00:00,Sitabuldi,267.12,0,256.3,226.65,0.9525,0.0488,34.2,night
2024-02-03 23:00:00,Gandhibagh,245.12,0,248.1,225.96,0.9104,0.0169,31.5,night
2024-02-03 23:00:00,Lakadganj,209.88,0,200.47,233.44,0.9075,0.0178,32.2,night
2024-02-03 23:00:00,Sadar,190.23,0,183.23,227.81,0.888,0.0252,31.3,night
2024-02-03 23:00:00,Itwari,221.0,0,221.17,244.2,0.8872,0.1079,31.3,night
2024-02-03 23:00:00,Manewada,184.32,0,194.13,225.46,0.8957,0.0934,32.8,night
2024-02-03 23:00:00,Hingna,243.18,0,251.96,226.02,0.914,0.1167,36.7,night
2024-02-04 00:00:00,Dharampeth,228.19,0,226.36,221.31,0.8846,0.1278,30.5,night
2024-02-04 00:00:00,Sitabuldi,245.93,0,240.79,228.54,0.9192,0.0332,31.2,night
2024-02-04 00:00:00,Gandhibagh,237.57,0,236.6,224.89,0.9301,0.1289,33.8,night
2024-02-04 00:00:00,Lakadganj,186.31,0,178.55,226.45,0.9046,0.0958,29.6,night
2024-02-04 00:00:00,Sadar,233.35,0,246.9,224.86,0.8894,0.0055,33.2,night
2024-02-04 00:00:00,Itwari,227.77,0,210.72,228.92,0.9409,0.0469,33.0,night
2024-02-04 00:00:00,Manewada,242.06,0,235.01,231.13,0.9796,0.1073,33.9,night
2024-02-04 00:00:00,Hingna,275.48,0,275.64,227.82,0.912,0.1694,33.4,night
2024-02-04 01:00:00,Dharampeth,252.32,0,260.73,220.94,0.8481,0.0807,32.1,night
2024-02-04 01:00:00,Sitabuldi,233.33,0,251.52,234.39,0.8612,0.135,29.7,night
2024-02-04 01:00:00,Gandhibagh,244.55,0,245.29,229.04,0.8904,0.0757,32.9,night
2024-02-04 01:00:00,Lakadganj,184.84,0,217.28,228.95,0.9697,0.0848,31.3,night
2024-02-04 01:00:00,Sadar,267.95,0,257.05,232.72,0.9143,0.1118,35.5,night
2024-02-04 01:00:00,Itwari,226.52,0,213.24,233.05,0.9518,0.097,32.7,night
2024-02-04 01:00:00,Manewada,257.53,0,249.92,227.89,0.8973,0.0266,33.1,night
2024-02-04 01:00:00,Hingna,193.05,0,197.12,230.9,0.9575,0.0318,29.0,night
2024-02-04 02:00:00,Dharampeth,249.01,0,244.08,232.18,0.9849,0.1061,32.1,night
2024-02-04 02:00:00,Sitabuldi,263.94,0,271.93,225.4,0.9037,0.0582,34.7,night
2024-02-04 02:00:00,Gandhibagh,283.27,0,278.84,224.17,0.8704,0.1019,30.4,night
2024-02-04 02:00:00,Lakadganj,151.65,0,158.25,228.65,0.9256,0.0341,29.8,night
2024-02-04 02:00:00,Sadar,226.39,0,231.16,228.48,0.9094,0.1647,36.8,night
2024-02-04 02:00:00,Itwari,266.38,0,277.64,229.92,0.9494,0.088,35.1,night
2024-02-04 02:00:00,Manewada,222.42,0,207.39,226.02,0.8636,0.0013,30.2,night
2024-02-04 02:00:00,Hingna,235.13,0,244.77,222.6,0.9845,0.0914,30.1,night
2024-02-04 03:00:00,Dharampeth,204.2,0,192.72,225.73,0.8807,0.0112,34.2,night
2024-02-04 03:00:00,Sitabuldi,155.94,0,175.25,221.67,0.8758,0.11,37.0,night
2024-02-04 03:00:00,Gandhibagh,248.21,0,252.87,230.27,0.9057,0.0078,29.2,night
2024-02-04 03:00:00,Lakadganj,257.13,0,267.23,230.83,0.9172,0.1172,34.4,night
2024-02-04 03:00:00,Sadar,224.11,0,225.23,235.28,0.9001,0.1541,29.7,night
2024-02-04 03:00:00,Itwari,165.32,0,163.11,228.36,0.9855,0.0651,33.4,night
2024-02-04 03:00:00,Manewada,269.48,0,271.49,234.42,0.9181,0.0162,28.3,night
2024-02-04 03:00:00,Hingna,248.82,0,240.55,229.75,0.8796,0.0808,30.8,night
2024-02-04 04:00:00,Dharampeth,260.17,0,256.12,229.2,0.8844,0.0916,30.4,night
2024-02-04 04:00:00,Sitabuldi,179.1,0,168.02,229.87,0.8819,0.0038,34.4,night
2024-02-04 04:00:00,Gandhibagh,281.02,0,280.82,229.33,0.8813,0.5167,34.8,night
2024-02-04 04:00:00,Lakadganj,242.72,0,248.41,218.6,0.9765,0.0745,30.9,night
2024-02-04 04:00:00,Sadar,251.2,0,253.28,238.23,0.9059,0.1101,32.1,night
2024-02-04 04:00:00,Itwari,274.6,0,264.1,235.27,0.8737,0.1702,32.1,night
2024-02-04 04:00:00,Manewada,270.24,0,262.82,226.55,0.9599,0.0935,36.3,night
2024-02-04 04:00:00,Hingna,240.3,0,244.3,227.45,0.9301,0.0544,30.1,night
2024-02-04 05:00:00,Dharampeth,176.51,0,177.43,230.55,0.9655,0.1762,31.0,night
2024-02-04 05:00:00,Sitabuldi,286.92,0,291.03,234.63,0.9071,0.1644,31.2,night
2024-02-04 05:00:00,Gandhibagh,187.23,0,187.93,236.67,0.9038,0.1372,33.6,night
2024-02-04 05:00:00,Lakadganj,271.74,0,276.18,230.91,0.9232,0.1431,35.6,night
2024-02-04 05:00:00,Sadar,276.15,0,277.74,227.18,0.9634,0.0131,33.2,night
2024-02-04 05:00:00,Itwari,244.37,0,248.53,228.38,0.927,0.1673,31.8,night
2024-02-04 05:00:00,Manewada,218.47,0,206.83,227.81,0.9282,0.065,33.4,night
2024-02-04 05:00:00,Hingna,281.17,0,280.37,225.33,0.9665,0.0238,32.7,night
2024-02-04 06:00:00,Dharampeth,277.64,0,289.81,216.6,0.8936,0.0145,33.3,daytime
2024-02-04 06:00:00,Sitabuldi,271.86,0,281.34,238.3,0.9189,0.1313,32.6,daytime
2024-02-04 06:00:00,Gandhibagh,283.11,2.95,297.47,232.51,0.959,0.0539,31.0,daytime
2024-02-04 06:00:00,Lakadganj,271.68,0,271.16,229.34,0.9446,0.151,33.8,daytime
2024-02-04 06:00:00,Sadar,260.82,0,264.17,232.67,0.8613,0.0202,29.9,daytime
2024-02-04 06:00:00,Itwari,285.96,5.34,290.14,233.21,0.9134,0.0909,33.1,daytime
2024-02-04 06:00:00,Manewada,276.66,20.74,254.99,230.83,0.8853,0.0498,30.9,daytime
2024-02-04 06:00:00,Hingna,313.78,1.0,312.53,235.41,0.9134,0.0822,32.3,daytime
2024-02-04 07:00:00,Dharampeth,277.26,48.45,218.78,222.4,0.9767,0.0683,35.9,daytime
2024-02-04 07:00:00,Sitabuldi,312.18,51.01,241.1,233.89,0.9089,0.0059,32.8,daytime
2024-02-04 07:00:00,Gandhibagh,311.84,52.2,239.34,227.38,0.9401,0.0698,31.7,daytime
2024-02-04 07:00:00,Lakadganj,263.0,75.05,194.3,224.8,0.8902,0.1542,35.5,daytime
2024-02-04 07:00:00,Sadar,346.38,66.18,271.9,225.1,0.9484,0.1313,33.5,daytime
2024-02-04 07:00:00,Itwari,286.01,73.43,203.59,234.22,0.9393,0.0215,30.9,daytime
2024-02-04 07:00:00,Manewada,292.35,56.85,254.11,217.83,0.9112,0.0102,30.9,daytime
2024-02-04 07:00:00,Hingna,203.15,53.87,147.8,224.55,0.9224,0.1291,34.6,daytime
2024-02-04 08:00:00,Dharampeth,272.19,107.88,182.66,226.43,0.9535,0.1019,34.1,daytime
2024-02-04 08:00:00,Sitabuldi,272.44,78.31,183.49,233.43,0.8645,0.14,29.9,daytime
2024-02-04 08:00:00,Gandhibagh,331.86,102.76,252.84,228.38,0.9181,0.1705,35.3,daytime
2024-02-04 08:00:00,Lakadganj,253.4,106.41,118.57,227.79,0.9371,0.0503,34.6,daytime
2024-02-04 08:00:00,Sadar,303.53,56.83,245.41,233.32,0.8739,0.0332,32.6,daytime
2024-02-04 08:00:00,Itwari,270.42,91.66,169.92,225.84,0.9251,0.0484,32.7,daytime
2024-02-04 08:00:00,Manewada,243.01,108.66,135.23,226.73,0.9201,0.0474,33.5,daytime
2024-02-04 08:00:00,Hingna,345.22,78.75,267.44,221.68,0.893,0.077,33.5,daytime
2024-02-04 09:00:00,Dharampeth,383.81,132.4,251.4,226.48,0.835,0.0572,29.7,peak
2024-02-04 09:00:00,Sitabuldi,384.07,145.11,221.48,236.07,0.8954,0.1245,33.5,peak
2024-02-04 09:00:00,Gandhibagh,318.65,161.34,163.56,225.37,0.9415,0.142,30.9,peak
2024-02-04 09:00:00,Lakadganj,351.01,131.52,210.3,234.91,0.93,0.023,28.9,peak
2024-02-04 09:00:00,Sadar,301.83,123.51,190.67,226.48,0.9083,0.0499,35.8,peak
2024-02-04 09:00:00,Itwari,380.03,145.49,224.08,231.19,0.9191,0.07,33.9,peak
2024-02-04 09:00:00,Manewada,311.37,116.08,217.05,232.97,0.8926,0.1511,30.2,peak
2024-02-04 09:00:00,Hingna,320.19,129.48,182.26,233.58,0.8841,0.1292,35.5,peak
2024-02-04 10:00:00,Dharampeth,385.26,173.18,226.93,232.86,0.9706,0.7423,32.5,peak
2024-02-04 10:00:00,Sitabuldi,327.05,152.18,175.04,224.19,0.9051,0.0448,31.2,peak
2024-02-04 10:00:00,Gandhibagh,340.12,158.05,166.14,230.56,0.9401,0.0448,35.9,peak
2024-02-04 10:00:00,Lakadganj,330.55,125.68,210.62,229.03,0.953,0.1057,31.1,peak
2024-02-04 10:00:00,Sadar,390.66,145.2,228.38,227.12,0.9232,0.1692,33.9,peak
2024-02-04 10:00:00,Itwari,310.1,162.0,153.55,226.05,0.9603,0.0241,30.5,peak
2024-02-04 10:00:00,Manewada,381.61,138.2,255.9,232.32,0.9198,0.0834,30.1,peak
2024-02-04 10:00:00,Hingna,346.1,154.02,174.6,231.76,0.8734,0.1259,33.6,peak
2024-02-04 11:00:00,Dharampeth,377.26,190.84,186.82,232.33,0.8838,0.1419,32.5,peak
2024-02-04 11:00:00,Sitabuldi,304.15,151.07,168.17,232.36,0.8641,0.1599,32.2,peak
2024-02-04 11:00:00,Gandhibagh,332.29,179.07,142.34,232.04,0.9273,0.0626,28.6,peak
2024-02-04 11:00:00,Lakadganj,373.85,180.15,184.4,227.06,0.9479,0.0111,31.4,peak
2024-02-04 11:00:00,Sadar,395.71,184.28,217.84,228.54,0.9118,0.0377,33.3,peak
2024-02-04 11:00:00,Itwari,374.05,159.69,219.36,242.12,0.9518,0.1516,34.8,peak
2024-02-04 11:00:00,Manewada,341.37,166.96,180.96,227.27,0.8655,0.1265,34.0,peak
2024-02-04 11:00:00,Hingna,389.05,173.53,210.65,231.01,0.8999,0.0743,32.6,peak
2024-02-04 12:00:00,Dharampeth,366.76,174.64,187.09,231.18,0.8902,0.0955,33.2,peak
2024-02-04 12:00:00,Sitabuldi,350.8,169.4,179.92,226.1,0.9126,0.0893,32.4,peak
2024-02-04 12:00:00,Gandhibagh,348.15,175.38,171.26,221.26,0.9144,0.1565,29.6,peak
2024-02-04 12:00:00,Lakadganj,347.22,172.53,175.05,225.5,0.888,0.0779,32.6,peak
2024-02-04 12:00:00,Sadar,398.31,171.54,240.23,227.11,0.9366,0.1231,33.2,peak
2024-02-04 12:00:00,Itwari,348.42,175.78,186.24,233.9,0.935,0.0332,30.2,peak
2024-02-04 12:00:00,Manewada,350.53,171.01,200.25,228.18,0.9016,0.017,33.5,peak
2024-02-04 12:00:00,Hingna,335.49,185.15,130.89,227.79,0.8583,0.0397,31.1,peak
2024-02-04 13:00:00,Dharampeth,258.6,153.06,96.49,233.18,0.9031,0.0208,34.9,daytime
2024-02-04 13:00:00,Sitabuldi,280.23,172.6,111.85,231.37,0.9376,0.0863,32.4,daytime
2024-02-04 13:00:00,Gandhibagh,234.57,154.51,78.41,228.22,0.8939,0.1452,33.6,daytime
2024-02-04 13:00:00,Lakadganj,244.34,173.4,75.94,232.76,0.9466,0.1791,31.2,daytime
2024-02-04 13:00:00,Sadar,290.06,158.14,115.56,235.05,0.882,0.0698,34.6,daytime
2024-02-04 13:00:00,Itwari,291.27,193.26,97.69,232.45,0.9447,0.1371,30.6,daytime
2024-02-04 13:00:00,Manewada,309.24,176.87,120.6,234.25,0.8619,0.1351,35.6,daytime
2024-02-04 13:00:00,Hingna,300.44,179.46,124.37,230.73,0.9395,0.1408,29.0,daytime
2024-02-04 14:00:00,Dharampeth,301.22,136.74,154.0,222.78,0.9113,0.1365,33.9,daytime
2024-02-04 14:00:00,Sitabuldi,207.42,164.58,41.85,235.61,0.9221,0.1418,35.2,daytime
2024-02-04 14:00:00,Gandhibagh,298.13,160.81,149.71,233.69,0.9309,0.0917,33.5,daytime
2024-02-04 14:00:00,Lakadganj,237.56,138.87,111.74,228.03,0.9022,0.0244,33.1,daytime
2024-02-04 14:00:00,Sadar,305.61,155.66,155.35,236.71,0.9842,0.0852,30.1,daytime
2024-02-04 14:00:00,Itwari,320.02,171.74,142.61,221.62,0.9273,0.3367,28.0,daytime
2024-02-04 14:00:00,Manewada,234.41,145.82,90.68,233.93,0.9174,0.1707,33.2,daytime
2024-02-04 14:00:00,Hingna,305.35,144.93,160.66,224.36,0.9271,0.06,36.8,daytime
2024-02-04 15:00:00,Dharampeth,289.63,124.65,173.94,228.1,0.9098,0.0952,31.5,daytime
2024-02-04 15:00:00,Sitabuldi,182.75,117.07,68.34,228.72,0.921,0.1338,32.6,daytime
2024-02-04 15:00:00,Gandhibagh,259.1,119.46,142.1,227.35,0.883,0.1242,32.1,daytime
2024-02-04 15:00:00,Lakadganj,230.42,106.26,129.99,235.39,0.9373,0.0715,36.9,daytime
2024-02-04 15:00:00,Sadar,289.48,168.53,111.74,225.41,0.9601,0.024,34.4,daytime
2024-02-04 15:00:00,Itwari,264.53,116.72,155.11,222.8,0.9271,0.0933,32.7,daytime
2024-02-04 15:00:00,Manewada,342.09,120.74,232.44,233.28,0.9183,0.1729,33.5,daytime
2024-02-04 15:00:00,Hingna,277.74,110.59,172.74,230.03,0.9164,0.1299,33.3,daytime
2024-02-04 16:00:00,Dharampeth,273.19,101.51,165.51,221.02,0.8821,0.0477,33.7,daytime
2024-02-04 16:00:00,Sitabuldi,272.39,98.17,155.89,230.04,0.947,0.1478,33.8,daytime
2024-02-04 16:00:00,Gandhibagh,285.48,102.58,186.71,233.12,0.9727,0.0876,32.1,daytime
2024-02-04 16:00:00,Lakadganj,180.16,87.89,108.32,230.57,0.9193,0.1646,33.9,daytime
2024-02-04 16:00:00,Sadar,254.58,84.08,151.31,223.04,0.8509,0.1695,32.6,daytime
2024-02-04 16:00:00,Itwari,342.21,88.55,246.66,234.74,0.8967,0.1517,31.4,daytime
2024-02-04 16:00:00,Manewada,281.04,65.69,230.41,231.08,0.9447,0.0855,32.8,daytime
2024-02-04 16:00:00,Hingna,240.46,74.32,163.55,229.43,0.9102,0.0914,30.6,daytime
2024-02-04 17:00:00,Dharampeth,281.06,42.83,240.73,227.78,0.8858,0.0719,31.6,daytime
2024-02-04 17:00:00,Sitabuldi,205.37,46.96,158.94,238.51,0.9055,0.1002,30.7,daytime
2024-02-04 17:00:00,Gandhibagh,351.9,55.57,297.91,222.25,0.8634,0.0946,29.2,daytime
2024-02-04 17:00:00,Lakadganj,332.29,43.36,290.46,228.93,0.9066,0.1193,32.1,daytime
2024-02-04 17:00:00,Sadar,291.75,40.44,239.35,234.52,0.8839,0.1639,30.9,daytime
2024-02-04 17:00:00,Itwari,278.43,46.42,226.81,234.13,0.8966,0.0418,32.2,daytime
2024-02-04 17:00:00,Manewada,242.07,28.97,206.06,222.77,0.9234,0.0569,33.7,daytime
2024-02-04 17:00:00,Hingna,304.86,36.0,264.53,226.51,0.928,0.017,31.2,daytime
2024-02-04 18:00:00,Dharampeth,313.83,39.13,273.17,223.27,0.8936,0.0754,34.1,peak
2024-02-04 18:00:00,Sitabuldi,387.03,10.15,371.41,230.18,0.8977,0.1024,34.0,peak
2024-02-04 18:00:00,Gandhibagh,344.1,0,345.25,227.42,0.9218,0.1489,27.9,peak
2024-02-04 18:00:00,Lakadganj,448.76,0,441.56,236.74,0.9515,0.0884,30.9,peak
2024-02-04 18:00:00,Sadar,287.64,10.64,282.35,231.6,0.9395,0.0319,30.7,peak
2024-02-04 18:00:00,Itwari,391.65,0,367.94,229.24,0.9239,0.061,30.2,peak
2024-02-04 18:00:00,Manewada,341.17,11.82,324.56,228.21,0.9368,0.0755,35.2,peak
2024-02-04 18:00:00,Hingna,375.64,1.46,375.27,225.89,0.9315,0.1143,36.0,peak
2024-02-04 19:00:00,Dharampeth,350.69,0,365.81,238.57,0.9342,0.1332,31.0,peak
2024-02-04 19:00:00,Sitabuldi,325.23,0,320.69,227.26,0.881,0.031,29.9,peak
2024-02-04 19:00:00,Gandhibagh,297.69,0,297.02,224.01,0.9108,0.1087,33.8,peak
2024-02-04 19:00:00,Lakadganj,359.95,0,356.38,240.34,0.904,0.1169,31.8,peak
2024-02-04 19:00:00,Sadar,311.89,0,322.81,232.39,0.9194,0.138,34.9,peak
2024-02-04 19:00:00,Itwari,290.23,0,272.28,226.85,0.9105,0.0452,33.5,peak
2024-02-04 19:00:00,Manewada,300.38,0,285.19,233.05,0.9073,0.0799,33.7,peak
2024-02-04 19:00:00,Hingna,372.94,0,374.85,234.27,0.885,0.0366,35.5,peak
2024-02-04 20:00:00,Dharampeth,287.95,0,271.52,231.81,0.9261,0.1752,33.4,peak
2024-02-04 20:00:00,Sitabuldi,275.12,0,281.53,230.42,0.9458,0.0356,32.2,peak
2024-02-04 20:00:00,Gandhibagh,278.49,0,274.99,229.63,0.8851,0.0537,30.9,peak
2024-02-04 20:00:00,Lakadganj,322.64,0,330.07,235.7,0.9518,0.0884,32.2,peak
2024-02-04 20:00:00,Sadar,267.5,0,269.15,218.4,0.8623,0.1319,31.2,peak
2024-02-04 20:00:00,Itwari,360.25,0,345.57,224.22,0.8727,0.0692,32.5,peak
2024-02-04 20:00:00,Manewada,318.71,0,315.65,222.78,0.8596,0.0197,33.6,peak
2024-02-04 20:00:00,Hingna,349.95,0,374.34,223.85,0.9611,0.6094,31.3,peak
2024-02-04 21:00:00,Dharampeth,343.25,0,348.59,224.86,0.9792,0.1348,33.0,peak
2024-02-04 21:00:00,Sitabuldi,309.91,0,307.13,235.22,0.9081,0.1067,31.7,peak
2024-02-04 21:00:00,Gandhibagh,301.06,0,306.1,234.96,0.9387,0.1022,30.4,peak
2024-02-04 21:00:00,Lakadganj,328.29,0,318.69,230.8,0.9044,0.0065,33.0,peak
2024-02-04 21:00:00,Sadar,307.98,0,320.95,235.32,0.9008,0.0005,31.3,peak
2024-02-04 21:00:00,Itwari,364.99,0,367.73,227.73,0.9009,0.1504,31.4,peak
2024-02-04 21:00:00,Manewada,306.72,0,308.33,231.93,0.914,0.0421,31.6,peak
2024-02-04 21:00:00,Hingna,366.65,0,357.72,230.23,0.9222,0.0848,33.4,peak
2024-02-04 22:00:00,Dharampeth,336.43,0,354.37,223.72,0.833,0.1787,31.6,peak
2024-02-04 22:00:00,Sitabuldi,286.82,0,285.57,227.49,0.9765,0.1519,27.5,peak
2024-02-04 22:00:00,Gandhibagh,311.99,0,320.3,230.25,0.9356,0.0981,36.3,peak
2024-02-04 22:00:00,Lakadganj,269.25,0,278.75,231.65,0.9306,0.0282,33.3,peak
2024-02-04 22:00:00,Sadar,359.2,0,358.03,231.14,0.9027,0.1444,34.2,peak
2024-02-04 22:00:00,Itwari,318.42,0,334.16,225.31,0.8852,0.175,33.0,peak
2024-02-04 22:00:00,Manewada,403.0,0,389.66,232.23,0.9108,0.1572,36.0,peak
2024-02-04 22:00:00,Hingna,287.91,0,283.99,233.84,0.8932,0.1248,35.0,peak
2024-02-04 23:00:00,Dharampeth,304.49,0,305.85,230.2,0.961,0.1188,37.2,night
2024-02-04 23:00:00,Sitabuldi,273.68,0,267.27,222.86,0.9088,0.1734,33.9,night
2024-02-04 23:00:00,Gandhibagh,259.21,0,266.6,235.85,0.8697,0.1564,31.8,night
2024-02-04 23:00:00,Lakadganj,242.15,0,233.84,231.58,0.8937,0.0246,30.6,night
2024-02-04 23:00:00,Sadar,183.43,0,186.56,230.84,0.9144,0.0586,33.1,night
2024-02-04 23:00:00,Itwari,258.48,0,258.12,225.89,0.9374,0.6032,36.9,night
2024-02-04 23:00:00,Manewada,179.18,0,189.87,230.86,0.9365,0.086,32.7,night
2024-02-04 23:00:00,Hingna,222.41,0,216.63,220.24,0.9496,0.0039,31.7,night
2024-02-05 00:00:00,Dharampeth,238.11,0,253.13,232.5,0.9062,0.1114,31.8,night
2024-02-05 00:00:00,Sitabuldi,220.0,0,211.84,230.38,0.9126,0.042,32.0,night
2024-02-05 00:00:00,Gandhibagh,198.15,0,180.22,235.2,0.9248,0.0,33.2,night
2024-02-05 00:00:00,Lakadganj,222.7,0,210.74,231.72,0.884,0.1664,33.6,night
2024-02-05 00:00:00,Sadar,220.51,0,214.49,218.06,0.9228,0.005,32.6,night
2024-02-05 00:00:00,Itwari,253.34,0,253.76,230.77,0.833,0.6459,33.9,night
2024-02-05 00:00:00,Manewada,213.15,0,220.04,238.1,0.8933,0.1228,30.4,night
2024-02-05 00:00:00,Hingna,229.93,0,235.0,232.07,0.9252,0.1599,29.0,night
2024-02-05 01:00:00,Dharampeth,255.48,0,235.48,230.66,0.925,0.0071,31.7,night
2024-02-05 01:00:00,Sitabuldi,231.14,0,226.16,229.77,0.9145,0.1426,31.7,night
2024-02-05 01:00:00,Gandhibagh,262.15,0,264.74,229.51,0.88,0.1299,34.6,night
2024-02-05 01:00:00,Lakadganj,291.97,0,276.3,236.69,0.9267,0.63,30.8,night
2024-02-05 01:00:00,Sadar,221.97,0,227.13,233.89,0.9652,0.0494,33.2,night
2024-02-05 01:00:00,Itwari,263.62,0,266.17,231.19,0.9601,0.025,31.8,night
2024-02-05 01:00:00,Manewada,212.28,0,178.97,231.03,0.9477,0.1017,37.9,night
2024-02-05 01:00:00,Hingna,256.9,0,279.5,220.79,0.9167,0.0919,30.5,night
2024-02-05 02:00:00,Dharampeth,268.73,0,273.39,233.93,0.9069,0.1601,32.0,night
2024-02-05 02:00:00,Sitabuldi,244.87,0,252.69,231.46,0.9333,0.0603,31.8,night
2024-02-05 02:00:00,Gandhibagh,222.48,0,220.32,225.53,0.9568,0.0651,30.5,night
2024-02-05 02:00:00,Lakadganj,282.5,0,269.99,228.24,0.9309,0.1084,33.4,night
2024-02-05 02:00:00,Sadar,266.46,0,251.03,233.18,0.9388,0.0786,29.7,night
2024-02-05 02:00:00,Itwari,269.33,0,273.09,226.53,0.8906,0.1534,31.7,night
2024-02-05 02:00:00,Manewada,277.86,0,271.75,222.54,0.9597,0.0836,33.0,night
2024-02-05 02:00:00,Hingna,212.57,0,218.33,227.3,0.9315,0.1485,33.6,night
2024-02-05 03:00:00,Dharampeth,270.54,0,281.45,237.21,0.9364,0.0374,31.6,night
2024-02-05 03:00:00,Sitabuldi,218.65,0,219.92,229.57,0.9081,0.0424,32.7,night
2024-02-05 03:00:00,Gandhibagh,217.53,0,219.61,235.27,0.9133,0.1437,32.9,night
2024-02-05 03:00:00,Lakadganj,232.71,0,210.37,230.78,0.9517,0.7672,31.1,night
2024-02-05 03:00:00,Sadar,234.23,0,238.92,229.7,0.9373,0.0488,29.5,night
2024-02-05 03:00:00,Itwari,219.37,0,214.0,234.94,0.9226,0.1031,29.5,night
2024-02-05 03:00:00,Manewada,245.79,0,240.65,230.17,0.9714,0.1432,31.5,night
2024-02-05 03:00:00,Hingna,275.05,0,273.05,222.77,0.9651,0.0289,31.3,night
2024-02-05 04:00:00,Dharampeth,231.48,0,237.54,235.33,0.9192,0.0184,33.4,night
2024-02-05 04:00:00,Sitabuldi,187.74,0,187.7,228.62,0.8729,0.0405,28.9,night
2024-02-05 04:00:00,Gandhibagh,245.44,0,247.0,234.55,0.8941,0.0869,30.5,night
2024-02-05 04:00:00,Lakadganj,171.21,0,177.1,230.68,0.9307,0.0649,32.8,night
2024-02-05 04:00:00,Sadar,223.84,0,231.77,227.96,0.9094,0.1136,31.1,night
2024-02-05 04:00:00,Itwari,214.05,0,223.22,239.47,0.9363,0.1682,34.4,night
2024-02-05 04:00:00,Manewada,243.78,0,245.77,234.77,0.9798,0.0062,32.2,night
2024-02-05 04:00:00,Hingna,225.7,0,235.19,224.53,0.8669,0.0885,31.2,night
2024-02-05 05:00:00,Dharampeth,200.52,0,192.51,230.94,0.8635,0.1429,30.0,night
2024-02-05 05:00:00,Sitabuldi,271.33,0,274.12,227.8,0.9137,0.1704,33.6,night
2024-02-05 05:00:00,Gandhibagh,210.08,0,193.21,232.21,0.8859,0.052,30.4,night
2024-02-05 05:00:00,Lakadganj,182.19,0,205.24,224.65,0.918,0.0689,34.5,night
2024-02-05 05:00:00,Sadar,237.04,0,229.12,228.51,0.8717,0.0728,34.6,night
2024-02-05 05:00:00,Itwari,281.7,0,305.57,235.03,0.9243,0.0998,33.9,night
2024-02-05 05:00:00,Manewada,254.36,0,248.58,231.04,0.864,0.0554,33.3,night
2024-02-05 05:00:00,Hingna,285.68,0,281.47,233.78,0.9007,0.1297,32.7,night
2024-02-05 06:00:00,Dharampeth,288.76,9.72,272.04,231.5,0.913,0.0375,31.2,daytime
2024-02-05 06:00:00,Sitabuldi,283.36,0.03,287.3,229.36,0.949,0.0318,31.9,daytime
2024-02-05 06:00:00,Gandhibagh,369.74,0,367.5,231.93,0.8901,0.0779,33.1,daytime
2024-02-05 06:00:00,Lakadganj,246.35,8.65,249.73,231.8,0.9049,0.1716,31.6,daytime
2024-02-05 06:00:00,Sadar,328.52,13.65,303.63,229.38,0.9567,0.0206,32.8,daytime
2024-02-05 06:00:00,Itwari,218.85,0,222.17,226.45,0.9083,0.1773,35.1,daytime
2024-02-05 06:00:00,Manewada,307.6,0,310.85,221.45,0.9354,0.1094,34.4,daytime
2024-02-05 06:00:00,Hingna,312.67,0,334.27,235.46,0.8952,0.0148,32.4,daytime
2024-02-05 07:00:00,Dharampeth,297.32,61.7,244.44,234.07,0.9425,0.138,29.4,daytime
2024-02-05 07:00:00,Sitabuldi,267.09,73.45,182.33,227.99,0.8897,0.164,33.7,daytime
2024-02-05 07:00:00,Gandhibagh,303.54,83.81,231.63,231.95,0.9015,0.1747,33.2,daytime
2024-02-05 07:00:00,Lakadganj,255.81,62.33,199.84,223.4,0.8976,0.0201,33.9,daytime
2024-02-05 07:00:00,Sadar,357.51,53.07,308.64,232.09,0.9012,0.0787,34.0,daytime
2024-02-05 07:00:00,Itwari,284.57,63.81,217.48,222.87,0.9372,0.1415,37.1,daytime
2024-02-05 07:00:00,Manewada,293.4,52.83,226.73,229.16,0.9384,0.0502,34.9,daytime
2024-02-05 07:00:00,Hingna,324.74,50.66,263.75,236.26,0.9283,0.0873,31.2,daytime
2024-02-05 08:00:00,Dharampeth,218.1,122.46,94.08,238.85,0.9275,0.1585,30.2,daytime
2024-02-05 08:00:00,Sitabuldi,324.7,126.96,202.6,228.59,0.9436,0.0301,32.9,daytime
2024-02-05 08:00:00,Gandhibagh,278.38,68.25,213.95,226.4,0.8963,0.1243,32.0,daytime
2024-02-05 08:00:00,Lakadganj,260.44,85.77,164.09,227.78,0.9596,0.0519,35.3,daytime
2024-02-05 08:00:00,Sadar,312.72,93.14,207.12,227.09,0.8888,0.1618,31.8,daytime
2024-02-05 08:00:00,Itwari,279.36,90.34,179.13,227.37,0.9268,0.0531,35.2,daytime
2024-02-05 08:00:00,Manewada,297.54,70.36,219.55,228.31,0.9706,0.1319,34.2,daytime
2024-02-05 08:00:00,Hingna,300.4,104.36,225.38,217.81,0.9182,0.0455,32.1,daytime
2024-02-05 09:00:00,Dharampeth,404.75,137.83,268.15,221.89,0.8809,0.0677,30.8,peak
2024-02-05 09:00:00,Sitabuldi,325.26,133.28,207.25,233.42,0.8935,0.1487,35.5,peak
2024-02-05 09:00:00,Gandhibagh,366.76,144.99,211.71,229.87,0.9045,0.141,33.5,peak
2024-02-05 09:00:00,Lakadganj,366.79,134.56,229.08,234.01,0.9409,0.1654,33.9,peak
2024-02-05 09:00:00,Sadar,332.17,130.65,200.63,231.83,0.9146,0.0256,34.8,peak
2024-02-05 09:00:00,Itwari,374.28,134.35,236.04,236.25,0.9023,0.128,35.8,peak
2024-02-05 09:00:00,Manewada,362.67,108.73,256.86,230.99,0.9179,0.1181,31.3,peak
2024-02-05 09:00:00,Hingna,382.84,133.95,252.44,229.25,0.8811,0.0941,29.7,peak
2024-02-05 10:00:00,Dharampeth,337.24,159.92,166.95,227.99,0.9083,0.1587,36.9,peak
2024-02-05 10:00:00,Sitabuldi,367.3,154.21,208.94,231.37,0.8762,0.0069,31.2,peak
2024-02-05 10:00:00,Gandhibagh,392.08,159.09,227.98,224.32,0.885,0.0288,30.8,peak
2024-02-05 10:00:00,Lakadganj,468.99,151.71,305.43,230.81,0.9096,0.5285,34.4,peak
2024-02-05 10:00:00,Sadar,404.64,127.37,291.33,234.95,0.8795,0.1464,30.8,peak
2024-02-05 10:00:00,Itwari,347.69,179.14,155.94,231.71,0.8777,0.1089,33.6,peak
2024-02-05 10:00:00,Manewada,337.55,168.07,159.39,227.37,0.8609,0.0454,31.4,peak
2024-02-05 10:00:00,Hingna,348.43,164.71,183.01,229.11,0.9299,0.0958,32.9,peak
2024-02-05 11:00:00,Dharampeth,337.16,176.09,155.15,230.52,0.89,0.0507,31.2,peak
2024-02-05 11:00:00,Sitabuldi,358.1,186.52,197.14,231.26,0.8674,0.1642,33.8,peak
2024-02-05 11:00:00,Gandhibagh,282.57,146.2,123.2,232.99,0.93,0.083,34.0,peak
2024-02-05 11:00:00,Lakadganj,314.36,203.64,99.04,230.49,0.9306,0.0778,30.6,peak
2024-02-05 11:00:00,Sadar,361.68,194.7,155.38,236.08,0.9954,0.0368,33.3,peak
2024-02-05 11:00:00,Itwari,345.53,158.13,185.11,221.81,0.8967,0.4985,31.7,peak
2024-02-05 11:00:00,Manewada,326.19,214.12,115.34,227.68,0.9203,0.0177,31.4,peak
2024-02-05 11:00:00,Hingna,281.29,163.77,112.18,229.16,0.9317,0.0127,30.5,peak
2024-02-05 12:00:00,Dharampeth,335.53,167.23,166.31,229.39,0.9085,0.0642,33.5,peak
2024-02-05 12:00:00,Sitabuldi,390.1,175.2,226.01,234.33,0.97,0.1393,29.3,peak
2024-02-05 12:00:00,Gandhibagh,338.31,176.33,171.55,236.12,0.9387,0.1126,31.6,peak
2024-02-05 12:00:00,Lakadganj,428.34,170.61,265.94,231.99,0.9897,0.1644,32.3,peak
2024-02-05 12:00:00,Sadar,367.26,186.17,193.57,231.53,0.9376,0.0135,32.3,peak
2024-02-05 12:00:00,Itwari,371.39,174.27,189.99,225.54,0.9128,0.0082,35.4,peak
2024-02-05 12:00:00,Manewada,382.51,174.95,209.84,230.18,0.9313,0.0787,32.2,peak
2024-02-05 12:00:00,Hingna,336.99,195.49,136.92,231.68,0.8297,0.0687,33.2,peak
2024-02-05 13:00:00,Dharampeth,293.85,195.15,103.69,229.68,0.9148,0.0234,34.6,daytime
2024-02-05 13:00:00,Sitabuldi,318.62,177.51,160.6,231.33,0.9292,0.1411,30.7,daytime
2024-02-05 13:00:00,Gandhibagh,253.63,178.17,93.14,235.17,0.9374,0.0086,29.6,daytime
2024-02-05 13:00:00,Lakadganj,301.78,180.7,103.6,227.83,0.9098,0.1149,30.5,daytime
2024-02-05 13:00:00,Sadar,252.1,203.91,43.69,222.94,0.894,0.1436,32.5,daytime
2024-02-05 13:00:00,Itwari,290.15,173.17,107.77,225.15,0.9243,0.0696,34.1,daytime
2024-02-05 13:00:00,Manewada,251.71,202.41,46.04,231.62,0.9431,0.0461,32.3,daytime
2024-02-05 13:00:00,Hingna,281.48,176.24,98.33,241.2,0.8959,0.1611,30.9,daytime
2024-02-05 14:00:00,Dharampeth,296.36,156.95,139.43,222.32,0.8999,0.6136,30.6,daytime
2024-02-05 14:00:00,Sitabuldi,282.09,134.54,151.99,229.35,0.9037,0.0109,34.6,daytime
2024-02-05 14:00:00,Gandhibagh,286.85,163.89,150.03,232.55,0.9394,0.1001,34.5,daytime
2024-02-05 14:00:00,Lakadganj,259.66,163.86,90.57,218.04,0.9186,0.1524,31.5,daytime
2024-02-05 14:00:00,Sadar,268.63,144.39,120.76,224.08,0.9674,0.0714,34.3,daytime
2024-02-05 14:00:00,Itwari,302.96,153.28,156.94,227.67,0.9218,0.1499,32.5,daytime
2024-02-05 14:00:00,Manewada,272.09,138.51,133.6,228.7,0.9201,0.1772,29.7,daytime
2024-02-05 14:00:00,Hingna,269.42,154.03,127.61,229.82,0.87,0.0048,34.9,daytime
2024-02-05 15:00:00,Dharampeth,310.86,136.36,164.86,219.04,0.9424,0.0446,30.8,daytime
2024-02-05 15:00:00,Sitabuldi,272.15,140.52,147.35,230.49,0.9172,0.1597,33.1,daytime
2024-02-05 15:00:00,Gandhibagh,307.3,138.71,167.45,231.95,0.9235,0.1032,29.8,daytime
2024-02-05 15:00:00,Lakadganj,304.4,98.96,187.34,229.61,0.9663,0.0112,33.6,daytime
2024-02-05 15:00:00,Sadar,319.11,130.77,191.4,231.07,0.9515,0.0296,33.4,daytime
2024-02-05 15:00:00,Itwari,234.12,143.87,96.65,230.97,0.9252,0.1338,34.0,daytime
2024-02-05 15:00:00,Manewada,284.86,133.41,175.96,233.71,0.9148,0.0349,33.8,daytime
2024-02-05 15:00:00,Hingna,346.73,115.07,243.44,228.55,0.9182,0.1219,31.1,daytime
2024-02-05 16:00:00,Dharampeth,263.75,94.0,176.68,224.34,0.8938,0.0243,33.8,daytime
2024-02-05 16:00:00,Sitabuldi,326.02,88.71,245.74,220.88,0.8982,0.0376,34.8,daytime
2024-02-05 16:00:00,Gandhibagh,278.35,92.14,177.32,229.7,0.9336,0.1303,32.9,daytime
2024-02-05 16:00:00,Lakadganj,264.47,77.2,187.16,228.11,0.9152,0.0171,29.5,daytime
2024-02-05 16:00:00,Sadar,313.52,87.46,233.66,231.67,0.8918,0.0117,29.4,daytime
2024-02-05 16:00:00,Itwari,254.69,108.14,146.01,225.9,0.9602,0.1698,34.5,daytime
2024-02-05 16:00:00,Manewada,233.66,81.95,148.03,225.87,0.9484,0.0619,32.6,daytime
2024-02-05 16:00:00,Hingna,264.74,98.67,172.13,235.46,0.9218,0.071,33.1,daytime
2024-02-05 17:00:00,Dharampeth,292.46,62.61,214.2,227.51,0.9261,0.0679,30.0,daytime
2024-02-05 17:00:00,Sitabuldi,276.2,17.36,267.37,229.75,0.9118,0.0305,31.9,daytime
2024-02-05 17:00:00,Gandhibagh,321.68,48.0,266.19,228.71,0.9085,0.1018,34.5,daytime
2024-02-05 17:00:00,Lakadganj,221.52,37.09,179.53,235.66,0.9444,0.0734,30.6,daytime
2024-02-05 17:00:00,Sadar,325.43,52.39,282.01,225.79,0.9323,0.0787,34.2,daytime
2024-02-05 17:00:00,Itwari,238.2,20.97,226.82,231.26,0.8428,0.1378,30.8,daytime
2024-02-05 17:00:00,Manewada,313.35,47.62,275.84,238.08,0.9233,0.0568,29.3,daytime
2024-02-05 17:00:00,Hingna,185.56,25.56,150.58,228.59,0.8838,0.1479,34.0,daytime
2024-02-05 18:00:00,Dharampeth,407.23,0,404.11,231.53,0.9249,0.0124,34.6,peak
2024-02-05 18:00:00,Sitabuldi,342.58,12.57,329.77,229.51,0.9566,0.1393,32.3,peak
2024-02-05 18:00:00,Gandhibagh,342.85,9.92,318.56,227.61,0.9251,0.107,35.2,peak
2024-02-05 18:00:00,Lakadganj,387.54,0,383.71,222.81,0.9679,0.0593,30.9,peak
2024-02-05 18:00:00,Sadar,345.53,5.08,319.31,223.4,0.9207,0.0699,31.7,peak
2024-02-05 18:00:00,Itwari,410.71,12.39,389.07,221.15,0.9176,0.0731,34.3,peak
2024-02-05 18:00:00,Manewada,310.73,0,320.18,232.82,0.8975,0.1659,35.2,peak
2024-02-05 18:00:00,Hingna,430.81,0,412.83,227.96,0.9502,0.318,35.0,peak
2024-02-05 19:00:00,Dharampeth,282.08,0,271.11,227.5,0.9063,0.0334,32.8,peak
2024-02-05 19:00:00,Sitabuldi,292.57,0,291.56,230.82,0.9125,0.1608,33.5,peak
2024-02-05 19:00:00,Gandhibagh,341.03,0,335.23,226.6,0.8835,0.095,28.8,peak
2024-02-05 19:00:00,Lakadganj,354.2,0,364.31,239.57,0.9005,0.0408,31.4,peak
2024-02-05 19:00:00,Sadar,339.85,0,335.43,231.71,0.9481,0.1284,33.6,peak
2024-02-05 19:00:00,Itwari,301.03,0,305.29,229.2,0.9071,0.1727,31.1,peak
2024-02-05 19:00:00,Manewada,348.53,0,354.69,222.03,0.8795,0.1625,34.5,peak
2024-02-05 19:00:00,Hingna,295.84,0,297.67,229.25,0.9977,0.1386,31.8,peak
2024-02-05 20:00:00,Dharampeth,351.7,0,341.3,227.86,0.9794,0.1348,31.8,peak
2024-02-05 20:00:00,Sitabuldi,368.23,0,370.84,236.64,0.9739,0.0967,32.7,peak
2024-02-05 20:00:00,Gandhibagh,268.69,0,272.6,228.9,0.9065,0.5317,31.9,peak
2024-02-05 20:00:00,Lakadganj,306.06,0,269.6,228.59,0.9927,0.1412,30.6,peak
2024-02-05 20:00:00,Sadar,323.76,0,342.04,236.78,0.9581,0.1017,32.7,peak
2024-02-05 20:00:00,Itwari,352.4,0,350.36,229.16,0.8807,0.0178,31.9,peak
2024-02-05 20:00:00,Manewada,323.57,0,317.86,232.93,0.8822,0.1048,33.0,peak
2024-02-05 20:00:00,Hingna,286.78,0,274.2,233.86,0.9111,0.1517,36.4,peak
2024-02-05 21:00:00,Dharampeth,343.15,0,355.61,228.07,0.9002,0.1161,31.2,peak
2024-02-05 21:00:00,Sitabuldi,354.89,0,352.81,240.92,0.9725,0.0832,29.0,peak
2024-02-05 21:00:00,Gandhibagh,288.91,0,300.35,231.13,0.9131,0.1738,33.0,peak
2024-02-05 21:00:00,Lakadganj,250.85,0,254.03,232.67,0.8816,0.0692,29.8,peak
2024-02-05 21:00:00,Sadar,362.14,0,363.39,228.15,0.9548,0.1116,32.1,peak
2024-02-05 21:00:00,Itwari,366.73,0,359.63,241.0,0.9605,0.0624,30.6,peak
2024-02-05 21:00:00,Manewada,304.19,0,307.92,229.4,0.9256,0.168,32.2,peak
2024-02-05 21:00:00,Hingna,275.74,0,279.6,238.09,0.9009,0.0577,34.0,peak
2024-02-05 22:00:00,Dharampeth,328.38,0,317.84,227.74,0.9052,0.0872,33.1,peak
2024-02-05 22:00:00,Sitabuldi,287.53,0,276.45,234.44,0.9237,0.0228,32.1,peak
2024-02-05 22:00:00,Gandhibagh,288.26,0,286.45,217.9,0.9081,0.037,29.4,peak
2024-02-05 22:00:00,Lakadganj,320.99,0,320.13,234.15,0.8726,0.1232,31.7,peak
2024-02-05 22:00:00,Sadar,311.12,0,311.06,232.54,0.8617,0.0161,30.1,peak
2024-02-05 22:00:00,Itwari,314.59,0,324.88,234.91,0.9295,0.0405,31.0,peak
2024-02-05 22:00:00,Manewada,302.6,0,296.68,232.49,0.9416,0.1381,31.8,peak
2024-02-05 22:00:00,Hingna,310.53,0,311.69,238.53,0.8745,0.1689,33.0,peak
2024-02-05 23:00:00,Dharampeth,290.01,0,301.28,230.85,0.9081,0.1649,32.0,night
2024-02-05 23:00:00,Sitabuldi,233.81,0,220.38,238.1,0.8931,0.1024,32.1,night
2024-02-05 23:00:00,Gandhibagh,227.29,0,223.14,223.45,0.873,0.1623,33.9,night
2024-02-05 23:00:00,Lakadganj,248.9,0,258.69,224.04,0.8795,0.0034,31.4,night
2024-02-05 23:00:00,Sadar,241.89,0,230.21,227.4,0.9804,0.1194,30.6,night
2024-02-05 23:00:00,Itwari,221.18,0,229.2,225.9,0.9054,0.0821,31.0,night
2024-02-05 23:00:00,Manewada,199.25,0,189.95,235.23,0.8605,0.1714,32.9,night
2024-02-05 23:00:00,Hingna,204.64,0,205.75,227.72,0.9131,0.0814,31.6,night
2024-02-06 00:00:00,Dharampeth,265.29,0,263.26,231.54,0.988,0.0972,33.9,night
2024-02-06 00:00:00,Sitabuldi,283.87,0,281.53,234.01,0.8809,0.0946,33.7,night
2024-02-06 00:00:00,Gandhibagh,224.54,0,224.95,230.13,0.91,0.5213,31.9,night
2024-02-06 00:00:00,Lakadganj,254.64,0,255.84,219.74,0.941,0.0666,32.3,night
2024-02-06 00:00:00,Sadar,221.79,0,216.12,233.69,0.8802,0.1711,32.6,night
2024-02-06 00:00:00,Itwari,236.88,0,231.11,233.4,0.9165,0.0563,35.1,night
2024-02-06 00:00:00,Manewada,307.72,0,316.14,225.41,0.8817,0.024,33.6,night
2024-02-06 00:00:00,Hingna,251.38,0,254.17,229.3,0.9503,0.0185,33.8,night
2024-02-06 01:00:00,Dharampeth,285.35,0,286.24,227.31,0.9281,0.1175,33.5,night
2024-02-06 01:00:00,Sitabuldi,236.58,0,238.2,227.46,0.9562,0.0204,33.0,night
2024-02-06 01:00:00,Gandhibagh,238.99,0,238.38,226.38,0.9553,0.105,35.4,night
2024-02-06 01:00:00,Lakadganj,237.27,0,240.19,221.77,0.953,0.1392,36.5,night
2024-02-06 01:00:00,Sadar,285.47,0,292.96,222.54,0.932,0.0748,32.7,night
2024-02-06 01:00:00,Itwari,272.52,0,285.69,235.47,0.9104,0.0516,31.7,night
2024-02-06 01:00:00,Manewada,222.72,0,201.61,220.01,0.8936,0.15,30.9,night
2024-02-06 01:00:00,Hingna,192.7,0,187.06,233.88,0.9203,0.0726,35.7,night
2024-02-06 02:00:00,Dharampeth,286.27,0,269.32,227.16,0.9251,0.1427,34.6,night
2024-02-06 02:00:00,Sitabuldi,249.29,0,243.57,224.74,0.9461,0.0789,32.0,night
2024-02-06 02:00:00,Gandhibagh,207.86,0,185.45,244.79,0.935,0.0458,36.9,night
2024-02-06 02:00:00,Lakadganj,204.34,0,200.94,218.52,0.9322,0.1531,31.1,night
2024-02-06 02:00:00,Sadar,293.39,0,298.25,235.25,0.9,0.1716,29.9,night
2024-02-06 02:00:00,Itwari,216.6,0,217.86,227.02,0.8886,0.1344,34.7,night
2024-02-06 02:00:00,Manewada,237.19,0,234.91,235.48,0.9333,0.489,37.8,night
2024-02-06 02:00:00,Hingna,236.54,0,229.52,233.0,0.9366,0.1102,30.4,night
2024-02-06 03:00:00,Dharampeth,251.04,0,240.07,230.81,0.8765,0.655,33.0,night
2024-02-06 03:00:00,Sitabuldi,220.5,0,207.02,227.33,0.8996,0.0182,30.9,night
2024-02-06 03:00:00,Gandhibagh,287.46,0,284.87,234.74,0.8949,0.1332,33.0,night
2024-02-06 03:00:00,Lakadganj,262.67,0,266.04,237.19,0.9103,0.0954,35.4,night
2024-02-06 03:00:00,Sadar,222.87,0,226.35,220.77,0.9144,0.119,32.3,night
2024-02-06 03:00:00,Itwari,231.15,0,232.96,236.72,0.976,0.0603,34.1,night
2024-02-06 03:00:00,Manewada,251.6,0,251.03,236.2,0.9691,0.0144,31.3,night
2024-02-06 03:00:00,Hingna,233.87,0,241.71,236.22,0.9136,0.1489,35.7,night
2024-02-06 04:00:00,Dharampeth,210.81,0,217.27,229.33,0.8868,0.175,32.3,night
2024-02-06 04:00:00,Sitabuldi,245.16,0,253.08,229.39,0.911,0.0714,30.5,night
2024-02-06 04:00:00,Gandhibagh,257.08,0,257.54,224.8,0.956,0.1676,31.5,night
2024-02-06 04:00:00,Lakadganj,288.47,0,291.93,234.86,0.8946,0.1166,34.3,night
2024-02-06 04:00:00,Sadar,231.7,0,234.58,226.02,0.9567,0.0081,35.6,night
2024-02-06 04:00:00,Itwari,220.9,0,217.42,229.4,0.931,0.1698,30.8,night
2024-02-06 04:00:00,Manewada,208.03,0,224.89,231.27,0.9207,0.0041,35.7,night
2024-02-06 04:00:00,Hingna,222.41,0,209.48,238.95,0.9275,0.1408,36.2,night
2024-02-06 05:00:00,Dharampeth,290.83,0,295.72,226.42,0.9579,0.0362,29.6,night
2024-02-06 05:00:00,Sitabuldi,279.1,0,299.35,218.87,0.9309,0.1578,29.7,night
2024-02-06 05:00:00,Gandhibagh,177.43,0,163.63,228.36,0.8969,0.1432,34.6,night
2024-02-06 05:00:00,Lakadganj,237.87,0,241.99,233.03,0.9209,0.0657,31.8,night
2024-02-06 05:00:00,Sadar,206.1,0,208.93,222.75,0.9375,0.1517,31.6,night
2024-02-06 05:00:00,Itwari,213.11,0,229.07,224.99,0.9487,0.0311,35.3,night
2024-02-06 05:00:00,Manewada,203.91,0,200.59,227.19,0.8926,0.1077,30.5,night
2024-02-06 05:00:00,Hingna,281.02,0,280.64,234.7,0.9002,0.1103,33.5,night
2024-02-06 06:00:00,Dharampeth,254.65,21.19,225.93,227.41,0.9256,0.1268,29.1,daytime
2024-02-06 06:00:00,Sitabuldi,262.16,0,262.32,228.61,0.9399,0.0551,32.0,daytime
2024-02-06 06:00:00,Gandhibagh,266.23,1.22,267.86,222.89,0.9265,0.1199,33.5,daytime
2024-02-06 06:00:00,Lakadganj,285.23,28.17,234.76,227.74,0.9495,0.1149,35.0,daytime
2024-02-06 06:00:00,Sadar,259.27,0,221.54,227.14,0.8939,0.1375,32.4,daytime
2024-02-06 06:00:00,Itwari,250.03,22.67,224.19,233.29,0.8655,0.0527,32.5,daytime
2024-02-06 06:00:00,Manewada,306.84,8.46,288.87,232.48,0.9641,0.173,32.0,daytime
2024-02-06 06:00:00,Hingna,273.84,28.37,230.19,230.53,0.957,0.1272,37.2,daytime
2024-02-06 07:00:00,Dharampeth,283.92,49.34,229.64,235.45,0.9092,0.0516,33.1,daytime
2024-02-06 07:00:00,Sitabuldi,283.32,49.4,244.65,215.02,0.9075,0.1787,33.5,daytime
2024-02-06 07:00:00,Gandhibagh,273.5,38.23,218.45,227.72,0.9578,0.0437,35.0,daytime
2024-02-06 07:00:00,Lakadganj,283.13,25.09,237.47,227.33,0.8708,0.1167,35.2,daytime
2024-02-06 07:00:00,Sadar,332.64,26.75,302.93,227.98,0.9443,0.1428,33.9,daytime
2024-02-06 07:00:00,Itwari,245.39,40.2,210.44,226.66,0.9652,0.1061,32.0,daytime
2024-02-06 07:00:00,Manewada,209.81,21.73,179.12,225.95,0.9731,0.0067,33.8,daytime
2024-02-06 07:00:00,Hingna,364.38,35.16,342.58,228.5,0.9719,0.097,31.9,daytime
2024-02-06 08:00:00,Dharampeth,262.22,74.55,193.68,233.07,0.9351,0.1103,33.2,daytime
2024-02-06 08:00:00,Sitabuldi,240.46,97.44,144.67,229.2,0.8905,0.0439,36.5,daytime
2024-02-06 08:00:00,Gandhibagh,325.75,93.31,221.75,229.19,0.9501,0.0803,31.4,daytime
2024-02-06 08:00:00,Lakadganj,273.02,82.68,206.13,225.64,0.9429,0.1729,32.2,daytime
2024-02-06 08:00:00,Sadar,297.41,105.22,193.42,236.85,0.9234,0.1313,36.6,daytime
2024-02-06 08:00:00,Itwari,349.31,101.99,255.15,235.97,0.9365,0.0037,34.3,daytime
2024-02-06 08:00:00,Manewada,288.37,71.41,219.83,231.48,1.0,0.4582,31.2,daytime
2024-02-06 08:00:00,Hingna,265.57,100.08,158.88,224.21,0.918,0.0932,34.9,daytime
2024-02-06 09:00:00,Dharampeth,341.91,129.39,209.08,228.31,0.9238,0.168,34.0,peak
2024-02-06 09:00:00,Sitabuldi,382.63,131.18,243.34,226.65,0.9149,0.0877,34.1,peak
2024-02-06 09:00:00,Gandhibagh,317.16,140.63,171.83,234.01,0.9531,0.0582,32.8,peak
2024-02-06 09:00:00,Lakadganj,379.32,99.61,283.15,229.57,0.9749,0.1087,31.7,peak
2024-02-06 09:00:00,Sadar,354.82,109.65,245.37,237.51,0.951,0.1364,30.8,peak
2024-02-06 09:00:00,Itwari,372.1,119.7,247.78,226.59,0.9702,0.0953,30.6,peak
2024-02-06 09:00:00,Manewada,350.04,154.61,209.84,233.11,0.8735,0.134,30.9,peak
2024-02-06 09:00:00,Hingna,382.81,124.79,261.52,234.04,0.915,0.1709,30.8,peak
2024-02-06 10:00:00,Dharampeth,334.01,162.27,176.16,227.34,0.945,0.1779,36.0,peak
2024-02-06 10:00:00,Sitabuldi,369.74,164.53,206.96,231.62,0.944,0.17,35.8,peak
2024-02-06 10:00:00,Gandhibagh,401.99,145.73,255.34,228.89,0.9261,0.0444,34.4,peak
2024-02-06 10:00:00,Lakadganj,353.67,184.73,176.0,236.81,0.923,0.0717,35.0,peak
2024-02-06 10:00:00,Sadar,405.11,148.39,256.29,224.23,0.9373,0.0525,34.3,peak
2024-02-06 10:00:00,Itwari,360.18,137.73,215.69,233.92,0.8697,0.1569,35.7,peak
2024-02-06 10:00:00,Manewada,299.52,145.63,150.52,233.04,0.937,0.1234,34.3,peak
2024-02-06 10:00:00,Hingna,284.78,158.6,127.48,229.83,0.9581,0.1602,34.2,peak
2024-02-06 11:00:00,Dharampeth,373.97,135.46,245.15,229.87,0.9299,0.0173,32.2,peak
2024-02-06 11:00:00,Sitabuldi,367.1,191.51,177.08,228.13,0.9048,0.0053,31.1,peak
2024-02-06 11:00:00,Gandhibagh,345.13,157.36,192.13,222.2,0.9145,0.0868,32.1,peak
2024-02-06 11:00:00,Lakadganj,345.03,153.41,185.59,232.83,0.9416,0.0447,33.1,peak
2024-02-06 11:00:00,Sadar,331.95,177.45,147.21,234.93,0.9063,0.3563,33.2,peak
2024-02-06 11:00:00,Itwari,377.14,146.75,225.48,232.56,0.911,0.0152,31.9,peak
2024-02-06 11:00:00,Manewada,341.0,189.72,144.24,233.9,0.8722,0.1717,34.8,peak
2024-02-06 11:00:00,Hingna,357.08,165.51,189.35,224.73,0.8856,0.1384,34.3,peak
2024-02-06 12:00:00,Dharampeth,382.85,166.7,227.01,232.08,0.9265,0.0772,32.2,peak
2024-02-06 12:00:00,Sitabuldi,307.82,190.75,96.72,232.86,0.8836,0.0528,36.0,peak
2024-02-06 12:00:00,Gandhibagh,410.0,177.33,234.17,229.22,0.9104,0.0999,32.8,peak
2024-02-06 12:00:00,Lakadganj,414.37,193.76,213.85,229.44,0.8908,0.0315,28.9,peak
2024-02-06 12:00:00,Sadar,372.07,181.11,185.91,227.39,0.9571,0.1308,31.8,peak
2024-02-06 12:00:00,Itwari,367.65,178.22,199.34,230.52,0.9268,0.6367,29.4,peak
2024-02-06 12:00:00,Manewada,394.46,188.84,194.82,227.86,0.929,0.1033,35.5,peak
2024-02-06 12:00:00,Hingna,428.57,162.64,266.55,218.97,0.933,0.1534,29.9,peak
2024-02-06 13:00:00,Dharampeth,300.73,179.72,133.35,231.96,0.9313,0.0473,33.5,daytime
2024-02-06 13:00:00,Sitabuldi,238.92,157.35,88.51,233.24,0.8902,0.0227,32.1,daytime
2024-02-06 13:00:00,Gandhibagh,289.63,163.21,141.73,227.68,0.9468,0.0235,30.7,daytime
2024-02-06 13:00:00,Lakadganj,252.03,172.79,83.77,234.96,0.9296,0.1212,30.1,daytime
2024-02-06 13:00:00,Sadar,270.03,169.67,99.43,232.7,0.93,0.1624,32.7,daytime
2024-02-06 13:00:00,Itwari,303.92,161.86,143.93,225.67,0.8984,0.1037,37.1,daytime
2024-02-06 13:00:00,Manewada,286.6,180.16,99.16,237.99,0.925,0.1158,34.2,daytime
2024-02-06 13:00:00,Hingna,251.56,176.96,77.45,228.49,0.9433,0.0015,32.2,daytime
2024-02-06 14:00:00,Dharampeth,267.99,173.16,92.88,228.28,0.9004,0.1608,33.3,daytime
2024-02-06 14:00:00,Sitabuldi,277.67,164.1,133.8,221.6,0.8739,0.0194,31.9,daytime
2024-02-06 14:00:00,Gandhibagh,279.75,149.84,118.33,226.78,0.8849,0.1513,32.5,daytime
2024-02-06 14:00:00,Lakadganj,288.08,140.92,138.69,233.15,0.9419,0.0986,32.4,daytime
2024-02-06 14:00:00,Sadar,284.77,177.07,113.22,230.76,0.8624,0.0764,31.4,daytime
2024-02-06 14:00:00,Itwari,284.3,155.03,136.74,233.94,0.8776,0.0296,31.4,daytime
2024-02-06 14:00:00,Manewada,249.5,160.58,90.11,232.2,0.9082,0.0159,32.8,daytime
2024-02-06 14:00:00,Hingna,237.65,151.57,79.64,241.4,0.9226,0.1682,33.7,daytime
2024-02-06 15:00:00,Dharampeth,248.85,115.63,134.13,230.92,0.9371,0.1443,33.3,daytime
2024-02-06 15:00:00,Sitabuldi,308.25,161.74,156.84,228.3,0.9621,0.1615,33.0,daytime
2024-02-06 15:00:00,Gandhibagh,224.16,114.97,97.84,226.76,0.9127,0.1389,33.8,daytime
2024-02-06 15:00:00,Lakadganj,330.97,126.96,206.25,233.62,0.9553,0.1637,29.2,daytime
2024-02-06 15:00:00,Sadar,281.07,121.31,152.94,225.11,0.8648,0.1393,33.6,daytime
2024-02-06 15:00:00,Itwari,353.18,110.24,245.28,226.42,0.9363,0.0842,33.4,daytime
2024-02-06 15:00:00,Manewada,266.52,130.04,134.9,233.76,0.9041,0.1255,33.1,daytime
2024-02-06 15:00:00,Hingna,246.01,144.87,97.03,231.49,0.8919,0.1127,35.3,daytime
2024-02-06 16:00:00,Dharampeth,271.77,60.57,229.73,228.67,0.8909,0.1274,33.0,daytime
2024-02-06 16:00:00,Sitabuldi,289.02,89.38,209.69,221.08,0.8796,0.0656,34.1,daytime
2024-02-06 16:00:00,Gandhibagh,342.91,99.38,259.44,230.73,0.8486,0.1223,34.2,daytime
2024-02-06 16:00:00,Lakadganj,250.95,89.01,165.79,232.35,0.9276,0.0917,34.8,daytime
2024-02-06 16:00:00,Sadar,230.16,101.32,120.61,225.19,0.9321,0.0098,30.9,daytime
2024-02-06 16:00:00,Itwari,306.41,100.06,189.08,232.27,0.9044,0.035,32.2,daytime
2024-02-06 16:00:00,Manewada,275.98,116.22,156.58,233.07,0.978,0.039,31.2,daytime
2024-02-06 16:00:00,Hingna,294.85,88.61,202.54,228.35,0.8683,0.113,29.6,daytime
2024-02-06 17:00:00,Dharampeth,290.56,28.43,279.23,239.79,0.883,0.1214,30.3,daytime
2024-02-06 17:00:00,Sitabuldi,338.25,53.16,275.42,233.03,0.8992,0.0713,35.4,daytime
2024-02-06 17:00:00,Gandhibagh,263.02,46.52,211.34,234.47,0.9505,0.3255,33.2,daytime
2024-02-06 17:00:00,Lakadganj,232.51,27.59,209.12,231.82,0.979,0.124,30.5,daytime
2024-02-06 17:00:00,Sadar,315.81,36.57,278.51,228.38,0.9513,0.127,34.2,daytime
2024-02-06 17:00:00,Itwari,288.32,71.53,212.97,235.36,0.9293,0.0963,31.2,daytime
2024-02-06 17:00:00,Manewada,244.23,52.9,193.93,234.28,0.9158,0.0288,32.8,daytime
2024-02-06 17:00:00,Hingna,272.63,41.65,231.18,224.92,0.9344,0.0511,31.6,daytime
2024-02-06 18:00:00,Dharampeth,336.23,0,347.88,234.16,0.9201,0.0641,34.0,peak
2024-02-06 18:00:00,Sitabuldi,386.36,1.96,383.68,231.22,0.8706,0.1406,37.4,peak
2024-02-06 18:00:00,Gandhibagh,388.59,0,385.61,233.43,0.9145,0.1194,33.8,peak
2024-02-06 18:00:00,Lakadganj,361.84,0,361.76,228.56,0.9005,0.1053,31.9,peak
2024-02-06 18:00:00,Sadar,344.08,7.05,324.93,233.16,0.9234,0.0397,31.9,peak
2024-02-06 18:00:00,Itwari,360.61,18.64,327.05,227.78,0.9466,0.0206,35.6,peak
2024-02-06 18:00:00,Manewada,366.14,25.37,346.0,231.88,0.8946,0.0729,33.0,peak
2024-02-06 18:00:00,Hingna,386.7,3.99,386.79,232.44,0.902,0.0129,32.5,peak
2024-02-06 19:00:00,Dharampeth,373.71,0,365.76,232.87,0.9152,0.1041,33.7,peak
2024-02-06 19:00:00,Sitabuldi,312.4,0,295.38,219.77,0.9607,0.0326,32.0,peak
2024-02-06 19:00:00,Gandhibagh,327.97,0,317.39,231.14,0.939,0.0393,31.2,peak
2024-02-06 19:00:00,Lakadganj,349.34,0,344.26,218.17,0.9532,0.1118,33.3,peak
2024-02-06 19:00:00,Sadar,330.71,0,330.45,230.7,0.9331,0.1085,31.2,peak
2024-02-06 19:00:00,Itwari,264.09,0,258.54,227.16,0.915,0.12,31.9,peak
2024-02-06 19:00:00,Manewada,312.26,0,324.98,230.37,0.9398,0.1188,34.2,peak
2024-02-06 19:00:00,Hingna,372.19,0,380.05,222.99,0.9465,0.0574,32.9,peak
2024-02-06 20:00:00,Dharampeth,304.55,0,293.93,219.88,0.9229,0.0585,32.4,peak
2024-02-06 20:00:00,Sitabuldi,298.39,0,290.71,232.05,0.9359,0.0336,31.9,peak
2024-02-06 20:00:00,Gandhibagh,357.38,0,348.02,227.49,0.8779,0.0498,27.5,peak
2024-02-06 20:00:00,Lakadganj,303.45,0,308.24,230.85,0.8932,0.136,34.3,peak
2024-02-06 20:00:00,Sadar,309.54,0,310.6,233.08,0.9779,0.1061,29.1,peak
2024-02-06 20:00:00,Itwari,359.14,0,362.47,237.54,0.9237,0.0282,33.9,peak
2024-02-06 20:00:00,Manewada,333.89,0,319.21,228.45,0.9039,0.0035,32.8,peak
2024-02-06 20:00:00,Hingna,274.59,0,256.25,228.23,0.892,0.1455,30.2,peak
2024-02-06 21:00:00,Dharampeth,293.63,0,286.93,231.83,0.9446,0.0444,32.8,peak
2024-02-06 21:00:00,Sitabuldi,265.7,0,251.59,220.52,0.8899,0.0902,35.7,peak
2024-02-06 21:00:00,Gandhibagh,355.7,0,341.28,230.98,0.9592,0.1432,34.6,peak
2024-02-06 21:00:00,Lakadganj,329.66,0,336.28,227.81,0.8664,0.0249,34.9,peak
2024-02-06 21:00:00,Sadar,299.52,0,301.39,232.25,0.9389,0.1121,33.2,peak
2024-02-06 21:00:00,Itwari,363.61,0,386.09,231.16,0.9482,0.0939,32.1,peak
2024-02-06 21:00:00,Manewada,249.96,0,248.35,232.75,0.9055,0.0848,32.7,peak
2024-02-06 21:00:00,Hingna,317.92,0,327.87,234.01,0.8597,0.1041,30.2,peak
2024-02-06 22:00:00,Dharampeth,344.36,0,337.48,229.1,0.8847,0.0816,33.9,peak
2024-02-06 22:00:00,Sitabuldi,397.77,0,416.13,220.76,0.9526,0.0389,35.4,peak
2024-02-06 22:00:00,Gandhibagh,352.09,0,336.65,235.22,0.966,0.1063,33.6,peak
2024-02-06 22:00:00,Lakadganj,344.71,0,310.55,232.31,0.8802,0.157,36.3,peak
2024-02-06 22:00:00,Sadar,302.76,0,284.49,227.58,0.9651,0.1561,31.2,peak
2024-02-06 22:00:00,Itwari,336.67,0,325.73,233.88,0.8543,0.0081,32.7,peak
2024-02-06 22:00:00,Manewada,369.96,0,370.18,225.21,0.9583,0.0366,33.1,peak
2024-02-06 22:00:00,Hingna,370.54,0,360.57,227.69,0.927,0.05,35.9,peak
2024-02-06 23:00:00,Dharampeth,148.56,0,149.79,228.91,0.9143,0.0495,32.6,night
2024-02-06 23:00:00,Sitabuldi,250.75,0,240.69,234.14,0.9712,0.1072,33.1,night
2024-02-06 23:00:00,Gandhibagh,246.36,0,246.57,225.73,0.8921,0.1655,35.3,night
2024-02-06 23:00:00,Lakadganj,188.0,0,178.64,231.59,0.9341,0.0841,31.4,night
2024-02-06 23:00:00,Sadar,297.23,0,288.15,234.89,0.967,0.0238,33.0,night
2024-02-06 23:00:00,Itwari,234.29,0,242.97,229.84,0.9032,0.1547,32.0,night
2024-02-06 23:00:00,Manewada,294.87,0,310.26,233.66,0.8632,0.0124,32.0,night
2024-02-06 23:00:00,Hingna,236.95,0,236.45,221.88,0.9305,0.044,29.1,night
2024-02-07 00:00:00,Dharampeth,255.49,0,260.55,234.09,0.8951,0.0078,31.5,night
2024-02-07 00:00:00,Sitabuldi,173.12,0,167.23,240.91,1.0,0.1522,34.6,night
2024-02-07 00:00:00,Gandhibagh,203.6,0,219.17,230.67,0.8959,0.0031,32.0,night
2024-02-07 00:00:00,Lakadganj,225.36,0,230.77,226.22,0.8969,0.0117,31.1,night
2024-02-07 00:00:00,Sadar,234.38,0,252.3,225.97,0.9873,0.1076,31.8,night
2024-02-07 00:00:00,Itwari,242.54,0,245.13,230.45,0.9343,0.1575,34.8,night
2024-02-07 00:00:00,Manewada,236.39,0,246.63,231.98,0.9078,0.0015,34.4,night
2024-02-07 00:00:00,Hingna,193.88,0,191.69,234.67,0.8988,0.0953,31.7,night
2024-02-07 01:00:00,Dharampeth,246.03,0,237.98,233.51,0.8517,0.0484,31.4,night
2024-02-07 01:00:00,Sitabuldi,283.31,0,264.69,227.59,0.8984,0.0804,32.9,night
2024-02-07 01:00:00,Gandhibagh,253.2,0,231.79,229.83,0.9065,0.4633,36.2,night
2024-02-07 01:00:00,Lakadganj,308.72,0,315.73,230.97,0.9073,0.0491,36.0,night
2024-02-07 01:00:00,Sadar,239.26,0,236.48,224.33,0.9251,0.1684,33.9,night
2024-02-07 01:00:00,Itwari,215.23,0,209.47,227.58,0.9452,0.0036,28.5,night
2024-02-07 01:00:00,Manewada,220.77,0,218.99,233.41,0.8976,0.0443,36.8,night
2024-02-07 01:00:00,Hingna,200.21,0,211.22,227.93,0.9065,0.1131,33.3,night
2024-02-07 02:00:00,Dharampeth,276.62,0,281.34,236.27,0.9634,0.1057,34.6,night
2024-02-07 02:00:00,Sitabuldi,207.16,0,200.94,231.92,0.9085,0.1274,36.8,night
2024-02-07 02:00:00,Gandhibagh,236.54,0,237.41,229.3,0.9141,0.0406,30.7,night
2024-02-07 02:00:00,Lakadganj,271.61,0,278.82,230.2,0.8963,0.1029,31.0,night
2024-02-07 02:00:00,Sadar,224.22,0,222.04,228.07,0.9254,0.0266,32.1,night
2024-02-07 02:00:00,Itwari,203.19,0,192.13,229.15,0.8976,0.0963,34.1,night
2024-02-07 02:00:00,Manewada,260.42,0,246.27,222.3,0.9127,0.0675,35.8,night
2024-02-07 02:00:00,Hingna,209.6,0,214.43,229.92,0.9278,0.0837,31.2,night
2024-02-07 03:00:00,Dharampeth,248.02,0,239.62,226.1,0.9896,0.0354,31.3,night
2024-02-07 03:00:00,Sitabuldi,237.77,0,243.7,233.77,0.9538,0.1642,33.9,night
2024-02-07 03:00:00,Gandhibagh,264.95,0,271.39,236.86,0.9673,0.1507,29.3,night
2024-02-07 03:00:00,Lakadganj,252.12,0,260.38,231.58,0.9389,0.1323,33.7,night
2024-02-07 03:00:00,Sadar,215.74,0,207.29,232.92,0.9134,0.1504,34.0,night
2024-02-07 03:00:00,Itwari,205.84,0,186.76,224.84,0.9093,0.1689,31.4,night
2024-02-07 03:00:00,Manewada,259.63,0,264.72,235.38,0.9469,0.1507,34.4,night
2024-02-07 03:00:00,Hingna,283.76,0,268.21,238.34,0.9171,0.0836,36.7,night
2024-02-07 04:00:00,Dharampeth,253.01,0,267.19,220.03,0.9484,0.0075,33.0,night
2024-02-07 04:00:00,Sitabuldi,254.02,0,267.37,226.25,0.8985,0.0324,30.5,night
2024-02-07 04:00:00,Gandhibagh,304.8,0,303.22,234.2,0.9467,0.0258,34.1,night
2024-02-07 04:00:00,Lakadganj,274.97,0,279.42,231.94,0.912,0.1249,34.4,night
2024-02-07 04:00:00,Sadar,209.49,0,199.11,229.6,0.9285,0.0605,31.2,night
2024-02-07 04:00:00,Itwari,276.64,0,276.4,241.08,0.8931,0.0736,32.9,night
2024-02-07 04:00:00,Manewada,277.01,0,268.59,230.85,0.9525,0.1595,32.6,night
2024-02-07 04:00:00,Hingna,227.21,0,244.32,229.6,0.9382,0.1332,34.1,night
2024-02-07 05:00:00,Dharampeth,255.06,0,267.52,237.48,0.9186,0.0664,36.1,night
2024-02-07 05:00:00,Sitabuldi,215.18,0,226.07,229.24,0.8851,0.5625,32.1,night
2024-02-07 05:00:00,Gandhibagh,227.58,0,245.07,226.44,0.9613,0.113,30.2,night
2024-02-07 05:00:00,Lakadganj,240.8,0,221.29,224.97,0.9325,0.1641,31.5,night
2024-02-07 05:00:00,Sadar,201.04,0,212.36,233.23,0.9192,0.1787,29.5,night
2024-02-07 05:00:00,Itwari,194.68,0,195.31,230.88,0.9228,0.1708,36.3,night
2024-02-07 05:00:00,Manewada,223.76,0,221.29,236.51,0.9556,0.0829,33.6,night
2024-02-07 05:00:00,Hingna,173.84,0,169.03,230.54,0.8945,0.164,33.8,night
2024-02-07 06:00:00,Dharampeth,313.59,0,316.05,227.51,0.8935,0.0718,29.7,daytime
2024-02-07 06:00:00,Sitabuldi,274.71,0,276.21,229.73,0.9067,0.0268,28.7,daytime
2024-02-07 06:00:00,Gandhibagh,299.64,15.73,289.58,232.52,0.935,0.056,31.2,daytime
2024-02-07 06:00:00,Lakadganj,281.09,0,284.7,224.89,0.9241,0.1263,30.5,daytime
2024-02-07 06:00:00,Sadar,306.83,20.79,276.17,222.89,0.9134,0.1371,31.8,daytime
2024-02-07 06:00:00,Itwari,285.41,6.66,270.29,233.89,0.9701,0.0725,31.8,daytime
2024-02-07 06:00:00,Manewada,227.93,0,229.78,231.6,0.9437,0.052,32.6,daytime
2024-02-07 06:00:00,Hingna,301.79,6.33,277.49,226.18,0.9378,0.0529,32.9,daytime
2024-02-07 07:00:00,Dharampeth,288.77,63.34,208.19,222.91,0.89,0.1293,29.9,daytime
2024-02-07 07:00:00,Sitabuldi,259.44,34.11,192.89,229.57,0.9329,0.1411,29.5,daytime
2024-02-07 07:00:00,Gandhibagh,256.28,66.63,184.93,231.66,0.9417,0.0412,34.6,daytime
2024-02-07 07:00:00,Lakadganj,284.25,29.93,248.95,232.83,0.9065,0.0231,32.4,daytime
2024-02-07 07:00:00,Sadar,329.65,72.11,255.31,227.65,0.8848,0.0275,30.9,daytime
2024-02-07 07:00:00,Itwari,258.46,36.9,225.95,220.86,0.9371,0.1791,37.4,daytime
2024-02-07 07:00:00,Manewada,277.99,59.48,232.54,239.98,0.882,0.0188,35.7,daytime
2024-02-07 07:00:00,Hingna,270.58,46.19,215.42,237.78,0.8785,0.1538,31.8,daytime
2024-02-07 08:00:00,Dharampeth,266.64,117.45,170.69,227.91,0.937,0.155,30.9,daytime
2024-02-07 08:00:00,Sitabuldi,245.35,82.21,174.87,230.04,0.9252,0.062,33.3,daytime
2024-02-07 08:00:00,Gandhibagh,247.38,90.19,147.42,229.64,0.8716,0.0965,31.2,daytime
2024-02-07 08:00:00,Lakadganj,330.99,109.49,219.99,232.0,0.936,0.5914,32.1,daytime
2024-02-07 08:00:00,Sadar,281.55,104.47,170.73,224.84,0.906,0.1387,29.8,daytime
2024-02-07 08:00:00,Itwari,301.98,76.1,232.54,229.53,0.9085,0.0097,33.9,daytime
2024-02-07 08:00:00,Manewada,221.51,53.37,176.84,235.24,0.9221,0.1501,33.4,daytime
2024-02-07 08:00:00,Hingna,284.42,94.0,188.25,228.07,0.9758,0.1058,31.4,daytime
2024-02-07 09:00:00,Dharampeth,332.07,119.53,201.81,222.01,0.9082,0.0112,36.4,peak
2024-02-07 09:00:00,Sitabuldi,341.54,130.19,211.69,238.25,0.9122,0.133,33.7,peak
2024-02-07 09:00:00,Gandhibagh,369.92,127.07,247.02,232.18,0.9209,0.1268,34.7,peak
2024-02-07 09:00:00,Lakadganj,334.52,140.95,196.57,225.44,0.9106,0.177,31.7,peak
2024-02-07 09:00:00,Sadar,296.8,135.52,153.13,228.47,0.9499,0.0722,32.1,peak
2024-02-07 09:00:00,Itwari,324.63,113.06,212.49,228.23,0.9455,0.1554,32.8,peak
2024-02-07 09:00:00,Manewada,402.17,127.11,270.08,224.39,0.9269,0.1269,30.7,peak
2024-02-07 09:00:00,Hingna,376.86,93.44,289.11,228.27,0.9209,0.122,33.9,peak
2024-02-07 10:00:00,Dharampeth,400.7,166.31,234.27,240.83,0.9528,0.1041,32.2,peak
2024-02-07 10:00:00,Sitabuldi,392.11,175.1,224.42,234.37,0.9109,0.0914,31.3,peak
2024-02-07 10:00:00,Gandhibagh,355.37,172.89,166.26,235.07,0.8965,0.0705,32.5,peak
2024-02-07 10:00:00,Lakadganj,407.05,145.31,274.44,236.56,0.9441,0.1172,33.8,peak
2024-02-07 10:00:00,Sadar,350.44,179.04,158.02,234.07,0.9072,0.0474,32.9,peak
2024-02-07 10:00:00,Itwari,310.96,146.42,139.12,226.52,0.9354,0.0454,33.3,peak
2024-02-07 10:00:00,Manewada,334.33,155.37,178.59,235.37,0.9354,0.0777,29.9,peak
2024-02-07 10:00:00,Hingna,343.47,170.77,185.43,233.4,0.8952,0.167,33.2,peak
2024-02-07 11:00:00,Dharampeth,419.06,160.35,273.65,238.02,0.9396,0.1071,35.6,peak
2024-02-07 11:00:00,Sitabuldi,301.71,188.72,128.67,233.74,0.9373,0.1037,32.7,peak
2024-02-07 11:00:00,Gandhibagh,379.09,182.73,196.81,237.31,0.9558,0.1551,30.2,peak
2024-02-07 11:00:00,Lakadganj,386.79,195.65,186.43,232.68,0.9164,0.0534,31.8,peak
2024-02-07 11:00:00,Sadar,343.46,163.46,174.78,229.94,0.8871,0.0016,31.1,peak
2024-02-07 11:00:00,Itwari,371.78,157.0,211.85,228.11,0.9416,0.1428,35.0,peak
2024-02-07 11:00:00,Manewada,382.84,168.1,209.28,230.23,0.9229,0.0235,35.6,peak
2024-02-07 11:00:00,Hingna,316.5,182.88,126.38,229.42,0.9477,0.0927,30.5,peak
2024-02-07 12:00:00,Dharampeth,384.75,175.25,205.59,220.33,0.9573,0.0691,31.8,peak
2024-02-07 12:00:00,Sitabuldi,351.98,187.29,170.32,228.5,0.9094,0.1241,34.7,peak
2024-02-07 12:00:00,Gandhibagh,372.88,195.91,175.59,227.2,0.9252,0.0215,33.3,peak
2024-02-07 12:00:00,Lakadganj,368.6,191.67,180.43,230.89,0.9278,0.0222,31.4,peak
2024-02-07 12:00:00,Sadar,354.1,167.26,175.71,232.78,0.9206,0.0218,31.8,peak
2024-02-07 12:00:00,Itwari,358.01,169.18,185.41,230.66,0.8546,0.1331,36.6,peak
2024-02-07 12:00:00,Manewada,399.41,183.96,218.9,226.14,0.89,0.1276,31.9,peak
2024-02-07 12:00:00,Hingna,274.29,184.22,112.14,229.81,0.9428,0.1596,32.4,peak
2024-02-07 13:00:00,Dharampeth,269.05,153.31,109.81,232.19,0.8705,0.1174,30.4,daytime
2024-02-07 13:00:00,Sitabuldi,311.73,177.37,143.88,232.02,0.9214,0.0409,35.4,daytime
2024-02-07 13:00:00,Gandhibagh,294.82,182.24,124.45,229.7,0.9401,0.0259,32.2,daytime
2024-02-07 13:00:00,Lakadganj,318.87,135.89,169.81,225.81,0.9333,0.0143,34.6,daytime
2024-02-07 13:00:00,Sadar,235.52,177.87,47.77,226.61,0.8686,0.0646,35.2,daytime
2024-02-07 13:00:00,Itwari,246.56,188.13,53.34,230.29,0.9299,0.0947,32.4,daytime
2024-02-07 13:00:00,Manewada,335.53,180.75,148.23,232.31,0.9088,0.0178,33.1,daytime
2024-02-07 13:00:00,Hingna,300.76,180.94,112.5,229.96,0.915,0.1105,32.5,daytime
2024-02-07 14:00:00,Dharampeth,296.64,159.35,134.16,220.6,0.9371,0.0132,34.8,daytime
2024-02-07 14:00:00,Sitabuldi,256.82,139.2,121.38,226.11,0.8793,0.0004,30.2,daytime
2024-02-07 14:00:00,Gandhibagh,302.95,155.91,140.18,228.99,0.9387,0.1535,28.1,daytime
2024-02-07 14:00:00,Lakadganj,297.6,129.09,169.46,232.44,0.9075,0.0097,34.4,daytime
2024-02-07 14:00:00,Sadar,227.38,144.25,80.72,227.88,0.9139,0.1239,35.1,daytime
2024-02-07 14:00:00,Itwari,276.0,162.03,102.02,226.23,0.8834,0.1347,34.8,daytime
2024-02-07 14:00:00,Manewada,356.78,147.53,214.26,231.84,0.9486,0.1678,31.5,daytime
2024-02-07 14:00:00,Hingna,281.72,148.83,134.81,222.15,0.927,0.0674,32.4,daytime
2024-02-07 15:00:00,Dharampeth,306.59,120.1,179.13,230.27,0.8828,0.0012,33.6,daytime
2024-02-07 15:00:00,Sitabuldi,308.11,119.49,183.91,225.93,0.951,0.1243,35.9,daytime
2024-02-07 15:00:00,Gandhibagh,212.98,132.57,79.57,233.73,0.8945,0.0098,34.6,daytime
2024-02-07 15:00:00,Lakadganj,239.72,130.6,112.92,228.47,0.8544,0.18,31.9,daytime
2024-02-07 15:00:00,Sadar,328.48,111.89,217.05,223.79,0.8705,0.1724,32.2,daytime
2024-02-07 15:00:00,Itwari,280.46,121.34,153.3,238.41,0.9798,0.0606,30.8,daytime
2024-02-07 15:00:00,Manewada,272.78,124.9,139.62,230.93,0.9004,0.1641,30.2,daytime
2024-02-07 15:00:00,Hingna,256.97,131.92,127.69,243.65,0.9884,0.0549,33.6,daytime
2024-02-07 16:00:00,Dharampeth,295.47,82.63,200.7,223.93,0.9426,0.1002,32.1,daytime
2024-02-07 16:00:00,Sitabuldi,267.65,76.81,196.3,225.57,0.8904,0.1369,32.4,daytime
2024-02-07 16:00:00,Gandhibagh,283.58,90.45,175.11,229.98,0.8817,0.1081,35.9,daytime
2024-02-07 16:00:00,Lakadganj,304.03,111.84,203.19,227.79,0.9499,0.0236,29.6,daytime
2024-02-07 16:00:00,Sadar,263.23,78.76,176.39,218.13,0.9109,0.1705,33.9,daytime
2024-02-07 16:00:00,Itwari,290.18,73.23,198.0,225.68,0.853,0.0283,36.3,daytime
2024-02-07 16:00:00,Manewada,259.95,98.8,165.37,226.03,0.8751,0.051,30.8,daytime
2024-02-07 16:00:00,Hingna,251.34,98.49,163.43,227.43,0.8782,0.0505,31.0,daytime
2024-02-07 17:00:00,Dharampeth,280.83,46.3,248.05,229.19,0.9439,0.0184,33.2,daytime
2024-02-07 17:00:00,Sitabuldi,293.84,49.06,222.15,226.38,0.8359,0.1678,35.9,daytime
2024-02-07 17:00:00,Gandhibagh,256.46,49.28,212.96,236.01,0.9069,0.1479,35.4,daytime
2024-02-07 17:00:00,Lakadganj,313.5,49.6,261.08,226.78,0.9149,0.0744,31.1,daytime
2024-02-07 17:00:00,Sadar,252.37,53.99,197.35,227.16,0.8904,0.006,34.2,daytime
2024-02-07 17:00:00,Itwari,289.37,26.9,263.78,225.44,0.9515,0.0909,29.3,daytime
2024-02-07 17:00:00,Manewada,239.35,38.2,194.39,231.8,0.9033,0.1751,31.3,daytime
2024-02-07 17:00:00,Hingna,331.9,33.36,293.33,237.62,0.8787,0.1701,33.5,daytime
2024-02-07 18:00:00,Dharampeth,377.36,16.4,374.22,232.31,0.9428,0.1006,32.9,peak
2024-02-07 18:00:00,Sitabuldi,365.62,0,368.8,233.01,0.909,0.0097,31.8,peak
2024-02-07 18:00:00,Gandhibagh,293.46,19.69,290.35,232.89,0.9123,0.1582,33.4,peak
2024-02-07 18:00:00,Lakadganj,378.24,0,381.21,236.1,0.8827,0.0875,31.8,peak
2024-02-07 18:00:00,Sadar,358.2,0,364.15,229.09,0.9145,0.0665,32.9,peak
2024-02-07 18:00:00,Itwari,371.82,0,363.19,238.35,0.9067,0.1302,32.6,peak
2024-02-07 18:00:00,Manewada,346.71,11.42,323.87,233.83,0.9096,0.1248,35.6,peak
2024-02-07 18:00:00,Hingna,359.58,0,366.2,228.42,0.9154,0.1704,29.3,peak
2024-02-07 19:00:00,Dharampeth,297.51,0,296.79,229.9,0.9469,0.1479,29.9,peak
2024-02-07 19:00:00,Sitabuldi,273.44,0,268.55,221.13,0.8861,0.0551,31.8,peak
2024-02-07 19:00:00,Gandhibagh,348.64,0,349.23,231.35,0.9212,0.1317,34.2,peak
2024-02-07 19:00:00,Lakadganj,309.55,0,317.86,230.86,0.9361,0.0868,32.3,peak
2024-02-07 19:00:00,Sadar,313.16,0,328.21,229.66,0.9306,0.5732,32.6,peak
2024-02-07 19:00:00,Itwari,302.81,0,302.72,231.36,0.9474,0.1658,32.7,peak
2024-02-07 19:00:00,Manewada,374.81,0,379.97,230.39,0.9275,0.058,33.5,peak
2024-02-07 19:00:00,Hingna,393.2,0,414.66,228.87,0.9236,0.129,34.7,peak
2024-02-07 20:00:00,Dharampeth,345.82,0,359.89,241.01,0.9008,0.0911,29.4,peak
2024-02-07 20:00:00,Sitabuldi,347.87,0,356.58,232.82,0.8773,0.0722,31.2,peak
2024-02-07 20:00:00,Gandhibagh,313.12,0,314.2,242.65,0.9085,0.065,34.3,peak
2024-02-07 20:00:00,Lakadganj,359.95,0,348.45,225.46,0.9404,0.0489,32.0,peak
2024-02-07 20:00:00,Sadar,309.29,0,325.44,229.57,0.9319,0.0893,33.9,peak
2024-02-07 20:00:00,Itwari,336.45,0,310.15,232.4,0.9278,0.1672,33.4,peak
2024-02-07 20:00:00,Manewada,403.92,0,404.59,231.62,0.9056,0.1323,32.2,peak
2024-02-07 20:00:00,Hingna,308.6,0,297.91,221.33,0.9549,0.0085,31.4,peak
2024-02-07 21:00:00,Dharampeth,305.72,0,300.86,245.42,0.9231,0.0971,34.4,peak
2024-02-07 21:00:00,Sitabuldi,342.21,0,356.77,228.36,0.8801,0.0309,34.9,peak
2024-02-07 21:00:00,Gandhibagh,302.89,0,304.51,230.49,0.962,0.0534,31.4,peak
2024-02-07 21:00:00,Lakadganj,377.78,0,383.21,230.09,0.9294,0.0646,32.7,peak
2024-02-07 21:00:00,Sadar,270.96,0,292.63,233.66,0.9395,0.1525,33.7,peak
2024-02-07 21:00:00,Itwari,339.81,0,348.92,236.55,0.9408,0.0221,34.9,peak
2024-02-07 21:00:00,Manewada,322.42,0,331.78,225.33,0.9528,0.1423,36.6,peak
2024-02-07 21:00:00,Hingna,284.57,0,289.28,233.71,0.9478,0.052,30.1,peak
2024-02-07 22:00:00,Dharampeth,314.36,0,310.42,227.08,0.9128,0.098,31.2,peak
2024-02-07 22:00:00,Sitabuldi,263.74,0,258.9,231.37,0.921,0.0222,33.2,peak
2024-02-07 22:00:00,Gandhibagh,300.63,0,296.39,228.79,0.9427,0.1232,32.2,peak
2024-02-07 22:00:00,Lakadganj,318.39,0,317.18,226.97,0.94,0.1017,36.7,peak
2024-02-07 22:00:00,Sadar,285.27,0,277.35,225.09,0.8768,0.064,35.4,peak
2024-02-07 22:00:00,Itwari,280.71,0,282.93,230.7,0.914,0.0772,35.1,peak
2024-02-07 22:00:00,Manewada,324.98,0,310.26,227.64,0.9658,0.1107,35.2,peak
2024-02-07 22:00:00,Hingna,301.28,0,317.63,229.29,0.9018,0.0139,33.0,peak
2024-02-07 23:00:00,Dharampeth,191.24,0,188.01,232.79,0.9107,0.0978,33.1,night
2024-02-07 23:00:00,Sitabuldi,204.72,0,197.31,234.38,0.8804,0.1005,35.0,night
2024-02-07 23:00:00,Gandhibagh,236.02,0,249.89,221.49,0.9099,0.1238,30.1,night
2024-02-07 23:00:00,Lakadganj,185.13,0,170.59,231.37,0.9995,0.0001,31.0,night
2024-02-07 23:00:00,Sadar,220.59,0,239.93,239.34,0.9555,0.0017,35.4,night
2024-02-07 23:00:00,Itwari,233.28,0,245.94,235.88,0.9298,0.0005,36.9,night
2024-02-07 23:00:00,Manewada,277.47,0,258.27,232.68,0.9417,0.0501,33.1,night
2024-02-07 23:00:00,Hingna,248.97,0,254.95,230.37,0.9472,0.1761,34.1,night
2024-02-08 00:00:00,Dharampeth,225.53,0,228.89,239.74,0.8987,0.1577,31.4,night
2024-02-08 00:00:00,Sitabuldi,272.38,0,259.98,229.61,0.9038,0.0354,33.6,night
2024-02-08 00:00:00,Gandhibagh,294.11,0,283.78,231.28,0.9474,0.0133,32.0,night
2024-02-08 00:00:00,Lakadganj,247.88,0,239.64,232.9,0.9164,0.1396,35.6,night
2024-02-08 00:00:00,Sadar,211.68,0,201.19,228.13,0.9066,0.1458,31.3,night
2024-02-08 00:00:00,Itwari,232.36,0,246.64,221.54,0.9688,0.091,32.9,night
2024-02-08 00:00:00,Manewada,214.15,0,219.43,231.11,0.9682,0.0515,31.6,night
2024-02-08 00:00:00,Hingna,196.58,0,187.11,232.83,0.8906,0.0688,32.2,night
2024-02-08 01:00:00,Dharampeth,220.32,0,221.36,228.16,0.9407,0.1078,33.9,night
2024-02-08 01:00:00,Sitabuldi,262.2,0,263.44,224.89,0.9077,0.0295,33.7,night
2024-02-08 01:00:00,Gandhibagh,282.58,0,279.77,235.6,0.913,0.0418,35.2,night
2024-02-08 01:00:00,Lakadganj,255.55,0,252.61,240.28,0.9003,0.0745,33.5,night
2024-02-08 01:00:00,Sadar,263.25,0,260.58,231.13,0.887,0.0346,31.9,night
2024-02-08 01:00:00,Itwari,181.7,0,180.37,235.38,0.9286,0.0064,34.6,night
2024-02-08 01:00:00,Manewada,313.99,0,316.13,231.42,0.9588,0.0223,32.9,night
2024-02-08 01:00:00,Hingna,234.88,0,231.58,230.24,0.8824,0.0812,30.4,night
2024-02-08 02:00:00,Dharampeth,215.85,0,208.72,234.3,0.901,0.072,31.5,night
2024-02-08 02:00:00,Sitabuldi,208.52,0,221.18,225.58,0.9034,0.0005,32.7,night
2024-02-08 02:00:00,Gandhibagh,238.93,0,253.92,234.04,0.8979,0.0031,31.2,night
2024-02-08 02:00:00,Lakadganj,275.15,0,281.55,227.88,0.9519,0.1467,33.9,night
2024-02-08 02:00:00,Sadar,246.84,0,246.21,219.8,0.8874,0.052,33.2,night
2024-02-08 02:00:00,Itwari,303.14,0,302.92,235.44,0.885,0.1449,33.8,night
2024-02-08 02:00:00,Manewada,190.2,0,193.15,229.72,0.9431,0.1507,33.1,night
2024-02-08 02:00:00,Hingna,282.9,0,264.95,226.88,0.8883,0.024,32.3,night
2024-02-08 03:00:00,Dharampeth,272.99,0,264.16,232.69,0.9016,0.0455,32.9,night
2024-02-08 03:00:00,Sitabuldi,283.71,0,279.8,227.72,0.9586,0.0439,33.6,night
2024-02-08 03:00:00,Gandhibagh,247.73,0,258.65,231.17,0.9142,0.0574,34.1,night
2024-02-08 03:00:00,Lakadganj,188.2,0,186.53,239.45,0.9242,0.0241,31.9,night
2024-02-08 03:00:00,Sadar,251.32,0,256.3,221.68,0.9469,0.11,35.3,night
2024-02-08 03:00:00,Itwari,235.87,0,253.8,233.76,0.9291,0.1175,33.1,night
2024-02-08 03:00:00,Manewada,201.83,0,208.02,238.6,0.9413,0.1712,35.8,night
2024-02-08 03:00:00,Hingna,202.42,0,212.28,223.66,0.8993,0.1566,31.1,night
2024-02-08 04:00:00,Dharampeth,230.19,0,228.28,235.44,0.9193,0.1314,35.0,night
2024-02-08 04:00:00,Sitabuldi,162.09,0,167.08,234.47,0.9232,0.148,31.0,night
2024-02-08 04:00:00,Gandhibagh,247.11,0,236.61,226.69,0.9106,0.02,31.5,night
2024-02-08 04:00:00,Lakadganj,232.43,0,231.94,229.46,0.9068,0.1259,29.8,night
2024-02-08 04:00:00,Sadar,265.99,0,268.58,224.21,0.9595,0.092,33.1,night
2024-02-08 04:00:00,Itwari,264.63,0,271.05,227.36,0.9514,0.0693,34.0,night
2024-02-08 04:00:00,Manewada,242.46,0,231.96,229.44,0.8698,0.0442,31.5,night
2024-02-08 04:00:00,Hingna,176.09,0,172.8,229.46,0.8884,0.1331,31.9,night
2024-02-08 05:00:00,Dharampeth,255.4,0,247.42,233.84,0.8873,0.0757,30.8,night
2024-02-08 05:00:00,Sitabuldi,250.28,0,243.13,242.75,0.961,0.1351,29.5,night
2024-02-08 05:00:00,Gandhibagh,290.4,0,295.21,221.28,0.9227,0.0954,35.0,night
2024-02-08 05:00:00,Lakadganj,203.37,0,210.99,232.72,0.9231,0.1662,31.3,night
2024-02-08 05:00:00,Sadar,253.07,0,253.15,225.26,0.9236,0.3777,34.9,night
2024-02-08 05:00:00,Itwari,238.05,0,234.38,230.43,0.9467,0.0125,32.2,night
2024-02-08 05:00:00,Manewada,247.42,0,220.58,225.97,0.891,0.0866,35.1,night
2024-02-08 05:00:00,Hingna,221.14,0,206.56,224.88,0.9131,0.1314,33.0,night
2024-02-08 06:00:00,Dharampeth,271.82,0,279.19,234.47,0.9129,0.1557,34.6,daytime
2024-02-08 06:00:00,Sitabuldi,280.3,17.97,262.45,227.82,0.9257,0.0116,33.8,daytime
2024-02-08 06:00:00,Gandhibagh,338.06,0,332.37,223.52,0.8723,0.0404,35.2,daytime
2024-02-08 06:00:00,Lakadganj,318.86,0,317.83,233.76,0.9263,0.085,34.4,daytime
2024-02-08 06:00:00,Sadar,304.44,0,309.25,234.95,0.9299,0.1651,32.1,daytime
2024-02-08 06:00:00,Itwari,318.08,2.42,307.79,222.16,0.957,0.0491,31.6,daytime
2024-02-08 06:00:00,Manewada,259.63,0,252.22,226.83,0.9199,0.1445,32.3,daytime
2024-02-08 06:00:00,Hingna,341.44,0,321.89,226.69,0.9062,0.024,33.9,daytime
2024-02-08 07:00:00,Dharampeth,292.04,78.29,220.9,235.08,0.9409,0.0609,31.7,daytime
2024-02-08 07:00:00,Sitabuldi,305.42,54.29,260.72,234.82,0.9046,0.1109,32.3,daytime
2024-02-08 07:00:00,Gandhibagh,232.71,62.9,169.51,233.88,0.9132,0.0626,32.4,daytime
2024-02-08 07:00:00,Lakadganj,218.98,45.53,166.01,227.79,0.9578,0.0857,33.2,daytime
2024-02-08 07:00:00,Sadar,316.84,49.87,263.24,228.37,0.8893,0.1196,33.1,daytime
2024-02-08 07:00:00,Itwari,257.26,21.22,261.36,220.94,0.9404,0.0804,36.8,daytime
2024-02-08 07:00:00,Manewada,284.64,41.04,238.49,232.48,0.9253,0.1751,31.5,daytime
2024-02-08 07:00:00,Hingna,321.71,65.59,256.82,233.82,0.911,0.1509,30.7,daytime
2024-02-08 08:00:00,Dharampeth,249.23,88.92,150.3,232.71,0.8715,0.0442,29.4,daytime
2024-02-08 08:00:00,Sitabuldi,286.42,88.48,181.21,224.66,0.884,0.1178,32.9,daytime
2024-02-08 08:00:00,Gandhibagh,314.86,89.58,204.05,236.03,0.9482,0.124,34.8,daytime
2024-02-08 08:00:00,Lakadganj,295.56,78.7,210.35,231.64,0.8855,0.1314,34.0,daytime
2024-02-08 08:00:00,Sadar,282.82,86.64,199.53,230.85,0.9222,0.1194,36.3,daytime
2024-02-08 08:00:00,Itwari,278.38,113.83,171.25,231.48,0.9117,0.0632,33.5,daytime
2024-02-08 08:00:00,Manewada,277.08,83.09,203.42,225.84,0.9719,0.0672,34.3,daytime
2024-02-08 08:00:00,Hingna,326.58,106.61,214.2,230.25,0.9445,0.1351,33.1,daytime
2024-02-08 09:00:00,Dharampeth,380.53,122.99,249.05,231.71,0.9269,0.1196,31.1,peak
2024-02-08 09:00:00,Sitabuldi,300.94,111.47,195.88,231.71,0.8815,0.0276,33.7,peak
2024-02-08 09:00:00,Gandhibagh,393.01,137.24,260.6,226.38,0.891,0.1796,32.0,peak
2024-02-08 09:00:00,Lakadganj,345.12,117.87,232.03,230.61,0.9347,0.1109,31.4,peak
2024-02-08 09:00:00,Sadar,357.84,142.83,222.22,233.03,0.9912,0.1732,32.3,peak
2024-02-08 09:00:00,Itwari,391.12,88.82,299.42,223.4,0.961,0.0105,31.3,peak
2024-02-08 09:00:00,Manewada,381.27,118.34,269.52,234.26,0.9286,0.0301,35.5,peak
2024-02-08 09:00:00,Hingna,392.13,149.81,239.62,225.0,0.9741,0.0758,32.4,peak
2024-02-08 10:00:00,Dharampeth,401.45,147.27,261.53,225.94,0.9359,0.0473,36.8,peak
2024-02-08 10:00:00,Sitabuldi,393.08,155.05,245.01,232.83,0.9106,0.1573,31.5,peak
2024-02-08 10:00:00,Gandhibagh,374.55,132.67,240.49,234.52,0.9253,0.1233,30.7,peak
2024-02-08 10:00:00,Lakadganj,366.93,185.49,175.3,229.01,0.9856,0.0498,35.5,peak
2024-02-08 10:00:00,Sadar,371.76,153.02,212.66,231.56,0.9352,0.3941,31.6,peak
2024-02-08 10:00:00,Itwari,404.77,130.22,269.15,226.03,0.9035,0.178,30.7,peak
2024-02-08 10:00:00,Manewada,359.19,136.77,210.43,231.97,1.0,0.0876,33.0,peak
2024-02-08 10:00:00,Hingna,388.76,152.3,232.92,232.18,0.9895,0.1775,33.7,peak
2024-02-08 11:00:00,Dharampeth,451.32,176.25,263.71,225.76,0.929,0.021,36.5,peak
2024-02-08 11:00:00,Sitabuldi,314.76,172.36,153.69,231.35,1.0,0.1787,31.3,peak
2024-02-08 11:00:00,Gandhibagh,345.74,162.74,171.99,234.91,0.9336,0.0407,32.5,peak
2024-02-08 11:00:00,Lakadganj,342.32,179.1,165.97,232.82,0.9166,0.0544,37.1,peak
2024-02-08 11:00:00,Sadar,333.37,179.11,156.54,233.6,0.8949,0.0664,31.3,peak
2024-02-08 11:00:00,Itwari,339.66,188.14,144.94,229.28,0.9781,0.1644,32.9,peak
2024-02-08 11:00:00,Manewada,379.68,150.65,222.54,226.62,0.92,0.1625,33.7,peak
2024-02-08 11:00:00,Hingna,343.82,166.15,165.87,236.77,0.9683,0.1643,30.9,peak
2024-02-08 12:00:00,Dharampeth,361.69,169.38,200.73,230.87,0.9207,0.1378,34.1,peak
2024-02-08 12:00:00,Sitabuldi,350.8,192.01,144.88,231.34,0.9043,0.0938,33.0,peak
2024-02-08 12:00:00,Gandhibagh,376.99,187.52,181.62,236.95,0.9457,0.0546,33.3,peak
2024-02-08 12:00:00,Lakadganj,309.2,176.15,123.57,235.86,0.9345,0.1274,31.5,peak
2024-02-08 12:00:00,Sadar,442.07,185.85,248.29,231.03,0.9582,0.1446,32.6,peak
2024-02-08 12:00:00,Itwari,376.41,151.28,226.88,234.7,0.9484,0.0257,33.0,peak
2024-02-08 12:00:00,Manewada,421.91,171.64,262.43,236.1,0.9558,0.115,34.5,peak
2024-02-08 12:00:00,Hingna,387.56,179.72,208.6,231.86,0.8949,0.0397,36.5,peak
2024-02-08 13:00:00,Dharampeth,269.17,177.2,102.22,232.74,0.9023,0.1529,33.1,daytime
2024-02-08 13:00:00,Sitabuldi,315.42,173.82,154.65,227.89,0.8789,0.0516,33.4,daytime
2024-02-08 13:00:00,Gandhibagh,234.29,160.44,66.95,240.65,0.9353,0.1774,32.5,daytime
2024-02-08 13:00:00,Lakadganj,189.22,180.37,10,233.61,0.9428,0.0334,31.7,daytime
2024-02-08 13:00:00,Sadar,252.89,162.04,90.08,231.56,0.9223,0.047,31.7,daytime
2024-02-08 13:00:00,Itwari,299.38,191.45,113.72,225.59,0.9282,0.1449,34.5,daytime
2024-02-08 13:00:00,Manewada,267.94,191.59,75.64,230.57,0.9069,0.1605,31.5,daytime
2024-02-08 13:00:00,Hingna,273.75,171.58,99.99,235.42,0.9318,0.0714,34.7,daytime
2024-02-08 14:00:00,Dharampeth,338.35,171.07,159.3,231.85,0.8658,0.1078,34.3,daytime
2024-02-08 14:00:00,Sitabuldi,313.71,154.56,184.69,227.74,0.9394,0.1542,35.4,daytime
2024-02-08 14:00:00,Gandhibagh,289.82,171.82,127.18,230.89,0.8713,0.0196,31.2,daytime
2024-02-08 14:00:00,Lakadganj,319.82,188.66,130.36,230.23,0.9067,0.1463,29.5,daytime
2024-02-08 14:00:00,Sadar,293.13,156.99,140.08,223.93,0.9093,0.069,32.9,daytime
2024-02-08 14:00:00,Itwari,270.75,137.78,139.09,236.13,0.8297,0.0737,34.8,daytime
2024-02-08 14:00:00,Manewada,285.01,188.73,90.92,225.47,0.9071,0.1391,32.5,daytime
2024-02-08 14:00:00,Hingna,247.3,179.51,83.82,227.54,0.9336,0.1137,32.1,daytime
2024-02-08 15:00:00,Dharampeth,224.7,129.97,100.12,230.58,0.8843,0.1355,31.2,daytime
2024-02-08 15:00:00,Sitabuldi,316.64,131.77,179.01,228.51,0.9091,0.1758,35.0,daytime
2024-02-08 15:00:00,Gandhibagh,228.41,136.48,96.53,230.83,0.9147,0.0795,29.7,daytime
2024-02-08 15:00:00,Lakadganj,269.09,109.67,151.89,226.69,0.8987,0.0528,34.7,daytime
2024-02-08 15:00:00,Sadar,261.48,107.26,139.13,230.12,0.941,0.1171,34.2,daytime
2024-02-08 15:00:00,Itwari,320.53,136.23,198.83,231.57,0.8736,0.0616,33.1,daytime
2024-02-08 15:00:00,Manewada,329.01,129.47,208.76,226.79,0.9715,0.1777,34.5,daytime
2024-02-08 15:00:00,Hingna,237.97,118.36,107.63,235.72,0.894,0.0768,33.5,daytime
2024-02-08 16:00:00,Dharampeth,298.63,109.38,207.89,237.51,0.8677,0.1058,32.3,daytime
2024-02-08 16:00:00,Sitabuldi,271.73,103.24,156.6,227.22,0.9562,0.1216,33.9,daytime
2024-02-08 16:00:00,Gandhibagh,248.35,104.87,147.68,230.54,0.891,0.1544,31.1,daytime
2024-02-08 16:00:00,Lakadganj,302.41,90.41,197.41,230.32,0.9796,0.0605,32.2,daytime
2024-02-08 16:00:00,Sadar,226.66,64.29,164.32,223.97,0.9408,0.0573,32.6,daytime
2024-02-08 16:00:00,Itwari,247.56,102.04,164.96,222.49,0.8942,0.1446,33.0,daytime
2024-02-08 16:00:00,Manewada,274.66,78.08,196.31,225.93,0.91,0.121,32.7,daytime
2024-02-08 16:00:00,Hingna,245.26,88.05,156.12,223.09,0.8482,0.1487,33.7,daytime
2024-02-08 17:00:00,Dharampeth,283.67,30.72,252.72,231.77,0.8832,0.0443,35.3,daytime
2024-02-08 17:00:00,Sitabuldi,304.06,56.55,233.45,229.26,0.9393,0.0975,34.6,daytime
2024-02-08 17:00:00,Gandhibagh,369.14,35.6,333.87,220.34,0.9457,0.1762,34.1,daytime
2024-02-08 17:00:00,Lakadganj,235.33,30.13,212.61,225.42,0.8823,0.006,32.2,daytime
2024-02-08 17:00:00,Sadar,245.37,72.29,178.04,228.76,0.927,0.0536,33.0,daytime
2024-02-08 17:00:00,Itwari,325.3,48.62,252.69,232.17,0.9624,0.1025,31.7,daytime
2024-02-08 17:00:00,Manewada,352.21,37.86,311.68,221.92,0.8836,0.1626,33.1,daytime
2024-02-08 17:00:00,Hingna,302.84,44.89,247.87,233.07,0.8783,0.04,34.7,daytime
2024-02-08 18:00:00,Dharampeth,309.45,23.8,281.46,232.54,0.9327,0.1387,28.5,peak
2024-02-08 18:00:00,Sitabuldi,293.78,0,304.79,229.89,0.8838,0.0429,31.4,peak
2024-02-08 18:00:00,Gandhibagh,331.96,11.99,341.47,224.88,0.9066,0.0864,32.5,peak
2024-02-08 18:00:00,Lakadganj,340.93,0,339.67,236.46,0.8881,0.179,31.1,peak
2024-02-08 18:00:00,Sadar,399.36,11.21,381.69,232.37,0.9413,0.0543,35.6,peak
2024-02-08 18:00:00,Itwari,337.4,0,314.73,224.65,0.9563,0.1739,34.6,peak
2024-02-08 18:00:00,Manewada,396.91,10.25,390.8,238.66,0.8978,0.0868,30.7,peak
2024-02-08 18:00:00,Hingna,336.48,10.61,333.59,239.43,0.9142,0.133,29.9,peak
2024-02-08 19:00:00,Dharampeth,369.2,0,371.11,226.1,0.8912,0.0462,31.3,peak
2024-02-08 19:00:00,Sitabuldi,297.59,0,307.85,234.14,0.8954,0.131,35.3,peak
2024-02-08 19:00:00,Gandhibagh,384.29,0,397.34,233.5,0.9085,0.0757,29.2,peak
2024-02-08 19:00:00,Lakadganj,285.86,0,275.31,231.63,0.921,0.0825,33.0,peak
2024-02-08 19:00:00,Sadar,286.43,0,301.09,235.88,0.9351,0.0376,30.3,peak
2024-02-08 19:00:00,Itwari,353.72,0,356.33,235.17,0.8677,0.0643,34.8,peak
2024-02-08 19:00:00,Manewada,302.74,0,303.58,229.49,0.8794,0.0406,33.5,peak
2024-02-08 19:00:00,Hingna,340.98,0,338.55,228.7,0.9046,0.1503,33.9,peak
2024-02-08 20:00:00,Dharampeth,337.62,0,351.2,225.97,0.8847,0.0809,36.8,peak
2024-02-08 20:00:00,Sitabuldi,264.4,0,266.87,219.5,0.9268,0.0993,31.1,peak
2024-02-08 20:00:00,Gandhibagh,316.78,0,309.89,234.35,0.9247,0.0456,35.9,peak
2024-02-08 20:00:00,Lakadganj,335.74,0,334.37,231.23,0.8844,0.1753,30.3,peak
2024-02-08 20:00:00,Sadar,336.86,0,336.5,232.3,0.9077,0.0372,28.9,peak
2024-02-08 20:00:00,Itwari,300.01,0,297.0,233.62,0.9894,0.1713,34.0,peak
2024-02-08 20:00:00,Manewada,345.11,0,339.22,233.65,0.8932,0.1593,34.0,peak
2024-02-08 20:00:00,Hingna,287.98,0,285.71,230.83,0.931,0.0639,30.2,peak
2024-02-08 21:00:00,Dharampeth,372.88,0,370.16,232.76,0.935,0.6457,34.4,peak
2024-02-08 21:00:00,Sitabuldi,329.79,0,332.89,235.47,0.9134,0.1095,38.0,peak
2024-02-08 21:00:00,Gandhibagh,334.46,0,330.62,235.95,0.9221,0.0964,34.0,peak
2024-02-08 21:00:00,Lakadganj,264.33,0,248.15,226.55,0.9103,0.1501,30.5,peak
2024-02-08 21:00:00,Sadar,274.05,0,280.0,234.42,0.9988,0.0689,33.2,peak
2024-02-08 21:00:00,Itwari,383.88,0,385.15,231.37,0.9348,0.1451,33.7,peak
2024-02-08 21:00:00,Manewada,287.38,0,279.63,224.61,0.9134,0.3174,32.9,peak
2024-02-08 21:00:00,Hingna,314.04,0,317.29,232.11,0.926,0.1032,35.0,peak
2024-02-08 22:00:00,Dharampeth,295.54,0,307.39,236.68,0.9123,0.1791,31.3,peak
2024-02-08 22:00:00,Sitabuldi,325.39,0,324.45,237.43,0.8807,0.1429,36.3,peak
2024-02-08 22:00:00,Gandhibagh,307.02,0,316.8,231.1,0.9312,0.0335,35.0,peak
2024-02-08 22:00:00,Lakadganj,281.75,0,279.67,234.12,0.9146,0.0178,31.9,peak
2024-02-08 22:00:00,Sadar,285.14,0,294.89,234.42,0.8833,0.095,36.1,peak
2024-02-08 22:00:00,Itwari,305.86,0,303.86,231.83,0.944,0.147,36.1,peak
2024-02-08 22:00:00,Manewada,326.15,0,321.49,232.26,0.9295,0.0317,33.4,peak
2024-02-08 22:00:00,Hingna,319.31,0,288.98,231.06,0.9599,0.1271,33.3,peak
2024-02-08 23:00:00,Dharampeth,297.69,0,292.34,241.12,0.9213,0.0631,32.7,night
2024-02-08 23:00:00,Sitabuldi,267.11,0,254.12,225.14,0.9467,0.0537,31.1,night
2024-02-08 23:00:00,Gandhibagh,255.24,0,265.14,232.91,0.9761,0.1628,28.8,night
2024-02-08 23:00:00,Lakadganj,212.2,0,209.91,231.16,0.9287,0.1786,34.0,night
2024-02-08 23:00:00,Sadar,256.3,0,261.73,225.9,0.9483,0.1704,35.9,night
2024-02-08 23:00:00,Itwari,180.59,0,183.55,230.9,0.9101,0.1501,31.9,night
2024-02-08 23:00:00,Manewada,209.99,0,216.96,237.97,0.9512,0.052,34.3,night
2024-02-08 23:00:00,Hingna,243.1,0,236.03,232.9,0.9048,0.1117,31.6,night
2024-02-09 00:00:00,Dharampeth,233.49,0,246.3,237.17,0.9212,0.0243,33.2,night
2024-02-09 00:00:00,Sitabuldi,231.16,0,228.61,228.43,0.9089,0.1419,33.9,night
2024-02-09 00:00:00,Gandhibagh,275.45,0,279.66,227.53,0.9085,0.1485,33.6,night
2024-02-09 00:00:00,Lakadganj,313.76,0,300.73,226.17,0.9301,0.6285,34.7,night
2024-02-09 00:00:00,Sadar,249.21,0,255.11,232.38,0.9368,0.004,31.5,night
2024-02-09 00:00:00,Itwari,235.33,0,231.97,234.04,0.9247,0.0176,31.1,night
2024-02-09 00:00:00,Manewada,273.45,0,254.82,225.23,0.8913,0.0155,32.1,night
2024-02-09 00:00:00,Hingna,251.16,0,256.8,224.05,0.9049,0.1051,31.6,night
2024-02-09 01:00:00,Dharampeth,205.52,0,219.75,232.45,0.9407,0.0864,29.8,night
2024-02-09 01:00:00,Sitabuldi,232.6,0,235.67,225.38,0.9024,0.1039,35.7,night
2024-02-09 01:00:00,Gandhibagh,271.48,0,267.26,232.32,0.8814,0.1543,30.8,night
2024-02-09 01:00:00,Lakadganj,237.14,0,229.2,231.99,0.8629,0.1443,34.3,night
2024-02-09 01:00:00,Sadar,269.72,0,272.17,234.06,0.9173,0.1356,36.4,night
2024-02-09 01:00:00,Itwari,219.06,0,220.56,233.68,0.869,0.1006,36.7,night
2024-02-09 01:00:00,Manewada,256.79,0,249.35,226.52,0.8805,0.0608,31.8,night
2024-02-09 01:00:00,Hingna,240.36,0,243.02,227.02,0.9921,0.0874,33.4,night
2024-02-09 02:00:00,Dharampeth,219.69,0,196.18,229.57,0.9516,0.1759,33.9,night
2024-02-09 02:00:00,Sitabuldi,246.26,0,262.77,229.39,0.93,0.126,32.0,night
2024-02-09 02:00:00,Gandhibagh,221.75,0,227.19,235.71,0.8741,0.0194,36.6,night
2024-02-09 02:00:00,Lakadganj,315.35,0,324.76,229.79,0.941,0.0916,33.9,night
2024-02-09 02:00:00,Sadar,247.99,0,255.39,233.14,0.9453,0.1145,34.3,night
2024-02-09 02:00:00,Itwari,231.23,0,231.17,227.83,0.9341,0.0665,32.7,night
2024-02-09 02:00:00,Manewada,200.29,0,199.38,233.46,0.8981,0.0557,31.7,night
2024-02-09 02:00:00,Hingna,204.76,0,215.11,222.65,0.8981,0.0636,32.1,night
2024-02-09 03:00:00,Dharampeth,182.84,0,183.49,225.56,0.9023,0.008,29.8,night
2024-02-09 03:00:00,Sitabuldi,218.47,0,222.65,222.86,0.9406,0.122,33.6,night
2024-02-09 03:00:00,Gandhibagh,252.72,0,264.89,228.8,0.9386,0.1344,32.3,night
2024-02-09 03:00:00,Lakadganj,235.27,0,247.02,232.75,0.9108,0.0512,32.3,night
2024-02-09 03:00:00,Sadar,185.31,0,192.94,235.03,0.8669,0.0143,30.8,night
2024-02-09 03:00:00,Itwari,255.09,0,253.75,225.04,0.9392,0.1427,30.8,night
2024-02-09 03:00:00,Manewada,288.02,0,284.52,239.17,0.9342,0.0019,31.3,night
2024-02-09 03:00:00,Hingna,211.43,0,206.35,232.97,0.8374,0.1594,33.0,night
2024-02-09 04:00:00,Dharampeth,228.6,0,230.02,229.31,0.8668,0.1636,32.8,night
2024-02-09 04:00:00,Sitabuldi,207.68,0,203.43,231.65,0.9588,0.117,34.3,night
2024-02-09 04:00:00,Gandhibagh,262.0,0,248.23,232.42,0.9086,0.1099,32.6,night
2024-02-09 04:00:00,Lakadganj,268.67,0,271.0,240.64,0.9213,0.075,34.1,night
2024-02-09 04:00:00,Sadar,259.13,0,251.72,231.54,0.8982,0.1527,34.7,night
2024-02-09 04:00:00,Itwari,225.29,0,238.02,221.98,0.8653,0.0555,33.3,night
2024-02-09 04:00:00,Manewada,222.17,0,233.49,231.35,0.9461,0.1211,33.1,night
2024-02-09 04:00:00,Hingna,259.24,0,255.95,235.03,0.874,0.1708,34.5,night
2024-02-09 05:00:00,Dharampeth,246.47,0,235.0,227.35,0.8991,0.0567,31.0,night
2024-02-09 05:00:00,Sitabuldi,257.64,0,245.89,229.23,0.9428,0.0494,32.5,night
2024-02-09 05:00:00,Gandhibagh,261.31,0,264.2,218.07,0.9073,0.0395,34.1,night
2024-02-09 05:00:00,Lakadganj,282.31,0,289.6,225.04,0.9556,0.1637,32.7,night
2024-02-09 05:00:00,Sadar,257.65,0,250.86,231.13,0.8882,0.0129,35.9,night
2024-02-09 05:00:00,Itwari,239.03,0,243.62,226.65,0.8836,0.0772,34.4,night
2024-02-09 05:00:00,Manewada,237.95,0,251.74,227.74,0.9595,0.1752,29.1,night
2024-02-09 05:00:00,Hingna,247.48,0,252.45,238.09,0.915,0.0107,34.5,night
2024-02-09 06:00:00,Dharampeth,264.58,0,245.79,227.74,0.8962,0.0319,34.7,daytime
2024-02-09 06:00:00,Sitabuldi,291.96,8.15,283.04,227.96,0.9034,0.1351,33.8,daytime
2024-02-09 06:00:00,Gandhibagh,248.34,0,235.21,232.96,0.9171,0.077,34.1,daytime
2024-02-09 06:00:00,Lakadganj,259.72,1.2,271.13,242.27,0.9534,0.1791,32.4,daytime
2024-02-09 06:00:00,Sadar,282.85,5.89,268.05,239.12,0.9374,0.0495,33.5,daytime
2024-02-09 06:00:00,Itwari,344.32,0,341.69,230.62,0.8862,0.1553,28.9,daytime
2024-02-09 06:00:00,Manewada,215.99,0,217.07,229.53,0.9171,0.125,32.2,daytime
2024-02-09 06:00:00,Hingna,284.72,6.13,294.14,235.56,0.9405,0.1618,33.0,daytime
2024-02-09 07:00:00,Dharampeth,313.98,58.24,268.1,222.27,0.9549,0.0058,32.8,daytime
2024-02-09 07:00:00,Sitabuldi,325.24,44.02,284.5,229.55,0.9344,0.0615,35.6,daytime
2024-02-09 07:00:00,Gandhibagh,274.65,46.07,234.39,235.36,0.9327,0.0985,35.2,daytime
2024-02-09 07:00:00,Lakadganj,294.73,23.97,274.79,234.49,0.926,0.0966,33.3,daytime
2024-02-09 07:00:00,Sadar,228.88,41.72,191.84,225.17,0.9026,0.0892,35.5,daytime
2024-02-09 07:00:00,Itwari,329.26,53.94,282.4,233.44,0.9054,0.1251,32.8,daytime
2024-02-09 07:00:00,Manewada,294.75,50.28,236.6,225.8,0.9141,0.1565,32.7,daytime
2024-02-09 07:00:00,Hingna,221.18,44.85,191.06,233.2,0.9689,0.0722,34.3,daytime
2024-02-09 08:00:00,Dharampeth,291.0,93.94,178.57,225.38,0.8825,0.145,35.0,daytime
2024-02-09 08:00:00,Sitabuldi,267.16,115.31,152.07,229.83,0.9322,0.1577,35.1,daytime
2024-02-09 08:00:00,Gandhibagh,264.57,121.27,153.41,230.43,0.9183,0.0929,31.5,daytime
2024-02-09 08:00:00,Lakadganj,293.11,90.05,201.11,218.61,0.9188,0.0783,30.9,daytime
2024-02-09 08:00:00,Sadar,315.34,82.61,234.44,228.73,0.9307,0.0965,36.3,daytime
2024-02-09 08:00:00,Itwari,232.79,108.43,143.24,220.97,0.9404,0.0127,32.2,daytime
2024-02-09 08:00:00,Manewada,274.54,80.3,214.69,230.79,0.8438,0.0168,34.0,daytime
2024-02-09 08:00:00,Hingna,288.8,99.67,185.74,231.68,0.8643,0.0877,32.6,daytime
2024-02-09 09:00:00,Dharampeth,367.85,136.34,239.85,232.15,0.9276,0.1007,35.0,peak
2024-02-09 09:00:00,Sitabuldi,347.2,112.02,244.61,228.51,0.9152,0.1425,34.5,peak
2024-02-09 09:00:00,Gandhibagh,358.41,118.77,259.04,232.08,0.8447,0.0926,32.6,peak
2024-02-09 09:00:00,Lakadganj,360.37,149.04,209.51,223.94,0.908,0.1481,35.0,peak
2024-02-09 09:00:00,Sadar,370.87,99.07,263.62,239.52,0.8783,0.0205,30.9,peak
2024-02-09 09:00:00,Itwari,316.68,127.57,182.64,226.83,0.86,0.0079,33.5,peak
2024-02-09 09:00:00,Manewada,321.49,128.67,194.12,227.44,0.8981,0.1531,33.7,peak
2024-02-09 09:00:00,Hingna,375.61,121.38,261.92,232.54,0.904,0.043,29.6,peak
2024-02-09 10:00:00,Dharampeth,334.13,145.19,189.9,230.64,0.8912,0.1367,35.1,peak
2024-02-09 10:00:00,Sitabuldi,383.14,166.31,218.74,217.76,0.8906,0.046,35.8,peak
2024-02-09 10:00:00,Gandhibagh,380.42,155.06,234.74,225.49,0.9643,0.0026,29.9,peak
2024-02-09 10:00:00,Lakadganj,340.94,168.24,174.7,230.53,0.9501,0.0313,32.0,peak
2024-02-09 10:00:00,Sadar,365.03,143.74,217.58,231.35,0.9292,0.1617,32.0,peak
2024-02-09 10:00:00,Itwari,364.66,143.51,216.03,231.09,0.9235,0.7894,29.4,peak
2024-02-09 10:00:00,Manewada,345.86,152.73,204.67,236.79,0.8952,0.0865,34.5,peak
2024-02-09 10:00:00,Hingna,355.09,151.31,205.28,242.08,0.885,0.1037,37.1,peak
2024-02-09 11:00:00,Dharampeth,357.73,166.59,195.57,228.59,0.9772,0.5937,34.6,peak
2024-02-09 11:00:00,Sitabuldi,345.19,180.72,174.06,233.1,0.9348,0.0497,29.6,peak
2024-02-09 11:00:00,Gandhibagh,368.35,186.73,188.38,228.59,0.9447,0.164,32.1,peak
2024-02-09 11:00:00,Lakadganj,324.54,187.51,132.25,229.01,0.9126,0.0936,33.1,peak
2024-02-09 11:00:00,Sadar,397.91,176.93,213.34,230.43,0.8812,0.4106,31.0,peak
2024-02-09 11:00:00,Itwari,369.95,197.97,171.51,235.01,0.9904,0.0443,34.4,peak
2024-02-09 11:00:00,Manewada,398.76,184.81,217.48,232.42,0.9051,0.1008,28.1,peak
2024-02-09 11:00:00,Hingna,377.81,182.21,209.48,220.18,0.899,0.1062,34.1,peak
2024-02-09 12:00:00,Dharampeth,362.93,179.77,182.43,231.85,0.9235,0.0484,31.9,peak
2024-02-09 12:00:00,Sitabuldi,273.24,197.78,90.81,231.28,0.893,0.0841,33.2,peak
2024-02-09 12:00:00,Gandhibagh,353.83,177.82,167.89,234.1,0.9272,0.0283,37.1,peak
2024-02-09 12:00:00,Lakadganj,420.72,193.5,214.46,222.89,0.9109,0.0703,35.3,peak
2024-02-09 12:00:00,Sadar,360.25,158.65,207.6,232.7,0.8873,0.0692,28.1,peak
2024-02-09 12:00:00,Itwari,393.16,170.05,214.24,221.83,0.9402,0.1343,30.5,peak
2024-02-09 12:00:00,Manewada,376.24,171.95,201.9,224.31,0.9506,0.029,32.5,peak
2024-02-09 12:00:00,Hingna,353.55,162.75,181.97,235.19,0.9359,0.0366,34.5,peak
2024-02-09 13:00:00,Dharampeth,288.24,187.24,83.21,224.11,0.9032,0.0511,36.5,daytime
2024-02-09 13:00:00,Sitabuldi,285.62,172.91,102.62,222.8,0.9502,0.08,30.6,daytime
2024-02-09 13:00:00,Gandhibagh,314.48,206.6,106.01,226.38,0.9211,0.0711,34.8,daytime
2024-02-09 13:00:00,Lakadganj,365.21,185.68,175.18,233.75,0.8938,0.0148,33.9,daytime
2024-02-09 13:00:00,Sadar,235.6,176.6,63.96,228.97,0.9242,0.0377,30.3,daytime
2024-02-09 13:00:00,Itwari,260.12,189.33,74.58,228.07,0.9425,0.1126,34.4,daytime
2024-02-09 13:00:00,Manewada,239.62,181.04,60.05,237.42,0.9241,0.1307,31.3,daytime
2024-02-09 13:00:00,Hingna,316.33,148.14,168.76,234.7,0.9111,0.1415,29.8,daytime
2024-02-09 14:00:00,Dharampeth,299.33,143.11,155.44,236.8,0.9758,0.1411,31.3,daytime
2024-02-09 14:00:00,Sitabuldi,306.25,146.27,160.94,231.57,0.8968,0.0773,33.5,daytime
2024-02-09 14:00:00,Gandhibagh,294.94,159.83,140.55,230.41,0.9485,0.0557,31.8,daytime
2024-02-09 14:00:00,Lakadganj,264.5,180.43,76.68,225.48,0.9543,0.0534,32.0,daytime
2024-02-09 14:00:00,Sadar,284.69,131.18,157.96,230.34,0.9195,0.1324,31.6,daytime
2024-02-09 14:00:00,Itwari,292.75,155.71,139.85,221.53,0.9072,0.1791,33.0,daytime
2024-02-09 14:00:00,Manewada,303.11,156.29,132.21,229.75,0.9335,0.0546,35.9,daytime
2024-02-09 14:00:00,Hingna,309.04,156.94,164.77,235.82,0.9082,0.0564,34.4,daytime
2024-02-09 15:00:00,Dharampeth,337.2,129.31,192.57,225.22,0.9722,0.1119,29.9,daytime
2024-02-09 15:00:00,Sitabuldi,268.59,126.45,138.92,221.88,0.8879,0.0379,35.0,daytime
2024-02-09 15:00:00,Gandhibagh,276.01,104.16,192.35,226.95,0.9209,0.1793,33.5,daytime
2024-02-09 15:00:00,Lakadganj,307.99,124.87,171.51,233.22,0.8876,0.1331,34.8,daytime
2024-02-09 15:00:00,Sadar,287.59,139.66,162.09,232.09,0.9117,0.0507,34.7,daytime
2024-02-09 15:00:00,Itwari,246.8,88.37,163.09,229.8,0.9116,0.1409,35.9,daytime
2024-02-09 15:00:00,Manewada,297.33,118.98,182.43,228.84,0.9018,0.1678,32.8,daytime
2024-02-09 15:00:00,Hingna,271.44,147.23,120.01,235.63,0.9175,0.1125,35.0,daytime
2024-02-09 16:00:00,Dharampeth,212.3,106.56,134.48,233.66,0.9464,0.0353,35.4,daytime
2024-02-09 16:00:00,Sitabuldi,284.7,106.07,175.05,234.38,0.9303,0.0535,35.2,daytime
2024-02-09 16:00:00,Gandhibagh,242.88,94.74,144.02,235.26,0.9413,0.1779,29.9,daytime
2024-02-09 16:00:00,Lakadganj,305.07,83.25,225.97,229.96,0.8955,0.0541,31.8,daytime
2024-02-09 16:00:00,Sadar,313.01,67.15,234.75,236.18,0.9685,0.0863,33.6,daytime
2024-02-09 16:00:00,Itwari,337.67,110.99,216.82,232.88,0.9744,0.3787,35.1,daytime
2024-02-09 16:00:00,Manewada,246.6,57.49,169.4,227.2,0.9634,0.0862,30.4,daytime
2024-02-09 16:00:00,Hingna,261.19,90.32,174.01,227.03,0.969,0.1121,36.9,daytime
2024-02-09 17:00:00,Dharampeth,265.21,47.45,225.95,228.28,0.9185,0.0784,37.6,daytime
2024-02-09 17:00:00,Sitabuldi,298.83,45.32,255.31,227.74,0.9173,0.4128,33.9,daytime
2024-02-09 17:00:00,Gandhibagh,291.34,43.8,242.54,234.14,0.937,0.0611,35.6,daytime
2024-02-09 17:00:00,Lakadganj,274.72,42.27,237.95,223.52,0.907,0.1552,35.0,daytime
2024-02-09 17:00:00,Sadar,286.27,36.6,241.54,228.4,0.9281,0.0845,30.7,daytime
2024-02-09 17:00:00,Itwari,279.11,46.32,232.61,233.24,0.911,0.066,32.3,daytime
2024-02-09 17:00:00,Manewada,303.81,36.26,270.88,231.03,0.8846,0.0956,37.0,daytime
2024-02-09 17:00:00,Hingna,250.82,41.57,194.05,231.56,0.9667,0.0724,35.5,daytime
2024-02-09 18:00:00,Dharampeth,368.8,0,362.77,223.87,0.8993,0.1178,33.9,peak
2024-02-09 18:00:00,Sitabuldi,351.28,19.57,342.38,230.43,0.9447,0.1712,33.8,peak
2024-02-09 18:00:00,Gandhibagh,329.73,12.72,327.37,234.11,0.9571,0.0647,30.5,peak
2024-02-09 18:00:00,Lakadganj,378.8,35.72,342.81,231.34,0.8997,0.1009,33.4,peak
2024-02-09 18:00:00,Sadar,364.08,7.24,347.74,223.98,0.9249,0.1404,31.6,peak
2024-02-09 18:00:00,Itwari,368.01,3.05,354.33,228.05,0.9008,0.1676,34.6,peak
2024-02-09 18:00:00,Manewada,338.97,0,336.75,234.48,0.9021,0.1276,32.1,peak
2024-02-09 18:00:00,Hingna,344.41,27.74,318.4,236.14,0.896,0.0932,34.7,peak
2024-02-09 19:00:00,Dharampeth,261.8,0,258.41,223.79,0.9133,0.0108,29.7,peak
2024-02-09 19:00:00,Sitabuldi,326.61,0,331.23,231.16,0.9206,0.1212,31.9,peak
2024-02-09 19:00:00,Gandhibagh,340.93,0,330.96,234.23,0.9182,0.0794,34.3,peak
2024-02-09 19:00:00,Lakadganj,329.76,0,317.7,229.39,0.9357,0.0011,31.5,peak
2024-02-09 19:00:00,Sadar,294.13,0,281.31,220.74,0.8922,0.091,31.4,peak
2024-02-09 19:00:00,Itwari,382.03,0,384.62,231.44,0.9562,0.0926,30.2,peak
2024-02-09 19:00:00,Manewada,285.25,0,285.26,226.76,0.8566,0.0427,34.7,peak
2024-02-09 19:00:00,Hingna,364.32,0,351.1,223.54,0.884,0.122,38.2,peak
2024-02-09 20:00:00,Dharampeth,362.2,0,359.98,232.08,0.8847,0.1169,34.1,peak
2024-02-09 20:00:00,Sitabuldi,271.74,0,267.8,233.41,0.9598,0.1702,32.7,peak
2024-02-09 20:00:00,Gandhibagh,296.16,0,299.62,232.33,0.8508,0.1251,32.6,peak
2024-02-09 20:00:00,Lakadganj,283.01,0,290.28,236.59,0.8664,0.0588,31.8,peak
2024-02-09 20:00:00,Sadar,302.73,0,294.77,229.45,0.9077,0.0217,33.0,peak
2024-02-09 20:00:00,Itwari,305.0,0,303.39,227.11,0.9602,0.0326,33.5,peak
2024-02-09 20:00:00,Manewada,348.46,0,353.05,223.87,0.9227,0.17,32.2,peak
2024-02-09 20:00:00,Hingna,354.57,0,355.34,226.84,0.9527,0.0632,31.6,peak
2024-02-09 21:00:00,Dharampeth,280.04,0,263.12,222.41,0.942,0.0136,31.9,peak
2024-02-09 21:00:00,Sitabuldi,296.17,0,287.65,230.78,0.9317,0.0359,33.4,peak
2024-02-09 21:00:00,Gandhibagh,292.14,0,298.91,228.01,0.9433,0.0418,36.4,peak
2024-02-09 21:00:00,Lakadganj,317.77,0,318.24,234.51,0.9263,0.0529,29.5,peak
2024-02-09 21:00:00,Sadar,359.02,0,348.02,223.53,0.9085,0.1606,32.6,peak
2024-02-09 21:00:00,Itwari,286.93,0,291.26,212.37,0.9763,0.0246,32.5,peak
2024-02-09 21:00:00,Manewada,281.6,0,286.31,221.67,0.9126,0.0883,34.1,peak
2024-02-09 21:00:00,Hingna,333.0,0,351.51,232.14,0.9448,0.1594,31.2,peak
2024-02-09 22:00:00,Dharampeth,329.78,0,328.65,230.65,0.9296,0.1075,30.6,peak
2024-02-09 22:00:00,Sitabuldi,347.56,0,340.07,226.2,0.9372,0.0271,28.1,peak
2024-02-09 22:00:00,Gandhibagh,315.3,0,321.14,218.79,0.9021,0.1045,33.5,peak
2024-02-09 22:00:00,Lakadganj,297.28,0,305.91,233.76,0.934,0.0525,32.8,peak
2024-02-09 22:00:00,Sadar,321.4,0,330.55,235.58,0.9331,0.0368,32.8,peak
2024-02-09 22:00:00,Itwari,326.97,0,324.65,224.56,1.0,0.0876,33.3,peak
2024-02-09 22:00:00,Manewada,293.69,0,282.75,234.36,0.8971,0.1192,31.5,peak
2024-02-09 22:00:00,Hingna,286.02,0,301.53,238.3,0.8982,0.1414,33.5,peak
2024-02-09 23:00:00,Dharampeth,287.31,0,283.53,234.67,0.8807,0.0101,32.1,night
2024-02-09 23:00:00,Sitabuldi,304.94,0,312.48,227.92,0.9453,0.115,37.6,night
2024-02-09 23:00:00,Gandhibagh,223.87,0,227.61,230.27,0.8765,0.0562,33.0,night
2024-02-09 23:00:00,Lakadganj,215.16,0,223.33,236.12,0.8622,0.0785,29.4,night
2024-02-09 23:00:00,Sadar,203.3,0,176.56,227.91,0.9776,0.0058,35.1,night
2024-02-09 23:00:00,Itwari,225.26,0,229.02,226.97,0.9482,0.1795,34.7,night
2024-02-09 23:00:00,Manewada,240.28,0,253.77,237.98,0.9591,0.1147,32.6,night
2024-02-09 23:00:00,Hingna,202.12,0,211.11,226.38,0.9362,0.0294,34.6,night
2024-02-10 00:00:00,Dharampeth,169.37,0,179.03,226.64,0.8861,0.167,36.6,night
2024-02-10 00:00:00,Sitabuldi,268.72,0,260.43,228.14,0.9238,0.0718,34.5,night
2024-02-10 00:00:00,Gandhibagh,339.5,0,341.12,231.18,0.9395,0.1116,34.8,night
2024-02-10 00:00:00,Lakadganj,286.23,0,280.86,232.97,0.9187,0.1492,34.6,night
2024-02-10 00:00:00,Sadar,234.96,0,230.4,229.47,0.9646,0.0133,34.1,night
2024-02-10 00:00:00,Itwari,185.49,0,209.21,232.81,0.8761,0.178,31.9,night
2024-02-10 00:00:00,Manewada,272.78,0,265.98,228.73,0.9203,0.1456,34.3,night
2024-02-10 00:00:00,Hingna,217.0,0,226.4,240.43,0.9112,0.1232,34.7,night
2024-02-10 01:00:00,Dharampeth,199.38,0,199.73,226.35,0.8942,0.0338,37.1,night
2024-02-10 01:00:00,Sitabuldi,267.31,0,259.91,224.52,0.9207,0.0188,34.7,night
2024-02-10 01:00:00,Gandhibagh,181.06,0,189.69,226.37,0.8856,0.1668,36.4,night
2024-02-10 01:00:00,Lakadganj,246.22,0,244.69,231.21,0.9613,0.0566,32.2,night
2024-02-10 01:00:00,Sadar,276.72,0,283.08,226.55,0.9032,0.0191,33.5,night
2024-02-10 01:00:00,Itwari,206.17,0,220.62,225.46,0.9702,0.081,34.9,night
2024-02-10 01:00:00,Manewada,179.96,0,165.94,226.74,0.9413,0.0888,32.6,night
2024-02-10 01:00:00,Hingna,254.32,0,244.06,226.31,0.9449,0.0823,30.9,night
2024-02-10 02:00:00,Dharampeth,265.71,0,250.61,224.15,0.9714,0.0506,35.8,night
2024-02-10 02:00:00,Sitabuldi,223.82,0,223.11,237.95,0.8894,0.0359,30.7,night
2024-02-10 02:00:00,Gandhibagh,262.04,0,262.32,234.36,0.9117,0.6213,29.4,night
2024-02-10 02:00:00,Lakadganj,188.14,0,197.66,237.34,0.9792,0.0378,33.5,night
2024-02-10 02:00:00,Sadar,271.11,0,254.16,236.08,0.9461,0.1669,33.9,night
2024-02-10 02:00:00,Itwari,245.73,0,250.77,226.55,0.9073,0.0535,36.6,night
2024-02-10 02:00:00,Manewada,262.92,0,263.6,239.52,0.9073,0.0486,33.7,night
2024-02-10 02:00:00,Hingna,232.4,0,222.22,230.01,0.9484,0.029,33.7,night
2024-02-10 03:00:00,Dharampeth,227.21,0,232.96,213.15,0.924,0.102,31.4,night
2024-02-10 03:00:00,Sitabuldi,231.23,0,240.62,226.41,0.872,0.023,35.7,night
2024-02-10 03:00:00,Gandhibagh,205.32,0,215.87,234.71,0.9042,0.1725,32.7,night
2024-02-10 03:00:00,Lakadganj,193.42,0,206.71,228.55,0.907,0.0965,35.4,night
2024-02-10 03:00:00,Sadar,166.92,0,164.16,231.18,0.9,0.4265,35.0,night
2024-02-10 03:00:00,Itwari,261.21,0,254.16,230.84,0.9183,0.0142,32.4,night
2024-02-10 03:00:00,Manewada,274.78,0,272.36,233.51,0.903,0.1575,34.8,night
2024-02-10 03:00:00,Hingna,212.22,0,202.92,225.75,0.8802,0.1708,35.7,night
2024-02-10 04:00:00,Dharampeth,236.47,0,239.78,232.5,0.8817,0.08,32.1,night
2024-02-10 04:00:00,Sitabuldi,186.73,0,174.43,226.67,0.9554,0.1439,32.4,night
2024-02-10 04:00:00,Gandhibagh,206.41,0,208.36,226.64,0.9369,0.0429,34.6,night
2024-02-10 04:00:00,Lakadganj,258.27,0,257.78,238.08,0.8745,0.0289,32.3,night
2024-02-10 04:00:00,Sadar,235.24,0,236.39,235.75,0.8867,0.1628,33.7,night
2024-02-10 04:00:00,Itwari,220.16,0,210.62,230.08,0.9035,0.0462,29.2,night
2024-02-10 04:00:00,Manewada,316.51,0,303.39,234.38,0.9266,0.1342,33.8,night
2024-02-10 04:00:00,Hingna,190.72,0,176.3,233.8,0.8944,0.0935,31.6,night
2024-02-10 05:00:00,Dharampeth,231.04,0,234.79,222.9,0.9382,0.0902,29.1,night
2024-02-10 05:00:00,Sitabuldi,227.7,0,236.39,234.16,0.9538,0.1369,35.9,night
2024-02-10 05:00:00,Gandhibagh,231.97,0,251.71,227.47,0.9284,0.0937,33.6,night
2024-02-10 05:00:00,Lakadganj,263.02,0,268.07,234.43,0.9438,0.096,30.2,night
2024-02-10 05:00:00,Sadar,198.56,0,194.1,227.93,0.9314,0.0322,33.3,night
2024-02-10 05:00:00,Itwari,268.09,0,267.67,233.92,0.9037,0.128,33.7,night
2024-02-10 05:00:00,Manewada,311.27,0,315.22,237.02,0.9068,0.1473,34.6,night
2024-02-10 05:00:00,Hingna,234.61,0,244.98,228.26,0.9401,0.1608,36.0,night
2024-02-10 06:00:00,Dharampeth,253.21,0,254.52,228.98,0.9173,0.0833,35.3,daytime
2024-02-10 06:00:00,Sitabuldi,285.99,12.4,255.34,224.99,0.8898,0.1395,36.5,daytime
2024-02-10 06:00:00,Gandhibagh,248.33,0,264.37,228.65,0.921,0.0581,32.6,daytime
2024-02-10 06:00:00,Lakadganj,266.77,0,271.94,220.33,0.8881,0.1706,32.9,daytime
2024-02-10 06:00:00,Sadar,291.29,0,290.42,237.38,0.9283,0.0616,29.5,daytime
2024-02-10 06:00:00,Itwari,323.77,14.62,306.9,223.09,0.8917,0.1507,35.6,daytime
2024-02-10 06:00:00,Manewada,231.36,4.99,218.65,235.07,0.9624,0.0569,35.0,daytime
2024-02-10 06:00:00,Hingna,297.09,0,291.92,222.92,0.9298,0.0273,34.6,daytime
2024-02-10 07:00:00,Dharampeth,297.69,53.43,244.6,226.05,0.9465,0.1618,33.5,daytime
2024-02-10 07:00:00,Sitabuldi,252.29,27.28,231.87,233.72,0.9292,0.1787,36.1,daytime
2024-02-10 07:00:00,Gandhibagh,258.88,31.65,237.46,233.22,0.9554,0.146,29.8,daytime
2024-02-10 07:00:00,Lakadganj,223.77,30.76,193.33,237.08,0.9267,0.1193,33.4,daytime
2024-02-10 07:00:00,Sadar,272.81,37.14,258.86,225.03,0.9423,0.0963,31.5,daytime
2024-02-10 07:00:00,Itwari,315.63,63.25,262.68,225.37,0.9779,0.0935,37.0,daytime
2024-02-10 07:00:00,Manewada,296.82,33.16,263.35,227.53,0.9094,0.1772,32.7,daytime
2024-02-10 07:00:00,Hingna,259.26,48.93,214.51,227.7,0.9542,0.0166,36.6,daytime
2024-02-10 08:00:00,Dharampeth,235.98,114.53,135.74,232.32,0.9217,0.1763,31.1,daytime
2024-02-10 08:00:00,Sitabuldi,303.64,92.31,207.04,229.96,0.9305,0.1577,30.8,daytime
2024-02-10 08:00:00,Gandhibagh,266.01,114.94,154.42,231.66,0.9552,0.1092,33.5,daytime
2024-02-10 08:00:00,Lakadganj,263.75,75.36,181.93,235.68,0.9095,0.1353,32.0,daytime
2024-02-10 08:00:00,Sadar,268.98,84.83,169.04,233.91,0.9093,0.1612,32.3,daytime
2024-02-10 08:00:00,Itwari,299.39,128.78,179.42,227.94,0.9699,0.0776,32.9,daytime
2024-02-10 08:00:00,Manewada,311.36,102.63,211.02,228.24,0.9066,0.1681,30.6,daytime
2024-02-10 08:00:00,Hingna,287.28,83.56,211.62,222.65,0.8613,0.1387,32.4,daytime
2024-02-10 09:00:00,Dharampeth,374.79,126.15,242.55,221.43,0.8869,0.094,34.9,peak
2024-02-10 09:00:00,Sitabuldi,401.76,142.45,266.65,231.46,0.923,0.0794,35.3,peak
2024-02-10 09:00:00,Gandhibagh,380.3,118.79,262.83,222.26,0.937,0.1505,33.1,peak
2024-02-10 09:00:00,Lakadganj,308.32,99.73,206.37,227.15,0.9212,0.1635,32.5,peak
2024-02-10 09:00:00,Sadar,390.25,141.27,264.4,233.35,0.9306,0.1225,33.5,peak
2024-02-10 09:00:00,Itwari,362.98,102.34,244.68,227.62,0.926,0.1475,32.0,peak
2024-02-10 09:00:00,Manewada,301.92,131.26,185.55,234.54,0.9308,0.101,33.3,peak
2024-02-10 09:00:00,Hingna,352.25,154.13,194.07,231.48,0.9152,0.1676,30.8,peak
2024-02-10 10:00:00,Dharampeth,355.64,140.27,223.02,226.07,0.9363,0.0163,34.1,peak
2024-02-10 10:00:00,Sitabuldi,326.57,168.47,152.18,221.17,0.9534,0.1187,33.0,peak
2024-02-10 10:00:00,Gandhibagh,356.45,178.69,177.48,235.59,0.9592,0.0164,30.4,peak
2024-02-10 10:00:00,Lakadganj,341.05,165.0,166.77,231.53,0.9074,0.0412,32.9,peak
2024-02-10 10:00:00,Sadar,405.87,157.37,253.56,237.11,0.922,0.1398,34.4,peak
2024-02-10 10:00:00,Itwari,338.25,157.2,182.13,228.77,0.961,0.0778,31.0,peak
2024-02-10 10:00:00,Manewada,367.54,136.43,226.4,233.14,0.9515,0.1063,34.0,peak
2024-02-10 10:00:00,Hingna,379.83,125.86,259.54,233.87,0.9397,0.1676,33.3,peak
2024-02-10 11:00:00,Dharampeth,354.9,188.94,161.79,233.65,0.8676,0.0108,32.0,peak
2024-02-10 11:00:00,Sitabuldi,293.57,165.72,116.01,230.21,0.8862,0.0174,31.2,peak
2024-02-10 11:00:00,Gandhibagh,376.88,185.87,197.23,223.54,0.9344,0.0612,34.4,peak
2024-02-10 11:00:00,Lakadganj,417.22,159.51,254.88,229.04,0.9419,0.0688,33.2,peak
2024-02-10 11:00:00,Sadar,407.55,199.91,201.37,240.64,0.8932,0.12,29.8,peak
2024-02-10 11:00:00,Itwari,409.45,170.09,240.69,228.69,0.9213,0.1639,33.7,peak
2024-02-10 11:00:00,Manewada,372.63,188.84,191.59,226.23,0.9636,0.0522,34.1,peak
2024-02-10 11:00:00,Hingna,330.47,181.61,132.54,234.35,0.9249,0.1359,35.8,peak
2024-02-10 12:00:00,Dharampeth,391.57,153.66,245.58,231.69,0.8767,0.1662,32.2,peak
2024-02-10 12:00:00,Sitabuldi,334.15,170.54,170.76,230.27,0.8706,0.1228,32.8,peak
2024-02-10 12:00:00,Gandhibagh,337.55,156.27,183.61,236.49,0.8785,0.0879,32.7,peak
2024-02-10 12:00:00,Lakadganj,325.8,190.8,126.56,235.23,0.8795,0.1258,33.2,peak
2024-02-10 12:00:00,Sadar,408.37,185.85,222.51,232.02,0.9088,0.15,30.8,peak
2024-02-10 12:00:00,Itwari,264.2,184.28,78.39,230.08,0.8912,0.0934,32.1,peak
2024-02-10 12:00:00,Manewada,364.03,199.97,162.52,228.79,0.9492,0.0648,33.9,peak
2024-02-10 12:00:00,Hingna,378.04,177.73,195.66,233.96,0.9388,0.1312,30.8,peak
2024-02-10 13:00:00,Dharampeth,243.87,187.98,57.0,229.58,0.9428,0.099,30.8,daytime
2024-02-10 13:00:00,Sitabuldi,308.1,191.7,124.15,231.72,0.9144,0.0127,29.6,daytime
2024-02-10 13:00:00,Gandhibagh,319.25,184.44,121.74,242.4,0.967,0.0062,31.7,daytime
2024-02-10 13:00:00,Lakadganj,285.98,169.4,93.73,229.62,0.8885,0.1346,36.1,daytime
2024-02-10 13:00:00,Sadar,259.64,163.9,81.16,219.63,0.9262,0.0988,35.1,daytime
2024-02-10 13:00:00,Itwari,197.71,154.55,33.3,230.92,0.9325,0.0666,33.4,daytime
2024-02-10 13:00:00,Manewada,277.42,151.86,112.36,229.7,0.9013,0.0396,34.8,daytime
2024-02-10 13:00:00,Hingna,211.7,155.1,46.15,232.6,0.8895,0.1052,31.1,daytime
2024-02-10 14:00:00,Dharampeth,332.19,151.84,167.35,215.27,0.9255,0.0888,34.5,daytime
2024-02-10 14:00:00,Sitabuldi,308.86,144.1,158.27,228.94,0.9282,0.1188,32.8,daytime
2024-02-10 14:00:00,Gandhibagh,306.21,137.41,172.56,235.71,0.9276,0.0338,32.6,daytime
2024-02-10 14:00:00,Lakadganj,260.66,137.07,128.03,235.38,0.8576,0.1386,36.9,daytime
2024-02-10 14:00:00,Sadar,285.51,135.75,160.89,221.66,0.9489,0.0293,33.9,daytime
2024-02-10 14:00:00,Itwari,270.6,146.44,123.19,223.98,0.9597,0.0789,33.8,daytime
2024-02-10 14:00:00,Manewada,289.61,153.7,142.77,230.76,0.9196,0.0846,33.2,daytime
2024-02-10 14:00:00,Hingna,296.72,179.38,107.18,226.78,0.9144,0.1406,36.9,daytime
2024-02-10 15:00:00,Dharampeth,231.56,150.89,74.88,224.28,0.9163,0.1601,33.2,daytime
2024-02-10 15:00:00,Sitabuldi,214.61,110.29,118.06,235.17,0.9014,0.0055,33.9,daytime
2024-02-10 15:00:00,Gandhibagh,274.55,147.42,136.55,229.43,0.9439,0.1798,33.0,daytime
2024-02-10 15:00:00,Lakadganj,263.0,126.05,132.7,224.99,0.9356,0.0538,35.6,daytime
2024-02-10 15:00:00,Sadar,311.95,129.09,182.9,225.77,0.9086,0.1721,34.4,daytime
2024-02-10 15:00:00,Itwari,313.71,110.22,191.69,230.62,0.9034,0.0992,35.1,daytime
2024-02-10 15:00:00,Manewada,293.82,115.34,159.83,225.61,0.9181,0.174,35.1,daytime
2024-02-10 15:00:00,Hingna,330.51,142.79,194.47,230.25,0.8967,0.0736,32.1,daytime
2024-02-10 16:00:00,Dharampeth,326.35,82.18,249.29,236.05,0.947,0.1042,37.4,daytime
2024-02-10 16:00:00,Sitabuldi,283.52,115.35,166.81,237.92,0.9356,0.0247,33.2,daytime
2024-02-10 16:00:00,Gandhibagh,242.23,108.33,145.26,224.76,0.8938,0.6557,35.9,daytime
2024-02-10 16:00:00,Lakadganj,306.31,92.09,217.67,237.72,0.9633,0.1637,33.3,daytime
2024-02-10 16:00:00,Sadar,228.44,94.05,148.71,226.56,0.9728,0.1303,33.4,daytime
2024-02-10 16:00:00,Itwari,199.85,112.23,84.66,219.88,0.9517,0.0697,33.4,daytime
2024-02-10 16:00:00,Manewada,260.7,95.91,172.26,225.03,0.875,0.16,31.1,daytime
2024-02-10 16:00:00,Hingna,281.52,88.33,192.75,232.85,0.8702,0.0485,30.7,daytime
2024-02-10 17:00:00,Dharampeth,316.74,60.23,269.28,223.64,0.9048,0.0488,37.8,daytime
2024-02-10 17:00:00,Sitabuldi,281.18,65.87,228.47,231.36,0.932,0.0934,31.7,daytime
2024-02-10 17:00:00,Gandhibagh,314.88,46.4,281.82,232.77,0.9109,0.3242,33.8,daytime
2024-02-10 17:00:00,Lakadganj,246.09,63.66,185.6,233.2,0.9714,0.0798,37.4,daytime
2024-02-10 17:00:00,Sadar,303.17,22.46,281.83,233.07,0.8521,0.017,33.4,daytime
2024-02-10 17:00:00,Itwari,241.83,50.27,197.91,231.34,0.8955,0.1475,34.0,daytime
2024-02-10 17:00:00,Manewada,307.46,43.07,250.32,231.11,0.9128,0.0991,33.7,daytime
2024-02-10 17:00:00,Hingna,269.22,35.05,234.09,225.38,0.9237,0.0271,33.9,daytime
2024-02-10 18:00:00,Dharampeth,354.86,29.41,324.64,227.84,0.8943,0.1527,35.9,peak
2024-02-10 18:00:00,Sitabuldi,352.11,21.87,336.61,234.04,0.9214,0.0377,34.7,peak
2024-02-10 18:00:00,Gandhibagh,361.29,32.03,326.76,230.57,0.9483,0.1776,32.4,peak
2024-02-10 18:00:00,Lakadganj,375.49,2.14,371.68,226.62,0.9209,0.0901,34.3,peak
2024-02-10 18:00:00,Sadar,339.86,0.35,349.31,226.41,0.9671,0.0086,36.8,peak
2024-02-10 18:00:00,Itwari,374.28,31.46,353.76,228.79,0.9156,0.0195,34.9,peak
2024-02-10 18:00:00,Manewada,362.79,0,346.42,227.01,0.9614,0.0874,33.3,peak
2024-02-10 18:00:00,Hingna,325.64,7.84,325.83,233.65,0.8811,0.1682,35.3,peak
2024-02-10 19:00:00,Dharampeth,332.96,0,314.47,228.22,0.9366,0.1764,31.5,peak
2024-02-10 19:00:00,Sitabuldi,333.66,0,332.4,229.35,0.9126,0.0322,30.7,peak
2024-02-10 19:00:00,Gandhibagh,304.8,0,306.67,237.37,0.9148,0.1697,35.7,peak
2024-02-10 19:00:00,Lakadganj,303.73,0,287.39,227.01,0.9132,0.0216,29.4,peak
2024-02-10 19:00:00,Sadar,399.56,0,409.11,233.6,0.9335,0.0059,32.1,peak
2024-02-10 19:00:00,Itwari,312.27,0,303.74,226.06,0.9439,0.1379,35.2,peak
2024-02-10 19:00:00,Manewada,321.55,0,321.09,227.17,0.9068,0.0442,34.6,peak
2024-02-10 19:00:00,Hingna,303.39,0,310.82,228.09,0.892,0.1572,32.0,peak
2024-02-10 20:00:00,Dharampeth,334.49,0,352.97,227.56,0.9223,0.5349,30.0,peak
2024-02-10 20:00:00,Sitabuldi,368.89,0,379.47,231.03,0.9715,0.0544,36.4,peak
2024-02-10 20:00:00,Gandhibagh,305.25,0,302.01,236.04,0.9007,0.1276,33.9,peak
2024-02-10 20:00:00,Lakadganj,323.17,0,300.53,231.88,0.9342,0.0487,35.2,peak
2024-02-10 20:00:00,Sadar,312.66,0,302.17,233.71,0.9236,0.0603,34.0,peak
2024-02-10 20:00:00,Itwari,324.16,0,334.77,231.86,0.9296,0.0364,31.8,peak
2024-02-10 20:00:00,Manewada,202.12,0,192.36,235.17,0.9531,0.0648,34.9,peak
2024-02-10 20:00:00,Hingna,327.95,0,317.01,232.97,0.8934,0.0238,35.0,peak
2024-02-10 21:00:00,Dharampeth,276.11,0,261.27,219.98,0.8779,0.1731,34.2,peak
2024-02-10 21:00:00,Sitabuldi,293.7,0,287.84,232.79,0.8918,0.1451,31.4,peak
2024-02-10 21:00:00,Gandhibagh,382.12,0,392.27,236.19,0.905,0.0028,35.4,peak
2024-02-10 21:00:00,Lakadganj,283.88,0,282.59,229.94,0.9369,0.1625,30.8,peak
2024-02-10 21:00:00,Sadar,217.19,0,222.04,235.07,0.9483,0.1779,36.3,peak
2024-02-10 21:00:00,Itwari,288.06,0,302.0,234.16,0.9795,0.0089,31.1,peak
2024-02-10 21:00:00,Manewada,328.19,0,338.06,232.71,0.8795,0.0852,32.7,peak
2024-02-10 21:00:00,Hingna,291.85,0,286.65,223.79,0.897,0.0919,32.7,peak
2024-02-10 22:00:00,Dharampeth,337.1,0,336.31,238.28,0.949,0.6395,35.8,peak
2024-02-10 22:00:00,Sitabuldi,330.8,0,333.98,229.45,0.9274,0.0435,33.9,peak
2024-02-10 22:00:00,Gandhibagh,299.05,0,282.16,230.79,0.9032,0.1441,34.7,peak
2024-02-10 22:00:00,Lakadganj,265.47,0,259.09,231.63,0.9737,0.1073,35.5,peak
2024-02-10 22:00:00,Sadar,359.61,0,365.71,230.69,0.9225,0.0014,31.3,peak
2024-02-10 22:00:00,Itwari,344.75,0,347.15,237.61,0.9163,0.0192,29.3,peak
2024-02-10 22:00:00,Manewada,301.07,0,315.45,231.52,0.8866,0.0459,34.4,peak
2024-02-10 22:00:00,Hingna,290.58,0,302.4,231.75,0.8659,0.1149,33.5,peak
2024-02-10 23:00:00,Dharampeth,257.67,0,266.53,240.45,0.9154,0.0691,32.4,night
2024-02-10 23:00:00,Sitabuldi,232.53,0,238.96,228.21,0.8844,0.1455,33.0,night
2024-02-10 23:00:00,Gandhibagh,220.84,0,218.19,234.6,0.8975,0.149,35.9,night
2024-02-10 23:00:00,Lakadganj,259.51,0,261.39,235.09,0.9395,0.0499,29.2,night
2024-02-10 23:00:00,Sadar,282.39,0,304.26,234.41,0.9314,0.0841,37.8,night
2024-02-10 23:00:00,Itwari,242.97,0,240.21,229.55,0.9037,0.168,36.7,night
2024-02-10 23:00:00,Manewada,238.84,0,221.33,230.88,0.9404,0.0652,30.4,night
2024-02-10 23:00:00,Hingna,260.26,0,261.41,223.44,0.8858,0.0284,28.1,night
2024-02-11 00:00:00,Dharampeth,203.24,0,200.4,231.84,0.9317,0.0471,28.0,night
2024-02-11 00:00:00,Sitabuldi,208.5,0,196.98,232.42,0.8954,0.1603,36.3,night
2024-02-11 00:00:00,Gandhibagh,176.38,0,170.08,231.65,0.9061,0.1482,32.4,night
2024-02-11 00:00:00,Lakadganj,263.93,0,269.58,228.56,0.9819,0.029,32.8,night
2024-02-11 00:00:00,Sadar,216.67,0,224.63,231.19,0.8566,0.0375,35.4,night
2024-02-11 00:00:00,Itwari,275.7,0,269.74,232.12,0.8852,0.1315,36.0,night
2024-02-11 00:00:00,Manewada,223.23,0,224.83,229.86,0.9185,0.0888,33.7,night
2024-02-11 00:00:00,Hingna,206.6,0,218.76,232.89,0.9466,0.1334,33.9,night
2024-02-11 01:00:00,Dharampeth,292.17,0,282.1,232.11,0.9164,0.0059,35.0,night
2024-02-11 01:00:00,Sitabuldi,237.56,0,236.55,225.41,0.9162,0.0901,36.7,night
2024-02-11 01:00:00,Gandhibagh,259.97,0,258.71,234.31,0.8994,0.1662,33.3,night
2024-02-11 01:00:00,Lakadganj,220.45,0,231.58,223.54,0.9538,0.1118,29.0,night
2024-02-11 01:00:00,Sadar,202.12,0,204.2,227.61,0.921,0.1788,31.2,night
2024-02-11 01:00:00,Itwari,221.17,0,204.48,231.39,0.9376,0.0279,32.6,night
2024-02-11 01:00:00,Manewada,172.15,0,159.76,227.08,0.9339,0.1436,36.1,night
2024-02-11 01:00:00,Hingna,234.88,0,232.59,228.44,0.9185,0.0983,31.9,night
2024-02-11 02:00:00,Dharampeth,324.9,0,316.05,229.47,0.8943,0.068,30.5,night
2024-02-11 02:00:00,Sitabuldi,222.05,0,223.89,234.35,0.9433,0.0324,34.8,night
2024-02-11 02:00:00,Gandhibagh,266.01,0,261.37,233.76,0.9335,0.1466,33.3,night
2024-02-11 02:00:00,Lakadganj,259.58,0,266.04,220.79,0.8887,0.1577,32.2,night
2024-02-11 02:00:00,Sadar,239.52,0,225.43,228.02,0.904,0.0335,31.7,night
2024-02-11 02:00:00,Itwari,195.74,0,194.62,232.59,0.8929,0.1328,34.1,night
2024-02-11 02:00:00,Manewada,337.51,0,340.49,226.47,0.8895,0.0224,31.7,night
2024-02-11 02:00:00,Hingna,209.86,0,195.54,223.62,0.9403,0.1162,35.3,night
2024-02-11 03:00:00,Dharampeth,333.02,0,330.75,234.99,0.8964,0.1585,32.8,night
2024-02-11 03:00:00,Sitabuldi,272.27,0,271.18,231.07,0.9336,0.171,32.3,night
2024-02-11 03:00:00,Gandhibagh,263.64,0,254.29,224.61,0.8904,0.0663,35.6,night
2024-02-11 03:00:00,Lakadganj,193.99,0,196.76,232.09,0.913,0.1356,31.7,night
2024-02-11 03:00:00,Sadar,225.73,0,222.29,231.09,0.8905,0.1635,32.8,night
2024-02-11 03:00:00,Itwari,229.89,0,219.95,234.45,0.9433,0.1518,33.6,night
2024-02-11 03:00:00,Manewada,270.03,0,251.84,229.04,0.8944,0.0995,29.1,night
2024-02-11 03:00:00,Hingna,206.1,0,199.08,220.58,0.9403,0.1185,31.0,night
2024-02-11 04:00:00,Dharampeth,150.23,0,153.18,227.45,0.9301,0.0896,35.1,night
2024-02-11 04:00:00,Sitabuldi,249.22,0,264.3,243.23,0.856,0.0461,30.4,night
2024-02-11 04:00:00,Gandhibagh,232.91,0,232.21,228.64,0.9546,0.1389,32.8,night
2024-02-11 04:00:00,Lakadganj,262.61,0,264.71,230.78,0.9321,0.065,34.2,night
2024-02-11 04:00:00,Sadar,237.58,0,224.89,229.33,0.8815,0.7518,36.2,night
2024-02-11 04:00:00,Itwari,278.52,0,268.33,224.77,0.8895,0.1262,27.4,night
2024-02-11 04:00:00,Manewada,202.89,0,206.08,231.64,0.939,0.0216,33.8,night
2024-02-11 04:00:00,Hingna,215.61,0,222.73,223.43,0.9449,0.1223,34.9,night
2024-02-11 05:00:00,Dharampeth,227.8,0,235.86,230.95,0.9153,0.0316,29.4,night
2024-02-11 05:00:00,Sitabuldi,220.39,0,196.33,229.48,0.9216,0.0774,34.3,night
2024-02-11 05:00:00,Gandhibagh,239.23,0,233.01,232.95,0.9143,0.1414,29.1,night
2024-02-11 05:00:00,Lakadganj,275.19,0,263.83,232.46,0.9081,0.0264,35.4,night
2024-02-11 05:00:00,Sadar,202.81,0,203.7,229.76,0.8755,0.0338,32.1,night
2024-02-11 05:00:00,Itwari,260.21,0,259.55,227.01,0.9494,0.0803,31.9,night
2024-02-11 05:00:00,Manewada,226.17,0,227.26,233.72,0.9187,0.0634,30.1,night
2024-02-11 05:00:00,Hingna,241.35,0,241.6,231.78,0.8887,0.1277,30.4,night
2024-02-11 06:00:00,Dharampeth,300.41,12.94,276.06,236.09,0.9294,0.0282,33.5,daytime
2024-02-11 06:00:00,Sitabuldi,278.76,15.8,273.49,234.59,0.9399,0.7735,33.4,daytime
2024-02-11 06:00:00,Gandhibagh,279.88,0,289.88,225.36,0.9293,0.0454,31.3,daytime
2024-02-11 06:00:00,Lakadganj,299.87,16.0,288.88,228.67,0.8645,0.1302,32.5,daytime
2024-02-11 06:00:00,Sadar,306.56,15.96,310.02,223.72,0.9429,0.0395,33.3,daytime
2024-02-11 06:00:00,Itwari,287.88,2.43,282.71,236.11,0.8939,0.1141,33.0,daytime
2024-02-11 06:00:00,Manewada,273.08,0,272.5,230.0,0.9007,0.0924,32.1,daytime
2024-02-11 06:00:00,Hingna,221.92,0,224.46,217.88,0.9664,0.0735,34.4,daytime
2024-02-11 07:00:00,Dharampeth,274.68,57.69,218.75,223.92,0.9744,0.0705,33.3,daytime
2024-02-11 07:00:00,Sitabuldi,238.89,40.05,185.68,239.31,0.9384,0.0793,34.7,daytime
2024-02-11 07:00:00,Gandhibagh,250.56,56.67,186.23,229.68,0.8825,0.1776,33.1,daytime
2024-02-11 07:00:00,Lakadganj,269.96,48.96,233.7,227.24,0.9032,0.0175,31.5,daytime
2024-02-11 07:00:00,Sadar,300.12,25.76,267.94,232.88,0.9058,0.0474,34.0,daytime
2024-02-11 07:00:00,Itwari,190.79,49.34,129.1,229.76,0.9488,0.0389,32.9,daytime
2024-02-11 07:00:00,Manewada,293.6,46.4,259.96,232.93,0.9438,0.0918,31.1,daytime
2024-02-11 07:00:00,Hingna,293.33,49.29,242.14,233.81,0.9461,0.1042,33.6,daytime
2024-02-11 08:00:00,Dharampeth,252.34,91.24,171.31,226.96,0.9236,0.0828,33.4,daytime
2024-02-11 08:00:00,Sitabuldi,301.1,90.05,209.44,233.1,0.9122,0.1592,33.5,daytime
2024-02-11 08:00:00,Gandhibagh,279.36,113.07,157.6,228.71,0.8878,0.0375,33.5,daytime
2024-02-11 08:00:00,Lakadganj,281.97,78.25,205.06,232.88,0.8994,0.1173,35.7,daytime
2024-02-11 08:00:00,Sadar,216.42,99.58,109.02,230.71,0.9403,0.0672,32.1,daytime
2024-02-11 08:00:00,Itwari,259.09,85.33,192.99,224.29,0.8994,0.1702,34.7,daytime
2024-02-11 08:00:00,Manewada,328.68,106.97,223.13,230.11,0.8965,0.1553,38.8,daytime
2024-02-11 08:00:00,Hingna,215.4,117.24,94.83,230.19,0.9685,0.0314,29.6,daytime
2024-02-11 09:00:00,Dharampeth,381.3,115.88,278.98,231.55,0.8488,0.095,37.1,peak
2024-02-11 09:00:00,Sitabuldi,349.38,140.45,191.74,230.96,0.9292,0.1598,35.1,peak
2024-02-11 09:00:00,Gandhibagh,359.91,109.83,243.79,233.74,0.9394,0.0366,33.3,peak
2024-02-11 09:00:00,Lakadganj,406.05,115.42,307.74,228.16,0.9005,0.1114,30.6,peak
2024-02-11 09:00:00,Sadar,355.89,116.87,243.47,227.52,0.9192,0.0382,35.5,peak
2024-02-11 09:00:00,Itwari,282.43,148.66,148.41,228.81,0.9063,0.126,37.8,peak
2024-02-11 09:00:00,Manewada,329.61,138.48,193.63,224.5,0.9431,0.1568,31.5,peak
2024-02-11 09:00:00,Hingna,380.09,138.03,249.33,227.37,0.9508,0.1133,31.0,peak
2024-02-11 10:00:00,Dharampeth,390.38,165.63,222.77,239.28,0.907,0.1129,35.2,peak
2024-02-11 10:00:00,Sitabuldi,419.57,142.62,288.96,229.37,0.9442,0.1671,35.2,peak
2024-02-11 10:00:00,Gandhibagh,302.64,150.39,156.03,219.88,0.8678,0.0865,35.1,peak
2024-02-11 10:00:00,Lakadganj,364.99,157.17,222.85,232.39,0.8887,0.1323,32.4,peak
2024-02-11 10:00:00,Sadar,397.62,156.57,229.18,230.07,0.9085,0.0375,31.1,peak
2024-02-11 10:00:00,Itwari,345.82,191.85,141.9,220.4,0.8965,0.1404,36.0,peak
2024-02-11 10:00:00,Manewada,365.64,128.21,229.26,227.82,0.9191,0.0236,34.7,peak
2024-02-11 10:00:00,Hingna,369.32,146.55,229.4,215.54,0.9126,0.0256,37.1,peak
2024-02-11 11:00:00,Dharampeth,349.02,184.2,186.84,232.05,0.8828,0.0461,33.9,peak
2024-02-11 11:00:00,Sitabuldi,360.64,188.88,155.69,226.14,0.9367,0.0138,32.4,peak
2024-02-11 11:00:00,Gandhibagh,371.58,170.62,223.65,222.75,0.949,0.1609,36.8,peak
2024-02-11 11:00:00,Lakadganj,327.02,180.77,157.34,227.4,0.9121,0.0545,31.1,peak
2024-02-11 11:00:00,Sadar,308.03,180.1,112.0,223.65,0.9497,0.0078,33.3,peak
2024-02-11 11:00:00,Itwari,371.94,181.61,191.87,231.32,0.8903,0.0828,33.5,peak
2024-02-11 11:00:00,Manewada,348.57,174.66,184.41,234.5,0.9304,0.1225,32.9,peak
2024-02-11 11:00:00,Hingna,360.05,157.26,206.69,234.62,0.8876,0.4141,30.9,peak
2024-02-11 12:00:00,Dharampeth,343.86,180.21,171.04,229.78,0.9444,0.0125,32.3,peak
2024-02-11 12:00:00,Sitabuldi,408.19,193.9,200.27,228.65,0.9307,0.1755,33.2,peak
2024-02-11 12:00:00,Gandhibagh,342.95,184.02,162.97,225.58,0.891,0.0068,34.2,peak
2024-02-11 12:00:00,Lakadganj,392.69,168.41,235.0,227.25,0.9215,0.1669,33.5,peak
2024-02-11 12:00:00,Sadar,337.93,175.93,156.63,229.3,0.898,0.0349,31.3,peak
2024-02-11 12:00:00,Itwari,314.89,174.79,129.81,225.43,0.884,0.1773,32.4,peak
2024-02-11 12:00:00,Manewada,377.57,181.11,195.82,224.46,0.9465,0.0584,32.1,peak
2024-02-11 12:00:00,Hingna,377.28,194.25,190.96,229.97,0.8937,0.0163,36.1,peak
2024-02-11 13:00:00,Dharampeth,281.28,193.85,93.56,224.93,0.9137,0.1586,33.6,daytime
2024-02-11 13:00:00,Sitabuldi,283.46,190.79,96.5,223.96,0.9296,0.0262,32.4,daytime
2024-02-11 13:00:00,Gandhibagh,238.24,151.79,101.78,236.91,0.9679,0.0519,31.6,daytime
2024-02-11 13:00:00,Lakadganj,269.87,180.41,89.38,229.08,0.8781,0.0152,34.0,daytime
2024-02-11 13:00:00,Sadar,298.38,199.15,102.98,223.53,0.9375,0.1475,36.2,daytime
2024-02-11 13:00:00,Itwari,272.71,160.92,107.01,227.45,0.921,0.0742,35.4,daytime
2024-02-11 13:00:00,Manewada,258.34,167.73,85.73,226.9,0.8941,0.1557,34.6,daytime
2024-02-11 13:00:00,Hingna,316.62,192.54,129.68,223.09,0.836,0.125,31.6,daytime
2024-02-11 14:00:00,Dharampeth,312.32,150.71,150.74,229.79,0.9337,0.1682,35.9,daytime
2024-02-11 14:00:00,Sitabuldi,291.33,176.26,97.99,228.57,0.9387,0.1675,29.4,daytime
2024-02-11 14:00:00,Gandhibagh,232.07,186.92,48.4,235.97,0.9484,0.7234,31.0,daytime
2024-02-11 14:00:00,Lakadganj,285.97,155.83,124.28,221.22,0.912,0.124,35.7,daytime
2024-02-11 14:00:00,Sadar,274.91,154.96,130.79,233.42,0.9155,0.1551,33.7,daytime
2024-02-11 14:00:00,Itwari,281.63,142.31,137.1,226.34,0.9668,0.0304,33.2,daytime
2024-02-11 14:00:00,Manewada,311.2,155.02,151.98,225.8,0.8961,0.0507,32.9,daytime
2024-02-11 14:00:00,Hingna,311.06,158.02,169.36,229.56,0.908,0.1199,30.8,daytime
2024-02-11 15:00:00,Dharampeth,254.73,127.43,131.18,232.38,0.9138,0.1107,35.6,daytime
2024-02-11 15:00:00,Sitabuldi,283.54,122.16,162.64,228.98,0.9129,0.148,35.8,daytime
2024-02-11 15:00:00,Gandhibagh,284.44,142.82,138.23,234.29,0.9319,0.0567,33.3,daytime
2024-02-11 15:00:00,Lakadganj,307.4,122.35,168.15,236.95,0.8602,0.1381,30.3,daytime
2024-02-11 15:00:00,Sadar,242.18,140.96,106.39,227.44,0.9047,0.0686,31.8,daytime
2024-02-11 15:00:00,Itwari,287.88,175.63,115.73,224.33,0.9395,0.1705,35.9,daytime
2024-02-11 15:00:00,Manewada,282.62,116.72,156.16,226.68,0.9829,0.0658,33.7,daytime
2024-02-11 15:00:00,Hingna,274.49,111.3,163.74,232.16,0.9577,0.0927,32.9,daytime
2024-02-11 16:00:00,Dharampeth,253.61,94.17,138.1,236.14,0.8884,0.0704,32.3,daytime
2024-02-11 16:00:00,Sitabuldi,262.33,73.43,184.39,229.54,0.9318,0.1255,30.9,daytime
2024-02-11 16:00:00,Gandhibagh,333.48,106.49,220.31,233.16,0.9152,0.038,36.2,daytime
2024-02-11 16:00:00,Lakadganj,281.18,87.82,181.27,226.94,0.9065,0.0387,37.0,daytime
2024-02-11 16:00:00,Sadar,299.58,77.0,236.82,235.54,0.9096,0.0646,35.5,daytime
2024-02-11 16:00:00,Itwari,270.68,99.24,174.93,230.62,0.8428,0.0639,33.9,daytime
2024-02-11 16:00:00,Manewada,277.47,105.52,177.02,229.25,0.8713,0.0254,30.2,daytime
2024-02-11 16:00:00,Hingna,258.06,100.4,161.08,232.46,0.8666,0.0131,33.0,daytime
2024-02-11 17:00:00,Dharampeth,322.63,76.92,238.92,226.59,0.9445,0.134,31.5,daytime
2024-02-11 17:00:00,Sitabuldi,285.58,31.66,255.12,223.21,0.9091,0.121,32.6,daytime
2024-02-11 17:00:00,Gandhibagh,253.43,38.67,202.51,228.84,0.9677,0.0576,31.4,daytime
2024-02-11 17:00:00,Lakadganj,229.73,61.75,183.05,230.55,0.9544,0.1126,32.1,daytime
2024-02-11 17:00:00,Sadar,228.68,35.54,188.44,231.99,0.8613,0.1014,34.7,daytime
2024-02-11 17:00:00,Itwari,304.84,46.48,261.12,227.76,0.9339,0.0065,31.8,daytime
2024-02-11 17:00:00,Manewada,261.61,49.46,212.21,235.72,0.8807,0.0322,36.7,daytime
2024-02-11 17:00:00,Hingna,302.47,44.56,243.25,221.85,0.9103,0.0829,35.3,daytime
2024-02-11 18:00:00,Dharampeth,358.23,24.79,335.03,227.06,0.8899,0.1609,34.8,peak
2024-02-11 18:00:00,Sitabuldi,345.47,0,345.1,233.28,0.8822,0.0245,32.4,peak
2024-02-11 18:00:00,Gandhibagh,409.93,17.75,393.66,228.04,0.9416,0.475,31.5,peak
2024-02-11 18:00:00,Lakadganj,367.26,0,368.37,234.31,0.9231,0.0244,33.5,peak
2024-02-11 18:00:00,Sadar,342.88,0,331.89,231.1,0.9654,0.1662,33.1,peak
2024-02-11 18:00:00,Itwari,359.29,0,346.06,233.74,0.9455,0.171,31.4,peak
2024-02-11 18:00:00,Manewada,350.68,0,330.43,244.35,0.9224,0.1045,37.2,peak
2024-02-11 18:00:00,Hingna,377.3,13.1,345.03,233.12,0.8606,0.1073,32.9,peak
2024-02-11 19:00:00,Dharampeth,323.88,0,314.38,232.85,0.8602,0.0213,33.6,peak
2024-02-11 19:00:00,Sitabuldi,309.27,0,309.39,244.86,0.8484,0.114,30.1,peak
2024-02-11 19:00:00,Gandhibagh,284.93,0,279.36,222.59,0.9663,0.0354,30.2,peak
2024-02-11 19:00:00,Lakadganj,277.32,0,258.9,235.37,0.8941,0.1119,33.6,peak
2024-02-11 19:00:00,Sadar,268.34,0,288.99,232.66,0.9277,0.0951,32.0,peak
2024-02-11 19:00:00,Itwari,288.12,0,300.42,226.78,0.9181,0.0083,34.4,peak
2024-02-11 19:00:00,Manewada,325.07,0,304.9,227.36,0.8735,0.1345,36.2,peak
2024-02-11 19:00:00,Hingna,371.36,0,349.76,216.4,0.9199,0.1767,35.9,peak
2024-02-11 20:00:00,Dharampeth,307.3,0,316.82,234.35,0.9117,0.1776,33.5,peak
2024-02-11 20:00:00,Sitabuldi,321.94,0,316.3,231.45,0.9527,0.1779,32.9,peak
2024-02-11 20:00:00,Gandhibagh,353.6,0,353.85,223.03,0.9612,0.0118,37.3,peak
2024-02-11 20:00:00,Lakadganj,373.83,0,366.01,232.21,0.9183,0.0281,32.3,peak
2024-02-11 20:00:00,Sadar,269.2,0,271.56,237.74,0.9144,0.0728,34.7,peak
2024-02-11 20:00:00,Itwari,350.8,0,354.36,220.72,0.9469,0.0518,34.6,peak
2024-02-11 20:00:00,Manewada,345.26,0,370.26,234.05,0.8944,0.1168,34.9,peak
2024-02-11 20:00:00,Hingna,310.76,0,302.29,217.6,0.9037,0.0377,35.3,peak
2024-02-11 21:00:00,Dharampeth,348.89,0,338.94,227.88,0.9371,0.077,31.5,peak
2024-02-11 21:00:00,Sitabuldi,341.77,0,344.58,227.97,0.8904,0.1633,33.4,peak
2024-02-11 21:00:00,Gandhibagh,320.02,0,312.03,241.68,0.9577,0.1629,37.2,peak
2024-02-11 21:00:00,Lakadganj,319.52,0,308.93,234.06,0.9184,0.1779,32.7,peak
2024-02-11 21:00:00,Sadar,296.11,0,300.96,236.28,0.9232,0.0358,31.7,peak
2024-02-11 21:00:00,Itwari,329.39,0,330.23,228.45,0.9496,0.1528,34.5,peak
2024-02-11 21:00:00,Manewada,270.0,0,270.27,219.57,0.931,0.0612,32.3,peak
2024-02-11 21:00:00,Hingna,310.33,0,306.56,230.92,0.896,0.1105,33.2,peak
2024-02-11 22:00:00,Dharampeth,322.14,0,318.63,234.5,0.963,0.0783,34.5,peak
2024-02-11 22:00:00,Sitabuldi,278.3,0,292.96,227.05,0.9419,0.0521,32.6,peak
2024-02-11 22:00:00,Gandhibagh,319.87,0,342.02,224.72,0.918,0.0216,31.5,peak
2024-02-11 22:00:00,Lakadganj,266.48,0,273.44,228.87,0.9359,0.043,32.9,peak
2024-02-11 22:00:00,Sadar,333.55,0,323.27,234.27,0.9271,0.0358,35.3,peak
2024-02-11 22:00:00,Itwari,349.93,0,365.36,241.43,0.9115,0.1798,30.5,peak
2024-02-11 22:00:00,Manewada,304.78,0,317.48,226.45,0.9672,0.1583,31.3,peak
2024-02-11 22:00:00,Hingna,331.71,0,334.25,227.37,0.9113,0.1355,32.7,peak
2024-02-11 23:00:00,Dharampeth,295.11,0,290.37,224.06,0.8824,0.1126,33.3,night
2024-02-11 23:00:00,Sitabuldi,217.93,0,215.41,233.54,0.9017,0.1235,35.1,night
2024-02-11 23:00:00,Gandhibagh,275.12,0,274.6,225.57,0.9083,0.1716,31.4,night
2024-02-11 23:00:00,Lakadganj,260.07,0,248.67,225.21,0.941,0.1387,35.7,night
2024-02-11 23:00:00,Sadar,254.16,0,270.13,240.58,0.9219,0.1098,34.9,night
2024-02-11 23:00:00,Itwari,271.72,0,270.71,227.21,0.9002,0.0406,33.0,night
2024-02-11 23:00:00,Manewada,201.87,0,222.96,234.35,0.9257,0.1411,40.5,night
2024-02-11 23:00:00,Hingna,209.49,0,211.94,223.27,0.933,0.1146,31.6,night
2024-02-12 00:00:00,Dharampeth,264.08,0,260.76,224.22,0.91,0.0411,33.9,night
2024-02-12 00:00:00,Sitabuldi,228.42,0,244.97,235.91,0.953,0.0053,32.9,night
2024-02-12 00:00:00,Gandhibagh,210.95,0,175.51,226.84,0.9797,0.0339,31.2,night
2024-02-12 00:00:00,Lakadganj,218.22,0,222.27,233.14,0.9626,0.0494,32.8,night
2024-02-12 00:00:00,Sadar,249.13,0,253.39,238.76,0.9133,0.1329,33.9,night
2024-02-12 00:00:00,Itwari,270.47,0,260.88,230.86,0.8887,0.1012,35.7,night
2024-02-12 00:00:00,Manewada,190.56,0,187.71,231.56,0.9383,0.5052,37.3,night
2024-02-12 00:00:00,Hingna,276.24,0,264.46,222.36,0.9173,0.1626,30.0,night
2024-02-12 01:00:00,Dharampeth,248.45,0,236.66,221.24,0.9289,0.116,30.1,night
2024-02-12 01:00:00,Sitabuldi,192.26,0,189.06,229.46,0.9269,0.0284,31.8,night
2024-02-12 01:00:00,Gandhibagh,245.95,0,248.91,239.14,0.9285,0.1411,36.0,night
2024-02-12 01:00:00,Lakadganj,245.88,0,235.89,231.17,0.8863,0.0815,32.6,night
2024-02-12 01:00:00,Sadar,226.37,0,219.25,231.25,0.9207,0.0265,33.9,night
2024-02-12 01:00:00,Itwari,253.76,0,250.81,232.99,0.918,0.1105,33.8,night
2024-02-12 01:00:00,Manewada,240.24,0,250.99,234.01,0.9443,0.0455,31.4,night
2024-02-12 01:00:00,Hingna,248.02,0,258.6,229.83,0.9017,0.1545,29.9,night
2024-02-12 02:00:00,Dharampeth,260.25,0,262.46,231.69,0.8875,0.0657,29.0,night
2024-02-12 02:00:00,Sitabuldi,296.54,0,296.51,235.34,0.883,0.1209,33.3,night
2024-02-12 02:00:00,Gandhibagh,237.2,0,243.2,227.73,0.8581,0.0846,31.9,night
2024-02-12 02:00:00,Lakadganj,232.09,0,232.42,229.11,0.9048,0.0177,34.7,night
2024-02-12 02:00:00,Sadar,224.29,0,233.94,229.57,0.9151,0.0938,30.9,night
2024-02-12 02:00:00,Itwari,251.86,0,237.72,230.26,0.9575,0.176,32.6,night
2024-02-12 02:00:00,Manewada,157.12,0,153.23,234.99,0.9418,0.0376,36.0,night
2024-02-12 02:00:00,Hingna,251.28,0,242.29,226.62,0.8573,0.0113,30.4,night
2024-02-12 03:00:00,Dharampeth,182.73,0,179.96,225.16,0.8829,0.0717,36.3,night
2024-02-12 03:00:00,Sitabuldi,194.75,0,178.4,235.07,0.9194,0.0359,31.8,night
2024-02-12 03:00:00,Gandhibagh,265.64,0,253.7,221.73,0.9125,0.171,31.7,night
2024-02-12 03:00:00,Lakadganj,282.34,0,275.15,233.61,0.9251,0.148,32.4,night
2024-02-12 03:00:00,Sadar,300.18,0,313.8,227.75,0.9288,0.0303,32.0,night
2024-02-12 03:00:00,Itwari,209.99,0,196.2,227.62,0.9128,0.0081,33.4,night
2024-02-12 03:00:00,Manewada,239.86,0,244.62,227.58,0.943,0.073,33.6,night
2024-02-12 03:00:00,Hingna,217.61,0,218.53,235.88,0.9687,0.0932,34.8,night
2024-02-12 04:00:00,Dharampeth,232.48,0,219.93,236.76,0.9533,0.1651,30.9,night
2024-02-12 04:00:00,Sitabuldi,298.11,0,298.77,220.74,0.9734,0.1289,30.2,night
2024-02-12 04:00:00,Gandhibagh,160.49,0,171.53,231.04,0.8839,0.1202,34.6,night
2024-02-12 04:00:00,Lakadganj,216.76,0,207.58,229.1,0.9904,0.1026,34.6,night
2024-02-12 04:00:00,Sadar,296.28,0,292.25,230.35,0.8636,0.1548,30.1,night
2024-02-12 04:00:00,Itwari,254.19,0,256.03,231.18,0.9345,0.0962,31.1,night
2024-02-12 04:00:00,Manewada,203.22,0,201.75,231.87,0.9122,0.0455,31.6,night
2024-02-12 04:00:00,Hingna,195.44,0,204.65,227.26,0.9317,0.0974,29.8,night
2024-02-12 05:00:00,Dharampeth,220.42,0,224.69,231.3,0.9664,0.1577,33.2,night
2024-02-12 05:00:00,Sitabuldi,294.66,0,278.32,222.15,0.911,0.1218,33.6,night
2024-02-12 05:00:00,Gandhibagh,215.12,0,211.81,229.36,0.9369,0.5045,31.1,night
2024-02-12 05:00:00,Lakadganj,234.09,0,225.01,222.27,0.8801,0.1491,27.8,night
2024-02-12 05:00:00,Sadar,265.0,0,248.61,231.81,0.9084,0.0171,33.2,night
2024-02-12 05:00:00,Itwari,265.8,0,278.37,238.23,0.9437,0.0147,32.0,night
2024-02-12 05:00:00,Manewada,209.23,0,203.82,240.45,0.8949,0.043,33.1,night
2024-02-12 05:00:00,Hingna,270.59,0,268.23,232.97,0.9622,0.1735,34.0,night
2024-02-12 06:00:00,Dharampeth,355.47,0,357.64,235.33,0.9142,0.0806,32.9,daytime
2024-02-12 06:00:00,Sitabuldi,263.4,0,266.07,234.02,0.8741,0.1115,35.0,daytime
2024-02-12 06:00:00,Gandhibagh,324.22,0,321.38,228.97,0.8584,0.1652,31.1,daytime
2024-02-12 06:00:00,Lakadganj,217.73,1.59,221.16,231.11,0.9265,0.1168,33.7,daytime
2024-02-12 06:00:00,Sadar,282.84,11.3,267.9,237.28,0.9369,0.0887,31.1,daytime
2024-02-12 06:00:00,Itwari,285.47,22.47,255.55,232.46,0.891,0.0287,34.3,daytime
2024-02-12 06:00:00,Manewada,269.35,13.81,252.48,233.5,0.8988,0.0825,30.3,daytime
2024-02-12 06:00:00,Hingna,285.91,0,284.93,234.92,0.87,0.124,31.3,daytime
2024-02-12 07:00:00,Dharampeth,288.14,42.07,242.67,235.19,0.9191,0.0413,30.6,daytime
2024-02-12 07:00:00,Sitabuldi,311.24,44.52,280.35,232.6,0.9214,0.0737,34.1,daytime
2024-02-12 07:00:00,Gandhibagh,278.86,33.45,255.17,225.49,0.9194,0.419,35.5,daytime
2024-02-12 07:00:00,Lakadganj,326.57,59.41,273.76,226.68,0.932,0.7575,33.5,daytime
2024-02-12 07:00:00,Sadar,281.7,38.58,254.45,225.34,0.9425,0.0572,34.2,daytime
2024-02-12 07:00:00,Itwari,325.38,20.25,302.34,230.88,0.9209,0.1598,33.9,daytime
2024-02-12 07:00:00,Manewada,240.25,38.27,196.73,238.3,0.9571,0.1646,36.5,daytime
2024-02-12 07:00:00,Hingna,268.33,47.45,210.03,229.44,0.9402,0.0339,31.6,daytime
2024-02-12 08:00:00,Dharampeth,288.23,86.92,194.16,226.14,0.9283,0.1706,34.2,daytime
2024-02-12 08:00:00,Sitabuldi,257.84,92.1,189.92,233.15,0.9222,0.0421,36.8,daytime
2024-02-12 08:00:00,Gandhibagh,247.11,107.33,129.72,225.12,0.9307,0.1659,33.2,daytime
2024-02-12 08:00:00,Lakadganj,294.77,104.8,192.68,234.4,0.9098,0.1699,37.3,daytime
2024-02-12 08:00:00,Sadar,246.63,113.64,125.12,227.6,0.9388,0.1758,32.5,daytime
2024-02-12 08:00:00,Itwari,267.4,104.81,174.02,231.33,0.9514,0.1408,32.3,daytime
2024-02-12 08:00:00,Manewada,313.5,78.49,236.05,227.51,0.9375,0.0181,35.5,daytime
2024-02-12 08:00:00,Hingna,261.88,97.26,157.36,238.08,0.952,0.0765,32.4,daytime
2024-02-12 09:00:00,Dharampeth,348.01,97.35,247.18,225.48,0.9213,0.0767,34.5,peak
2024-02-12 09:00:00,Sitabuldi,312.54,118.5,183.23,229.88,0.9321,0.1757,31.5,peak
2024-02-12 09:00:00,Gandhibagh,451.51,125.52,314.23,229.89,0.9012,0.0279,34.8,peak
2024-02-12 09:00:00,Lakadganj,316.83,117.61,197.46,232.92,0.9459,0.056,29.8,peak
2024-02-12 09:00:00,Sadar,351.94,135.7,231.2,232.8,0.934,0.0914,33.2,peak
2024-02-12 09:00:00,Itwari,364.41,121.3,246.83,225.09,0.9448,0.0343,32.0,peak
2024-02-12 09:00:00,Manewada,336.6,139.44,202.73,231.81,0.9337,0.0133,35.5,peak
2024-02-12 09:00:00,Hingna,305.26,125.9,174.72,222.69,0.9119,0.0176,31.3,peak
2024-02-12 10:00:00,Dharampeth,377.16,148.51,224.99,231.24,0.9219,0.1188,35.3,peak
2024-02-12 10:00:00,Sitabuldi,292.15,154.13,142.64,235.27,0.9043,0.0157,35.2,peak
2024-02-12 10:00:00,Gandhibagh,372.27,151.75,217.4,232.77,0.9168,0.0889,35.6,peak
2024-02-12 10:00:00,Lakadganj,344.16,152.06,201.97,229.87,0.8959,0.0496,36.0,peak
2024-02-12 10:00:00,Sadar,382.41,171.68,219.26,227.82,0.8659,0.1711,31.6,peak
2024-02-12 10:00:00,Itwari,377.24,128.71,252.63,234.76,0.9075,0.0786,31.8,peak
2024-02-12 10:00:00,Manewada,291.58,150.41,142.33,234.79,0.897,0.0442,36.8,peak
2024-02-12 10:00:00,Hingna,276.61,141.28,141.64,226.73,0.8772,0.0234,32.8,peak
2024-02-12 11:00:00,Dharampeth,301.38,188.8,103.17,229.26,0.8976,0.1377,33.1,peak
2024-02-12 11:00:00,Sitabuldi,347.12,150.66,194.01,242.52,0.9341,0.0076,33.3,peak
2024-02-12 11:00:00,Gandhibagh,363.43,174.04,198.39,232.46,0.8772,0.1254,32.5,peak
2024-02-12 11:00:00,Lakadganj,364.54,164.89,213.26,235.55,0.9291,0.1359,31.8,peak
2024-02-12 11:00:00,Sadar,371.43,155.71,217.18,228.92,0.9027,0.1352,31.4,peak
2024-02-12 11:00:00,Itwari,375.34,155.41,224.78,221.55,0.9281,0.0072,32.1,peak
2024-02-12 11:00:00,Manewada,387.97,204.79,178.32,227.8,0.8887,0.0851,31.1,peak
2024-02-12 11:00:00,Hingna,365.41,175.94,190.17,233.09,0.9429,0.1265,33.7,peak
2024-02-12 12:00:00,Dharampeth,298.14,190.91,106.86,223.57,0.8956,0.1702,32.8,peak
2024-02-12 12:00:00,Sitabuldi,397.97,169.77,218.1,235.4,0.9113,0.1094,36.2,peak
2024-02-12 12:00:00,Gandhibagh,337.81,179.1,152.14,225.64,0.9512,0.1383,34.4,peak
2024-02-12 12:00:00,Lakadganj,386.06,229.37,143.59,228.24,0.912,0.1694,34.9,peak
2024-02-12 12:00:00,Sadar,310.8,191.95,121.15,228.54,0.8667,0.0967,32.3,peak
2024-02-12 12:00:00,Itwari,358.83,175.46,169.39,220.86,0.9106,0.0519,35.3,peak
2024-02-12 12:00:00,Manewada,355.46,189.52,172.92,221.97,0.9495,0.1157,33.4,peak
2024-02-12 12:00:00,Hingna,379.56,186.27,198.39,231.7,0.9304,0.0289,32.4,peak
2024-02-12 13:00:00,Dharampeth,251.88,174.4,80.25,222.89,0.9909,0.1628,33.5,daytime
2024-02-12 13:00:00,Sitabuldi,306.93,185.27,117.63,231.35,0.9107,0.0849,34.4,daytime
2024-02-12 13:00:00,Gandhibagh,243.52,190.7,34.44,233.52,0.9212,0.0603,35.6,daytime
2024-02-12 13:00:00,Lakadganj,272.49,154.2,118.46,231.95,0.9244,0.0646,34.5,daytime
2024-02-12 13:00:00,Sadar,273.28,179.0,88.17,232.48,0.9485,0.0378,32.0,daytime
2024-02-12 13:00:00,Itwari,247.91,186.72,82.25,231.19,0.8976,0.1485,32.3,daytime
2024-02-12 13:00:00,Manewada,249.8,166.17,73.61,241.92,0.9123,0.1337,31.0,daytime
2024-02-12 13:00:00,Hingna,237.11,182.11,40.23,222.01,0.9145,0.0149,32.7,daytime
2024-02-12 14:00:00,Dharampeth,229.32,158.17,70.77,225.01,0.913,0.1708,34.7,daytime
2024-02-12 14:00:00,Sitabuldi,279.37,159.85,121.57,225.46,0.9337,0.0375,32.8,daytime
2024-02-12 14:00:00,Gandhibagh,322.3,164.17,156.6,231.78,0.8936,0.1002,35.0,daytime
2024-02-12 14:00:00,Lakadganj,267.15,133.72,132.06,235.77,0.9794,0.1495,33.6,daytime
2024-02-12 14:00:00,Sadar,325.5,144.89,176.98,217.02,0.9131,0.0567,31.5,daytime
2024-02-12 14:00:00,Itwari,284.31,170.9,114.43,235.62,0.9739,0.0215,36.3,daytime
2024-02-12 14:00:00,Manewada,221.0,155.51,58.53,222.16,0.9612,0.0149,32.4,daytime
2024-02-12 14:00:00,Hingna,271.4,163.76,101.94,239.19,0.8871,0.0749,34.0,daytime
2024-02-12 15:00:00,Dharampeth,289.44,102.95,195.1,233.75,0.9416,0.1527,32.9,daytime
2024-02-12 15:00:00,Sitabuldi,275.36,113.35,174.26,228.62,0.9273,0.0226,34.2,daytime
2024-02-12 15:00:00,Gandhibagh,281.42,126.62,149.31,224.28,0.9236,0.0481,36.8,daytime
2024-02-12 15:00:00,Lakadganj,318.9,99.5,203.31,232.28,0.9025,0.0098,33.7,daytime
2024-02-12 15:00:00,Sadar,205.99,133.43,71.55,230.64,0.8963,0.0203,34.5,daytime
2024-02-12 15:00:00,Itwari,257.44,139.2,104.72,232.28,0.9328,0.0125,32.6,daytime
2024-02-12 15:00:00,Manewada,267.85,122.92,151.63,221.69,0.934,0.1271,29.6,daytime
2024-02-12 15:00:00,Hingna,306.3,144.56,159.33,230.21,0.8998,0.0123,32.8,daytime
2024-02-12 16:00:00,Dharampeth,248.71,105.49,138.63,228.02,0.9138,0.0356,35.7,daytime
2024-02-12 16:00:00,Sitabuldi,317.94,89.88,216.71,231.15,0.9368,0.158,31.7,daytime
2024-02-12 16:00:00,Gandhibagh,310.73,96.65,217.96,241.23,0.9589,0.0627,34.9,daytime
2024-02-12 16:00:00,Lakadganj,300.53,81.93,240.97,232.19,0.9837,0.0805,35.6,daytime
2024-02-12 16:00:00,Sadar,308.61,62.71,237.12,230.49,0.9429,0.0436,34.3,daytime
2024-02-12 16:00:00,Itwari,300.93,99.77,198.03,231.63,0.9077,0.0019,30.2,daytime
2024-02-12 16:00:00,Manewada,320.34,106.36,213.62,225.59,0.9535,0.0207,33.3,daytime
2024-02-12 16:00:00,Hingna,286.72,39.98,264.2,218.03,0.9283,0.1484,33.9,daytime
2024-02-12 17:00:00,Dharampeth,339.29,71.1,261.87,235.3,0.9519,0.0598,32.6,daytime
2024-02-12 17:00:00,Sitabuldi,307.81,31.15,293.01,222.98,0.8782,0.4685,34.8,daytime
2024-02-12 17:00:00,Gandhibagh,228.31,65.51,160.52,230.19,0.9162,0.1331,37.4,daytime
2024-02-12 17:00:00,Lakadganj,295.2,53.81,254.98,234.24,0.9015,0.3292,34.0,daytime
2024-02-12 17:00:00,Sadar,355.35,61.02,309.03,226.05,0.8943,0.011,31.7,daytime
2024-02-12 17:00:00,Itwari,288.0,47.54,226.43,232.19,0.904,0.167,33.0,daytime
2024-02-12 17:00:00,Manewada,248.0,47.12,216.77,228.27,0.8717,0.0643,35.1,daytime
2024-02-12 17:00:00,Hingna,237.05,38.5,195.8,224.07,0.9077,0.071,30.3,daytime
2024-02-12 18:00:00,Dharampeth,355.38,0,357.17,225.61,1.0,0.0009,34.1,peak
2024-02-12 18:00:00,Sitabuldi,307.46,10.59,290.09,230.91,0.9281,0.0373,35.3,peak
2024-02-12 18:00:00,Gandhibagh,280.29,0,306.63,230.6,0.914,0.136,34.6,peak
2024-02-12 18:00:00,Lakadganj,325.77,0,318.61,226.35,0.9549,0.1166,33.7,peak
2024-02-12 18:00:00,Sadar,327.79,8.29,312.42,223.7,0.9001,0.0786,33.0,peak
2024-02-12 18:00:00,Itwari,346.3,0,347.84,222.96,0.9,0.1313,31.1,peak
2024-02-12 18:00:00,Manewada,405.56,31.86,370.78,228.12,0.9077,0.0609,34.6,peak
2024-02-12 18:00:00,Hingna,420.94,5.43,411.38,235.94,0.9279,0.0164,31.7,peak
2024-02-12 19:00:00,Dharampeth,277.23,0,293.76,235.21,0.9404,0.1236,32.7,peak
2024-02-12 19:00:00,Sitabuldi,326.02,0,340.54,226.76,0.9111,0.0694,36.0,peak
2024-02-12 19:00:00,Gandhibagh,353.29,0,374.7,231.37,0.9647,0.1219,35.0,peak
2024-02-12 19:00:00,Lakadganj,323.91,0,355.82,229.12,0.9217,0.0016,35.1,peak
2024-02-12 19:00:00,Sadar,292.19,0,297.33,225.04,0.9418,0.1092,31.3,peak
2024-02-12 19:00:00,Itwari,324.99,0,313.14,229.83,0.9111,0.0891,35.0,peak
2024-02-12 19:00:00,Manewada,333.28,0,337.97,236.84,0.9222,0.0866,30.8,peak
2024-02-12 19:00:00,Hingna,294.21,0,302.22,230.19,0.9024,0.0837,32.8,peak
2024-02-12 20:00:00,Dharampeth,337.5,0,331.82,231.01,0.8977,0.0312,29.2,peak
2024-02-12 20:00:00,Sitabuldi,348.87,0,344.71,245.12,0.9115,0.0614,30.6,peak
2024-02-12 20:00:00,Gandhibagh,285.58,0,290.81,227.82,0.9357,0.1047,33.7,peak
2024-02-12 20:00:00,Lakadganj,317.24,0,319.0,226.41,0.9117,0.1015,34.1,peak
2024-02-12 20:00:00,Sadar,292.53,0,284.84,230.55,0.9207,0.0863,33.2,peak
2024-02-12 20:00:00,Itwari,311.9,0,305.19,234.78,0.8641,0.0208,31.8,peak
2024-02-12 20:00:00,Manewada,298.13,0,289.91,236.38,0.95,0.107,30.8,peak
2024-02-12 20:00:00,Hingna,333.94,0,330.13,218.81,0.8938,0.1376,37.9,peak
2024-02-12 21:00:00,Dharampeth,278.88,0,273.15,223.65,0.9389,0.0711,33.1,peak
2024-02-12 21:00:00,Sitabuldi,266.14,0,260.53,228.54,0.9108,0.0819,33.4,peak
2024-02-12 21:00:00,Gandhibagh,308.81,0,302.91,221.43,0.9547,0.1487,32.0,peak
2024-02-12 21:00:00,Lakadganj,279.03,0,272.79,233.47,0.933,0.1326,34.1,peak
2024-02-12 21:00:00,Sadar,318.73,0,302.2,227.82,0.9415,0.1587,30.3,peak
2024-02-12 21:00:00,Itwari,322.89,0,322.1,229.91,0.8684,0.1633,32.0,peak
2024-02-12 21:00:00,Manewada,264.26,0,249.58,229.28,0.8781,0.0697,34.8,peak
2024-02-12 21:00:00,Hingna,311.96,0,310.16,233.16,0.9167,0.1665,34.9,peak
2024-02-12 22:00:00,Dharampeth,290.91,0,297.51,233.46,0.8641,0.1144,31.3,peak
2024-02-12 22:00:00,Sitabuldi,372.83,0,354.29,231.07,0.9947,0.1354,34.3,peak
2024-02-12 22:00:00,Gandhibagh,249.32,0,255.52,234.58,0.9503,0.122,33.0,peak
2024-02-12 22:00:00,Lakadganj,364.66,0,360.54,227.52,0.9324,0.1218,30.6,peak
2024-02-12 22:00:00,Sadar,350.77,0,336.07,233.87,0.8742,0.0321,33.2,peak
2024-02-12 22:00:00,Itwari,322.39,0,325.17,239.56,0.9532,0.5371,31.3,peak
2024-02-12 22:00:00,Manewada,308.54,0,293.34,229.81,0.8836,0.0857,33.6,peak
2024-02-12 22:00:00,Hingna,300.78,0,276.61,234.61,0.9538,0.0301,32.8,peak
2024-02-12 23:00:00,Dharampeth,265.44,0,268.6,222.59,0.9436,0.1274,33.6,night
2024-02-12 23:00:00,Sitabuldi,206.1,0,216.84,236.7,0.8981,0.1281,35.8,night
2024-02-12 23:00:00,Gandhibagh,244.31,0,252.44,223.92,0.9496,0.0763,33.8,night
2024-02-12 23:00:00,Lakadganj,219.55,0,233.65,229.43,0.9049,0.1457,33.2,night
2024-02-12 23:00:00,Sadar,263.6,0,254.03,229.34,0.9424,0.1246,31.1,night
2024-02-12 23:00:00,Itwari,294.78,0,290.31,241.85,0.9341,0.02,34.4,night
2024-02-12 23:00:00,Manewada,277.78,0,281.51,232.76,0.919,0.1104,29.8,night
2024-02-12 23:00:00,Hingna,283.83,0,283.08,235.56,0.9718,0.1494,33.0,night
2024-02-13 00:00:00,Dharampeth,249.92,0,246.17,230.73,0.9407,0.0672,37.2,night
2024-02-13 00:00:00,Sitabuldi,264.88,0,251.96,230.12,0.9414,0.0444,34.1,night
2024-02-13 00:00:00,Gandhibagh,285.01,0,287.59,235.83,0.9188,0.0122,33.9,night
2024-02-13 00:00:00,Lakadganj,268.19,0,286.56,231.6,0.8725,0.138,37.7,night
2024-02-13 00:00:00,Sadar,233.35,0,212.88,234.44,0.9076,0.0442,30.9,night
2024-02-13 00:00:00,Itwari,242.27,0,225.68,231.93,0.9616,0.043,33.0,night
2024-02-13 00:00:00,Manewada,204.19,0,227.02,227.17,0.951,0.0802,32.2,night
2024-02-13 00:00:00,Hingna,256.45,0,263.82,234.66,0.9571,0.0094,32.1,night
2024-02-13 01:00:00,Dharampeth,268.6,0,265.05,231.43,0.9409,0.0746,36.7,night
2024-02-13 01:00:00,Sitabuldi,197.81,0,200.09,230.47,0.9361,0.09,36.4,night
2024-02-13 01:00:00,Gandhibagh,234.53,0,236.71,239.77,0.8965,0.138,33.4,night
2024-02-13 01:00:00,Lakadganj,223.28,0,225.5,227.93,0.9762,0.0215,31.9,night
2024-02-13 01:00:00,Sadar,267.19,0,262.76,229.97,0.9356,0.0818,37.0,night
2024-02-13 01:00:00,Itwari,269.93,0,261.08,228.98,0.8863,0.166,34.2,night
2024-02-13 01:00:00,Manewada,173.15,0,162.57,231.44,0.9321,0.0457,33.3,night
2024-02-13 01:00:00,Hingna,246.01,0,259.52,240.27,0.9237,0.1736,34.3,night
2024-02-13 02:00:00,Dharampeth,236.51,0,255.25,234.92,0.9375,0.1232,32.6,night
2024-02-13 02:00:00,Sitabuldi,270.71,0,250.69,220.91,0.9146,0.1687,34.1,night
2024-02-13 02:00:00,Gandhibagh,274.67,0,283.43,225.69,0.9832,0.1085,33.7,night
2024-02-13 02:00:00,Lakadganj,202.26,0,205.83,242.45,0.9098,0.0304,30.2,night
2024-02-13 02:00:00,Sadar,272.41,0,264.05,231.28,0.9252,0.1471,37.7,night
2024-02-13 02:00:00,Itwari,207.15,0,189.58,232.52,0.925,0.0975,30.2,night
2024-02-13 02:00:00,Manewada,242.05,0,224.08,232.46,0.917,0.1456,33.2,night
2024-02-13 02:00:00,Hingna,187.38,0,171.06,232.1,0.9235,0.0046,31.2,night
2024-02-13 03:00:00,Dharampeth,220.46,0,207.88,231.95,0.9642,0.1568,31.7,night
2024-02-13 03:00:00,Sitabuldi,236.03,0,228.05,238.11,0.8881,0.1741,30.9,night
2024-02-13 03:00:00,Gandhibagh,242.18,0,233.39,223.85,0.9106,0.0341,32.4,night
2024-02-13 03:00:00,Lakadganj,221.24,0,234.17,225.67,0.8848,0.5949,34.8,night
2024-02-13 03:00:00,Sadar,234.21,0,245.55,227.17,0.9123,0.1752,32.5,night
2024-02-13 03:00:00,Itwari,221.22,0,207.73,227.93,0.9171,0.1597,38.1,night
2024-02-13 03:00:00,Manewada,241.81,0,253.64,229.39,0.9308,0.0351,33.9,night
2024-02-13 03:00:00,Hingna,264.76,0,260.39,228.73,0.9434,0.0343,30.9,night
2024-02-13 04:00:00,Dharampeth,249.17,0,227.39,232.69,0.9222,0.1067,32.5,night
2024-02-13 04:00:00,Sitabuldi,261.12,0,248.74,230.06,0.9468,0.0139,29.7,night
2024-02-13 04:00:00,Gandhibagh,225.84,0,219.04,231.3,0.9179,0.0431,35.6,night
2024-02-13 04:00:00,Lakadganj,331.19,0,318.38,225.19,0.9451,0.1758,36.7,night
2024-02-13 04:00:00,Sadar,240.91,0,229.45,221.64,0.9583,0.0623,34.4,night
2024-02-13 04:00:00,Itwari,275.16,0,283.29,229.12,0.8976,0.0593,29.1,night
2024-02-13 04:00:00,Manewada,241.64,0,242.01,234.73,0.9551,0.0151,35.0,night
2024-02-13 04:00:00,Hingna,262.24,0,262.88,226.41,0.873,0.069,31.0,night
2024-02-13 05:00:00,Dharampeth,270.18,0,271.3,227.62,0.9383,0.0381,30.5,night
2024-02-13 05:00:00,Sitabuldi,212.41,0,205.32,237.92,0.8951,0.0554,35.0,night
2024-02-13 05:00:00,Gandhibagh,261.77,0,265.3,228.8,0.9465,0.0757,32.5,night
2024-02-13 05:00:00,Lakadganj,303.89,0,303.9,234.11,0.9059,0.1764,31.3,night
2024-02-13 05:00:00,Sadar,238.81,0,253.67,233.17,0.9382,0.1731,32.6,night
2024-02-13 05:00:00,Itwari,268.98,0,271.87,236.85,0.8973,0.0463,34.8,night
2024-02-13 05:00:00,Manewada,266.3,0,249.65,232.35,0.9266,0.0582,34.7,night
2024-02-13 05:00:00,Hingna,278.76,0,268.1,238.82,0.8785,0.1389,36.2,night
2024-02-13 06:00:00,Dharampeth,304.66,7.88,284.88,238.41,0.9605,0.0977,32.8,daytime
2024-02-13 06:00:00,Sitabuldi,280.97,0,298.08,221.13,0.9034,0.0464,36.4,daytime
2024-02-13 06:00:00,Gandhibagh,262.41,0,267.6,231.26,0.9272,0.1713,33.4,daytime
2024-02-13 06:00:00,Lakadganj,280.72,0,284.76,230.85,0.9072,0.1517,30.3,daytime
2024-02-13 06:00:00,Sadar,298.46,0,301.04,239.7,0.9055,0.1154,31.6,daytime
2024-02-13 06:00:00,Itwari,269.61,6.35,253.79,234.61,0.9093,0.1182,35.2,daytime
2024-02-13 06:00:00,Manewada,283.1,0,285.54,221.23,0.9207,0.0217,33.6,daytime
2024-02-13 06:00:00,Hingna,253.3,0.16,264.83,232.27,0.8914,0.0633,34.3,daytime
2024-02-13 07:00:00,Dharampeth,284.86,57.77,239.04,227.77,0.8916,0.005,34.9,daytime
2024-02-13 07:00:00,Sitabuldi,274.92,38.74,227.14,229.85,0.9026,0.0203,32.9,daytime
2024-02-13 07:00:00,Gandhibagh,336.93,53.83,275.82,226.93,0.8909,0.0795,32.9,daytime
2024-02-13 07:00:00,Lakadganj,303.95,56.2,243.82,232.29,0.8471,0.1709,39.1,daytime
2024-02-13 07:00:00,Sadar,295.18,46.68,244.16,229.73,0.8779,0.1521,32.3,daytime
2024-02-13 07:00:00,Itwari,294.67,48.98,237.13,226.74,0.9071,0.0042,34.1,daytime
2024-02-13 07:00:00,Manewada,223.55,66.43,160.87,232.8,0.9328,0.1576,33.8,daytime
2024-02-13 07:00:00,Hingna,318.75,37.8,276.95,220.4,0.9291,0.0309,32.7,daytime
2024-02-13 08:00:00,Dharampeth,334.28,86.4,241.14,232.18,0.9482,0.0484,31.7,daytime
2024-02-13 08:00:00,Sitabuldi,278.91,111.96,170.23,234.03,0.8987,0.1684,30.5,daytime
2024-02-13 08:00:00,Gandhibagh,295.56,75.25,218.54,227.53,0.9097,0.1561,37.5,daytime
2024-02-13 08:00:00,Lakadganj,284.18,94.98,192.28,224.25,0.9117,0.0565,33.1,daytime
2024-02-13 08:00:00,Sadar,267.21,88.83,163.67,238.9,0.9598,0.1481,33.4,daytime
2024-02-13 08:00:00,Itwari,272.89,73.27,199.21,228.34,0.9158,0.4985,32.2,daytime
2024-02-13 08:00:00,Manewada,240.42,93.89,157.93,228.22,0.8672,0.0304,33.9,daytime
2024-02-13 08:00:00,Hingna,247.21,110.48,130.39,229.28,0.921,0.1191,32.7,daytime
2024-02-13 09:00:00,Dharampeth,358.04,134.39,228.79,224.29,0.94,0.0788,35.8,peak
2024-02-13 09:00:00,Sitabuldi,367.61,112.41,250.68,210.38,0.9183,0.0998,37.4,peak
2024-02-13 09:00:00,Gandhibagh,354.9,121.52,224.99,229.36,0.8791,0.0973,33.6,peak
2024-02-13 09:00:00,Lakadganj,359.75,146.48,202.27,229.58,0.9072,0.0124,33.9,peak
2024-02-13 09:00:00,Sadar,336.01,127.29,209.39,218.15,0.9327,0.0467,33.3,peak
2024-02-13 09:00:00,Itwari,361.8,121.85,253.48,231.26,0.8875,0.1078,33.2,peak
2024-02-13 09:00:00,Manewada,443.43,121.28,329.35,238.15,0.9006,0.1383,35.4,peak
2024-02-13 09:00:00,Hingna,391.42,125.97,254.49,231.33,0.9018,0.0279,30.5,peak
2024-02-13 10:00:00,Dharampeth,370.61,174.98,208.45,229.83,0.9647,0.0751,29.9,peak
2024-02-13 10:00:00,Sitabuldi,370.36,153.41,202.21,224.08,0.8934,0.0728,32.7,peak
2024-02-13 10:00:00,Gandhibagh,292.54,158.57,150.5,225.9,0.8931,0.0833,34.1,peak
2024-02-13 10:00:00,Lakadganj,403.55,160.69,241.65,231.12,0.8871,0.0008,34.6,peak
2024-02-13 10:00:00,Sadar,314.52,159.31,154.06,233.1,0.9556,0.0902,33.5,peak
2024-02-13 10:00:00,Itwari,340.73,189.57,176.76,239.56,0.9419,0.1487,34.9,peak
2024-02-13 10:00:00,Manewada,377.33,147.45,211.78,225.33,0.936,0.1664,39.8,peak
2024-02-13 10:00:00,Hingna,450.22,135.45,337.35,235.65,0.9246,0.0943,32.6,peak
2024-02-13 11:00:00,Dharampeth,351.82,178.35,184.25,221.02,0.954,0.1419,33.2,peak
2024-02-13 11:00:00,Sitabuldi,399.88,156.04,241.61,222.52,0.907,0.0402,35.6,peak
2024-02-13 11:00:00,Gandhibagh,346.42,182.24,163.72,229.57,0.9585,0.1523,31.4,peak
2024-02-13 11:00:00,Lakadganj,403.57,182.47,215.07,233.46,0.8899,0.1445,36.7,peak
2024-02-13 11:00:00,Sadar,368.85,166.81,202.61,230.52,0.9174,0.1619,36.6,peak
2024-02-13 11:00:00,Itwari,319.42,172.72,143.1,228.8,0.9213,0.0658,30.9,peak
2024-02-13 11:00:00,Manewada,397.13,180.15,207.8,227.09,0.9071,0.0865,35.2,peak
2024-02-13 11:00:00,Hingna,371.25,187.11,189.64,227.48,0.9028,0.0117,31.5,peak
2024-02-13 12:00:00,Dharampeth,317.76,176.78,130.9,234.92,0.9021,0.1102,32.0,peak
2024-02-13 12:00:00,Sitabuldi,331.4,166.78,159.03,229.57,0.8883,0.1131,31.0,peak
2024-02-13 12:00:00,Gandhibagh,356.51,170.26,185.93,229.69,0.976,0.1467,32.9,peak
2024-02-13 12:00:00,Lakadganj,358.86,196.88,156.97,230.51,0.9251,0.0019,33.7,peak
2024-02-13 12:00:00,Sadar,392.89,178.73,232.91,228.09,0.9083,0.0509,29.9,peak
2024-02-13 12:00:00,Itwari,405.65,193.7,211.67,236.43,0.9164,0.0187,31.6,peak
2024-02-13 12:00:00,Manewada,340.09,179.38,165.67,232.01,0.8752,0.1189,32.1,peak
2024-02-13 12:00:00,Hingna,332.51,168.88,167.71,226.06,0.9075,0.1314,32.3,peak
2024-02-13 13:00:00,Dharampeth,319.76,173.53,142.8,224.64,0.9064,0.1162,35.5,daytime
2024-02-13 13:00:00,Sitabuldi,314.62,150.51,144.46,224.23,0.9191,0.0183,35.9,daytime
2024-02-13 13:00:00,Gandhibagh,271.51,153.06,130.3,225.88,0.9444,0.1129,32.3,daytime
2024-02-13 13:00:00,Lakadganj,288.88,183.84,101.77,231.15,0.8795,0.09,32.7,daytime
2024-02-13 13:00:00,Sadar,299.66,160.12,156.99,233.85,0.9454,0.046,34.4,daytime
2024-02-13 13:00:00,Itwari,247.09,161.97,71.56,234.08,0.9607,0.1366,33.5,daytime
2024-02-13 13:00:00,Manewada,250.84,168.26,82.98,226.74,0.9263,0.0827,31.5,daytime
2024-02-13 13:00:00,Hingna,321.68,165.57,179.02,231.6,0.9887,0.0549,33.4,daytime
2024-02-13 14:00:00,Dharampeth,228.51,169.25,56.71,239.5,0.8677,0.1086,35.3,daytime
2024-02-13 14:00:00,Sitabuldi,291.89,143.71,148.4,229.96,0.9298,0.1786,34.6,daytime
2024-02-13 14:00:00,Gandhibagh,346.85,146.53,204.94,222.56,0.909,0.0828,33.9,daytime
2024-02-13 14:00:00,Lakadganj,264.83,164.87,113.78,226.6,0.9428,0.0741,29.9,daytime
2024-02-13 14:00:00,Sadar,301.02,198.74,96.62,234.17,0.8892,0.1703,32.0,daytime
2024-02-13 14:00:00,Itwari,260.77,153.71,108.58,229.66,0.8948,0.0635,32.1,daytime
2024-02-13 14:00:00,Manewada,289.51,162.41,124.0,235.88,0.9422,0.0051,34.2,daytime
2024-02-13 14:00:00,Hingna,260.21,168.05,79.1,233.07,0.8437,0.1452,34.7,daytime
2024-02-13 15:00:00,Dharampeth,297.87,140.8,150.26,233.38,0.9126,0.1279,33.8,daytime
2024-02-13 15:00:00,Sitabuldi,268.91,95.29,160.46,232.36,0.9703,0.5213,32.6,daytime
2024-02-13 15:00:00,Gandhibagh,292.84,130.5,171.55,229.14,0.9293,0.1726,31.3,daytime
2024-02-13 15:00:00,Lakadganj,318.38,150.23,152.08,232.29,0.9099,0.1727,34.6,daytime
2024-02-13 15:00:00,Sadar,296.18,136.56,142.22,235.26,0.8891,0.0077,33.5,daytime
2024-02-13 15:00:00,Itwari,221.72,133.34,89.31,227.63,0.9554,0.1729,32.2,daytime
2024-02-13 15:00:00,Manewada,301.74,114.51,171.03,219.09,0.94,0.0462,34.6,daytime
2024-02-13 15:00:00,Hingna,301.74,106.76,190.54,238.66,0.9044,0.0673,33.8,daytime
2024-02-13 16:00:00,Dharampeth,256.54,75.69,181.95,233.25,0.9242,0.0115,33.8,daytime
2024-02-13 16:00:00,Sitabuldi,285.04,91.7,188.9,231.27,0.9281,0.1719,32.7,daytime
2024-02-13 16:00:00,Gandhibagh,290.48,110.31,176.31,232.82,0.9215,0.0345,33.2,daytime
2024-02-13 16:00:00,Lakadganj,269.08,79.73,187.55,231.07,0.9252,0.7644,31.7,daytime
2024-02-13 16:00:00,Sadar,235.95,98.71,141.59,234.39,0.9104,0.1396,32.9,daytime
2024-02-13 16:00:00,Itwari,253.6,110.77,144.68,229.29,0.9915,0.6319,36.6,daytime
2024-02-13 16:00:00,Manewada,324.81,77.1,249.81,231.41,0.9353,0.1264,33.8,daytime
2024-02-13 16:00:00,Hingna,292.9,120.08,163.26,234.49,1.0,0.1134,33.9,daytime
2024-02-13 17:00:00,Dharampeth,270.41,52.12,226.06,229.74,0.887,0.1718,33.1,daytime
2024-02-13 17:00:00,Sitabuldi,332.57,37.47,288.73,234.23,0.9415,0.0573,36.1,daytime
2024-02-13 17:00:00,Gandhibagh,277.6,60.25,219.07,231.09,0.9383,0.7594,33.6,daytime
2024-02-13 17:00:00,Lakadganj,256.69,64.04,212.31,230.04,0.9005,0.1486,31.6,daytime
2024-02-13 17:00:00,Sadar,231.72,30.75,185.11,221.97,0.9386,0.0443,33.4,daytime
2024-02-13 17:00:00,Itwari,213.0,40.16,179.22,234.34,0.9108,0.0581,34.2,daytime
2024-02-13 17:00:00,Manewada,324.79,56.68,253.86,237.6,0.9002,0.0106,29.4,daytime
2024-02-13 17:00:00,Hingna,276.06,39.71,241.62,223.82,0.8874,0.1782,34.0,daytime
2024-02-13 18:00:00,Dharampeth,455.54,0,455.16,226.44,0.8979,0.1178,36.7,peak
2024-02-13 18:00:00,Sitabuldi,355.03,17.09,363.06,220.19,0.8765,0.1423,34.7,peak
2024-02-13 18:00:00,Gandhibagh,360.5,0,371.79,221.51,0.885,0.1119,35.2,peak
2024-02-13 18:00:00,Lakadganj,344.17,0,359.08,233.99,0.9314,0.1219,31.2,peak
2024-02-13 18:00:00,Sadar,413.39,0,422.37,238.63,0.9036,0.0688,31.1,peak
2024-02-13 18:00:00,Itwari,332.98,5.5,307.76,230.11,0.9237,0.0803,33.9,peak
2024-02-13 18:00:00,Manewada,331.82,22.43,317.35,224.33,0.9217,0.102,32.8,peak
2024-02-13 18:00:00,Hingna,390.26,0,395.09,228.67,0.9034,0.0487,37.5,peak
2024-02-13 19:00:00,Dharampeth,336.59,0,333.25,228.06,0.9199,0.1217,35.5,peak
2024-02-13 19:00:00,Sitabuldi,319.79,0,324.26,232.7,0.9674,0.0263,36.6,peak
2024-02-13 19:00:00,Gandhibagh,305.94,0,303.0,225.06,0.8847,0.0957,33.4,peak
2024-02-13 19:00:00,Lakadganj,307.98,0,314.32,238.18,0.9101,0.0166,34.7,peak
2024-02-13 19:00:00,Sadar,353.93,0,348.11,221.27,0.9263,0.0913,33.8,peak
2024-02-13 19:00:00,Itwari,300.1,0,301.12,231.78,0.9332,0.1238,34.9,peak
2024-02-13 19:00:00,Manewada,390.37,0,380.42,230.95,0.9191,0.1765,38.3,peak
2024-02-13 19:00:00,Hingna,318.25,0,335.16,226.48,0.8784,0.0993,34.2,peak
2024-02-13 20:00:00,Dharampeth,354.25,0,357.82,229.05,0.9338,0.3628,34.0,peak
2024-02-13 20:00:00,Sitabuldi,310.66,0,304.91,233.99,0.9667,0.117,33.3,peak
2024-02-13 20:00:00,Gandhibagh,325.62,0,328.44,224.76,0.955,0.0185,34.9,peak
2024-02-13 20:00:00,Lakadganj,258.99,0,253.96,236.63,0.9082,0.0398,32.8,peak
2024-02-13 20:00:00,Sadar,272.4,0,265.91,235.2,0.9842,0.1361,31.0,peak
2024-02-13 20:00:00,Itwari,350.18,0,347.78,236.59,0.943,0.1195,33.2,peak
2024-02-13 20:00:00,Manewada,269.1,0,272.54,227.98,0.9472,0.1283,32.8,peak
2024-02-13 20:00:00,Hingna,349.92,0,341.33,233.86,0.8833,0.0384,31.5,peak
2024-02-13 21:00:00,Dharampeth,349.26,0,346.6,228.98,0.9395,0.1495,33.2,peak
2024-02-13 21:00:00,Sitabuldi,266.85,0,256.47,229.93,0.8619,0.0864,34.3,peak
2024-02-13 21:00:00,Gandhibagh,359.64,0,345.24,225.59,0.9193,0.1202,35.3,peak
2024-02-13 21:00:00,Lakadganj,358.51,0,336.0,230.01,0.9375,0.0793,38.3,peak
2024-02-13 21:00:00,Sadar,331.29,0,322.77,233.87,0.9038,0.1134,34.7,peak
2024-02-13 21:00:00,Itwari,301.29,0,302.29,226.88,0.9406,0.1366,34.9,peak
2024-02-13 21:00:00,Manewada,370.79,0,367.25,235.35,0.9112,0.0491,33.7,peak
2024-02-13 21:00:00,Hingna,323.4,0,323.01,230.5,0.9696,0.0329,32.9,peak
2024-02-13 22:00:00,Dharampeth,290.73,0,309.56,227.6,0.8692,0.1326,31.5,peak
2024-02-13 22:00:00,Sitabuldi,324.73,0,328.98,225.71,0.9232,0.0996,29.6,peak
2024-02-13 22:00:00,Gandhibagh,287.9,0,298.74,224.41,0.9033,0.112,34.0,peak
2024-02-13 22:00:00,Lakadganj,306.6,0,285.46,230.86,0.9274,0.1573,32.2,peak
2024-02-13 22:00:00,Sadar,229.58,0,220.76,228.8,0.871,0.1675,33.2,peak
2024-02-13 22:00:00,Itwari,286.79,0,290.96,231.99,0.9344,0.0644,32.7,peak
2024-02-13 22:00:00,Manewada,344.09,0,345.44,230.74,0.8857,0.0124,32.1,peak
2024-02-13 22:00:00,Hingna,340.46,0,337.92,228.22,0.9323,0.166,32.8,peak
2024-02-13 23:00:00,Dharampeth,220.53,0,243.16,229.47,0.9195,0.0735,32.2,night
2024-02-13 23:00:00,Sitabuldi,269.2,0,271.98,221.0,0.8697,0.0031,36.5,night
2024-02-13 23:00:00,Gandhibagh,291.12,0,285.99,224.77,0.9714,0.0511,32.1,night
2024-02-13 23:00:00,Lakadganj,252.0,0,249.4,226.79,0.9046,0.17,30.0,night
2024-02-13 23:00:00,Sadar,258.28,0,261.21,224.28,0.9584,0.1604,33.0,night
2024-02-13 23:00:00,Itwari,187.51,0,193.66,235.24,0.9629,0.1536,34.3,night
2024-02-13 23:00:00,Manewada,261.98,0,274.82,226.59,0.9207,0.111,31.1,night
2024-02-13 23:00:00,Hingna,218.37,0,221.61,226.18,0.9648,0.0002,34.8,night
2024-02-14 00:00:00,Dharampeth,231.7,0,229.23,228.32,0.9041,0.1282,31.6,night
2024-02-14 00:00:00,Sitabuldi,254.36,0,255.11,223.57,0.8798,0.1781,36.2,night
2024-02-14 00:00:00,Gandhibagh,326.09,0,332.21,223.2,0.9215,0.0015,33.7,night
2024-02-14 00:00:00,Lakadganj,210.36,0,210.61,233.74,0.9277,0.1301,33.2,night
2024-02-14 00:00:00,Sadar,271.43,0,278.36,227.96,0.9158,0.1332,34.9,night
2024-02-14 00:00:00,Itwari,236.51,0,239.04,223.89,0.9576,0.1335,31.7,night
2024-02-14 00:00:00,Manewada,247.38,0,253.19,233.87,0.8915,0.1399,35.6,night
2024-02-14 00:00:00,Hingna,229.46,0,232.21,225.25,0.8865,0.0856,32.9,night
2024-02-14 01:00:00,Dharampeth,256.33,0,266.55,225.42,0.9331,0.0352,32.2,night
2024-02-14 01:00:00,Sitabuldi,191.28,0,187.75,232.75,0.9488,0.0218,36.2,night
2024-02-14 01:00:00,Gandhibagh,238.35,0,254.7,224.23,0.914,0.0976,34.0,night
2024-02-14 01:00:00,Lakadganj,239.72,0,246.27,235.47,0.9083,0.0341,34.5,night
2024-02-14 01:00:00,Sadar,156.01,0,142.03,232.66,0.9252,0.1477,31.8,night
2024-02-14 01:00:00,Itwari,238.63,0,244.43,218.72,0.899,0.0034,34.6,night
2024-02-14 01:00:00,Manewada,228.74,0,239.98,236.25,0.9014,0.0031,31.7,night
2024-02-14 01:00:00,Hingna,306.86,0,300.37,234.12,0.9396,0.1446,29.9,night
2024-02-14 02:00:00,Dharampeth,212.2,0,215.35,232.52,0.9142,0.0329,33.8,night
2024-02-14 02:00:00,Sitabuldi,331.91,0,333.2,236.61,0.9149,0.0497,32.2,night
2024-02-14 02:00:00,Gandhibagh,222.73,0,235.84,236.11,0.9655,0.1743,30.5,night
2024-02-14 02:00:00,Lakadganj,211.63,0,210.29,227.91,0.9207,0.1176,34.6,night
2024-02-14 02:00:00,Sadar,199.04,0,198.46,225.16,0.9292,0.1664,33.3,night
2024-02-14 02:00:00,Itwari,289.92,0,280.6,231.43,0.9069,0.1422,32.6,night
2024-02-14 02:00:00,Manewada,237.71,0,229.08,240.2,0.9009,0.1545,35.4,night
2024-02-14 02:00:00,Hingna,261.39,0,251.83,234.3,0.9444,0.0482,37.2,night
2024-02-14 03:00:00,Dharampeth,239.0,0,254.47,231.29,0.9045,0.1514,33.2,night
2024-02-14 03:00:00,Sitabuldi,201.11,0,191.91,229.23,0.9398,0.0586,35.3,night
2024-02-14 03:00:00,Gandhibagh,212.79,0,218.33,229.58,0.8685,0.0604,33.8,night
2024-02-14 03:00:00,Lakadganj,252.61,0,243.82,235.95,0.8892,0.1545,34.1,night
2024-02-14 03:00:00,Sadar,187.02,0,186.1,235.87,0.9241,0.1406,34.2,night
2024-02-14 03:00:00,Itwari,167.25,0,159.9,228.58,0.8751,0.1241,32.1,night
2024-02-14 03:00:00,Manewada,283.7,0,296.05,229.89,0.9118,0.1464,30.5,night
2024-02-14 03:00:00,Hingna,288.1,0,295.37,220.62,0.9113,0.1042,31.6,night
2024-02-14 04:00:00,Dharampeth,191.7,0,187.94,228.46,0.8933,0.1678,31.9,night
2024-02-14 04:00:00,Sitabuldi,292.17,0,318.26,230.97,0.9266,0.0038,33.2,night
2024-02-14 04:00:00,Gandhibagh,262.59,0,259.71,229.01,0.8866,0.1244,34.7,night
2024-02-14 04:00:00,Lakadganj,228.49,0,210.15,236.58,0.9782,0.1751,33.7,night
2024-02-14 04:00:00,Sadar,215.49,0,209.74,228.7,0.9481,0.0037,35.1,night
2024-02-14 04:00:00,Itwari,250.78,0,259.62,226.26,0.9046,0.1379,34.5,night
2024-02-14 04:00:00,Manewada,226.11,0,224.73,235.29,0.9671,0.046,31.4,night
2024-02-14 04:00:00,Hingna,247.93,0,230.04,226.95,0.9678,0.0838,38.7,night
2024-02-14 05:00:00,Dharampeth,227.7,0,243.84,229.23,0.9015,0.1467,35.7,night
2024-02-14 05:00:00,Sitabuldi,252.35,0,262.64,227.86,1.0,0.0735,32.9,night
2024-02-14 05:00:00,Gandhibagh,232.19,0,207.27,225.68,0.9184,0.1307,34.6,night
2024-02-14 05:00:00,Lakadganj,203.9,0,203.16,237.51,0.9602,0.0872,37.8,night
2024-02-14 05:00:00,Sadar,209.8,0,215.65,224.3,0.9249,0.0684,31.6,night
2024-02-14 05:00:00,Itwari,246.25,0,262.41,224.28,0.8523,0.0662,33.6,night
2024-02-14 05:00:00,Manewada,238.39,0,242.89,232.9,0.912,0.016,35.1,night
2024-02-14 05:00:00,Hingna,231.46,0,227.3,234.41,0.9401,0.0633,33.2,night
2024-02-14 06:00:00,Dharampeth,292.09,1.55,279.92,237.89,0.869,0.0463,32.5,daytime
2024-02-14 06:00:00,Sitabuldi,234.59,0,238.32,229.57,0.9399,0.6585,32.5,daytime
2024-02-14 06:00:00,Gandhibagh,222.14,23.05,208.29,235.01,0.8896,0.0794,35.1,daytime
2024-02-14 06:00:00,Lakadganj,242.99,0,247.33,225.24,0.9044,0.0078,33.7,daytime
2024-02-14 06:00:00,Sadar,273.74,0,285.06,234.64,0.9051,0.0711,36.2,daytime
2024-02-14 06:00:00,Itwari,319.54,0,333.34,226.55,0.9187,0.0229,36.4,daytime
2024-02-14 06:00:00,Manewada,271.54,20.38,267.63,221.21,0.9376,0.1078,36.0,daytime
2024-02-14 06:00:00,Hingna,214.39,5.56,208.66,226.98,0.9449,0.3255,33.1,daytime
2024-02-14 07:00:00,Dharampeth,267.04,36.87,232.61,220.56,0.9321,0.1306,33.6,daytime
2024-02-14 07:00:00,Sitabuldi,296.9,26.61,275.19,221.56,0.9629,0.1283,32.1,daytime
2024-02-14 07:00:00,Gandhibagh,299.43,29.26,270.43,234.2,0.8748,0.0763,36.3,daytime
2024-02-14 07:00:00,Lakadganj,267.26,42.6,248.32,231.09,0.9283,0.0597,36.6,daytime
2024-02-14 07:00:00,Sadar,277.85,56.52,210.59,237.16,0.9111,0.1716,30.7,daytime
2024-02-14 07:00:00,Itwari,289.97,36.99,258.19,223.85,0.9543,0.0461,31.1,daytime
2024-02-14 07:00:00,Manewada,304.01,53.55,257.94,226.45,0.9313,0.0622,30.3,daytime
2024-02-14 07:00:00,Hingna,293.54,38.0,263.2,228.86,0.8781,0.177,36.1,daytime
2024-02-14 08:00:00,Dharampeth,260.34,66.21,189.04,227.29,0.9037,0.0549,34.5,daytime
2024-02-14 08:00:00,Sitabuldi,293.52,93.93,211.73,235.13,0.9456,0.1109,33.0,daytime
2024-02-14 08:00:00,Gandhibagh,280.0,99.05,186.24,222.22,0.8925,0.1791,34.3,daytime
2024-02-14 08:00:00,Lakadganj,298.28,116.89,178.45,237.32,0.8489,0.0936,34.6,daytime
2024-02-14 08:00:00,Sadar,228.51,82.01,151.71,221.12,0.9397,0.0943,28.8,daytime
2024-02-14 08:00:00,Itwari,285.17,86.54,196.7,227.31,0.9051,0.3468,35.0,daytime
2024-02-14 08:00:00,Manewada,238.29,85.71,162.77,237.26,0.9366,0.1744,34.0,daytime
2024-02-14 08:00:00,Hingna,322.98,81.54,260.32,233.18,0.9024,0.1604,32.6,daytime
2024-02-14 09:00:00,Dharampeth,393.94,153.41,258.7,216.71,0.9012,0.1161,33.1,peak
2024-02-14 09:00:00,Sitabuldi,304.45,128.32,168.48,228.61,0.9471,0.0573,34.9,peak
2024-02-14 09:00:00,Gandhibagh,370.44,135.18,245.24,233.05,0.9601,0.1243,33.3,peak
2024-02-14 09:00:00,Lakadganj,361.3,113.89,244.57,232.04,0.9331,0.0115,32.5,peak
2024-02-14 09:00:00,Sadar,378.32,130.03,240.05,232.64,0.9386,0.0698,35.8,peak
2024-02-14 09:00:00,Itwari,408.22,145.25,260.15,227.77,0.976,0.0995,37.6,peak
2024-02-14 09:00:00,Manewada,299.34,151.43,155.32,229.51,0.9538,0.1432,31.6,peak
2024-02-14 09:00:00,Hingna,397.2,125.85,281.1,241.82,0.9397,0.0822,35.4,peak
2024-02-14 10:00:00,Dharampeth,356.82,131.34,225.29,226.49,0.9378,0.0536,33.8,peak
2024-02-14 10:00:00,Sitabuldi,313.18,156.1,164.01,237.18,0.9458,0.1151,35.0,peak
2024-02-14 10:00:00,Gandhibagh,303.55,169.31,135.68,229.51,0.9156,0.1089,34.7,peak
2024-02-14 10:00:00,Lakadganj,333.47,162.31,177.01,232.03,0.9257,0.0121,32.5,peak
2024-02-14 10:00:00,Sadar,297.51,162.14,124.88,223.79,0.9354,0.1317,37.0,peak
2024-02-14 10:00:00,Itwari,337.68,181.38,153.23,229.22,0.8957,0.0583,31.5,peak
2024-02-14 10:00:00,Manewada,364.55,139.62,218.71,222.68,0.9614,0.1127,32.2,peak
2024-02-14 10:00:00,Hingna,351.29,166.37,173.06,227.64,0.8732,0.0577,32.3,peak
2024-02-14 11:00:00,Dharampeth,416.42,162.81,270.35,232.49,0.9928,0.1697,31.5,peak
2024-02-14 11:00:00,Sitabuldi,340.81,171.6,166.04,225.85,1.0,0.1269,30.3,peak
2024-02-14 11:00:00,Gandhibagh,329.3,159.48,177.03,229.84,0.9116,0.0129,35.7,peak
2024-02-14 11:00:00,Lakadganj,336.46,171.97,154.21,231.62,0.9297,0.1558,36.8,peak
2024-02-14 11:00:00,Sadar,357.0,211.87,129.44,232.62,0.9098,0.0576,36.3,peak
2024-02-14 11:00:00,Itwari,428.92,188.0,232.89,222.4,0.9209,0.133,33.7,peak
2024-02-14 11:00:00,Manewada,376.01,172.93,205.07,238.72,0.911,0.0779,30.7,peak
2024-02-14 11:00:00,Hingna,324.31,158.88,167.06,231.67,0.9456,0.0634,33.3,peak
2024-02-14 12:00:00,Dharampeth,356.09,168.43,179.26,219.69,0.8805,0.1453,33.2,peak
2024-02-14 12:00:00,Sitabuldi,399.59,189.14,202.53,232.6,0.9096,0.0256,31.1,peak
2024-02-14 12:00:00,Gandhibagh,314.85,191.36,134.51,222.56,0.9421,0.0055,34.4,peak
2024-02-14 12:00:00,Lakadganj,379.55,157.66,204.59,236.29,0.8743,0.0464,35.6,peak
2024-02-14 12:00:00,Sadar,395.84,186.57,200.52,233.91,0.8961,0.0863,33.9,peak
2024-02-14 12:00:00,Itwari,299.05,171.98,127.81,234.58,0.8885,0.0896,32.3,peak
2024-02-14 12:00:00,Manewada,360.82,204.32,149.5,227.8,0.8959,0.1772,34.5,peak
2024-02-14 12:00:00,Hingna,293.95,154.88,147.02,231.89,0.8974,0.1313,32.0,peak
2024-02-14 13:00:00,Dharampeth,300.32,160.42,153.13,234.6,0.8988,0.0291,30.9,daytime
2024-02-14 13:00:00,Sitabuldi,283.01,190.54,92.21,234.19,0.9104,0.0578,33.4,daytime
2024-02-14 13:00:00,Gandhibagh,254.08,187.34,75.74,228.24,0.9351,0.0997,36.8,daytime
2024-02-14 13:00:00,Lakadganj,282.45,159.74,131.77,223.58,0.948,0.1745,31.5,daytime
2024-02-14 13:00:00,Sadar,222.59,178.16,44.55,226.07,0.8819,0.0494,33.9,daytime
2024-02-14 13:00:00,Itwari,307.59,192.73,101.69,233.74,0.9357,0.0588,34.1,daytime
2024-02-14 13:00:00,Manewada,323.97,190.61,146.88,224.99,0.9166,0.1256,30.1,daytime
2024-02-14 13:00:00,Hingna,247.86,168.46,81.67,224.21,0.9196,0.0736,34.9,daytime
2024-02-14 14:00:00,Dharampeth,315.71,160.59,140.63,231.53,0.9023,0.0703,30.8,daytime
2024-02-14 14:00:00,Sitabuldi,247.75,152.25,94.28,225.13,0.9188,0.1134,31.6,daytime
2024-02-14 14:00:00,Gandhibagh,275.37,173.87,108.44,226.79,1.0,0.1648,31.5,daytime
2024-02-14 14:00:00,Lakadganj,288.33,149.52,141.79,227.06,0.9113,0.0893,31.8,daytime
2024-02-14 14:00:00,Sadar,274.41,167.91,118.5,231.21,0.9011,0.1485,36.5,daytime
2024-02-14 14:00:00,Itwari,288.21,150.64,129.6,234.05,0.9219,0.0313,36.9,daytime
2024-02-14 14:00:00,Manewada,347.19,153.97,194.73,235.79,0.954,0.1635,35.0,daytime
2024-02-14 14:00:00,Hingna,316.45,150.63,150.75,224.66,0.8803,0.1208,32.4,daytime
2024-02-14 15:00:00,Dharampeth,216.36,130.61,90.98,230.66,0.9599,0.0832,34.1,daytime
2024-02-14 15:00:00,Sitabuldi,299.16,128.7,169.05,221.98,0.9091,0.07,32.8,daytime
2024-02-14 15:00:00,Gandhibagh,299.58,106.41,204.62,233.35,0.8974,0.0989,33.9,daytime
2024-02-14 15:00:00,Lakadganj,256.99,139.06,113.19,231.53,0.8939,0.0331,37.5,daytime
2024-02-14 15:00:00,Sadar,246.11,141.9,92.33,233.78,1.0,0.0228,28.5,daytime
2024-02-14 15:00:00,Itwari,273.65,144.12,143.36,220.69,0.9652,0.1227,38.4,daytime
2024-02-14 15:00:00,Manewada,270.34,147.55,125.35,235.1,0.8689,0.1478,31.6,daytime
2024-02-14 15:00:00,Hingna,269.47,114.91,154.74,231.39,0.9085,0.023,32.2,daytime
2024-02-14 16:00:00,Dharampeth,305.16,83.16,235.26,225.97,0.9382,0.0635,35.5,daytime
2024-02-14 16:00:00,Sitabuldi,266.09,95.76,175.03,231.86,0.9104,0.066,33.4,daytime
2024-02-14 16:00:00,Gandhibagh,267.32,80.22,186.9,228.9,0.8994,0.0525,31.6,daytime
2024-02-14 16:00:00,Lakadganj,332.84,78.83,264.04,226.07,0.9466,0.1285,33.2,daytime
2024-02-14 16:00:00,Sadar,300.37,69.04,229.32,225.4,0.9038,0.0185,34.5,daytime
2024-02-14 16:00:00,Itwari,315.34,82.6,223.7,233.69,0.9305,0.0531,34.6,daytime
2024-02-14 16:00:00,Manewada,285.83,58.54,223.13,225.82,0.9359,0.562,33.4,daytime
2024-02-14 16:00:00,Hingna,265.79,85.14,186.34,234.75,0.9202,0.0903,33.9,daytime
2024-02-14 17:00:00,Dharampeth,243.03,63.95,170.14,236.57,0.9222,0.0627,31.1,daytime
2024-02-14 17:00:00,Sitabuldi,230.0,49.05,170.57,228.61,0.9232,0.1149,35.9,daytime
2024-02-14 17:00:00,Gandhibagh,307.61,13.35,279.91,230.47,0.9036,0.0929,30.8,daytime
2024-02-14 17:00:00,Lakadganj,271.79,19.88,242.47,234.39,0.8975,0.0338,33.5,daytime
2024-02-14 17:00:00,Sadar,299.18,36.02,262.38,233.36,0.8678,0.0852,29.9,daytime
2024-02-14 17:00:00,Itwari,260.66,31.06,219.93,224.44,0.9443,0.0498,31.8,daytime
2024-02-14 17:00:00,Manewada,241.43,33.92,221.85,223.45,0.8728,0.0919,29.8,daytime
2024-02-14 17:00:00,Hingna,230.48,29.76,206.02,233.92,0.8979,0.0788,33.6,daytime
2024-02-14 18:00:00,Dharampeth,300.66,37.88,253.14,235.72,0.8992,0.0649,37.0,peak
2024-02-14 18:00:00,Sitabuldi,335.73,23.22,317.32,227.41,0.9307,0.1565,32.9,peak
2024-02-14 18:00:00,Gandhibagh,288.73,0,299.88,227.7,0.9171,0.1299,31.9,peak
2024-02-14 18:00:00,Lakadganj,352.52,0,349.14,227.56,0.8798,0.0508,34.5,peak
2024-02-14 18:00:00,Sadar,335.58,0,326.99,230.14,0.9274,0.5514,36.6,peak
2024-02-14 18:00:00,Itwari,376.74,0,393.94,222.91,0.8776,0.1047,35.3,peak
2024-02-14 18:00:00,Manewada,339.94,0,346.34,226.83,0.9288,0.1556,35.5,peak
2024-02-14 18:00:00,Hingna,387.22,25.81,360.29,215.31,0.9446,0.1707,34.1,peak
2024-02-14 19:00:00,Dharampeth,277.51,0,267.05,226.68,0.9023,0.1226,35.1,peak
2024-02-14 19:00:00,Sitabuldi,376.64,0,375.16,241.17,0.8387,0.0356,32.1,peak
2024-02-14 19:00:00,Gandhibagh,290.8,0,303.5,222.89,0.8902,0.1541,34.7,peak
2024-02-14 19:00:00,Lakadganj,263.73,0,257.99,225.73,0.9144,0.0928,33.6,peak
2024-02-14 19:00:00,Sadar,338.06,0,344.39,227.43,0.9296,0.1576,30.9,peak
2024-02-14 19:00:00,Itwari,310.96,0,309.37,227.76,0.9084,0.1067,35.3,peak
2024-02-14 19:00:00,Manewada,295.5,0,322.15,226.16,0.8474,0.1485,35.4,peak
2024-02-14 19:00:00,Hingna,299.7,0,308.26,226.59,0.8987,0.1652,34.5,peak
2024-02-14 20:00:00,Dharampeth,310.16,0,292.68,225.46,0.9626,0.0738,32.6,peak
2024-02-14 20:00:00,Sitabuldi,236.13,0,246.23,238.18,0.9741,0.0485,35.8,peak
2024-02-14 20:00:00,Gandhibagh,275.39,0,285.61,238.5,0.9052,0.1427,33.7,peak
2024-02-14 20:00:00,Lakadganj,297.31,0,309.29,234.24,1.0,0.091,29.0,peak
2024-02-14 20:00:00,Sadar,341.3,0,341.48,226.4,0.9136,0.1188,32.1,peak
2024-02-14 20:00:00,Itwari,328.94,0,345.5,226.82,1.0,0.1298,35.9,peak
2024-02-14 20:00:00,Manewada,270.85,0,272.68,233.68,0.9323,0.1346,31.3,peak
2024-02-14 20:00:00,Hingna,337.53,0,349.33,227.51,0.9382,0.0119,36.6,peak
2024-02-14 21:00:00,Dharampeth,317.64,0,327.0,234.27,0.9407,0.0496,33.1,peak
2024-02-14 21:00:00,Sitabuldi,303.34,0,288.71,227.9,0.8425,0.1365,32.7,peak
2024-02-14 21:00:00,Gandhibagh,262.64,0,264.45,232.58,0.8753,0.1316,30.2,peak
2024-02-14 21:00:00,Lakadganj,291.06,0,283.67,226.67,0.9322,0.0141,34.4,peak
2024-02-14 21:00:00,Sadar,320.84,0,324.33,224.6,0.8877,0.0932,34.7,peak
2024-02-14 21:00:00,Itwari,366.37,0,361.01,228.45,0.9012,0.0199,34.9,peak
2024-02-14 21:00:00,Manewada,329.13,0,313.89,227.18,0.9013,0.0015,37.4,peak
2024-02-14 21:00:00,Hingna,312.31,0,311.79,222.53,0.9387,0.1153,31.6,peak
2024-02-14 22:00:00,Dharampeth,344.54,0,331.98,228.83,0.9273,0.0042,35.5,peak
2024-02-14 22:00:00,Sitabuldi,368.65,0,388.77,235.94,0.9107,0.0371,32.7,peak
2024-02-14 22:00:00,Gandhibagh,308.23,0,298.88,235.5,0.9296,0.1059,36.1,peak
2024-02-14 22:00:00,Lakadganj,316.91,0,334.11,236.79,0.8897,0.0654,33.8,peak
2024-02-14 22:00:00,Sadar,360.61,0,360.98,231.3,0.9179,0.1761,37.0,peak
2024-02-14 22:00:00,Itwari,340.65,0,338.03,235.38,0.9004,0.1709,34.0,peak
2024-02-14 22:00:00,Manewada,308.92,0,314.93,226.78,0.8763,0.4624,32.7,peak
2024-02-14 22:00:00,Hingna,360.38,0,364.46,228.25,0.8907,0.017,30.4,peak
2024-02-14 23:00:00,Dharampeth,191.97,0,206.52,236.46,0.9067,0.0093,33.8,night
2024-02-14 23:00:00,Sitabuldi,270.34,0,273.77,222.1,0.9003,0.0366,36.1,night
2024-02-14 23:00:00,Gandhibagh,243.43,0,241.89,226.45,0.866,0.1576,36.1,night
2024-02-14 23:00:00,Lakadganj,265.82,0,261.32,228.0,0.9019,0.073,32.8,night
2024-02-14 23:00:00,Sadar,245.63,0,252.19,233.55,0.9513,0.1741,34.1,night
2024-02-14 23:00:00,Itwari,258.13,0,259.24,228.63,0.8528,0.1523,31.4,night
2024-02-14 23:00:00,Manewada,276.27,0,279.38,220.75,0.9509,0.1583,33.7,night
2024-02-14 23:00:00,Hingna,274.21,0,270.22,231.89,0.902,0.115,31.2,night
2024-02-15 00:00:00,Dharampeth,274.12,0,286.14,235.74,0.9217,0.0365,35.6,night
2024-02-15 00:00:00,Sitabuldi,242.96,0,251.69,232.52,0.8913,0.0657,32.8,night
2024-02-15 00:00:00,Gandhibagh,248.96,0,251.71,225.92,0.9385,0.1007,35.1,night
2024-02-15 00:00:00,Lakadganj,285.33,0,286.67,225.31,0.9351,0.0051,33.4,night
2024-02-15 00:00:00,Sadar,256.94,0,258.33,224.53,0.9336,0.0154,34.4,night
2024-02-15 00:00:00,Itwari,217.51,0,209.9,226.82,0.9232,0.0523,35.3,night
2024-02-15 00:00:00,Manewada,248.49,0,244.09,231.62,0.9257,0.144,31.2,night
2024-02-15 00:00:00,Hingna,206.99,0,200.53,226.25,0.9373,0.0574,33.8,night
2024-02-15 01:00:00,Dharampeth,269.89,0,268.17,230.17,0.9224,0.0349,32.1,night
2024-02-15 01:00:00,Sitabuldi,264.62,0,266.99,224.94,0.94,0.1422,36.0,night
2024-02-15 01:00:00,Gandhibagh,257.29,0,274.41,239.24,0.9099,0.151,34.4,night
2024-02-15 01:00:00,Lakadganj,250.27,0,252.96,223.85,0.9191,0.0212,33.1,night
2024-02-15 01:00:00,Sadar,291.95,0,295.4,218.58,0.9383,0.0536,33.8,night
2024-02-15 01:00:00,Itwari,209.48,0,201.2,228.41,0.9463,0.0584,38.1,night
2024-02-15 01:00:00,Manewada,221.05,0,215.04,226.77,0.9509,0.1569,35.1,night
2024-02-15 01:00:00,Hingna,231.62,0,238.34,225.02,0.9059,0.6351,33.0,night
2024-02-15 02:00:00,Dharampeth,255.1,0,235.55,231.3,0.9192,0.0865,32.8,night
2024-02-15 02:00:00,Sitabuldi,278.58,0,293.2,218.67,0.9452,0.0364,34.9,night
2024-02-15 02:00:00,Gandhibagh,265.29,0,279.9,234.01,0.9077,0.7708,34.9,night
2024-02-15 02:00:00,Lakadganj,268.97,0,256.27,232.86,0.9217,0.0011,36.0,night
2024-02-15 02:00:00,Sadar,247.98,0,234.81,228.07,0.8478,0.0618,31.1,night
2024-02-15 02:00:00,Itwari,211.57,0,210.94,224.44,0.8682,0.1274,34.6,night
2024-02-15 02:00:00,Manewada,231.64,0,227.16,220.82,0.9657,0.0786,34.3,night
2024-02-15 02:00:00,Hingna,202.72,0,226.89,235.8,0.9387,0.1309,34.3,night
2024-02-15 03:00:00,Dharampeth,320.62,0,323.8,236.54,0.8782,0.1604,34.2,night
2024-02-15 03:00:00,Sitabuldi,269.74,0,279.94,235.57,0.9111,0.0491,33.6,night
2024-02-15 03:00:00,Gandhibagh,323.37,0,314.38,235.57,0.903,0.0115,32.7,night
2024-02-15 03:00:00,Lakadganj,232.55,0,231.01,230.89,0.9426,0.1175,36.9,night
2024-02-15 03:00:00,Sadar,186.03,0,178.11,231.94,0.9434,0.17,32.7,night
2024-02-15 03:00:00,Itwari,245.93,0,245.06,227.43,0.9148,0.049,36.5,night
2024-02-15 03:00:00,Manewada,210.21,0,210.73,229.71,0.9078,0.0098,34.5,night
2024-02-15 03:00:00,Hingna,220.6,0,217.56,230.82,0.9424,0.0317,31.6,night
2024-02-15 04:00:00,Dharampeth,220.33,0,218.7,236.32,0.9372,0.0191,32.7,night
2024-02-15 04:00:00,Sitabuldi,275.89,0,273.26,235.86,0.9128,0.0494,34.5,night
2024-02-15 04:00:00,Gandhibagh,178.77,0,174.64,222.81,0.9412,0.0121,34.4,night
2024-02-15 04:00:00,Lakadganj,211.65,0,196.15,236.32,0.8586,0.1336,32.6,night
2024-02-15 04:00:00,Sadar,288.73,0,284.78,229.11,0.9265,0.1026,34.0,night
2024-02-15 04:00:00,Itwari,228.84,0,229.32,231.88,0.9384,0.023,35.2,night
2024-02-15 04:00:00,Manewada,215.57,0,220.79,231.77,0.9262,0.1588,33.2,night
2024-02-15 04:00:00,Hingna,237.76,0,232.58,219.25,0.9536,0.0213,36.0,night
2024-02-15 05:00:00,Dharampeth,210.09,0,210.94,228.5,0.9738,0.0407,30.8,night
2024-02-15 05:00:00,Sitabuldi,268.06,0,254.57,226.96,0.9034,0.0007,30.6,night
2024-02-15 05:00:00,Gandhibagh,257.43,0,248.72,243.02,0.9351,0.1073,31.8,night
2024-02-15 05:00:00,Lakadganj,267.87,0,260.74,230.81,0.9055,0.1615,38.0,night
2024-02-15 05:00:00,Sadar,176.57,0,167.99,223.22,0.9331,0.0233,33.7,night
2024-02-15 05:00:00,Itwari,213.47,0,216.4,230.81,0.9527,0.1679,36.8,night
2024-02-15 05:00:00,Manewada,322.12,0,333.84,235.41,0.9263,0.0254,33.7,night
2024-02-15 05:00:00,Hingna,286.07,0,291.72,235.6,0.8843,0.1056,33.4,night
2024-02-15 06:00:00,Dharampeth,307.04,0,293.6,225.48,0.9556,0.1787,36.7,daytime
2024-02-15 06:00:00,Sitabuldi,311.83,0,326.12,225.96,0.8724,0.0883,34.0,daytime
2024-02-15 06:00:00,Gandhibagh,197.57,0.89,218.55,229.8,0.9711,0.0847,33.7,daytime
2024-02-15 06:00:00,Lakadganj,297.14,24.73,266.77,229.57,0.8988,0.0989,33.2,daytime
2024-02-15 06:00:00,Sadar,335.76,0,344.53,232.95,0.9302,0.011,34.4,daytime
2024-02-15 06:00:00,Itwari,210.9,0,201.68,225.01,0.9113,0.1029,33.2,daytime
2024-02-15 06:00:00,Manewada,243.42,0,242.62,229.84,0.922,0.0552,31.2,daytime
2024-02-15 06:00:00,Hingna,266.18,0,273.98,233.26,0.9256,0.0147,32.8,daytime
2024-02-15 07:00:00,Dharampeth,301.86,37.83,278.34,230.84,0.9677,0.1585,32.1,daytime
2024-02-15 07:00:00,Sitabuldi,269.71,43.15,228.54,229.44,0.8766,0.1468,34.6,daytime
2024-02-15 07:00:00,Gandhibagh,264.49,51.47,217.14,225.07,0.9044,0.1739,31.4,daytime
2024-02-15 07:00:00,Lakadganj,283.02,48.2,227.67,233.19,0.9306,0.0438,34.3,daytime
2024-02-15 07:00:00,Sadar,232.88,27.08,202.85,228.93,0.9397,0.1565,31.3,daytime
2024-02-15 07:00:00,Itwari,268.99,31.04,232.37,225.54,0.9155,0.0098,33.2,daytime
2024-02-15 07:00:00,Manewada,274.28,23.22,256.02,220.04,0.9603,0.0445,35.5,daytime
2024-02-15 07:00:00,Hingna,319.1,38.9,282.87,229.9,0.9194,0.1755,32.9,daytime
2024-02-15 08:00:00,Dharampeth,221.32,114.17,101.19,224.8,0.8942,0.0612,32.1,daytime
2024-02-15 08:00:00,Sitabuldi,256.11,103.11,165.37,234.37,0.921,0.1128,35.7,daytime
2024-02-15 08:00:00,Gandhibagh,292.78,96.1,199.81,226.33,0.8628,0.1755,31.5,daytime
2024-02-15 08:00:00,Lakadganj,329.84,84.54,230.69,231.84,0.8768,0.0347,31.2,daytime
2024-02-15 08:00:00,Sadar,285.01,120.8,172.96,228.83,0.9458,0.1136,31.0,daytime
2024-02-15 08:00:00,Itwari,248.31,100.88,132.22,233.83,0.9594,0.0704,35.8,daytime
2024-02-15 08:00:00,Manewada,306.59,67.59,253.26,230.93,0.9288,0.0938,35.0,daytime
2024-02-15 08:00:00,Hingna,253.68,111.57,154.78,230.49,0.93,0.1186,36.7,daytime
2024-02-15 09:00:00,Dharampeth,320.42,144.37,172.76,231.84,0.9862,0.1787,35.1,peak
2024-02-15 09:00:00,Sitabuldi,392.02,142.28,249.83,225.27,0.8661,0.1456,35.5,peak
2024-02-15 09:00:00,Gandhibagh,342.58,100.88,245.05,228.7,0.9557,0.1244,39.2,peak
2024-02-15 09:00:00,Lakadganj,338.25,130.97,218.69,231.55,0.8714,0.1034,35.0,peak
2024-02-15 09:00:00,Sadar,398.48,120.97,284.93,221.4,0.9653,0.1596,34.8,peak
2024-02-15 09:00:00,Itwari,319.44,130.87,196.71,234.81,0.9234,0.1107,32.1,peak
2024-02-15 09:00:00,Manewada,292.54,141.79,155.77,228.27,0.9077,0.1149,39.7,peak
2024-02-15 09:00:00,Hingna,386.96,146.95,247.94,230.46,0.908,0.1157,37.4,peak
2024-02-15 10:00:00,Dharampeth,367.44,164.6,213.49,225.91,0.9508,0.1799,34.7,peak
2024-02-15 10:00:00,Sitabuldi,370.34,144.98,239.61,230.6,0.8824,0.1112,35.1,peak
2024-02-15 10:00:00,Gandhibagh,407.68,170.5,270.4,239.22,0.9163,0.1622,34.3,peak
2024-02-15 10:00:00,Lakadganj,379.52,176.84,199.62,230.22,0.9076,0.0637,33.2,peak
2024-02-15 10:00:00,Sadar,376.05,155.77,222.29,228.61,0.8834,0.0767,33.8,peak
2024-02-15 10:00:00,Itwari,352.92,152.09,198.84,231.14,0.9283,0.1449,32.2,peak
2024-02-15 10:00:00,Manewada,377.5,150.66,226.46,216.81,0.914,0.1766,28.1,peak
2024-02-15 10:00:00,Hingna,379.73,170.62,208.58,232.29,0.9914,0.0446,34.9,peak
2024-02-15 11:00:00,Dharampeth,372.56,172.04,205.6,239.38,0.9137,0.005,33.3,peak
2024-02-15 11:00:00,Sitabuldi,372.87,178.27,221.45,229.74,0.9608,0.1367,36.3,peak
2024-02-15 11:00:00,Gandhibagh,454.65,180.98,293.95,226.87,0.8965,0.0866,34.1,peak
2024-02-15 11:00:00,Lakadganj,339.05,167.09,172.89,224.7,0.9017,0.7799,31.5,peak
2024-02-15 11:00:00,Sadar,414.44,156.82,245.23,221.82,0.943,0.1329,30.6,peak
2024-02-15 11:00:00,Itwari,395.67,172.15,248.57,230.96,0.8932,0.1268,37.4,peak
2024-02-15 11:00:00,Manewada,444.66,149.71,298.09,233.83,0.9112,0.0352,34.2,peak
2024-02-15 11:00:00,Hingna,354.7,200.84,133.24,243.59,0.9504,0.1561,33.9,peak
2024-02-15 12:00:00,Dharampeth,367.25,182.27,200.95,238.11,0.9124,0.051,32.1,peak
2024-02-15 12:00:00,Sitabuldi,342.89,177.32,161.34,232.0,0.9603,0.0603,35.8,peak
2024-02-15 12:00:00,Gandhibagh,331.46,189.06,142.08,240.52,0.8894,0.0473,32.4,peak
2024-02-15 12:00:00,Lakadganj,324.53,168.87,146.5,225.14,0.9329,0.1177,37.9,peak
2024-02-15 12:00:00,Sadar,325.6,178.36,140.19,227.16,1.0,0.1253,32.9,peak
2024-02-15 12:00:00,Itwari,404.93,198.17,208.74,234.94,0.9492,0.0245,36.2,peak
2024-02-15 12:00:00,Manewada,344.55,166.15,178.1,235.31,0.8815,0.0547,33.6,peak
2024-02-15 12:00:00,Hingna,348.86,173.14,176.64,226.78,0.919,0.134,33.3,peak
2024-02-15 13:00:00,Dharampeth,279.17,191.44,83.78,240.19,0.9923,0.1573,35.1,daytime
2024-02-15 13:00:00,Sitabuldi,268.87,157.57,106.54,225.99,0.9296,0.0189,36.7,daytime
2024-02-15 13:00:00,Gandhibagh,312.59,160.81,154.1,225.33,0.9126,0.3859,36.4,daytime
2024-02-15 13:00:00,Lakadganj,322.86,196.46,115.51,234.3,0.8991,0.0185,35.4,daytime
2024-02-15 13:00:00,Sadar,301.79,204.25,88.15,234.76,0.9509,0.0169,32.4,daytime
2024-02-15 13:00:00,Itwari,329.3,169.96,175.56,233.35,0.9012,0.0672,33.0,daytime
2024-02-15 13:00:00,Manewada,316.13,153.99,166.94,229.51,0.8825,0.0856,32.5,daytime
2024-02-15 13:00:00,Hingna,307.93,181.22,117.97,226.15,0.8843,0.0037,32.9,daytime
2024-02-15 14:00:00,Dharampeth,277.5,152.97,127.24,228.34,0.8858,0.0711,31.2,daytime
2024-02-15 14:00:00,Sitabuldi,295.11,142.92,167.77,230.44,0.931,0.0053,36.4,daytime
2024-02-15 14:00:00,Gandhibagh,305.87,126.61,181.65,232.38,0.8919,0.0775,33.0,daytime
2024-02-15 14:00:00,Lakadganj,278.73,155.88,135.15,225.22,0.8836,0.0116,33.3,daytime
2024-02-15 14:00:00,Sadar,316.74,154.82,149.58,236.03,0.8865,0.0337,35.1,daytime
2024-02-15 14:00:00,Itwari,307.95,140.53,165.66,222.96,0.8846,0.1117,34.3,daytime
2024-02-15 14:00:00,Manewada,278.44,187.0,86.53,230.39,0.9499,0.0306,32.5,daytime
2024-02-15 14:00:00,Hingna,244.46,133.25,116.33,223.8,0.9057,0.0179,32.8,daytime
2024-02-15 15:00:00,Dharampeth,288.23,107.63,185.0,230.48,0.9038,0.1415,31.9,daytime
2024-02-15 15:00:00,Sitabuldi,250.09,135.7,116.29,233.48,0.9524,0.0674,33.2,daytime
2024-02-15 15:00:00,Gandhibagh,261.27,122.22,125.35,235.42,0.896,0.1294,37.2,daytime
2024-02-15 15:00:00,Lakadganj,250.74,153.13,103.65,228.19,0.9004,0.1671,31.2,daytime
2024-02-15 15:00:00,Sadar,287.55,127.03,173.38,234.19,0.9262,0.0873,32.3,daytime
2024-02-15 15:00:00,Itwari,282.13,138.13,150.86,222.4,0.8931,0.0969,34.1,daytime
2024-02-15 15:00:00,Manewada,295.31,109.52,188.17,236.22,0.9232,0.0953,33.7,daytime
2024-02-15 15:00:00,Hingna,237.1,104.02,143.01,230.46,0.9705,0.148,31.9,daytime
2024-02-15 16:00:00,Dharampeth,284.05,80.69,199.15,230.94,0.962,0.074,33.2,daytime
2024-02-15 16:00:00,Sitabuldi,257.09,105.1,143.98,228.13,0.9239,0.1262,34.2,daytime
2024-02-15 16:00:00,Gandhibagh,279.15,101.08,184.83,231.24,0.9447,0.0639,30.8,daytime
2024-02-15 16:00:00,Lakadganj,284.0,124.11,159.71,235.02,0.9262,0.1562,36.6,daytime
2024-02-15 16:00:00,Sadar,298.59,128.77,162.91,233.28,0.9102,0.0614,32.0,daytime
2024-02-15 16:00:00,Itwari,285.06,69.11,210.4,226.87,0.9755,0.0582,33.3,daytime
2024-02-15 16:00:00,Manewada,325.77,85.35,233.8,238.61,0.9341,0.1777,31.4,daytime
2024-02-15 16:00:00,Hingna,247.55,111.62,137.11,227.73,0.9764,0.1737,32.5,daytime
2024-02-15 17:00:00,Dharampeth,300.16,33.5,252.91,226.62,0.9244,0.0968,28.3,daytime
2024-02-15 17:00:00,Sitabuldi,256.4,47.06,194.57,226.89,0.9538,0.157,32.9,daytime
2024-02-15 17:00:00,Gandhibagh,308.13,23.05,289.55,238.92,0.9087,0.1602,34.7,daytime
2024-02-15 17:00:00,Lakadganj,276.74,67.48,211.31,233.34,0.9454,0.0724,32.1,daytime
2024-02-15 17:00:00,Sadar,239.66,60.04,200.83,231.86,0.9623,0.1074,32.7,daytime
2024-02-15 17:00:00,Itwari,261.49,65.9,170.48,227.22,0.9356,0.7959,33.5,daytime
2024-02-15 17:00:00,Manewada,316.68,43.33,259.59,230.98,0.9277,0.1447,34.5,daytime
2024-02-15 17:00:00,Hingna,258.97,43.66,220.74,227.45,0.9137,0.475,34.5,daytime
2024-02-15 18:00:00,Dharampeth,318.5,7.33,295.32,231.92,0.894,0.1424,31.7,peak
2024-02-15 18:00:00,Sitabuldi,336.9,4.17,335.12,220.34,0.9296,0.0621,33.5,peak
2024-02-15 18:00:00,Gandhibagh,392.77,3.91,394.16,237.43,0.9198,0.1155,32.6,peak
2024-02-15 18:00:00,Lakadganj,372.7,0,356.42,233.28,0.8932,0.1002,32.9,peak
2024-02-15 18:00:00,Sadar,307.62,26.96,292.91,223.85,0.8987,0.1701,33.4,peak
2024-02-15 18:00:00,Itwari,311.96,0,302.17,232.54,0.9736,0.1145,30.4,peak
2024-02-15 18:00:00,Manewada,344.62,15.67,331.62,228.64,0.9286,0.1223,30.9,peak
2024-02-15 18:00:00,Hingna,388.3,6.56,384.12,218.9,0.9382,0.1391,32.0,peak
2024-02-15 19:00:00,Dharampeth,274.21,0,266.07,231.26,0.9292,0.0997,29.7,peak
2024-02-15 19:00:00,Sitabuldi,333.89,0,329.15,223.6,0.9663,0.3425,32.3,peak
2024-02-15 19:00:00,Gandhibagh,289.5,0,288.33,234.18,0.9216,0.0806,32.4,peak
2024-02-15 19:00:00,Lakadganj,404.61,0,391.99,226.06,0.9426,0.1141,34.6,peak
2024-02-15 19:00:00,Sadar,302.88,0,308.63,226.8,0.9265,0.0635,36.3,peak
2024-02-15 19:00:00,Itwari,258.27,0,256.24,225.81,0.8442,0.1558,30.2,peak
2024-02-15 19:00:00,Manewada,314.11,0,319.76,232.82,0.9092,0.1126,34.5,peak
2024-02-15 19:00:00,Hingna,226.96,0,242.16,231.12,0.8894,0.1319,32.6,peak
2024-02-15 20:00:00,Dharampeth,293.87,0,292.31,236.99,0.867,0.0431,30.8,peak
2024-02-15 20:00:00,Sitabuldi,363.48,0,367.88,235.46,0.9465,0.1076,33.7,peak
2024-02-15 20:00:00,Gandhibagh,275.26,0,267.73,228.31,0.9179,0.1634,33.0,peak
2024-02-15 20:00:00,Lakadganj,350.21,0,360.0,232.7,0.8947,0.0841,32.0,peak
2024-02-15 20:00:00,Sadar,305.52,0,293.3,214.94,0.9898,0.0209,34.4,peak
2024-02-15 20:00:00,Itwari,276.62,0,278.43,231.43,0.9409,0.0602,34.0,peak
2024-02-15 20:00:00,Manewada,314.48,0,324.88,232.74,0.9435,0.006,30.6,peak
2024-02-15 20:00:00,Hingna,273.63,0,273.67,229.66,0.9345,0.0026,30.5,peak
2024-02-15 21:00:00,Dharampeth,258.58,0,270.14,235.47,0.8833,0.1795,34.5,peak
2024-02-15 21:00:00,Sitabuldi,278.37,0,278.8,235.75,0.938,0.0243,31.3,peak
2024-02-15 21:00:00,Gandhibagh,309.59,0,313.72,221.7,0.9224,0.5885,30.3,peak
2024-02-15 21:00:00,Lakadganj,342.91,0,338.88,231.61,0.9206,0.1355,34.3,peak
2024-02-15 21:00:00,Sadar,261.32,0,267.23,231.41,0.8729,0.0208,33.9,peak
2024-02-15 21:00:00,Itwari,272.46,0,254.9,223.92,0.8845,0.1358,32.6,peak
2024-02-15 21:00:00,Manewada,297.46,0,304.6,235.0,0.9199,0.0237,31.5,peak
2024-02-15 21:00:00,Hingna,297.79,0,288.11,230.43,0.8803,0.0599,33.8,peak
2024-02-15 22:00:00,Dharampeth,281.6,0,280.55,224.96,0.9104,0.1104,33.0,peak
2024-02-15 22:00:00,Sitabuldi,272.69,0,265.31,230.02,0.8876,0.1449,36.1,peak
2024-02-15 22:00:00,Gandhibagh,357.99,0,332.35,225.85,0.9005,0.018,33.4,peak
2024-02-15 22:00:00,Lakadganj,289.23,0,276.3,236.83,0.9752,0.1273,34.3,peak
2024-02-15 22:00:00,Sadar,342.52,0,349.21,226.78,0.9121,0.0797,37.5,peak
2024-02-15 22:00:00,Itwari,353.12,0,338.48,232.7,0.9035,0.0416,33.3,peak
2024-02-15 22:00:00,Manewada,339.73,0,363.15,234.08,0.9322,0.146,30.6,peak
2024-02-15 22:00:00,Hingna,331.35,0,333.65,233.23,0.8802,0.0348,33.6,peak
2024-02-15 23:00:00,Dharampeth,223.5,0,221.1,227.85,0.9197,0.0747,33.0,night
2024-02-15 23:00:00,Sitabuldi,189.72,0,206.49,236.2,0.9581,0.0894,36.3,night
2024-02-15 23:00:00,Gandhibagh,270.31,0,272.41,235.56,0.945,0.0563,33.6,night
2024-02-15 23:00:00,Lakadganj,223.23,0,229.21,222.5,0.915,0.055,37.2,night
2024-02-15 23:00:00,Sadar,238.97,0,244.18,230.69,0.9174,0.6941,33.7,night
2024-02-15 23:00:00,Itwari,237.32,0,240.56,230.11,0.9877,0.0182,33.2,night
2024-02-15 23:00:00,Manewada,290.55,0,282.68,224.07,0.8588,0.0468,34.3,night
2024-02-15 23:00:00,Hingna,257.77,0,236.24,225.31,0.9576,0.0179,37.7,night
2024-02-16 00:00:00,Dharampeth,219.83,0,203.66,223.12,0.862,0.0624,37.1,night
2024-02-16 00:00:00,Sitabuldi,200.6,0,187.28,234.53,0.9372,0.0321,33.4,night
2024-02-16 00:00:00,Gandhibagh,258.61,0,259.73,227.66,0.8885,0.1368,33.1,night
2024-02-16 00:00:00,Lakadganj,304.24,0,306.19,233.62,0.922,0.1071,35.9,night
2024-02-16 00:00:00,Sadar,245.58,0,252.38,232.72,0.8736,0.1152,34.9,night
2024-02-16 00:00:00,Itwari,272.59,0,278.89,233.31,0.9077,0.129,36.8,night
2024-02-16 00:00:00,Manewada,243.49,0,243.12,233.92,0.9363,0.117,30.0,night
2024-02-16 00:00:00,Hingna,226.16,0,210.22,224.27,0.868,0.0876,33.4,night
2024-02-16 01:00:00,Dharampeth,247.01,0,250.34,241.67,0.9364,0.065,30.9,night
2024-02-16 01:00:00,Sitabuldi,228.38,0,226.7,231.85,0.9323,0.1439,33.0,night
2024-02-16 01:00:00,Gandhibagh,203.44,0,204.5,222.31,0.9549,0.096,31.3,night
2024-02-16 01:00:00,Lakadganj,279.94,0,271.18,229.9,0.9342,0.1776,35.7,night
2024-02-16 01:00:00,Sadar,233.2,0,249.39,231.14,0.9497,0.0832,32.7,night
2024-02-16 01:00:00,Itwari,239.63,0,222.86,229.33,0.9498,0.0228,34.9,night
2024-02-16 01:00:00,Manewada,246.03,0,260.08,229.07,0.8988,0.1688,33.0,night
2024-02-16 01:00:00,Hingna,232.33,0,224.96,222.34,0.9401,0.0538,31.9,night
2024-02-16 02:00:00,Dharampeth,199.87,0,184.52,234.54,0.8994,0.0935,35.2,night
2024-02-16 02:00:00,Sitabuldi,184.37,0,201.67,233.47,0.9122,0.0666,32.1,night
2024-02-16 02:00:00,Gandhibagh,288.93,0,269.65,233.79,0.8968,0.0301,35.3,night
2024-02-16 02:00:00,Lakadganj,248.24,0,252.79,224.05,0.932,0.0118,31.6,night
2024-02-16 02:00:00,Sadar,275.24,0,283.08,232.6,0.9193,0.0217,33.7,night
2024-02-16 02:00:00,Itwari,303.19,0,289.83,237.05,0.9197,0.0445,33.0,night
2024-02-16 02:00:00,Manewada,272.17,0,271.88,231.18,0.9662,0.0585,34.1,night
2024-02-16 02:00:00,Hingna,230.42,0,213.05,226.75,0.9033,0.1433,35.6,night
2024-02-16 03:00:00,Dharampeth,210.19,0,218.94,235.55,0.8991,0.1711,31.3,night
2024-02-16 03:00:00,Sitabuldi,269.02,0,258.08,231.06,0.9642,0.1048,32.8,night
2024-02-16 03:00:00,Gandhibagh,234.94,0,230.89,229.78,0.9121,0.127,35.9,night
2024-02-16 03:00:00,Lakadganj,222.45,0,209.71,227.64,0.9267,0.1024,31.1,night
2024-02-16 03:00:00,Sadar,285.19,0,273.32,226.61,0.9395,0.0773,36.5,night
2024-02-16 03:00:00,Itwari,246.87,0,258.11,221.74,0.8862,0.03,33.5,night
2024-02-16 03:00:00,Manewada,233.03,0,215.77,233.03,0.9244,0.1346,31.3,night
2024-02-16 03:00:00,Hingna,276.19,0,284.44,230.99,0.9773,0.0087,33.7,night
2024-02-16 04:00:00,Dharampeth,198.25,0,208.8,233.79,0.927,0.1702,32.6,night
2024-02-16 04:00:00,Sitabuldi,251.12,0,244.92,231.76,0.9608,0.0069,33.2,night
2024-02-16 04:00:00,Gandhibagh,198.81,0,190.45,231.4,0.9403,0.1284,34.6,night
2024-02-16 04:00:00,Lakadganj,237.56,0,244.46,219.7,0.9042,0.1172,33.1,night
2024-02-16 04:00:00,Sadar,214.79,0,213.21,225.8,0.9461,0.1148,31.4,night
2024-02-16 04:00:00,Itwari,220.61,0,218.08,236.87,0.9549,0.0285,34.5,night
2024-02-16 04:00:00,Manewada,253.48,0,254.87,226.31,0.9337,0.0385,32.6,night
2024-02-16 04:00:00,Hingna,240.85,0,243.18,222.89,0.9155,0.1745,33.1,night
2024-02-16 05:00:00,Dharampeth,236.36,0,261.72,228.09,0.9669,0.1387,36.0,night
2024-02-16 05:00:00,Sitabuldi,221.87,0,227.09,223.63,0.9103,0.145,35.7,night
2024-02-16 05:00:00,Gandhibagh,220.47,0,219.61,232.75,0.8793,0.0518,32.8,night
2024-02-16 05:00:00,Lakadganj,228.07,0,216.21,231.6,0.9738,0.0521,33.8,night
2024-02-16 05:00:00,Sadar,207.34,0,209.49,237.74,0.983,0.1047,32.9,night
2024-02-16 05:00:00,Itwari,231.78,0,228.64,230.23,0.9347,0.0983,29.9,night
2024-02-16 05:00:00,Manewada,229.68,0,248.12,227.08,0.9061,0.0853,29.3,night
2024-02-16 05:00:00,Hingna,241.25,0,224.95,223.11,0.9023,0.1678,32.7,night
2024-02-16 06:00:00,Dharampeth,308.46,11.15,306.44,231.17,0.9393,0.1792,34.1,daytime
2024-02-16 06:00:00,Sitabuldi,290.9,10.48,269.08,225.38,0.919,0.0557,34.1,daytime
2024-02-16 06:00:00,Gandhibagh,262.49,0,268.78,230.08,0.8367,0.1649,36.8,daytime
2024-02-16 06:00:00,Lakadganj,320.6,0,339.98,224.48,0.8962,0.0059,31.8,daytime
2024-02-16 06:00:00,Sadar,313.21,0,320.79,230.07,0.915,0.0927,29.7,daytime
2024-02-16 06:00:00,Itwari,237.43,0,253.7,234.45,0.9557,0.053,33.2,daytime
2024-02-16 06:00:00,Manewada,260.57,2.48,260.46,230.66,0.8982,0.0105,37.0,daytime
2024-02-16 06:00:00,Hingna,274.38,18.63,242.35,233.78,0.9187,0.0386,34.8,daytime
2024-02-16 07:00:00,Dharampeth,275.33,40.61,230.12,230.2,0.8669,0.0654,33.2,daytime
2024-02-16 07:00:00,Sitabuldi,309.68,63.85,232.39,237.92,0.9238,0.0667,33.3,daytime
2024-02-16 07:00:00,Gandhibagh,253.99,48.52,206.97,232.07,0.8719,0.0077,28.7,daytime
2024-02-16 07:00:00,Lakadganj,330.4,62.02,265.69,222.4,0.9149,0.1343,34.3,daytime
2024-02-16 07:00:00,Sadar,283.72,67.27,219.54,230.71,0.9152,0.147,33.6,daytime
2024-02-16 07:00:00,Itwari,238.65,59.96,183.11,224.86,0.9356,0.1733,33.2,daytime
2024-02-16 07:00:00,Manewada,265.16,57.62,200.4,235.26,0.8748,0.0287,35.8,daytime
2024-02-16 07:00:00,Hingna,292.41,22.23,282.68,230.2,0.9302,0.0502,38.9,daytime
2024-02-16 08:00:00,Dharampeth,268.99,83.17,197.92,223.65,0.8906,0.0898,35.2,daytime
2024-02-16 08:00:00,Sitabuldi,288.43,97.0,207.07,217.55,0.9149,0.1389,33.7,daytime
2024-02-16 08:00:00,Gandhibagh,279.79,92.66,179.55,231.13,0.897,0.0473,32.2,daytime
2024-02-16 08:00:00,Lakadganj,298.41,87.7,220.18,234.72,0.9154,0.1427,35.8,daytime
2024-02-16 08:00:00,Sadar,244.84,89.51,156.77,226.14,0.8786,0.0761,33.0,daytime
2024-02-16 08:00:00,Itwari,298.37,66.07,220.65,228.8,0.8659,0.1068,34.5,daytime
2024-02-16 08:00:00,Manewada,251.26,111.85,140.95,224.94,0.9663,0.1377,31.0,daytime
2024-02-16 08:00:00,Hingna,263.45,72.93,178.97,234.86,0.8992,0.1515,31.2,daytime
2024-02-16 09:00:00,Dharampeth,372.29,121.5,246.53,238.86,0.8654,0.0624,33.8,peak
2024-02-16 09:00:00,Sitabuldi,358.08,110.59,252.75,228.7,0.9398,0.125,34.6,peak
2024-02-16 09:00:00,Gandhibagh,340.25,99.44,230.23,225.93,0.9084,0.0134,32.6,peak
2024-02-16 09:00:00,Lakadganj,361.99,135.73,225.73,235.0,0.8331,0.0241,35.2,peak
2024-02-16 09:00:00,Sadar,397.23,113.9,268.97,229.17,0.8897,0.0444,32.6,peak
2024-02-16 09:00:00,Itwari,359.15,128.75,237.31,228.25,0.9154,0.1249,32.0,peak
2024-02-16 09:00:00,Manewada,385.06,126.84,250.54,228.62,0.9467,0.007,32.8,peak
2024-02-16 09:00:00,Hingna,386.87,97.51,302.48,224.52,0.9407,0.1029,33.8,peak
2024-02-16 10:00:00,Dharampeth,342.3,151.26,173.04,232.11,0.9054,0.028,32.9,peak
2024-02-16 10:00:00,Sitabuldi,333.54,174.44,142.02,234.72,0.9673,0.1464,37.9,peak
2024-02-16 10:00:00,Gandhibagh,403.68,146.53,264.82,232.3,0.9413,0.1681,33.2,peak
2024-02-16 10:00:00,Lakadganj,423.37,173.92,245.38,230.19,0.8796,0.0068,34.4,peak
2024-02-16 10:00:00,Sadar,391.77,157.56,237.21,232.11,0.9389,0.0881,33.8,peak
2024-02-16 10:00:00,Itwari,293.87,154.21,137.63,232.67,0.8575,0.0515,35.4,peak
2024-02-16 10:00:00,Manewada,350.63,158.24,213.34,234.9,0.8923,0.0047,35.8,peak
2024-02-16 10:00:00,Hingna,353.88,156.27,186.95,233.68,0.8979,0.0799,33.2,peak
2024-02-16 11:00:00,Dharampeth,401.42,173.38,232.5,225.85,0.9285,0.0153,31.0,peak
2024-02-16 11:00:00,Sitabuldi,345.2,156.35,192.9,235.89,0.9111,0.0453,35.2,peak
2024-02-16 11:00:00,Gandhibagh,393.98,163.12,240.17,229.06,0.9945,0.0808,33.7,peak
2024-02-16 11:00:00,Lakadganj,367.36,188.89,160.57,232.59,0.9217,0.0281,32.9,peak
2024-02-16 11:00:00,Sadar,415.91,172.28,245.89,226.51,0.9498,0.17,35.5,peak
2024-02-16 11:00:00,Itwari,350.22,170.5,179.91,233.82,0.9361,0.1661,34.6,peak
2024-02-16 11:00:00,Manewada,347.31,158.74,203.01,232.82,0.9366,0.0294,33.4,peak
2024-02-16 11:00:00,Hingna,402.15,194.29,223.8,227.1,0.8723,0.1197,37.2,peak
2024-02-16 12:00:00,Dharampeth,428.92,162.64,274.01,227.36,0.906,0.1123,30.8,peak
2024-02-16 12:00:00,Sitabuldi,341.21,200.69,152.91,227.33,0.9175,0.0953,34.7,peak
2024-02-16 12:00:00,Gandhibagh,368.82,185.47,183.79,229.2,0.8593,0.0676,33.7,peak
2024-02-16 12:00:00,Lakadganj,339.77,197.14,152.9,230.13,0.9241,0.0266,32.8,peak
2024-02-16 12:00:00,Sadar,340.19,175.28,170.67,241.36,0.8639,0.0731,31.2,peak
2024-02-16 12:00:00,Itwari,372.44,175.14,199.36,232.44,0.9503,0.0461,34.1,peak
2024-02-16 12:00:00,Manewada,310.57,186.45,123.43,237.54,1.0,0.1569,34.2,peak
2024-02-16 12:00:00,Hingna,351.8,163.17,190.62,229.42,0.8777,0.0716,27.8,peak
2024-02-16 13:00:00,Dharampeth,255.01,184.08,85.69,231.8,0.9795,0.1063,33.7,daytime
2024-02-16 13:00:00,Sitabuldi,285.33,162.56,102.94,230.38,0.8884,0.0083,32.5,daytime
2024-02-16 13:00:00,Gandhibagh,322.71,194.28,132.47,235.07,0.9089,0.0505,35.0,daytime
2024-02-16 13:00:00,Lakadganj,297.33,182.62,115.21,224.95,0.8665,0.1045,32.1,daytime
2024-02-16 13:00:00,Sadar,252.12,174.08,62.89,227.07,0.9361,0.1782,32.3,daytime
2024-02-16 13:00:00,Itwari,255.92,165.82,77.29,231.51,0.9448,0.1611,36.3,daytime
2024-02-16 13:00:00,Manewada,361.25,162.67,183.76,223.78,0.9524,0.1725,31.8,daytime
2024-02-16 13:00:00,Hingna,258.8,165.77,81.25,237.51,0.8436,0.1237,35.9,daytime
2024-02-16 14:00:00,Dharampeth,277.55,153.28,124.03,242.21,0.9129,0.115,33.8,daytime
2024-02-16 14:00:00,Sitabuldi,320.85,187.61,127.94,224.21,0.8705,0.1145,34.8,daytime
2024-02-16 14:00:00,Gandhibagh,280.16,186.98,78.15,228.24,0.9132,0.0962,33.9,daytime
2024-02-16 14:00:00,Lakadganj,296.6,165.95,143.68,241.96,0.9197,0.087,36.0,daytime
2024-02-16 14:00:00,Sadar,316.41,125.04,186.79,229.39,0.9293,0.0252,33.3,daytime
2024-02-16 14:00:00,Itwari,255.15,158.65,106.85,234.0,0.9052,0.1287,34.9,daytime
2024-02-16 14:00:00,Manewada,274.9,142.72,145.08,236.34,0.9194,0.0291,35.6,daytime
2024-02-16 14:00:00,Hingna,252.36,159.56,90.68,221.27,0.9174,0.1382,34.1,daytime
2024-02-16 15:00:00,Dharampeth,280.71,123.75,155.91,231.39,0.8855,0.1069,38.1,daytime
2024-02-16 15:00:00,Sitabuldi,253.96,121.36,126.05,226.18,0.9145,0.1419,34.4,daytime
2024-02-16 15:00:00,Gandhibagh,235.54,129.67,90.2,236.05,0.9207,0.1274,31.5,daytime
2024-02-16 15:00:00,Lakadganj,274.11,138.07,117.82,230.72,0.8899,0.1165,34.5,daytime
2024-02-16 15:00:00,Sadar,222.94,125.79,97.15,226.58,0.9092,0.1247,32.9,daytime
2024-02-16 15:00:00,Itwari,314.6,151.57,153.45,222.56,0.9157,0.1107,35.2,daytime
2024-02-16 15:00:00,Manewada,269.27,138.5,123.69,235.79,0.9249,0.0737,33.1,daytime
2024-02-16 15:00:00,Hingna,204.53,125.63,82.56,229.69,0.9181,0.0104,36.4,daytime
2024-02-16 16:00:00,Dharampeth,268.97,84.36,190.63,225.82,0.9405,0.0988,34.5,daytime
2024-02-16 16:00:00,Sitabuldi,318.6,66.77,248.62,231.75,0.8871,0.1688,32.5,daytime
2024-02-16 16:00:00,Gandhibagh,294.78,77.15,210.17,237.76,0.9174,0.1434,34.8,daytime
2024-02-16 16:00:00,Lakadganj,263.64,93.49,170.43,220.36,0.9567,0.1175,34.9,daytime
2024-02-16 16:00:00,Sadar,255.33,99.86,157.16,234.63,0.9425,0.0375,36.7,daytime
2024-02-16 16:00:00,Itwari,283.93,112.61,170.12,229.61,0.9321,0.1376,33.4,daytime
2024-02-16 16:00:00,Manewada,246.17,82.69,152.53,233.57,0.9359,0.1443,31.9,daytime
2024-02-16 16:00:00,Hingna,276.45,81.49,209.95,237.38,0.905,0.1711,31.3,daytime
2024-02-16 17:00:00,Dharampeth,270.12,18.23,258.96,228.73,0.9071,0.0137,34.8,daytime
2024-02-16 17:00:00,Sitabuldi,281.38,48.2,243.71,226.68,0.906,0.0225,35.1,daytime
2024-02-16 17:00:00,Gandhibagh,284.14,33.53,238.94,219.73,0.8992,0.0781,34.8,daytime
2024-02-16 17:00:00,Lakadganj,291.48,19.37,275.82,231.89,0.9374,0.0717,31.6,daytime
2024-02-16 17:00:00,Sadar,258.82,51.73,207.52,230.97,0.9148,0.1762,31.1,daytime
2024-02-16 17:00:00,Itwari,242.82,42.14,209.65,226.26,0.9153,0.1639,36.4,daytime
2024-02-16 17:00:00,Manewada,316.13,47.61,270.97,238.17,0.8727,0.0443,36.8,daytime
2024-02-16 17:00:00,Hingna,284.89,17.44,258.9,228.14,0.9027,0.1131,35.8,daytime
2024-02-16 18:00:00,Dharampeth,342.3,2.6,331.37,221.58,0.8948,0.12,35.4,peak
2024-02-16 18:00:00,Sitabuldi,411.16,0,406.88,238.18,0.9009,0.0565,34.5,peak
2024-02-16 18:00:00,Gandhibagh,393.51,0,389.62,225.78,0.8945,0.0803,33.4,peak
2024-02-16 18:00:00,Lakadganj,253.61,3.68,262.4,224.06,0.8982,0.165,35.0,peak
2024-02-16 18:00:00,Sadar,333.37,20.02,316.48,231.24,0.9427,0.0282,35.4,peak
2024-02-16 18:00:00,Itwari,340.85,24.7,318.8,218.19,0.9347,0.1722,30.9,peak
2024-02-16 18:00:00,Manewada,389.99,2.92,384.23,238.73,0.9209,0.0522,31.4,peak
2024-02-16 18:00:00,Hingna,282.34,2.41,267.72,232.98,0.8767,0.1539,30.9,peak
2024-02-16 19:00:00,Dharampeth,324.22,0,326.74,221.28,0.9874,0.1143,35.0,peak
2024-02-16 19:00:00,Sitabuldi,338.74,0,371.36,235.83,0.9642,0.027,34.9,peak
2024-02-16 19:00:00,Gandhibagh,343.9,0,357.95,230.97,0.8838,0.178,35.4,peak
2024-02-16 19:00:00,Lakadganj,360.29,0,357.54,239.41,0.9276,0.1571,36.0,peak
2024-02-16 19:00:00,Sadar,264.29,0,254.35,229.8,0.9523,0.1594,35.2,peak
2024-02-16 19:00:00,Itwari,359.05,0,352.73,220.34,0.9271,0.132,37.4,peak
2024-02-16 19:00:00,Manewada,298.52,0,268.31,222.25,0.9173,0.1632,33.9,peak
2024-02-16 19:00:00,Hingna,332.08,0,315.13,235.24,0.8883,0.1586,31.2,peak
2024-02-16 20:00:00,Dharampeth,270.42,0,267.98,235.33,0.8767,0.1214,32.2,peak
2024-02-16 20:00:00,Sitabuldi,241.85,0,237.26,233.47,0.8856,0.0365,32.7,peak
2024-02-16 20:00:00,Gandhibagh,325.49,0,293.32,222.61,0.9148,0.0945,35.9,peak
2024-02-16 20:00:00,Lakadganj,330.87,0,343.59,231.31,0.9531,0.1292,30.0,peak
2024-02-16 20:00:00,Sadar,304.94,0,299.75,238.01,0.9005,0.0666,32.6,peak
2024-02-16 20:00:00,Itwari,325.48,0,317.97,229.86,0.922,0.1214,32.1,peak
2024-02-16 20:00:00,Manewada,315.33,0,315.3,231.71,0.9213,0.0326,35.7,peak
2024-02-16 20:00:00,Hingna,322.46,0,332.24,234.19,0.9523,0.1394,33.0,peak
2024-02-16 21:00:00,Dharampeth,292.72,0,289.86,232.54,0.911,0.0392,35.1,peak
2024-02-16 21:00:00,Sitabuldi,390.6,0,386.03,228.87,0.8146,0.0736,34.5,peak
2024-02-16 21:00:00,Gandhibagh,312.39,0,298.11,226.73,0.9063,0.0255,34.3,peak
2024-02-16 21:00:00,Lakadganj,385.17,0,385.07,224.51,0.9062,0.5016,38.3,peak
2024-02-16 21:00:00,Sadar,409.17,0,415.7,231.71,0.9221,0.1181,32.8,peak
2024-02-16 21:00:00,Itwari,303.05,0,314.12,231.18,0.8917,0.057,31.9,peak
2024-02-16 21:00:00,Manewada,329.46,0,336.89,223.78,0.8351,0.0878,33.5,peak
2024-02-16 21:00:00,Hingna,331.62,0,316.65,226.82,0.9644,0.0749,36.9,peak
2024-02-16 22:00:00,Dharampeth,270.74,0,265.98,229.31,0.9183,0.1661,33.9,peak
2024-02-16 22:00:00,Sitabuldi,283.13,0,283.23,234.2,0.8973,0.1403,31.0,peak
2024-02-16 22:00:00,Gandhibagh,388.91,0,390.07,230.18,0.9481,0.0411,34.1,peak
2024-02-16 22:00:00,Lakadganj,357.54,0,357.93,218.27,0.9116,0.1659,34.3,peak
2024-02-16 22:00:00,Sadar,323.04,0,326.35,229.98,0.9509,0.0627,37.5,peak
2024-02-16 22:00:00,Itwari,332.67,0,339.04,230.75,0.9191,0.0781,36.1,peak
2024-02-16 22:00:00,Manewada,410.87,0,408.93,226.79,0.9599,0.0778,35.5,peak
2024-02-16 22:00:00,Hingna,336.84,0,311.1,228.49,0.9614,0.0737,35.5,peak
2024-02-16 23:00:00,Dharampeth,276.69,0,266.5,229.68,0.9484,0.1654,32.4,night
2024-02-16 23:00:00,Sitabuldi,165.3,0,167.12,241.19,0.896,0.1058,36.7,night
2024-02-16 23:00:00,Gandhibagh,273.86,0,271.87,219.97,0.9173,0.1183,36.4,night
2024-02-16 23:00:00,Lakadganj,266.53,0,265.16,229.26,0.884,0.0448,32.1,night
2024-02-16 23:00:00,Sadar,230.03,0,225.64,225.32,0.9513,0.4797,35.5,night
2024-02-16 23:00:00,Itwari,275.24,0,308.38,235.39,0.9946,0.0095,35.3,night
2024-02-16 23:00:00,Manewada,200.3,0,200.7,230.06,0.9319,0.0786,33.5,night
2024-02-16 23:00:00,Hingna,300.96,0,305.79,226.52,0.9235,0.0023,33.9,night
2024-02-17 00:00:00,Dharampeth,281.03,0,283.96,233.83,0.9528,0.0319,32.8,night
2024-02-17 00:00:00,Sitabuldi,266.25,0,272.18,238.12,0.9024,0.0217,32.5,night
2024-02-17 00:00:00,Gandhibagh,196.27,0,195.21,231.22,0.9613,0.1358,33.8,night
2024-02-17 00:00:00,Lakadganj,278.28,0,278.39,227.56,0.9032,0.1759,34.2,night
2024-02-17 00:00:00,Sadar,246.28,0,257.35,243.2,0.9007,0.0183,34.5,night
2024-02-17 00:00:00,Itwari,221.73,0,212.93,223.91,0.9355,0.1628,32.7,night
2024-02-17 00:00:00,Manewada,233.48,0,239.33,233.37,0.9567,0.032,32.6,night
2024-02-17 00:00:00,Hingna,263.88,0,267.58,237.34,0.8709,0.7979,37.0,night
2024-02-17 01:00:00,Dharampeth,276.7,0,278.82,222.13,0.9771,0.045,33.3,night
2024-02-17 01:00:00,Sitabuldi,305.34,0,323.04,231.27,0.9337,0.0869,34.0,night
2024-02-17 01:00:00,Gandhibagh,271.6,0,297.46,230.19,0.9262,0.0314,34.9,night
2024-02-17 01:00:00,Lakadganj,288.64,0,287.04,219.67,0.8707,0.1587,31.4,night
2024-02-17 01:00:00,Sadar,268.85,0,268.2,232.6,0.9064,0.0361,34.1,night
2024-02-17 01:00:00,Itwari,267.47,0,264.28,232.51,0.9331,0.073,34.4,night
2024-02-17 01:00:00,Manewada,209.93,0,200.69,224.63,0.8841,0.0687,32.5,night
2024-02-17 01:00:00,Hingna,189.96,0,166.81,232.29,0.8955,0.1737,33.2,night
2024-02-17 02:00:00,Dharampeth,233.86,0,239.8,224.83,0.9482,0.0166,36.1,night
2024-02-17 02:00:00,Sitabuldi,230.95,0,243.75,233.52,0.9292,0.1096,34.8,night
2024-02-17 02:00:00,Gandhibagh,201.2,0,205.54,231.32,0.9167,0.1739,36.5,night
2024-02-17 02:00:00,Lakadganj,242.45,0,241.49,226.29,0.9444,0.147,34.6,night
2024-02-17 02:00:00,Sadar,254.32,0,250.28,231.04,0.9249,0.0745,35.9,night
2024-02-17 02:00:00,Itwari,203.85,0,219.26,230.28,0.9188,0.0843,33.8,night
2024-02-17 02:00:00,Manewada,214.67,0,242.69,228.9,0.9065,0.0016,31.6,night
2024-02-17 02:00:00,Hingna,231.5,0,241.82,231.8,0.9297,0.1507,34.6,night
2024-02-17 03:00:00,Dharampeth,184.94,0,183.62,231.07,0.9345,0.0358,36.1,night
2024-02-17 03:00:00,Sitabuldi,263.47,0,253.75,232.3,0.9033,0.1698,33.1,night
2024-02-17 03:00:00,Gandhibagh,179.33,0,188.91,233.3,0.8808,0.1156,34.3,night
2024-02-17 03:00:00,Lakadganj,234.04,0,225.29,230.97,0.9467,0.0251,35.1,night
2024-02-17 03:00:00,Sadar,238.78,0,254.46,227.28,0.9051,0.1103,37.4,night
2024-02-17 03:00:00,Itwari,242.76,0,249.38,225.46,0.9562,0.0729,31.4,night
2024-02-17 03:00:00,Manewada,260.85,0,281.33,223.62,0.9225,0.0543,34.5,night
2024-02-17 03:00:00,Hingna,237.93,0,235.04,229.81,0.8797,0.0848,29.7,night
2024-02-17 04:00:00,Dharampeth,226.26,0,236.13,229.74,0.918,0.1034,35.4,night
2024-02-17 04:00:00,Sitabuldi,245.19,0,224.99,229.36,0.9018,0.1064,36.3,night
2024-02-17 04:00:00,Gandhibagh,269.07,0,274.57,228.89,0.8942,0.0414,32.8,night
2024-02-17 04:00:00,Lakadganj,239.13,0,238.0,238.75,1.0,0.0795,31.2,night
2024-02-17 04:00:00,Sadar,350.81,0,354.98,225.8,0.8748,0.0236,36.6,night
2024-02-17 04:00:00,Itwari,242.5,0,238.49,238.14,0.918,0.023,31.3,night
2024-02-17 04:00:00,Manewada,188.71,0,174.52,236.24,0.9381,0.1041,34.7,night
2024-02-17 04:00:00,Hingna,238.89,0,236.44,226.04,0.934,0.0004,35.2,night
2024-02-17 05:00:00,Dharampeth,246.27,0,237.72,226.91,0.9233,0.0578,31.7,night
2024-02-17 05:00:00,Sitabuldi,246.07,0,250.36,224.56,0.9104,0.0548,34.3,night
2024-02-17 05:00:00,Gandhibagh,204.95,0,203.65,226.13,0.9046,0.0379,32.0,night
2024-02-17 05:00:00,Lakadganj,225.91,0,224.04,225.52,0.9572,0.0163,36.5,night
2024-02-17 05:00:00,Sadar,153.03,0,161.42,230.02,0.9008,0.0341,35.7,night
2024-02-17 05:00:00,Itwari,264.79,0,274.8,220.34,0.943,0.03,32.7,night
2024-02-17 05:00:00,Manewada,270.26,0,259.15,235.78,0.8954,0.1544,31.8,night
2024-02-17 05:00:00,Hingna,203.13,0,208.9,237.34,0.928,0.1095,35.5,night
2024-02-17 06:00:00,Dharampeth,261.13,0,261.58,226.37,0.9312,0.1208,36.4,daytime
2024-02-17 06:00:00,Sitabuldi,292.65,29.9,258.77,225.54,0.9912,0.0498,35.9,daytime
2024-02-17 06:00:00,Gandhibagh,311.41,18.77,300.64,229.36,0.9193,0.0086,35.0,daytime
2024-02-17 06:00:00,Lakadganj,309.21,14.71,282.37,228.06,0.8941,0.0516,35.2,daytime
2024-02-17 06:00:00,Sadar,284.89,0,287.17,225.54,0.9152,0.0794,32.3,daytime
2024-02-17 06:00:00,Itwari,263.96,0,263.67,222.44,0.8863,0.1628,32.4,daytime
2024-02-17 06:00:00,Manewada,330.12,0.62,310.88,226.18,0.9312,0.1108,36.1,daytime
2024-02-17 06:00:00,Hingna,283.62,0,287.44,222.68,0.9072,0.0173,37.4,daytime
2024-02-17 07:00:00,Dharampeth,230.68,30.92,200.54,236.66,0.877,0.1591,36.1,daytime
2024-02-17 07:00:00,Sitabuldi,303.98,56.65,250.7,230.9,0.9319,0.1717,30.7,daytime
2024-02-17 07:00:00,Gandhibagh,312.71,45.2,271.68,238.46,0.9247,0.1749,32.6,daytime
2024-02-17 07:00:00,Lakadganj,298.63,54.23,248.64,235.33,0.9089,0.0859,34.4,daytime
2024-02-17 07:00:00,Sadar,218.1,37.61,185.61,236.64,0.9093,0.0882,33.9,daytime
2024-02-17 07:00:00,Itwari,279.45,49.52,233.84,230.42,0.9181,0.1736,31.5,daytime
2024-02-17 07:00:00,Manewada,333.9,39.84,284.99,232.91,0.9051,0.1643,33.6,daytime
2024-02-17 07:00:00,Hingna,298.89,51.23,239.07,236.62,0.9121,0.0819,36.3,daytime
2024-02-17 08:00:00,Dharampeth,276.27,77.68,202.67,229.16,0.9687,0.1753,29.8,daytime
2024-02-17 08:00:00,Sitabuldi,289.71,106.2,187.84,225.96,0.9377,0.0204,32.4,daytime
2024-02-17 08:00:00,Gandhibagh,295.04,95.2,198.28,227.67,0.9461,0.7889,37.6,daytime
2024-02-17 08:00:00,Lakadganj,310.66,94.82,202.38,227.57,0.8904,0.1654,34.0,daytime
2024-02-17 08:00:00,Sadar,379.13,111.66,260.92,229.42,0.8558,0.0966,33.7,daytime
2024-02-17 08:00:00,Itwari,255.87,110.73,151.95,231.79,0.9223,0.1023,32.4,daytime
2024-02-17 08:00:00,Manewada,359.82,91.97,248.58,240.05,0.9561,0.0433,35.4,daytime
2024-02-17 08:00:00,Hingna,259.28,108.39,150.65,229.61,0.9096,0.0461,31.6,daytime
2024-02-17 09:00:00,Dharampeth,322.81,102.36,212.41,228.42,0.8701,0.0148,33.6,peak
2024-02-17 09:00:00,Sitabuldi,312.68,132.81,187.72,230.37,0.9405,0.1296,31.5,peak
2024-02-17 09:00:00,Gandhibagh,337.94,114.95,219.19,223.22,0.9134,0.0697,34.6,peak
2024-02-17 09:00:00,Lakadganj,379.22,150.43,237.22,231.99,0.9195,0.1766,33.3,peak
2024-02-17 09:00:00,Sadar,319.3,121.44,191.8,239.46,0.9587,0.0512,35.9,peak
2024-02-17 09:00:00,Itwari,378.23,123.36,246.6,235.85,0.9454,0.1686,32.7,peak
2024-02-17 09:00:00,Manewada,373.91,105.87,265.47,228.31,0.9063,0.1123,33.4,peak
2024-02-17 09:00:00,Hingna,324.83,107.92,209.7,238.6,0.9366,0.1649,35.4,peak
2024-02-17 10:00:00,Dharampeth,359.21,164.42,186.29,230.56,0.9146,0.1237,31.7,peak
2024-02-17 10:00:00,Sitabuldi,372.98,141.4,234.97,231.79,0.8851,0.142,33.8,peak
2024-02-17 10:00:00,Gandhibagh,292.96,155.75,119.46,229.04,0.9079,0.0523,36.7,peak
2024-02-17 10:00:00,Lakadganj,366.12,134.92,230.43,229.81,0.9263,0.1217,34.5,peak
2024-02-17 10:00:00,Sadar,393.44,170.32,230.37,232.03,0.9455,0.0893,30.2,peak
2024-02-17 10:00:00,Itwari,336.75,152.98,187.78,224.7,0.9093,0.0452,37.8,peak
2024-02-17 10:00:00,Manewada,389.99,124.2,260.87,223.05,0.906,0.0104,32.2,peak
2024-02-17 10:00:00,Hingna,388.56,143.58,216.48,235.14,0.9458,0.1315,29.5,peak
2024-02-17 11:00:00,Dharampeth,365.02,163.73,195.39,234.33,0.9069,0.045,38.0,peak
2024-02-17 11:00:00,Sitabuldi,308.09,185.67,123.61,226.81,0.8898,0.0739,31.4,peak
2024-02-17 11:00:00,Gandhibagh,395.47,191.95,183.68,239.02,0.8776,0.0619,35.7,peak
2024-02-17 11:00:00,Lakadganj,339.92,146.47,190.7,226.07,0.9036,0.6349,26.8,peak
2024-02-17 11:00:00,Sadar,375.47,195.11,176.47,230.21,0.8944,0.1532,32.2,peak
2024-02-17 11:00:00,Itwari,328.71,148.26,194.06,226.68,0.9149,0.0929,28.7,peak
2024-02-17 11:00:00,Manewada,389.59,183.0,212.8,228.0,0.929,0.0626,34.2,peak
2024-02-17 11:00:00,Hingna,363.22,148.97,203.58,232.76,0.9582,0.1399,35.5,peak
2024-02-17 12:00:00,Dharampeth,369.36,152.21,214.0,229.5,0.8868,0.0328,33.3,peak
2024-02-17 12:00:00,Sitabuldi,405.49,205.53,205.83,233.56,0.9037,0.1296,34.1,peak
2024-02-17 12:00:00,Gandhibagh,394.8,216.54,164.42,229.68,0.9052,0.1745,30.9,peak
2024-02-17 12:00:00,Lakadganj,308.81,181.99,112.91,241.38,0.9368,0.0693,37.2,peak
2024-02-17 12:00:00,Sadar,404.02,187.53,216.05,230.22,0.9641,0.1751,33.9,peak
2024-02-17 12:00:00,Itwari,350.4,180.83,167.64,222.83,0.9555,0.1766,32.5,peak
2024-02-17 12:00:00,Manewada,307.73,152.75,142.43,234.33,0.8851,0.1673,36.0,peak
2024-02-17 12:00:00,Hingna,396.67,171.63,233.23,232.19,0.8704,0.0999,31.4,peak
2024-02-17 13:00:00,Dharampeth,193.31,176.21,32.4,231.62,0.929,0.0955,35.8,daytime
2024-02-17 13:00:00,Sitabuldi,259.68,189.72,60.22,232.43,0.8988,0.1796,35.9,daytime
2024-02-17 13:00:00,Gandhibagh,323.59,182.04,128.92,225.04,0.9652,0.1301,33.8,daytime
2024-02-17 13:00:00,Lakadganj,337.83,171.46,177.25,227.29,0.8713,0.7664,34.6,daytime
2024-02-17 13:00:00,Sadar,268.05,161.91,106.64,231.38,0.9746,0.0154,36.8,daytime
2024-02-17 13:00:00,Itwari,240.1,163.38,62.27,233.72,0.9118,0.0712,34.6,daytime
2024-02-17 13:00:00,Manewada,264.75,188.02,69.61,234.69,0.9214,0.1658,32.8,daytime
2024-02-17 13:00:00,Hingna,267.32,166.2,100.61,230.2,0.9668,0.1319,31.5,daytime
2024-02-17 14:00:00,Dharampeth,293.5,157.93,131.06,231.06,0.9376,0.1275,34.6,daytime
2024-02-17 14:00:00,Sitabuldi,288.37,155.28,122.13,236.84,0.9501,0.6554,36.0,daytime
2024-02-17 14:00:00,Gandhibagh,277.28,146.33,121.19,226.93,0.9523,0.0452,31.9,daytime
2024-02-17 14:00:00,Lakadganj,277.06,163.34,104.13,228.16,0.9355,0.1663,36.1,daytime
2024-02-17 14:00:00,Sadar,331.8,127.87,212.16,225.58,0.953,0.0217,35.1,daytime
2024-02-17 14:00:00,Itwari,244.48,167.49,77.13,231.3,0.9288,0.041,31.6,daytime
2024-02-17 14:00:00,Manewada,285.06,164.74,120.94,224.71,0.8864,0.0911,34.6,daytime
2024-02-17 14:00:00,Hingna,249.6,171.14,88.68,218.37,0.9143,0.0484,34.0,daytime
2024-02-17 15:00:00,Dharampeth,259.41,139.93,115.51,229.91,0.8751,0.0485,34.0,daytime
2024-02-17 15:00:00,Sitabuldi,264.96,129.99,142.91,230.73,0.9149,0.1119,30.8,daytime
2024-02-17 15:00:00,Gandhibagh,300.15,105.23,182.17,230.66,0.9242,0.09,38.5,daytime
2024-02-17 15:00:00,Lakadganj,241.51,141.6,105.3,221.87,0.8781,0.157,36.0,daytime
2024-02-17 15:00:00,Sadar,346.43,124.85,223.45,229.77,0.916,0.003,32.0,daytime
2024-02-17 15:00:00,Itwari,357.7,124.58,221.38,229.08,0.92,0.0982,37.7,daytime
2024-02-17 15:00:00,Manewada,264.7,147.61,104.67,231.44,0.9077,0.0399,31.7,daytime
2024-02-17 15:00:00,Hingna,278.05,146.43,130.01,227.21,0.9538,0.0368,35.1,daytime
2024-02-17 16:00:00,Dharampeth,317.19,103.46,225.83,228.18,0.969,0.0765,34.0,daytime
2024-02-17 16:00:00,Sitabuldi,242.71,82.25,162.58,239.63,0.9517,0.1719,32.1,daytime
2024-02-17 16:00:00,Gandhibagh,285.8,112.1,180.01,228.97,0.9207,0.1346,34.0,daytime
2024-02-17 16:00:00,Lakadganj,286.69,84.97,204.34,227.73,0.9342,0.1319,34.5,daytime
2024-02-17 16:00:00,Sadar,329.27,99.02,209.71,236.28,0.9066,0.0004,31.8,daytime
2024-02-17 16:00:00,Itwari,323.09,96.18,223.85,230.76,0.8932,0.0434,34.9,daytime
2024-02-17 16:00:00,Manewada,283.21,78.86,202.79,232.66,0.9293,0.0998,32.9,daytime
2024-02-17 16:00:00,Hingna,326.07,84.46,234.58,234.51,0.8524,0.1503,37.0,daytime
2024-02-17 17:00:00,Dharampeth,321.09,29.91,280.48,233.79,0.9414,0.0987,32.4,daytime
2024-02-17 17:00:00,Sitabuldi,287.94,32.99,265.84,230.43,0.965,0.0807,34.7,daytime
2024-02-17 17:00:00,Gandhibagh,272.68,45.99,231.82,218.59,0.948,0.0124,32.4,daytime
2024-02-17 17:00:00,Lakadganj,348.4,57.26,289.43,230.17,0.9714,0.0843,36.9,daytime
2024-02-17 17:00:00,Sadar,294.63,26.24,274.62,228.99,0.9421,0.0881,32.8,daytime
2024-02-17 17:00:00,Itwari,264.53,44.57,214.65,229.38,0.9628,0.1284,33.7,daytime
2024-02-17 17:00:00,Manewada,258.23,45.26,213.55,228.89,0.9575,0.0446,36.5,daytime
2024-02-17 17:00:00,Hingna,329.5,50.06,263.2,230.63,0.9055,0.1005,32.1,daytime
2024-02-17 18:00:00,Dharampeth,321.57,1.68,318.35,231.17,0.9369,0.1102,30.5,peak
2024-02-17 18:00:00,Sitabuldi,303.95,0,317.51,225.98,0.9408,0.0353,31.4,peak
2024-02-17 18:00:00,Gandhibagh,352.07,0,357.84,225.27,0.8917,0.1019,33.4,peak
2024-02-17 18:00:00,Lakadganj,379.88,13.06,364.47,227.82,0.9376,0.1502,33.5,peak
2024-02-17 18:00:00,Sadar,367.17,2.05,376.26,237.72,0.9629,0.0701,36.8,peak
2024-02-17 18:00:00,Itwari,342.22,12.55,315.13,230.33,0.9233,0.0337,33.2,peak
2024-02-17 18:00:00,Manewada,322.92,0.94,314.64,231.41,0.9474,0.1227,35.9,peak
2024-02-17 18:00:00,Hingna,419.28,21.75,404.04,229.83,0.9297,0.0966,35.8,peak
2024-02-17 19:00:00,Dharampeth,322.52,0,313.38,235.92,0.8865,0.0955,30.6,peak
2024-02-17 19:00:00,Sitabuldi,391.94,0,384.61,221.64,0.9268,0.1266,30.8,peak
2024-02-17 19:00:00,Gandhibagh,311.31,0,326.97,226.25,0.9544,0.0866,30.3,peak
2024-02-17 19:00:00,Lakadganj,340.7,0,352.36,241.4,0.9235,0.0894,35.8,peak
2024-02-17 19:00:00,Sadar,357.74,0,355.4,229.83,0.952,0.0322,32.5,peak
2024-02-17 19:00:00,Itwari,287.77,0,313.12,229.65,0.9326,0.0659,33.5,peak
2024-02-17 19:00:00,Manewada,357.84,0,351.85,230.33,0.9529,0.0464,32.2,peak
2024-02-17 19:00:00,Hingna,306.75,0,283.84,226.19,0.8784,0.1727,31.9,peak
2024-02-17 20:00:00,Dharampeth,306.04,0,297.87,230.2,0.957,0.0668,36.0,peak
2024-02-17 20:00:00,Sitabuldi,365.02,0,365.52,235.5,0.942,0.016,31.3,peak
2024-02-17 20:00:00,Gandhibagh,336.14,0,323.82,226.69,0.9529,0.1408,33.2,peak
2024-02-17 20:00:00,Lakadganj,241.1,0,251.88,228.53,0.9154,0.1601,33.7,peak
2024-02-17 20:00:00,Sadar,315.36,0,310.41,233.1,0.9683,0.0341,36.3,peak
2024-02-17 20:00:00,Itwari,371.13,0,386.41,231.9,0.8688,0.1789,32.2,peak
2024-02-17 20:00:00,Manewada,294.45,0,298.96,230.7,0.9329,0.1273,33.7,peak
2024-02-17 20:00:00,Hingna,361.43,0,358.25,234.16,0.9617,0.1249,35.9,peak
2024-02-17 21:00:00,Dharampeth,325.44,0,317.04,227.37,0.9068,0.1108,33.5,peak
2024-02-17 21:00:00,Sitabuldi,324.97,0,316.97,223.26,0.9439,0.093,32.8,peak
2024-02-17 21:00:00,Gandhibagh,395.83,0,388.63,231.0,0.895,0.0938,30.8,peak
2024-02-17 21:00:00,Lakadganj,344.38,0,325.89,232.12,0.9116,0.0856,34.4,peak
2024-02-17 21:00:00,Sadar,328.59,0,330.71,231.17,0.9303,0.1798,32.3,peak
2024-02-17 21:00:00,Itwari,336.26,0,341.33,237.5,0.9113,0.0987,34.3,peak
2024-02-17 21:00:00,Manewada,268.5,0,249.74,230.2,0.9381,0.7346,32.5,peak
2024-02-17 21:00:00,Hingna,335.03,0,318.59,228.75,0.9346,0.1052,34.7,peak
2024-02-17 22:00:00,Dharampeth,299.3,0,299.04,236.47,0.9047,0.0351,31.9,peak
2024-02-17 22:00:00,Sitabuldi,260.18,0,256.77,228.15,0.955,0.1268,34.1,peak
2024-02-17 22:00:00,Gandhibagh,343.55,0,324.33,228.11,0.9157,0.0252,36.7,peak
2024-02-17 22:00:00,Lakadganj,267.73,0,268.09,236.18,0.9297,0.1792,31.8,peak
2024-02-17 22:00:00,Sadar,245.77,0,229.97,235.65,0.8675,0.0798,34.4,peak
2024-02-17 22:00:00,Itwari,315.57,0,312.99,227.21,0.9029,0.0411,33.6,peak
2024-02-17 22:00:00,Manewada,313.19,0,304.55,234.61,0.9064,0.1661,33.0,peak
2024-02-17 22:00:00,Hingna,223.69,0,206.71,237.27,0.8811,0.1586,33.0,peak
2024-02-17 23:00:00,Dharampeth,259.04,0,274.02,227.08,0.9395,0.0935,38.1,night
2024-02-17 23:00:00,Sitabuldi,237.41,0,231.64,233.23,0.9438,0.1061,32.7,night
2024-02-17 23:00:00,Gandhibagh,259.08,0,265.0,231.34,0.8699,0.0476,33.3,night
2024-02-17 23:00:00,Lakadganj,217.13,0,225.14,234.09,0.9,0.0028,33.1,night
2024-02-17 23:00:00,Sadar,217.65,0,245.62,233.7,0.9344,0.027,33.6,night
2024-02-17 23:00:00,Itwari,288.6,0,293.01,230.38,0.9331,0.6806,34.9,night
2024-02-17 23:00:00,Manewada,251.26,0,277.75,234.95,0.9421,0.0784,31.6,night
2024-02-17 23:00:00,Hingna,269.19,0,257.35,219.47,0.932,0.146,34.1,night
2024-02-18 00:00:00,Dharampeth,252.47,0,246.36,236.57,0.9393,0.0134,30.5,night
2024-02-18 00:00:00,Sitabuldi,236.05,0,245.6,227.42,0.9312,0.1712,30.8,night
2024-02-18 00:00:00,Gandhibagh,255.71,0,249.66,225.94,0.8943,0.0957,30.7,night
2024-02-18 00:00:00,Lakadganj,286.31,0,273.55,229.91,0.8601,0.1292,34.2,night
2024-02-18 00:00:00,Sadar,197.61,0,205.69,233.4,0.8752,0.1397,35.6,night
2024-02-18 00:00:00,Itwari,206.06,0,217.88,227.05,0.9127,0.0186,32.7,night
2024-02-18 00:00:00,Manewada,316.84,0,321.82,234.95,0.9229,0.0285,36.4,night
2024-02-18 00:00:00,Hingna,204.29,0,209.35,231.75,0.8678,0.1387,30.4,night
2024-02-18 01:00:00,Dharampeth,265.66,0,281.17,230.96,0.9528,0.1687,35.8,night
2024-02-18 01:00:00,Sitabuldi,213.57,0,215.32,231.11,0.9579,0.0809,34.3,night
2024-02-18 01:00:00,Gandhibagh,251.04,0,262.92,230.28,0.9099,0.139,31.5,night
2024-02-18 01:00:00,Lakadganj,224.08,0,222.64,227.15,0.9279,0.1093,36.2,night
2024-02-18 01:00:00,Sadar,249.88,0,234.24,227.69,0.945,0.138,32.7,night
2024-02-18 01:00:00,Itwari,214.34,0,202.84,234.65,0.9237,0.1196,33.0,night
2024-02-18 01:00:00,Manewada,236.88,0,235.76,234.48,0.8717,0.1753,32.1,night
2024-02-18 01:00:00,Hingna,255.54,0,243.67,230.8,0.9405,0.037,37.5,night
2024-02-18 02:00:00,Dharampeth,196.41,0,203.15,224.24,0.9061,0.0505,32.1,night
2024-02-18 02:00:00,Sitabuldi,256.21,0,262.3,233.02,0.9394,0.1322,32.5,night
2024-02-18 02:00:00,Gandhibagh,256.74,0,247.16,233.83,0.9628,0.0344,34.6,night
2024-02-18 02:00:00,Lakadganj,224.86,0,226.2,227.86,0.9178,0.0283,32.3,night
2024-02-18 02:00:00,Sadar,247.77,0,248.37,232.77,0.9373,0.0955,32.5,night
2024-02-18 02:00:00,Itwari,193.8,0,206.6,227.25,0.9016,0.1681,33.3,night
2024-02-18 02:00:00,Manewada,173.22,0,180.42,232.05,0.911,0.0394,36.1,night
2024-02-18 02:00:00,Hingna,211.38,0,208.75,228.34,0.9227,0.0693,35.7,night
2024-02-18 03:00:00,Dharampeth,239.16,0,228.35,224.75,0.9027,0.1108,32.1,night
2024-02-18 03:00:00,Sitabuldi,240.3,0,228.28,223.34,0.9202,0.1665,34.1,night
2024-02-18 03:00:00,Gandhibagh,229.77,0,238.15,229.97,0.9369,0.032,36.8,night
2024-02-18 03:00:00,Lakadganj,195.67,0,192.95,234.39,0.9088,0.1531,32.6,night
2024-02-18 03:00:00,Sadar,247.99,0,237.91,230.89,0.9399,0.0602,36.3,night
2024-02-18 03:00:00,Itwari,243.64,0,254.02,226.0,0.8942,0.0908,35.2,night
2024-02-18 03:00:00,Manewada,224.91,0,230.76,236.3,0.9032,0.1248,29.0,night
2024-02-18 03:00:00,Hingna,270.27,0,274.69,229.15,0.952,0.0407,32.8,night
2024-02-18 04:00:00,Dharampeth,214.07,0,208.31,239.09,0.9655,0.079,32.0,night
2024-02-18 04:00:00,Sitabuldi,220.8,0,236.64,229.58,0.9325,0.0529,36.8,night
2024-02-18 04:00:00,Gandhibagh,285.73,0,287.75,229.11,0.9139,0.1442,33.4,night
2024-02-18 04:00:00,Lakadganj,171.41,0,159.79,220.92,0.9313,0.0575,32.7,night
2024-02-18 04:00:00,Sadar,303.99,0,318.96,231.49,0.9183,0.1228,33.0,night
2024-02-18 04:00:00,Itwari,234.04,0,247.52,237.35,0.953,0.0886,32.0,night
2024-02-18 04:00:00,Manewada,268.49,0,274.62,234.95,0.9587,0.0892,36.6,night
2024-02-18 04:00:00,Hingna,226.46,0,233.06,229.05,0.9219,0.1029,33.8,night
2024-02-18 05:00:00,Dharampeth,201.31,0,190.87,224.79,0.9055,0.3597,36.0,night
2024-02-18 05:00:00,Sitabuldi,344.96,0,335.16,231.03,0.9168,0.1575,36.1,night
2024-02-18 05:00:00,Gandhibagh,268.0,0,275.81,236.12,0.9824,0.157,36.1,night
2024-02-18 05:00:00,Lakadganj,264.66,0,272.6,229.71,0.9242,0.0671,34.5,night
2024-02-18 05:00:00,Sadar,182.34,0,174.44,226.03,0.9459,0.0317,32.1,night
2024-02-18 05:00:00,Itwari,228.53,0,230.05,235.51,0.9313,0.0171,31.2,night
2024-02-18 05:00:00,Manewada,214.73,0,220.17,231.17,0.9562,0.084,29.6,night
2024-02-18 05:00:00,Hingna,214.39,0,206.15,224.83,0.9083,0.1017,35.2,night
2024-02-18 06:00:00,Dharampeth,242.64,0,231.11,235.49,0.9148,0.0377,33.3,daytime
2024-02-18 06:00:00,Sitabuldi,328.37,0,335.52,233.41,0.9623,0.1097,35.3,daytime
2024-02-18 06:00:00,Gandhibagh,248.82,4.43,264.08,230.84,0.9498,0.1116,36.8,daytime
2024-02-18 06:00:00,Lakadganj,250.86,0,252.69,222.46,0.8924,0.06,33.2,daytime
2024-02-18 06:00:00,Sadar,287.22,1.13,289.2,235.8,0.9068,0.1159,35.9,daytime
2024-02-18 06:00:00,Itwari,286.11,8.16,266.68,229.88,0.9379,0.1368,33.1,daytime
2024-02-18 06:00:00,Manewada,240.04,0,251.3,223.91,0.8992,0.1496,29.8,daytime
2024-02-18 06:00:00,Hingna,267.83,0,271.53,232.98,0.897,0.0341,33.9,daytime
2024-02-18 07:00:00,Dharampeth,284.79,38.63,245.63,233.98,0.9373,0.1477,33.6,daytime
2024-02-18 07:00:00,Sitabuldi,260.28,53.92,207.42,230.51,0.9697,0.0588,35.6,daytime
2024-02-18 07:00:00,Gandhibagh,307.42,51.22,251.96,225.86,0.9369,0.1164,33.8,daytime
2024-02-18 07:00:00,Lakadganj,261.81,28.06,228.06,227.02,0.9257,0.1417,31.9,daytime
2024-02-18 07:00:00,Sadar,264.92,16.1,256.17,222.08,0.9556,0.0425,32.7,daytime
2024-02-18 07:00:00,Itwari,306.57,30.3,260.45,232.49,0.9109,0.6096,36.0,daytime
2024-02-18 07:00:00,Manewada,272.65,29.5,250.06,231.52,0.9192,0.0584,34.2,daytime
2024-02-18 07:00:00,Hingna,312.27,33.98,286.87,232.45,0.8803,0.0834,34.7,daytime
2024-02-18 08:00:00,Dharampeth,299.72,98.73,183.9,231.6,0.9263,0.085,34.9,daytime
2024-02-18 08:00:00,Sitabuldi,348.73,65.51,288.8,228.9,0.915,0.7685,34.8,daytime
2024-02-18 08:00:00,Gandhibagh,289.21,93.68,217.36,238.18,0.9036,0.1511,33.7,daytime
2024-02-18 08:00:00,Lakadganj,234.41,84.5,148.02,228.09,0.9367,0.1462,34.1,daytime
2024-02-18 08:00:00,Sadar,241.77,100.95,142.28,232.43,0.8938,0.1681,34.9,daytime
2024-02-18 08:00:00,Itwari,255.47,113.48,147.93,226.18,0.8832,0.0319,34.7,daytime
2024-02-18 08:00:00,Manewada,261.18,76.62,193.11,232.1,0.9024,0.0103,36.3,daytime
2024-02-18 08:00:00,Hingna,254.89,80.37,166.77,235.21,0.9087,0.0367,31.5,daytime
2024-02-18 09:00:00,Dharampeth,390.29,135.19,261.35,230.97,0.955,0.0416,41.0,peak
2024-02-18 09:00:00,Sitabuldi,384.74,125.42,257.77,227.91,0.922,0.1332,37.0,peak
2024-02-18 09:00:00,Gandhibagh,374.66,125.96,249.59,234.23,0.9389,0.0295,35.5,peak
2024-02-18 09:00:00,Lakadganj,338.63,115.19,212.99,235.26,0.9266,0.0213,31.8,peak
2024-02-18 09:00:00,Sadar,305.98,117.42,199.9,227.29,0.9364,0.3794,33.5,peak
2024-02-18 09:00:00,Itwari,369.6,120.65,245.7,229.63,0.9165,0.0593,35.8,peak
2024-02-18 09:00:00,Manewada,279.33,124.64,146.14,227.77,0.9979,0.0054,33.3,peak
2024-02-18 09:00:00,Hingna,308.03,118.31,178.17,231.42,0.896,0.0773,35.6,peak
2024-02-18 10:00:00,Dharampeth,398.15,161.57,242.64,226.31,0.9136,0.0272,32.3,peak
2024-02-18 10:00:00,Sitabuldi,442.45,154.4,295.93,227.21,0.9371,0.0997,35.4,peak
2024-02-18 10:00:00,Gandhibagh,383.01,154.9,204.0,222.37,0.9391,0.0806,37.4,peak
2024-02-18 10:00:00,Lakadganj,372.46,125.4,256.4,225.71,0.891,0.0168,36.0,peak
2024-02-18 10:00:00,Sadar,368.73,164.15,189.53,227.05,0.922,0.0092,34.5,peak
2024-02-18 10:00:00,Itwari,410.29,164.86,237.42,233.45,0.8517,0.0643,30.6,peak
2024-02-18 10:00:00,Manewada,342.53,153.17,192.42,233.14,0.9505,0.1183,31.1,peak
2024-02-18 10:00:00,Hingna,328.76,153.36,173.39,219.69,0.9059,0.0834,32.3,peak
2024-02-18 11:00:00,Dharampeth,339.79,174.41,162.03,235.2,0.9058,0.1697,33.9,peak
2024-02-18 11:00:00,Sitabuldi,383.82,164.51,210.9,229.25,0.8924,0.1674,35.4,peak
2024-02-18 11:00:00,Gandhibagh,375.32,178.98,186.75,231.68,0.8931,0.0069,34.4,peak
2024-02-18 11:00:00,Lakadganj,406.48,183.64,238.41,240.29,0.9532,0.0976,32.2,peak
2024-02-18 11:00:00,Sadar,381.86,174.71,198.5,232.32,0.8755,0.1265,32.4,peak
2024-02-18 11:00:00,Itwari,322.17,181.0,137.25,230.26,0.9275,0.0229,34.7,peak
2024-02-18 11:00:00,Manewada,341.5,160.79,183.18,225.97,0.8597,0.1095,30.8,peak
2024-02-18 11:00:00,Hingna,391.01,206.27,189.26,234.47,0.8531,0.0313,34.9,peak
2024-02-18 12:00:00,Dharampeth,352.34,159.52,191.84,226.34,0.899,0.0366,32.8,peak
2024-02-18 12:00:00,Sitabuldi,373.31,156.25,244.65,240.45,0.8761,0.0975,33.0,peak
2024-02-18 12:00:00,Gandhibagh,411.93,184.47,233.31,223.42,0.9346,0.1732,30.3,peak
2024-02-18 12:00:00,Lakadganj,339.59,147.24,168.61,235.13,0.913,0.022,32.5,peak
2024-02-18 12:00:00,Sadar,359.82,167.71,197.33,228.07,0.9293,0.0689,32.3,peak
2024-02-18 12:00:00,Itwari,339.06,172.69,165.41,234.05,0.9401,0.091,36.5,peak
2024-02-18 12:00:00,Manewada,321.35,205.26,133.54,239.77,0.9172,0.0877,33.4,peak
2024-02-18 12:00:00,Hingna,308.21,179.98,129.56,223.49,0.943,0.0778,33.9,peak
2024-02-18 13:00:00,Dharampeth,308.34,172.22,122.9,227.91,0.956,0.14,32.7,daytime
2024-02-18 13:00:00,Sitabuldi,294.83,160.74,140.78,226.19,0.908,0.1522,34.6,daytime
2024-02-18 13:00:00,Gandhibagh,219.86,159.12,58.82,220.72,0.9332,0.0298,33.4,daytime
2024-02-18 13:00:00,Lakadganj,285.62,183.58,118.72,239.05,0.8953,0.1155,32.2,daytime
2024-02-18 13:00:00,Sadar,231.84,170.56,52.89,229.26,0.8796,0.0482,32.3,daytime
2024-02-18 13:00:00,Itwari,291.46,173.74,117.94,232.53,0.9121,0.1378,33.9,daytime
2024-02-18 13:00:00,Manewada,282.69,195.55,103.18,235.37,0.9374,0.167,35.7,daytime
2024-02-18 13:00:00,Hingna,290.53,171.04,116.78,226.57,0.9244,0.0426,33.9,daytime
2024-02-18 14:00:00,Dharampeth,249.3,152.81,90.14,231.7,0.8731,0.0499,35.4,daytime
2024-02-18 14:00:00,Sitabuldi,300.79,145.14,132.07,227.28,0.9025,0.1388,35.2,daytime
2024-02-18 14:00:00,Gandhibagh,275.14,165.34,131.72,214.28,0.91,0.0887,32.5,daytime
2024-02-18 14:00:00,Lakadganj,258.25,160.15,85.55,239.05,0.994,0.1466,36.0,daytime
2024-02-18 14:00:00,Sadar,261.45,158.04,99.88,224.04,0.9135,0.1003,38.5,daytime
2024-02-18 14:00:00,Itwari,247.71,148.46,84.71,231.05,0.9116,0.1342,34.2,daytime
2024-02-18 14:00:00,Manewada,216.1,189.9,25.37,229.11,0.9625,0.074,35.2,daytime
2024-02-18 14:00:00,Hingna,254.36,156.37,108.16,226.05,0.9249,0.0365,33.0,daytime
2024-02-18 15:00:00,Dharampeth,306.98,109.75,206.89,232.61,0.9184,0.0509,36.1,daytime
2024-02-18 15:00:00,Sitabuldi,328.64,134.57,190.61,230.58,0.9285,0.0885,36.4,daytime
2024-02-18 15:00:00,Gandhibagh,302.19,142.39,164.97,222.0,0.8852,0.0046,34.6,daytime
2024-02-18 15:00:00,Lakadganj,308.27,132.54,189.33,233.2,0.9965,0.003,35.4,daytime
2024-02-18 15:00:00,Sadar,301.73,156.62,148.64,226.42,0.9388,0.1613,30.8,daytime
2024-02-18 15:00:00,Itwari,203.1,119.12,77.2,235.14,0.937,0.1346,33.3,daytime
2024-02-18 15:00:00,Manewada,202.58,127.78,67.88,238.22,0.9577,0.0123,33.6,daytime
2024-02-18 15:00:00,Hingna,279.23,141.8,142.0,235.67,0.9577,0.0003,35.3,daytime
2024-02-18 16:00:00,Dharampeth,254.04,93.03,164.42,229.7,0.8846,0.0313,32.2,daytime
2024-02-18 16:00:00,Sitabuldi,225.14,91.0,129.49,224.73,0.9303,0.0064,34.6,daytime
2024-02-18 16:00:00,Gandhibagh,306.26,95.25,225.58,230.71,0.8925,0.1668,32.3,daytime
2024-02-18 16:00:00,Lakadganj,323.18,81.47,244.57,230.5,0.9257,0.0309,32.7,daytime
2024-02-18 16:00:00,Sadar,320.95,97.2,212.29,223.99,0.9617,0.1026,35.8,daytime
2024-02-18 16:00:00,Itwari,304.82,112.31,189.64,227.15,0.8605,0.7268,36.2,daytime
2024-02-18 16:00:00,Manewada,264.86,78.4,183.11,227.2,0.9363,0.0752,33.0,daytime
2024-02-18 16:00:00,Hingna,279.07,58.84,246.72,230.02,0.9358,0.1656,33.3,daytime
2024-02-18 17:00:00,Dharampeth,301.05,12.75,292.5,234.23,0.932,0.0501,33.6,daytime
2024-02-18 17:00:00,Sitabuldi,303.79,27.44,276.77,234.04,0.9432,0.0009,34.4,daytime
2024-02-18 17:00:00,Gandhibagh,239.3,42.91,204.53,242.99,0.9408,0.1603,32.9,daytime
2024-02-18 17:00:00,Lakadganj,294.96,53.89,244.28,224.04,0.9382,0.1536,37.4,daytime
2024-02-18 17:00:00,Sadar,346.47,38.62,312.78,234.47,0.9121,0.0713,35.1,daytime
2024-02-18 17:00:00,Itwari,282.97,49.76,237.37,232.88,0.8909,0.058,33.3,daytime
2024-02-18 17:00:00,Manewada,335.64,69.97,268.52,231.89,0.917,0.0314,33.2,daytime
2024-02-18 17:00:00,Hingna,286.34,55.94,225.97,228.98,0.9421,0.0363,37.1,daytime
2024-02-18 18:00:00,Dharampeth,423.16,25.14,403.64,224.6,0.9619,0.0419,34.5,peak
2024-02-18 18:00:00,Sitabuldi,370.59,9.53,355.89,229.97,0.84,0.1357,32.2,peak
2024-02-18 18:00:00,Gandhibagh,316.29,17.46,291.91,218.97,0.8808,0.1334,35.3,peak
2024-02-18 18:00:00,Lakadganj,372.51,0.94,366.93,236.25,0.9386,0.0766,31.8,peak
2024-02-18 18:00:00,Sadar,320.39,32.02,285.46,236.58,0.9384,0.1258,34.0,peak
2024-02-18 18:00:00,Itwari,346.54,9.96,322.99,233.55,0.8914,0.1474,33.1,peak
2024-02-18 18:00:00,Manewada,347.77,0,361.21,235.15,0.9349,0.0767,32.7,peak
2024-02-18 18:00:00,Hingna,377.62,0,376.72,230.05,0.9261,0.1588,35.2,peak
2024-02-18 19:00:00,Dharampeth,291.94,0,306.92,237.14,0.934,0.0858,34.4,peak
2024-02-18 19:00:00,Sitabuldi,264.36,0,268.69,221.07,0.9217,0.0866,33.5,peak
2024-02-18 19:00:00,Gandhibagh,336.31,0,336.36,234.6,0.9452,0.0477,34.3,peak
2024-02-18 19:00:00,Lakadganj,330.57,0,349.22,224.22,0.8901,0.0519,35.0,peak
2024-02-18 19:00:00,Sadar,246.89,0,238.13,239.34,0.9801,0.1315,34.1,peak
2024-02-18 19:00:00,Itwari,261.16,0,276.97,239.72,0.899,0.0822,34.1,peak
2024-02-18 19:00:00,Manewada,325.92,0,330.11,232.38,0.8943,0.1071,35.5,peak
2024-02-18 19:00:00,Hingna,327.61,0,325.06,232.43,0.8745,0.0367,34.3,peak
2024-02-18 20:00:00,Dharampeth,345.95,0,330.35,230.43,0.9325,0.084,35.9,peak
2024-02-18 20:00:00,Sitabuldi,280.54,0,282.27,237.47,0.9343,0.0623,30.7,peak
2024-02-18 20:00:00,Gandhibagh,345.13,0,332.56,229.69,0.956,0.1412,33.8,peak
2024-02-18 20:00:00,Lakadganj,325.92,0,339.82,231.11,0.8867,0.0789,32.8,peak
2024-02-18 20:00:00,Sadar,344.35,0,350.84,231.84,0.9506,0.0999,38.3,peak
2024-02-18 20:00:00,Itwari,303.77,0,317.89,238.39,0.9345,0.0378,36.1,peak
2024-02-18 20:00:00,Manewada,316.22,0,317.88,228.76,0.8867,0.0724,34.7,peak
2024-02-18 20:00:00,Hingna,312.47,0,321.24,228.24,0.8948,0.1503,40.5,peak
2024-02-18 21:00:00,Dharampeth,337.81,0,358.34,226.56,0.8948,0.0757,34.1,peak
2024-02-18 21:00:00,Sitabuldi,283.17,0,294.98,222.86,0.9282,0.1219,31.7,peak
2024-02-18 21:00:00,Gandhibagh,296.72,0,315.84,222.35,0.9138,0.1159,32.9,peak
2024-02-18 21:00:00,Lakadganj,232.92,0,257.7,231.93,0.9575,0.0116,36.2,peak
2024-02-18 21:00:00,Sadar,347.27,0,362.99,226.54,0.8659,0.1387,37.6,peak
2024-02-18 21:00:00,Itwari,303.4,0,308.97,230.33,0.9075,0.1674,32.4,peak
2024-02-18 21:00:00,Manewada,325.78,0,303.44,217.65,0.8922,0.0506,33.6,peak
2024-02-18 21:00:00,Hingna,323.87,0,316.69,232.86,0.9886,0.0042,37.3,peak
2024-02-18 22:00:00,Dharampeth,290.71,0,280.82,234.41,0.9277,0.0298,31.2,peak
2024-02-18 22:00:00,Sitabuldi,304.72,0,309.78,218.96,0.9293,0.0552,34.5,peak
2024-02-18 22:00:00,Gandhibagh,259.84,0,260.05,234.28,0.9652,0.0636,29.6,peak
2024-02-18 22:00:00,Lakadganj,320.56,0,318.3,229.85,0.8562,0.0266,33.8,peak
2024-02-18 22:00:00,Sadar,321.81,0,318.02,230.67,0.9165,0.0108,30.1,peak
2024-02-18 22:00:00,Itwari,316.62,0,329.06,227.93,0.8981,0.1295,34.4,peak
2024-02-18 22:00:00,Manewada,253.57,0,260.25,230.02,0.948,0.0219,32.1,peak
2024-02-18 22:00:00,Hingna,368.72,0,364.37,231.61,0.8911,0.335,31.7,peak
2024-02-18 23:00:00,Dharampeth,268.65,0,251.22,228.49,0.93,0.1051,32.3,night
2024-02-18 23:00:00,Sitabuldi,239.4,0,235.53,221.74,0.9414,0.1281,33.0,night
2024-02-18 23:00:00,Gandhibagh,159.24,0,152.67,222.32,0.9187,0.135,34.2,night
2024-02-18 23:00:00,Lakadganj,221.15,0,213.45,229.08,0.9077,0.1153,35.0,night
2024-02-18 23:00:00,Sadar,207.59,0,209.69,236.15,0.9227,0.6025,35.9,night
2024-02-18 23:00:00,Itwari,265.32,0,280.51,238.97,0.9193,0.1686,33.4,night
2024-02-18 23:00:00,Manewada,256.72,0,268.82,225.7,0.92,0.148,32.5,night
2024-02-18 23:00:00,Hingna,239.37,0,239.32,227.59,0.8658,0.1539,31.5,night
2024-02-19 00:00:00,Dharampeth,213.7,0,212.65,230.62,0.9345,0.1766,33.0,night
2024-02-19 00:00:00,Sitabuldi,200.97,0,207.29,231.01,0.9059,0.1227,36.5,night
2024-02-19 00:00:00,Gandhibagh,196.2,0,199.48,233.36,0.9063,0.1237,35.8,night
2024-02-19 00:00:00,Lakadganj,235.99,0,232.91,233.59,0.9024,0.0609,36.3,night
2024-02-19 00:00:00,Sadar,273.77,0,263.78,232.86,0.9129,0.0998,34.0,night
2024-02-19 00:00:00,Itwari,219.31,0,209.58,230.6,0.9135,0.1116,32.7,night
2024-02-19 00:00:00,Manewada,283.14,0,273.95,231.91,0.9551,0.1605,32.0,night
2024-02-19 00:00:00,Hingna,199.18,0,194.64,229.17,0.8797,0.0808,31.9,night
2024-02-19 01:00:00,Dharampeth,305.63,0,299.23,236.56,0.8807,0.1288,33.1,night
2024-02-19 01:00:00,Sitabuldi,262.78,0,254.01,233.27,0.9432,0.0721,37.4,night
2024-02-19 01:00:00,Gandhibagh,188.57,0,183.88,224.11,0.9025,0.1335,34.5,night
2024-02-19 01:00:00,Lakadganj,248.68,0,249.68,220.93,0.9736,0.007,34.4,night
2024-02-19 01:00:00,Sadar,237.14,0,242.33,232.83,0.9868,0.1475,33.7,night
2024-02-19 01:00:00,Itwari,238.57,0,238.06,232.02,0.9547,0.1004,35.7,night
2024-02-19 01:00:00,Manewada,255.73,0,250.36,234.42,0.9385,0.1273,35.1,night
2024-02-19 01:00:00,Hingna,243.73,0,240.67,228.17,0.889,0.0038,38.0,night
2024-02-19 02:00:00,Dharampeth,248.91,0,239.24,230.58,0.944,0.1265,32.7,night
2024-02-19 02:00:00,Sitabuldi,279.77,0,269.08,236.05,0.9393,0.0981,33.8,night
2024-02-19 02:00:00,Gandhibagh,247.33,0,274.88,227.38,0.9197,0.0897,35.0,night
2024-02-19 02:00:00,Lakadganj,244.72,0,239.57,227.81,0.9419,0.1525,30.4,night
2024-02-19 02:00:00,Sadar,239.77,0,231.44,235.04,0.8858,0.0552,34.5,night
2024-02-19 02:00:00,Itwari,260.8,0,271.99,224.81,0.9089,0.1087,31.0,night
2024-02-19 02:00:00,Manewada,264.69,0,251.36,227.9,0.9113,0.1403,34.2,night
2024-02-19 02:00:00,Hingna,261.91,0,270.84,229.3,0.9236,0.0532,35.3,night
2024-02-19 03:00:00,Dharampeth,231.31,0,244.44,233.19,0.952,0.0153,37.2,night
2024-02-19 03:00:00,Sitabuldi,206.44,0,213.8,229.11,0.9511,0.0635,39.4,night
2024-02-19 03:00:00,Gandhibagh,262.27,0,251.52,222.72,0.8981,0.0301,34.6,night
2024-02-19 03:00:00,Lakadganj,273.48,0,292.07,238.78,0.9098,0.0589,35.8,night
2024-02-19 03:00:00,Sadar,221.26,0,237.34,228.09,0.8917,0.1555,33.4,night
2024-02-19 03:00:00,Itwari,305.98,0,294.77,217.47,0.9469,0.0842,34.7,night
2024-02-19 03:00:00,Manewada,251.23,0,259.88,221.01,0.8904,0.1353,31.6,night
2024-02-19 03:00:00,Hingna,202.81,0,208.29,231.88,0.9428,0.1522,34.7,night
2024-02-19 04:00:00,Dharampeth,275.17,0,292.31,218.37,0.9164,0.1251,34.8,night
2024-02-19 04:00:00,Sitabuldi,230.9,0,224.55,228.64,0.9346,0.0866,36.6,night
2024-02-19 04:00:00,Gandhibagh,286.86,0,266.77,228.67,0.9515,0.0114,36.7,night
2024-02-19 04:00:00,Lakadganj,267.37,0,262.19,225.44,1.0,0.0129,33.3,night
2024-02-19 04:00:00,Sadar,288.31,0,286.89,233.4,0.9087,0.0549,36.4,night
2024-02-19 04:00:00,Itwari,262.67,0,269.47,224.41,0.8635,0.1356,33.3,night
2024-02-19 04:00:00,Manewada,256.93,0,256.08,229.67,0.8953,0.1125,33.9,night
2024-02-19 04:00:00,Hingna,267.89,0,293.66,236.07,0.9059,0.1458,33.3,night
2024-02-19 05:00:00,Dharampeth,205.17,0,228.51,225.48,0.8742,0.0306,34.9,night
2024-02-19 05:00:00,Sitabuldi,231.25,0,236.15,222.95,0.949,0.1288,34.5,night
2024-02-19 05:00:00,Gandhibagh,241.7,0,240.63,230.08,0.8828,0.018,32.9,night
2024-02-19 05:00:00,Lakadganj,262.34,0,271.37,225.84,0.9274,0.052,31.8,night
2024-02-19 05:00:00,Sadar,279.37,0,277.44,230.9,0.9704,0.1164,33.4,night
2024-02-19 05:00:00,Itwari,282.2,0,274.46,236.98,0.9021,0.0333,35.3,night
2024-02-19 05:00:00,Manewada,237.97,0,242.61,234.39,0.9493,0.0561,34.4,night
2024-02-19 05:00:00,Hingna,228.27,0,236.88,228.81,0.9312,0.0995,32.9,night
2024-02-19 06:00:00,Dharampeth,342.41,5.11,331.39,235.7,0.9019,0.125,33.9,daytime
2024-02-19 06:00:00,Sitabuldi,340.45,0,356.96,225.52,0.9301,0.0404,36.4,daytime
2024-02-19 06:00:00,Gandhibagh,265.64,0,239.81,233.05,0.9177,0.0326,32.0,daytime
2024-02-19 06:00:00,Lakadganj,297.21,1.98,303.75,227.75,0.9094,0.0521,35.9,daytime
2024-02-19 06:00:00,Sadar,237.2,17.42,198.59,228.49,0.9099,0.145,34.6,daytime
2024-02-19 06:00:00,Itwari,314.89,0,306.97,225.56,0.9574,0.1711,31.1,daytime
2024-02-19 06:00:00,Manewada,271.89,0,254.23,227.4,0.9594,0.0897,32.4,daytime
2024-02-19 06:00:00,Hingna,309.16,0,309.87,230.74,0.8953,0.3222,37.2,daytime
2024-02-19 07:00:00,Dharampeth,269.04,31.32,232.88,232.64,0.8828,0.032,33.8,daytime
2024-02-19 07:00:00,Sitabuldi,221.36,8.17,202.38,226.39,0.9424,0.0593,38.2,daytime
2024-02-19 07:00:00,Gandhibagh,237.04,51.57,202.68,233.98,0.9295,0.0689,33.4,daytime
2024-02-19 07:00:00,Lakadganj,295.41,28.94,256.55,229.77,0.9469,0.0141,28.9,daytime
2024-02-19 07:00:00,Sadar,288.95,58.96,231.0,244.4,0.9284,0.0367,33.1,daytime
2024-02-19 07:00:00,Itwari,281.06,70.15,207.91,221.87,0.9039,0.1527,35.1,daytime
2024-02-19 07:00:00,Manewada,315.75,43.12,287.82,226.21,0.9074,0.0466,32.5,daytime
2024-02-19 07:00:00,Hingna,327.0,46.16,285.35,234.25,0.9405,0.0798,34.3,daytime
2024-02-19 08:00:00,Dharampeth,306.15,106.9,205.46,228.26,0.9632,0.0722,33.1,daytime
2024-02-19 08:00:00,Sitabuldi,268.17,95.18,177.51,230.79,0.9656,0.1519,34.4,daytime
2024-02-19 08:00:00,Gandhibagh,234.7,73.82,154.04,224.65,0.8651,0.1236,33.6,daytime
2024-02-19 08:00:00,Lakadganj,244.19,88.13,157.4,236.79,0.9046,0.0872,30.8,daytime
2024-02-19 08:00:00,Sadar,195.3,79.34,111.36,238.5,0.949,0.0752,34.0,daytime
2024-02-19 08:00:00,Itwari,295.49,76.07,210.41,228.81,0.8963,0.0528,33.7,daytime
2024-02-19 08:00:00,Manewada,297.06,116.75,194.86,229.58,0.9275,0.0349,31.1,daytime
2024-02-19 08:00:00,Hingna,278.51,79.45,200.54,230.52,0.8637,0.1487,31.2,daytime
2024-02-19 09:00:00,Dharampeth,352.81,148.07,195.04,226.52,0.9084,0.0659,34.4,peak
2024-02-19 09:00:00,Sitabuldi,386.8,140.31,263.98,230.95,0.9372,0.0726,30.1,peak
2024-02-19 09:00:00,Gandhibagh,349.33,125.41,240.25,226.77,0.9126,0.1058,31.7,peak
2024-02-19 09:00:00,Lakadganj,378.42,143.57,222.77,224.12,0.937,0.1507,34.5,peak
2024-02-19 09:00:00,Sadar,313.3,134.09,190.55,228.94,0.8997,0.165,35.0,peak
2024-02-19 09:00:00,Itwari,376.1,121.82,265.64,236.26,0.9088,0.1228,35.2,peak
2024-02-19 09:00:00,Manewada,318.25,107.1,192.43,220.64,0.9613,0.1519,29.7,peak
2024-02-19 09:00:00,Hingna,392.8,134.25,252.7,218.64,0.9188,0.0177,31.1,peak
2024-02-19 10:00:00,Dharampeth,385.46,137.45,239.64,223.91,0.8719,0.0728,31.0,peak
2024-02-19 10:00:00,Sitabuldi,430.31,133.75,277.95,226.53,0.9562,0.1549,38.1,peak
2024-02-19 10:00:00,Gandhibagh,346.65,159.32,194.46,225.11,0.94,0.1582,34.3,peak
2024-02-19 10:00:00,Lakadganj,334.03,138.79,185.54,227.78,0.9308,0.0029,32.7,peak
2024-02-19 10:00:00,Sadar,355.61,161.51,202.73,227.42,0.9053,0.1428,37.5,peak
2024-02-19 10:00:00,Itwari,357.2,153.41,198.31,235.66,0.9119,0.1316,33.0,peak
2024-02-19 10:00:00,Manewada,377.6,169.46,214.25,237.02,0.8479,0.0997,35.1,peak
2024-02-19 10:00:00,Hingna,348.8,154.34,189.56,227.14,0.8648,0.1138,31.2,peak
2024-02-19 11:00:00,Dharampeth,282.82,193.59,99.59,224.46,0.9504,0.1579,32.8,peak
2024-02-19 11:00:00,Sitabuldi,302.68,187.39,97.47,224.98,0.9356,0.1253,34.6,peak
2024-02-19 11:00:00,Gandhibagh,397.68,165.12,248.11,224.83,0.9837,0.0401,33.2,peak
2024-02-19 11:00:00,Lakadganj,331.3,153.7,159.51,227.84,0.952,0.1539,34.7,peak
2024-02-19 11:00:00,Sadar,315.87,160.97,171.91,235.79,0.9159,0.0663,30.3,peak
2024-02-19 11:00:00,Itwari,345.61,181.84,162.66,234.6,0.9026,0.0434,35.7,peak
2024-02-19 11:00:00,Manewada,293.19,166.33,126.79,229.51,0.9388,0.1671,30.1,peak
2024-02-19 11:00:00,Hingna,400.56,152.0,247.97,233.52,0.8795,0.0771,34.4,peak
2024-02-19 12:00:00,Dharampeth,349.9,210.56,134.85,232.21,0.9159,0.049,35.3,peak
2024-02-19 12:00:00,Sitabuldi,321.66,160.61,155.13,228.46,0.9677,0.0623,36.8,peak
2024-02-19 12:00:00,Gandhibagh,361.94,191.88,157.3,230.33,0.9711,0.1399,32.4,peak
2024-02-19 12:00:00,Lakadganj,422.8,179.78,239.94,221.45,0.8999,0.1154,31.7,peak
2024-02-19 12:00:00,Sadar,378.45,169.39,220.57,230.41,0.9151,0.0424,34.7,peak
2024-02-19 12:00:00,Itwari,411.58,159.54,271.53,229.0,0.9008,0.036,30.0,peak
2024-02-19 12:00:00,Manewada,324.29,186.81,140.07,238.95,0.9456,0.1186,37.4,peak
2024-02-19 12:00:00,Hingna,357.33,189.76,170.24,232.57,0.9337,0.1335,30.5,peak
2024-02-19 13:00:00,Dharampeth,305.92,178.07,140.17,237.43,0.9171,0.0623,33.6,daytime
2024-02-19 13:00:00,Sitabuldi,321.41,183.84,141.18,223.13,0.9004,0.1375,31.9,daytime
2024-02-19 13:00:00,Gandhibagh,306.94,156.11,146.53,222.37,0.9407,0.0967,34.5,daytime
2024-02-19 13:00:00,Lakadganj,298.44,149.22,144.88,229.42,0.8924,0.0437,35.4,daytime
2024-02-19 13:00:00,Sadar,244.86,174.04,65.36,228.33,0.96,0.1061,30.4,daytime
2024-02-19 13:00:00,Itwari,289.46,172.42,102.58,237.22,0.8996,0.0756,36.1,daytime
2024-02-19 13:00:00,Manewada,211.7,156.98,60.04,228.21,0.897,0.0743,34.3,daytime
2024-02-19 13:00:00,Hingna,258.66,190.02,66.05,231.0,0.9579,0.1265,35.9,daytime
2024-02-19 14:00:00,Dharampeth,249.45,174.53,86.89,225.99,0.9447,0.0893,33.5,daytime
2024-02-19 14:00:00,Sitabuldi,297.36,161.73,150.95,234.79,0.9633,0.0645,36.2,daytime
2024-02-19 14:00:00,Gandhibagh,311.89,181.15,138.67,233.7,0.9001,0.1143,36.1,daytime
2024-02-19 14:00:00,Lakadganj,267.87,153.19,117.49,223.99,0.9615,0.0592,33.0,daytime
2024-02-19 14:00:00,Sadar,335.09,175.06,177.85,235.43,0.9293,0.6355,33.1,daytime
2024-02-19 14:00:00,Itwari,298.64,153.9,129.4,223.41,0.9377,0.085,31.9,daytime
2024-02-19 14:00:00,Manewada,294.31,141.07,144.74,233.97,0.955,0.1143,37.5,daytime
2024-02-19 14:00:00,Hingna,293.05,167.48,107.26,226.41,0.9507,0.0985,31.0,daytime
2024-02-19 15:00:00,Dharampeth,237.69,141.18,97.5,227.66,0.9241,0.1179,29.3,daytime
2024-02-19 15:00:00,Sitabuldi,272.14,154.72,119.01,242.51,0.9394,0.0766,36.6,daytime
2024-02-19 15:00:00,Gandhibagh,270.96,119.0,139.71,228.42,0.8928,0.0573,33.5,daytime
2024-02-19 15:00:00,Lakadganj,283.37,139.78,145.82,236.12,0.9088,0.0676,32.2,daytime
2024-02-19 15:00:00,Sadar,293.77,113.44,179.88,232.15,0.8954,0.1718,34.8,daytime
2024-02-19 15:00:00,Itwari,284.89,114.56,162.49,230.34,0.8953,0.1724,36.6,daytime
2024-02-19 15:00:00,Manewada,314.71,130.29,173.12,231.19,0.9701,0.0796,34.1,daytime
2024-02-19 15:00:00,Hingna,297.02,125.49,146.7,234.07,0.9728,0.146,35.8,daytime
2024-02-19 16:00:00,Dharampeth,277.15,100.05,175.97,227.0,0.8898,0.0946,36.0,daytime
2024-02-19 16:00:00,Sitabuldi,333.47,89.14,232.92,227.42,0.9587,0.1646,33.2,daytime
2024-02-19 16:00:00,Gandhibagh,258.73,70.14,177.02,226.56,0.8935,0.1181,34.3,daytime
2024-02-19 16:00:00,Lakadganj,348.37,85.64,262.94,233.68,0.93,0.0006,33.3,daytime
2024-02-19 16:00:00,Sadar,336.11,89.67,250.38,229.85,0.9595,0.035,34.3,daytime
2024-02-19 16:00:00,Itwari,287.47,99.02,209.67,229.86,0.9699,0.4884,34.4,daytime
2024-02-19 16:00:00,Manewada,293.15,79.95,218.87,222.84,0.927,0.1218,31.3,daytime
2024-02-19 16:00:00,Hingna,344.17,94.75,258.58,227.3,0.866,0.0536,35.8,daytime
2024-02-19 17:00:00,Dharampeth,349.57,43.8,304.7,228.74,0.9692,0.0817,33.3,daytime
2024-02-19 17:00:00,Sitabuldi,310.11,31.88,286.56,234.36,0.873,0.1417,35.4,daytime
2024-02-19 17:00:00,Gandhibagh,285.41,36.18,248.86,236.2,0.9881,0.1556,33.5,daytime
2024-02-19 17:00:00,Lakadganj,235.49,58.3,167.48,232.81,0.9259,0.0302,34.9,daytime
2024-02-19 17:00:00,Sadar,318.72,80.01,246.83,223.47,0.8979,0.4115,34.5,daytime
2024-02-19 17:00:00,Itwari,334.68,58.47,286.62,227.87,0.936,0.0307,30.7,daytime
2024-02-19 17:00:00,Manewada,300.63,12.73,295.31,229.69,0.8788,0.1399,33.4,daytime
2024-02-19 17:00:00,Hingna,276.44,32.98,252.71,228.62,0.9681,0.0286,32.8,daytime
2024-02-19 18:00:00,Dharampeth,330.87,0,311.49,232.19,0.9479,0.1422,31.4,peak
2024-02-19 18:00:00,Sitabuldi,322.94,22.14,302.28,230.23,0.8499,0.1246,37.3,peak
2024-02-19 18:00:00,Gandhibagh,329.91,23.97,309.39,224.38,0.9539,0.0694,35.6,peak
2024-02-19 18:00:00,Lakadganj,354.76,0.46,359.98,240.04,0.9151,0.1729,36.2,peak
2024-02-19 18:00:00,Sadar,345.36,30.32,310.88,240.34,0.8866,0.0813,36.0,peak
2024-02-19 18:00:00,Itwari,346.57,1.87,350.84,230.21,0.9312,0.037,32.6,peak
2024-02-19 18:00:00,Manewada,372.12,14.02,360.31,239.87,0.8561,0.1724,32.4,peak
2024-02-19 18:00:00,Hingna,354.55,0,355.71,231.02,0.971,0.0597,35.6,peak
2024-02-19 19:00:00,Dharampeth,290.78,0,282.53,231.9,0.8627,0.0597,34.7,peak
2024-02-19 19:00:00,Sitabuldi,339.49,0,350.42,220.64,0.8797,0.1193,34.6,peak
2024-02-19 19:00:00,Gandhibagh,339.17,0,329.87,235.95,0.9106,0.1655,32.4,peak
2024-02-19 19:00:00,Lakadganj,370.72,0,386.14,221.83,0.918,0.0821,31.3,peak
2024-02-19 19:00:00,Sadar,297.85,0,311.62,235.39,0.9663,0.6346,35.3,peak
2024-02-19 19:00:00,Itwari,352.79,0,336.59,226.85,0.9402,0.1567,33.5,peak
2024-02-19 19:00:00,Manewada,283.26,0,282.46,225.23,0.9695,0.0216,34.3,peak
2024-02-19 19:00:00,Hingna,347.23,0,353.25,239.35,0.9136,0.1711,32.7,peak
2024-02-19 20:00:00,Dharampeth,319.59,0,324.15,241.13,0.9304,0.094,34.6,peak
2024-02-19 20:00:00,Sitabuldi,386.76,0,393.88,227.72,0.969,0.0615,34.4,peak
2024-02-19 20:00:00,Gandhibagh,282.32,0,271.19,237.16,0.8971,0.1584,34.3,peak
2024-02-19 20:00:00,Lakadganj,266.15,0,269.87,233.14,0.9309,0.0981,31.3,peak
2024-02-19 20:00:00,Sadar,279.2,0,282.17,230.36,0.9166,0.4248,34.8,peak
2024-02-19 20:00:00,Itwari,286.13,0,288.34,225.22,0.9205,0.0378,33.6,peak
2024-02-19 20:00:00,Manewada,277.2,0,291.02,218.3,0.9238,0.1603,33.5,peak
2024-02-19 20:00:00,Hingna,306.83,0,320.24,224.27,0.9257,0.0265,35.4,peak
2024-02-19 21:00:00,Dharampeth,294.44,0,283.63,228.35,0.9369,0.07,37.0,peak
2024-02-19 21:00:00,Sitabuldi,347.09,0,342.31,229.96,0.9252,0.0884,31.4,peak
2024-02-19 21:00:00,Gandhibagh,305.55,0,305.39,224.15,0.9259,0.0638,34.2,peak
2024-02-19 21:00:00,Lakadganj,264.99,0,271.05,233.53,0.9208,0.1278,36.1,peak
2024-02-19 21:00:00,Sadar,301.27,0,295.17,224.65,0.8955,0.0982,36.7,peak
2024-02-19 21:00:00,Itwari,332.02,0,324.42,230.17,0.8836,0.1458,36.1,peak
2024-02-19 21:00:00,Manewada,291.93,0,291.62,225.98,0.8991,0.0195,35.7,peak
2024-02-19 21:00:00,Hingna,402.48,0,401.49,226.97,0.8514,0.0954,36.0,peak
2024-02-19 22:00:00,Dharampeth,271.63,0,262.4,230.54,0.8955,0.1517,34.6,peak
2024-02-19 22:00:00,Sitabuldi,232.95,0,252.04,231.44,0.953,0.0177,35.8,peak
2024-02-19 22:00:00,Gandhibagh,334.93,0,332.72,232.43,0.9063,0.0342,36.9,peak
2024-02-19 22:00:00,Lakadganj,342.24,0,348.9,229.72,0.918,0.1388,31.7,peak
2024-02-19 22:00:00,Sadar,349.02,0,341.04,229.4,0.9667,0.1602,33.1,peak
2024-02-19 22:00:00,Itwari,319.48,0,324.89,230.9,0.883,0.1208,36.2,peak
2024-02-19 22:00:00,Manewada,296.45,0,297.65,228.74,0.895,0.1439,35.4,peak
2024-02-19 22:00:00,Hingna,315.34,0,327.85,233.05,0.9294,0.0335,28.9,peak
2024-02-19 23:00:00,Dharampeth,163.6,0,167.92,230.07,0.9145,0.0883,32.9,night
2024-02-19 23:00:00,Sitabuldi,263.56,0,266.1,231.03,0.9054,0.1295,33.0,night
2024-02-19 23:00:00,Gandhibagh,237.71,0,243.22,228.94,0.9104,0.1376,34.2,night
2024-02-19 23:00:00,Lakadganj,188.9,0,176.03,226.66,0.8992,0.1009,33.1,night
2024-02-19 23:00:00,Sadar,233.55,0,215.33,221.76,0.8799,0.0319,35.8,night
2024-02-19 23:00:00,Itwari,207.72,0,212.67,233.62,0.8991,0.0653,34.2,night
2024-02-19 23:00:00,Manewada,256.36,0,254.01,223.56,0.8708,0.08,38.5,night
2024-02-19 23:00:00,Hingna,216.18,0,226.55,217.85,0.938,0.5168,35.1,night
2024-02-20 00:00:00,Dharampeth,280.15,0,279.68,231.41,0.9682,0.043,37.3,night
2024-02-20 00:00:00,Sitabuldi,172.37,0,161.74,238.11,0.9821,0.0567,36.1,night
2024-02-20 00:00:00,Gandhibagh,297.66,0,293.61,230.13,0.9445,0.0899,36.8,night
2024-02-20 00:00:00,Lakadganj,286.1,0,271.59,233.67,0.9577,0.0378,32.1,night
2024-02-20 00:00:00,Sadar,263.1,0,254.46,226.92,0.9415,0.1325,36.6,night
2024-02-20 00:00:00,Itwari,229.61,0,228.7,224.29,0.9199,0.0155,31.2,night
2024-02-20 00:00:00,Manewada,236.03,0,241.3,232.38,0.9461,0.1621,35.1,night
2024-02-20 00:00:00,Hingna,208.68,0,201.95,233.05,0.9558,0.0861,32.2,night
2024-02-20 01:00:00,Dharampeth,218.24,0,230.0,231.89,0.9469,0.1114,36.0,night
2024-02-20 01:00:00,Sitabuldi,233.34,0,233.49,232.93,0.9424,0.0299,35.3,night
2024-02-20 01:00:00,Gandhibagh,248.5,0,239.63,227.44,0.9136,0.5412,35.5,night
2024-02-20 01:00:00,Lakadganj,291.79,0,296.04,233.81,0.9015,0.077,32.6,night
2024-02-20 01:00:00,Sadar,213.0,0,216.86,232.23,0.933,0.0522,37.4,night
2024-02-20 01:00:00,Itwari,246.8,0,246.32,229.71,0.9089,0.0758,34.0,night
2024-02-20 01:00:00,Manewada,215.98,0,209.16,221.51,0.9351,0.108,35.9,night
2024-02-20 01:00:00,Hingna,217.87,0,216.04,231.64,0.8924,0.0744,31.9,night
2024-02-20 02:00:00,Dharampeth,237.17,0,244.99,224.13,0.9245,0.0591,29.5,night
2024-02-20 02:00:00,Sitabuldi,248.07,0,244.22,228.51,0.9474,0.0042,31.8,night
2024-02-20 02:00:00,Gandhibagh,213.79,0,227.88,238.49,0.8906,0.0632,33.5,night
2024-02-20 02:00:00,Lakadganj,256.85,0,259.24,236.86,0.9286,0.0457,31.3,night
2024-02-20 02:00:00,Sadar,212.49,0,205.25,227.74,0.9063,0.1277,32.6,night
2024-02-20 02:00:00,Itwari,238.36,0,231.22,228.12,0.9134,0.0052,33.7,night
2024-02-20 02:00:00,Manewada,229.42,0,224.45,227.82,0.8763,0.0748,34.1,night
2024-02-20 02:00:00,Hingna,256.63,0,258.95,232.19,0.9384,0.0543,34.6,night
2024-02-20 03:00:00,Dharampeth,259.38,0,245.96,235.19,0.9202,0.7805,34.6,night
2024-02-20 03:00:00,Sitabuldi,268.69,0,255.7,226.35,0.9216,0.0878,32.6,night
2024-02-20 03:00:00,Gandhibagh,166.24,0,167.72,231.73,0.9289,0.1257,33.6,night
2024-02-20 03:00:00,Lakadganj,307.3,0,306.48,224.54,0.9196,0.0643,29.8,night
2024-02-20 03:00:00,Sadar,221.67,0,237.13,235.13,0.9078,0.0849,37.5,night
2024-02-20 03:00:00,Itwari,295.79,0,291.19,233.16,0.9004,0.6057,36.0,night
2024-02-20 03:00:00,Manewada,190.13,0,194.46,233.06,0.9064,0.0138,34.4,night
2024-02-20 03:00:00,Hingna,251.33,0,263.8,228.14,0.8992,0.1733,33.6,night
2024-02-20 04:00:00,Dharampeth,216.37,0,209.21,235.65,0.8876,0.1632,36.1,night
2024-02-20 04:00:00,Sitabuldi,290.66,0,297.29,231.43,0.8636,0.0177,37.0,night
2024-02-20 04:00:00,Gandhibagh,219.47,0,231.22,233.89,0.8863,0.137,32.9,night
2024-02-20 04:00:00,Lakadganj,235.76,0,236.94,232.28,0.9049,0.1035,35.5,night
2024-02-20 04:00:00,Sadar,225.67,0,244.3,231.04,0.9702,0.056,34.7,night
2024-02-20 04:00:00,Itwari,237.45,0,238.15,225.85,0.9726,0.133,34.1,night
2024-02-20 04:00:00,Manewada,132.13,0,142.46,221.91,0.9065,0.171,32.6,night
2024-02-20 04:00:00,Hingna,243.02,0,245.23,236.41,0.9406,0.1304,32.3,night
2024-02-20 05:00:00,Dharampeth,252.37,0,256.54,228.03,0.9787,0.0694,30.1,night
2024-02-20 05:00:00,Sitabuldi,253.3,0,250.28,233.46,0.9435,0.1695,37.5,night
2024-02-20 05:00:00,Gandhibagh,243.76,0,244.53,231.81,0.9316,0.1664,35.0,night
2024-02-20 05:00:00,Lakadganj,189.12,0,191.61,230.83,0.8973,0.1171,33.4,night
2024-02-20 05:00:00,Sadar,275.55,0,290.18,230.2,0.9255,0.0032,35.0,night
2024-02-20 05:00:00,Itwari,255.58,0,268.92,234.2,0.9142,0.0824,33.6,night
2024-02-20 05:00:00,Manewada,208.37,0,197.25,222.96,0.947,0.5197,35.1,night
2024-02-20 05:00:00,Hingna,257.5,0,272.21,230.68,0.971,0.106,33.5,night
2024-02-20 06:00:00,Dharampeth,309.78,0,320.41,228.2,0.9623,0.0501,34.2,daytime
2024-02-20 06:00:00,Sitabuldi,264.02,0,287.8,232.57,0.9499,0.1012,34.3,daytime
2024-02-20 06:00:00,Gandhibagh,285.83,20.93,269.34,227.63,0.9656,0.017,36.2,daytime
2024-02-20 06:00:00,Lakadganj,295.26,18.88,278.83,228.94,0.9276,0.1433,35.4,daytime
2024-02-20 06:00:00,Sadar,299.01,0,309.75,228.32,0.9093,0.1583,32.8,daytime
2024-02-20 06:00:00,Itwari,220.59,0,202.92,219.8,0.8886,0.0025,33.4,daytime
2024-02-20 06:00:00,Manewada,277.52,0,280.72,231.09,0.8896,0.0101,33.3,daytime
2024-02-20 06:00:00,Hingna,295.4,1.5,287.42,234.66,0.9225,0.0617,34.9,daytime
2024-02-20 07:00:00,Dharampeth,304.44,31.96,287.08,236.78,0.9157,0.1599,33.7,daytime
2024-02-20 07:00:00,Sitabuldi,259.84,51.07,200.15,229.9,0.8919,0.1502,34.6,daytime
2024-02-20 07:00:00,Gandhibagh,306.82,21.02,263.26,225.3,0.9556,0.1638,31.5,daytime
2024-02-20 07:00:00,Lakadganj,293.36,48.54,239.5,222.38,0.9793,0.1267,34.3,daytime
2024-02-20 07:00:00,Sadar,228.21,47.87,184.84,232.88,0.8929,0.0669,37.8,daytime
2024-02-20 07:00:00,Itwari,299.34,55.94,235.34,235.07,0.8903,0.1792,35.5,daytime
2024-02-20 07:00:00,Manewada,313.79,27.34,283.31,236.68,0.8976,0.0574,34.1,daytime
2024-02-20 07:00:00,Hingna,269.94,30.5,250.66,229.19,0.9685,0.044,33.6,daytime
2024-02-20 08:00:00,Dharampeth,315.65,99.18,226.28,236.34,0.9308,0.0726,34.2,daytime
2024-02-20 08:00:00,Sitabuldi,247.48,92.48,164.82,235.38,0.9333,0.0163,35.9,daytime
2024-02-20 08:00:00,Gandhibagh,293.58,80.61,226.96,228.44,0.8951,0.0261,28.7,daytime
2024-02-20 08:00:00,Lakadganj,224.96,114.67,106.76,217.67,0.9381,0.0715,33.0,daytime
2024-02-20 08:00:00,Sadar,265.07,62.26,193.46,232.82,0.9196,0.0088,35.7,daytime
2024-02-20 08:00:00,Itwari,249.27,92.65,162.74,222.2,0.9024,0.0742,32.1,daytime
2024-02-20 08:00:00,Manewada,284.03,79.93,198.02,236.66,0.9156,0.044,32.2,daytime
2024-02-20 08:00:00,Hingna,251.43,74.28,183.17,236.7,0.899,0.1302,32.2,daytime
2024-02-20 09:00:00,Dharampeth,364.61,120.19,246.8,234.67,0.8896,0.0916,32.7,peak
2024-02-20 09:00:00,Sitabuldi,392.39,112.02,279.18,237.73,0.9425,0.0921,32.9,peak
2024-02-20 09:00:00,Gandhibagh,347.18,136.73,231.72,229.65,0.96,0.1725,39.3,peak
2024-02-20 09:00:00,Lakadganj,334.83,112.36,212.34,232.96,0.8811,0.0325,34.3,peak
2024-02-20 09:00:00,Sadar,374.86,102.48,270.33,229.04,0.9185,0.0054,33.7,peak
2024-02-20 09:00:00,Itwari,365.74,118.01,245.9,236.0,0.9309,0.158,33.1,peak
2024-02-20 09:00:00,Manewada,364.76,126.47,248.06,224.8,0.9383,0.0501,31.6,peak
2024-02-20 09:00:00,Hingna,382.6,144.27,230.72,237.11,0.966,0.1373,32.6,peak
2024-02-20 10:00:00,Dharampeth,372.16,157.95,221.45,233.55,0.9084,0.1173,35.1,peak
2024-02-20 10:00:00,Sitabuldi,322.99,149.01,181.45,234.04,0.8693,0.0744,35.8,peak
2024-02-20 10:00:00,Gandhibagh,309.27,138.04,167.55,225.17,0.9728,0.083,35.3,peak
2024-02-20 10:00:00,Lakadganj,389.06,157.72,220.93,234.67,0.9108,0.0347,32.8,peak
2024-02-20 10:00:00,Sadar,355.75,157.49,201.95,222.53,0.9995,0.0584,36.7,peak
2024-02-20 10:00:00,Itwari,319.15,130.22,174.4,222.47,0.912,0.126,34.9,peak
2024-02-20 10:00:00,Manewada,386.21,177.83,199.12,227.65,0.8684,0.155,36.2,peak
2024-02-20 10:00:00,Hingna,286.1,168.79,129.98,225.25,0.9126,0.041,36.3,peak
2024-02-20 11:00:00,Dharampeth,340.32,173.94,139.12,224.3,0.9238,0.0235,35.0,peak
2024-02-20 11:00:00,Sitabuldi,325.86,176.93,154.3,233.1,0.9593,0.0279,32.9,peak
2024-02-20 11:00:00,Gandhibagh,359.41,190.07,182.72,236.92,0.9113,0.0204,32.2,peak
2024-02-20 11:00:00,Lakadganj,410.19,168.62,251.23,234.42,0.9242,0.1646,35.2,peak
2024-02-20 11:00:00,Sadar,375.16,187.92,179.7,239.59,0.8973,0.1145,28.6,peak
2024-02-20 11:00:00,Itwari,328.07,192.32,131.82,222.31,0.923,0.0248,33.6,peak
2024-02-20 11:00:00,Manewada,406.05,158.24,242.44,225.09,0.9228,0.1452,29.0,peak
2024-02-20 11:00:00,Hingna,382.43,147.45,229.73,237.4,0.9066,0.0524,34.7,peak
2024-02-20 12:00:00,Dharampeth,409.42,176.94,232.6,228.93,0.9013,0.0721,34.2,peak
2024-02-20 12:00:00,Sitabuldi,327.52,162.96,166.29,237.47,0.8941,0.0423,33.9,peak
2024-02-20 12:00:00,Gandhibagh,433.35,190.96,255.56,226.88,0.9289,0.0248,36.6,peak
2024-02-20 12:00:00,Lakadganj,384.4,206.9,182.66,226.63,0.8969,0.0135,32.8,peak
2024-02-20 12:00:00,Sadar,315.3,168.89,144.42,220.24,0.9398,0.1032,32.1,peak
2024-02-20 12:00:00,Itwari,365.79,170.43,197.9,232.61,0.9069,0.0118,30.7,peak
2024-02-20 12:00:00,Manewada,412.62,167.0,255.03,225.92,0.942,0.1021,35.3,peak
2024-02-20 12:00:00,Hingna,338.24,180.65,166.26,226.89,0.9219,0.1539,34.5,peak
2024-02-20 13:00:00,Dharampeth,343.15,177.38,177.37,229.12,0.9369,0.1261,37.8,daytime
2024-02-20 13:00:00,Sitabuldi,262.88,171.22,83.18,228.96,0.9189,0.0343,36.2,daytime
2024-02-20 13:00:00,Gandhibagh,240.12,213.99,21.75,227.71,0.9667,0.0871,36.1,daytime
2024-02-20 13:00:00,Lakadganj,388.44,161.41,227.33,230.32,0.9158,0.1348,34.5,daytime
2024-02-20 13:00:00,Sadar,280.04,187.06,79.05,228.31,0.9096,0.1141,34.2,daytime
2024-02-20 13:00:00,Itwari,275.87,168.69,100.5,229.31,0.8985,0.0015,35.5,daytime
2024-02-20 13:00:00,Manewada,294.65,154.95,125.69,233.24,0.8994,0.1324,32.2,daytime
2024-02-20 13:00:00,Hingna,284.74,140.83,153.78,241.23,0.8802,0.0578,37.9,daytime
2024-02-20 14:00:00,Dharampeth,261.68,153.71,104.68,224.09,0.8686,0.1703,31.6,daytime
2024-02-20 14:00:00,Sitabuldi,310.07,153.8,144.35,233.87,0.9382,0.1228,35.3,daytime
2024-02-20 14:00:00,Gandhibagh,199.09,181.03,16.34,227.12,0.9158,0.0496,35.7,daytime
2024-02-20 14:00:00,Lakadganj,268.26,140.84,120.25,223.33,0.9154,0.0191,29.8,daytime
2024-02-20 14:00:00,Sadar,226.9,140.91,79.05,227.06,0.8792,0.136,34.0,daytime
2024-02-20 14:00:00,Itwari,282.7,164.36,98.22,225.85,0.9235,0.0114,33.0,daytime
2024-02-20 14:00:00,Manewada,270.49,165.0,96.26,214.38,0.8986,0.0996,34.7,daytime
2024-02-20 14:00:00,Hingna,272.08,158.98,119.41,230.23,0.9192,0.0784,33.0,daytime
2024-02-20 15:00:00,Dharampeth,286.28,124.17,179.54,227.75,0.9703,0.3887,37.0,daytime
2024-02-20 15:00:00,Sitabuldi,270.78,117.59,165.59,233.39,0.9084,0.1413,31.1,daytime
2024-02-20 15:00:00,Gandhibagh,305.46,153.35,148.54,230.58,0.8963,0.1481,31.0,daytime
2024-02-20 15:00:00,Lakadganj,270.13,134.05,129.19,226.41,0.9454,0.097,31.4,daytime
2024-02-20 15:00:00,Sadar,321.33,138.84,184.66,230.55,0.9011,0.1655,34.3,daytime
2024-02-20 15:00:00,Itwari,218.51,126.13,80.63,233.91,0.9629,0.0895,31.9,daytime
2024-02-20 15:00:00,Manewada,397.64,123.59,255.04,228.98,0.8687,0.0442,33.3,daytime
2024-02-20 15:00:00,Hingna,313.23,101.76,197.56,226.61,0.9367,0.0099,36.2,daytime
2024-02-20 16:00:00,Dharampeth,278.48,95.65,167.31,234.04,0.9212,0.0384,31.4,daytime
2024-02-20 16:00:00,Sitabuldi,311.85,89.95,229.21,223.56,0.9345,0.0144,36.0,daytime
2024-02-20 16:00:00,Gandhibagh,314.25,119.78,196.29,230.63,0.8966,0.1469,35.6,daytime
2024-02-20 16:00:00,Lakadganj,340.0,79.57,269.28,235.18,0.9052,0.0601,33.8,daytime
2024-02-20 16:00:00,Sadar,262.53,87.14,163.47,237.14,0.9395,0.18,33.5,daytime
2024-02-20 16:00:00,Itwari,241.04,85.94,159.72,233.21,0.8799,0.1483,34.7,daytime
2024-02-20 16:00:00,Manewada,293.4,102.2,194.29,235.38,0.9099,0.1535,31.3,daytime
2024-02-20 16:00:00,Hingna,289.54,84.65,196.44,225.7,0.8917,0.0525,34.8,daytime
2024-02-20 17:00:00,Dharampeth,279.38,35.3,234.79,232.42,0.9385,0.0676,37.2,daytime
2024-02-20 17:00:00,Sitabuldi,328.21,44.69,283.84,234.24,0.9556,0.1062,39.0,daytime
2024-02-20 17:00:00,Gandhibagh,303.93,51.15,240.12,237.02,0.9491,0.0108,33.6,daytime
2024-02-20 17:00:00,Lakadganj,239.39,56.98,178.2,230.34,0.893,0.1156,32.4,daytime
2024-02-20 17:00:00,Sadar,291.49,46.65,246.92,224.28,0.9444,0.1459,31.2,daytime
2024-02-20 17:00:00,Itwari,251.96,36.59,218.53,225.53,0.9389,0.0485,34.6,daytime
2024-02-20 17:00:00,Manewada,235.28,3.59,239.77,232.6,0.8932,0.0136,32.6,daytime
2024-02-20 17:00:00,Hingna,230.29,47.39,180.58,231.67,0.9087,0.1449,34.7,daytime
2024-02-20 18:00:00,Dharampeth,322.06,7.96,325.3,222.45,0.9356,0.1169,34.0,peak
2024-02-20 18:00:00,Sitabuldi,290.97,3.5,301.87,229.0,0.9268,0.1563,33.4,peak
2024-02-20 18:00:00,Gandhibagh,430.26,16.67,424.88,230.18,0.902,0.6565,32.0,peak
2024-02-20 18:00:00,Lakadganj,338.72,22.07,331.09,235.0,0.9243,0.0261,33.7,peak
2024-02-20 18:00:00,Sadar,348.06,0,344.62,234.64,0.9232,0.0354,32.8,peak
2024-02-20 18:00:00,Itwari,354.3,2.54,367.18,229.38,0.9011,0.1578,31.9,peak
2024-02-20 18:00:00,Manewada,390.05,5.56,387.73,236.11,0.9749,0.118,34.8,peak
2024-02-20 18:00:00,Hingna,314.86,18.1,283.93,229.92,0.9394,0.0869,34.9,peak
2024-02-20 19:00:00,Dharampeth,330.53,0,344.98,226.02,0.9633,0.0886,30.5,peak
2024-02-20 19:00:00,Sitabuldi,263.18,0,242.79,235.31,0.8936,0.0265,33.3,peak
2024-02-20 19:00:00,Gandhibagh,377.83,0,381.37,233.69,0.8894,0.1756,31.7,peak
2024-02-20 19:00:00,Lakadganj,347.42,0,345.93,233.32,0.9506,0.1783,34.4,peak
2024-02-20 19:00:00,Sadar,313.59,0,316.82,227.56,0.9176,0.0562,36.8,peak
2024-02-20 19:00:00,Itwari,331.21,0,333.37,233.65,0.8833,0.1546,34.9,peak
2024-02-20 19:00:00,Manewada,327.47,0,328.26,223.72,0.9201,0.0931,33.7,peak
2024-02-20 19:00:00,Hingna,293.23,0,285.13,223.81,0.8872,0.1606,36.0,peak
2024-02-20 20:00:00,Dharampeth,258.65,0,256.41,225.47,0.9278,0.1099,33.9,peak
2024-02-20 20:00:00,Sitabuldi,288.4,0,289.33,227.88,0.9269,0.004,33.5,peak
2024-02-20 20:00:00,Gandhibagh,318.49,0,311.22,234.01,0.9346,0.1038,31.2,peak
2024-02-20 20:00:00,Lakadganj,286.86,0,283.58,228.46,0.948,0.1703,35.7,peak
2024-02-20 20:00:00,Sadar,374.77,0,377.04,238.9,0.862,0.0482,32.1,peak
2024-02-20 20:00:00,Itwari,284.45,0,294.05,238.51,0.8806,0.1025,32.5,peak
2024-02-20 20:00:00,Manewada,310.28,0,315.72,224.79,0.9066,0.0511,34.9,peak
2024-02-20 20:00:00,Hingna,267.39,0,259.51,231.94,0.8549,0.0862,30.1,peak
2024-02-20 21:00:00,Dharampeth,425.56,0,422.26,229.5,0.9415,0.088,35.4,peak
2024-02-20 21:00:00,Sitabuldi,273.28,0,283.3,225.31,0.9492,0.14,34.3,peak
2024-02-20 21:00:00,Gandhibagh,331.21,0,333.09,234.9,0.873,0.1728,33.2,peak
2024-02-20 21:00:00,Lakadganj,332.02,0,322.56,229.14,0.9051,0.1544,30.7,peak
2024-02-20 21:00:00,Sadar,270.9,0,284.25,237.13,0.9,0.1521,33.5,peak
2024-02-20 21:00:00,Itwari,327.86,0,344.26,230.98,0.9096,0.0271,34.5,peak
2024-02-20 21:00:00,Manewada,345.1,0,362.25,232.62,0.8943,0.0278,38.0,peak
2024-02-20 21:00:00,Hingna,274.4,0,280.82,222.3,0.8457,0.1125,34.4,peak
2024-02-20 22:00:00,Dharampeth,334.67,0,346.58,226.62,0.9146,0.0187,34.8,peak
2024-02-20 22:00:00,Sitabuldi,257.8,0,251.84,227.16,0.9506,0.0515,37.4,peak
2024-02-20 22:00:00,Gandhibagh,311.98,0,312.06,231.33,0.9221,0.0013,35.0,peak
2024-02-20 22:00:00,Lakadganj,327.73,0,321.71,238.29,0.9076,0.0799,33.3,peak
2024-02-20 22:00:00,Sadar,389.38,0,406.81,231.87,0.9872,0.1367,33.8,peak
2024-02-20 22:00:00,Itwari,241.24,0,231.9,233.95,0.9504,0.1164,35.5,peak
2024-02-20 22:00:00,Manewada,229.76,0,235.42,229.52,0.9191,0.0875,36.2,peak
2024-02-20 22:00:00,Hingna,324.71,0,318.19,220.84,0.8866,0.0809,33.2,peak
2024-02-20 23:00:00,Dharampeth,267.74,0,260.62,225.49,0.9751,0.1046,37.2,night
2024-02-20 23:00:00,Sitabuldi,161.7,0,157.5,230.34,0.9544,0.1422,30.0,night
2024-02-20 23:00:00,Gandhibagh,209.82,0,215.37,219.43,0.9373,0.1168,35.3,night
2024-02-20 23:00:00,Lakadganj,242.35,0,250.58,235.4,0.9053,0.4988,37.1,night
2024-02-20 23:00:00,Sadar,245.68,0,247.46,219.8,0.941,0.1089,32.3,night
2024-02-20 23:00:00,Itwari,227.54,0,216.18,224.95,0.9096,0.0261,32.7,night
2024-02-20 23:00:00,Manewada,215.43,0,207.15,236.13,0.9133,0.1302,33.5,night
2024-02-20 23:00:00,Hingna,204.42,0,219.7,234.44,0.9,0.0908,36.0,night
2024-02-21 00:00:00,Dharampeth,252.22,0,256.28,236.78,0.9144,0.1612,30.9,night
2024-02-21 00:00:00,Sitabuldi,247.58,0,236.05,224.88,0.899,0.0809,32.9,night
2024-02-21 00:00:00,Gandhibagh,234.08,0,231.6,228.55,0.9102,0.0888,32.8,night
2024-02-21 00:00:00,Lakadganj,185.03,0,190.07,236.93,0.9034,0.0638,31.5,night
2024-02-21 00:00:00,Sadar,204.15,0,217.48,239.26,0.9014,0.1698,32.8,night
2024-02-21 00:00:00,Itwari,230.63,0,232.09,227.87,0.919,0.0745,31.7,night
2024-02-21 00:00:00,Manewada,232.56,0,233.16,231.75,0.9284,0.078,37.2,night
2024-02-21 00:00:00,Hingna,249.78,0,248.81,228.83,0.8972,0.0581,33.6,night
2024-02-21 01:00:00,Dharampeth,294.9,0,310.07,236.02,0.9788,0.0786,33.7,night
2024-02-21 01:00:00,Sitabuldi,218.43,0,248.52,233.02,0.9245,0.1792,35.3,night
2024-02-21 01:00:00,Gandhibagh,202.66,0,204.4,227.96,0.9312,0.1681,33.7,night
2024-02-21 01:00:00,Lakadganj,282.96,0,289.44,228.98,0.9645,0.1082,35.4,night
2024-02-21 01:00:00,Sadar,241.24,0,263.31,225.91,0.943,0.0046,39.1,night
2024-02-21 01:00:00,Itwari,264.72,0,266.71,230.81,0.8754,0.0915,36.3,night
2024-02-21 01:00:00,Manewada,178.13,0,179.94,221.0,0.9462,0.1594,31.3,night
2024-02-21 01:00:00,Hingna,234.84,0,240.36,230.63,0.9636,0.0227,30.0,night
2024-02-21 02:00:00,Dharampeth,235.45,0,246.16,236.66,0.8984,0.1392,32.8,night
2024-02-21 02:00:00,Sitabuldi,290.75,0,310.29,235.33,0.8772,0.056,36.0,night
2024-02-21 02:00:00,Gandhibagh,186.38,0,204.75,231.18,0.9054,0.1749,35.1,night
2024-02-21 02:00:00,Lakadganj,225.38,0,245.23,241.28,0.9469,0.3151,37.3,night
2024-02-21 02:00:00,Sadar,207.32,0,203.38,241.14,0.9125,0.1023,33.4,night
2024-02-21 02:00:00,Itwari,249.94,0,247.92,229.9,0.937,0.1137,35.4,night
2024-02-21 02:00:00,Manewada,259.14,0,267.14,226.88,0.8787,0.0075,30.9,night
2024-02-21 02:00:00,Hingna,277.5,0,255.96,228.7,0.9198,0.0613,34.8,night
2024-02-21 03:00:00,Dharampeth,258.7,0,260.45,234.55,0.864,0.1559,33.9,night
2024-02-21 03:00:00,Sitabuldi,258.67,0,265.46,226.32,0.9115,0.0387,33.5,night
2024-02-21 03:00:00,Gandhibagh,231.31,0,242.88,234.41,0.8911,0.1326,31.6,night
2024-02-21 03:00:00,Lakadganj,240.95,0,245.65,228.77,0.9124,0.0733,34.5,night
2024-02-21 03:00:00,Sadar,194.35,0,206.78,222.78,0.8947,0.0901,35.7,night
2024-02-21 03:00:00,Itwari,313.3,0,305.35,231.86,0.8829,0.0549,32.1,night
2024-02-21 03:00:00,Manewada,214.84,0,226.51,230.47,0.8881,0.0067,31.5,night
2024-02-21 03:00:00,Hingna,197.78,0,197.87,234.52,0.9261,0.0455,36.0,night
2024-02-21 04:00:00,Dharampeth,187.53,0,187.28,231.34,0.8792,0.0505,35.1,night
2024-02-21 04:00:00,Sitabuldi,258.51,0,267.59,233.09,0.9571,0.0877,32.2,night
2024-02-21 04:00:00,Gandhibagh,266.2,0,274.47,234.03,0.9105,0.1274,33.6,night
2024-02-21 04:00:00,Lakadganj,284.74,0,281.42,227.7,0.9142,0.1633,34.6,night
2024-02-21 04:00:00,Sadar,165.09,0,143.6,230.66,0.8957,0.0389,31.4,night
2024-02-21 04:00:00,Itwari,254.34,0,242.04,232.69,0.9452,0.1729,37.8,night
2024-02-21 04:00:00,Manewada,245.49,0,232.73,234.29,0.9589,0.1575,32.5,night
2024-02-21 04:00:00,Hingna,252.05,0,253.42,223.79,0.8793,0.0902,35.5,night
2024-02-21 05:00:00,Dharampeth,210.69,0,232.86,229.94,0.9285,0.6771,33.2,night
2024-02-21 05:00:00,Sitabuldi,239.97,0,239.69,226.29,0.9432,0.1617,33.1,night
2024-02-21 05:00:00,Gandhibagh,267.98,0,276.97,227.7,0.9332,0.0596,33.5,night
2024-02-21 05:00:00,Lakadganj,295.41,0,291.24,232.44,0.9068,0.0109,32.8,night
2024-02-21 05:00:00,Sadar,286.92,0,269.28,231.18,0.9277,0.0481,34.5,night
2024-02-21 05:00:00,Itwari,242.85,0,251.32,226.27,0.941,0.0188,33.6,night
2024-02-21 05:00:00,Manewada,300.85,0,297.21,236.64,0.8982,0.1048,33.7,night
2024-02-21 05:00:00,Hingna,210.83,0,227.35,243.04,0.8748,0.1605,34.6,night
2024-02-21 06:00:00,Dharampeth,280.07,1.62,284.5,236.8,0.9492,0.0133,34.2,daytime
2024-02-21 06:00:00,Sitabuldi,320.47,0,324.76,225.99,0.9465,0.057,34.0,daytime
2024-02-21 06:00:00,Gandhibagh,287.74,0,289.07,226.75,0.8889,0.0157,32.4,daytime
2024-02-21 06:00:00,Lakadganj,269.37,0,252.22,225.42,0.8496,0.1799,33.9,daytime
2024-02-21 06:00:00,Sadar,297.19,7.78,277.4,225.53,0.8969,0.0637,34.7,daytime
2024-02-21 06:00:00,Itwari,304.47,0,313.37,229.81,0.9653,0.0054,32.5,daytime
2024-02-21 06:00:00,Manewada,293.99,0,317.35,231.67,0.905,0.1188,35.0,daytime
2024-02-21 06:00:00,Hingna,257.7,0,271.22,230.01,0.9213,0.3961,39.6,daytime
2024-02-21 07:00:00,Dharampeth,308.44,65.38,262.45,228.95,0.9329,0.1172,31.5,daytime
2024-02-21 07:00:00,Sitabuldi,286.86,48.79,236.0,230.91,0.9697,0.0352,33.6,daytime
2024-02-21 07:00:00,Gandhibagh,294.55,61.81,229.72,227.58,0.9341,0.1113,35.6,daytime
2024-02-21 07:00:00,Lakadganj,259.81,53.68,208.85,236.05,0.9297,0.3299,32.3,daytime
2024-02-21 07:00:00,Sadar,278.66,53.99,226.78,229.71,0.9249,0.0772,33.5,daytime
2024-02-21 07:00:00,Itwari,328.75,43.35,284.91,236.12,0.9554,0.1109,32.5,daytime
2024-02-21 07:00:00,Manewada,193.11,38.02,151.26,230.78,0.9258,0.1053,33.7,daytime
2024-02-21 07:00:00,Hingna,280.13,60.86,212.23,221.72,0.9356,0.1398,35.1,daytime
2024-02-21 08:00:00,Dharampeth,266.49,101.28,177.56,228.69,0.9327,0.048,35.4,daytime
2024-02-21 08:00:00,Sitabuldi,265.57,74.61,173.61,233.19,0.9219,0.1592,33.6,daytime
2024-02-21 08:00:00,Gandhibagh,243.6,82.02,149.98,229.91,0.9155,0.079,32.0,daytime
2024-02-21 08:00:00,Lakadganj,373.39,77.39,304.11,225.71,0.8728,0.1785,31.8,daytime
2024-02-21 08:00:00,Sadar,200.19,99.7,84.75,225.6,0.9447,0.1543,34.5,daytime
2024-02-21 08:00:00,Itwari,201.79,61.07,130.43,239.17,0.9417,0.1048,34.3,daytime
2024-02-21 08:00:00,Manewada,322.19,87.1,241.14,230.54,0.9738,0.1109,38.3,daytime
2024-02-21 08:00:00,Hingna,362.14,102.98,266.51,235.61,0.882,0.1289,35.3,daytime
2024-02-21 09:00:00,Dharampeth,329.6,107.29,222.0,238.93,0.9393,0.043,31.5,peak
2024-02-21 09:00:00,Sitabuldi,360.86,123.26,233.01,226.01,0.8848,0.0518,35.8,peak
2024-02-21 09:00:00,Gandhibagh,400.07,122.86,261.16,233.24,0.9082,0.4717,35.1,peak
2024-02-21 09:00:00,Lakadganj,393.86,124.04,257.92,237.33,0.9677,0.5874,33.0,peak
2024-02-21 09:00:00,Sadar,403.89,132.2,237.24,227.42,0.9474,0.1584,36.2,peak
2024-02-21 09:00:00,Itwari,399.33,127.55,259.13,233.84,0.9485,0.0351,39.5,peak
2024-02-21 09:00:00,Manewada,341.17,130.64,208.84,225.15,0.9091,0.1493,33.1,peak
2024-02-21 09:00:00,Hingna,306.75,106.26,197.57,226.42,0.9064,0.0095,36.6,peak
2024-02-21 10:00:00,Dharampeth,308.04,131.45,175.65,231.64,0.9357,0.0348,36.8,peak
2024-02-21 10:00:00,Sitabuldi,309.0,148.79,169.26,228.31,0.9245,0.0031,30.5,peak
2024-02-21 10:00:00,Gandhibagh,366.5,167.7,196.04,224.91,0.9287,0.1235,36.7,peak
2024-02-21 10:00:00,Lakadganj,331.68,140.2,183.14,236.21,0.8902,0.1382,33.7,peak
2024-02-21 10:00:00,Sadar,355.46,123.13,219.81,230.69,0.9409,0.773,32.9,peak
2024-02-21 10:00:00,Itwari,338.7,159.54,180.87,226.84,0.9031,0.1214,31.6,peak
2024-02-21 10:00:00,Manewada,357.01,169.53,196.86,227.12,0.9565,0.1105,31.3,peak
2024-02-21 10:00:00,Hingna,359.81,150.04,208.99,244.81,0.9329,0.0981,33.5,peak
2024-02-21 11:00:00,Dharampeth,347.36,152.48,176.16,238.07,0.904,0.1366,33.3,peak
2024-02-21 11:00:00,Sitabuldi,333.14,154.34,180.46,232.35,0.9441,0.0995,33.5,peak
2024-02-21 11:00:00,Gandhibagh,412.65,203.45,198.24,223.89,0.9536,0.0967,36.3,peak
2024-02-21 11:00:00,Lakadganj,382.07,193.83,202.31,226.93,0.9137,0.1051,34.7,peak
2024-02-21 11:00:00,Sadar,383.25,163.23,215.5,230.27,0.8783,0.5432,37.8,peak
2024-02-21 11:00:00,Itwari,300.66,183.25,109.68,229.05,0.9363,0.0728,33.7,peak
2024-02-21 11:00:00,Manewada,348.0,186.75,166.42,232.74,0.8946,0.1078,35.4,peak
2024-02-21 11:00:00,Hingna,311.48,177.3,132.12,236.16,0.9415,0.05,35.9,peak
2024-02-21 12:00:00,Dharampeth,354.26,198.12,161.92,235.21,0.9247,0.1037,34.0,peak
2024-02-21 12:00:00,Sitabuldi,379.84,181.71,208.49,235.49,0.9599,0.0473,29.0,peak
2024-02-21 12:00:00,Gandhibagh,362.81,198.78,154.98,233.59,0.8461,0.1135,34.6,peak
2024-02-21 12:00:00,Lakadganj,335.68,187.56,149.67,220.47,0.93,0.0987,32.7,peak
2024-02-21 12:00:00,Sadar,357.25,161.47,200.77,229.79,0.9078,0.0953,35.5,peak
2024-02-21 12:00:00,Itwari,296.68,218.24,62.56,243.99,0.8679,0.0979,32.4,peak
2024-02-21 12:00:00,Manewada,334.68,175.34,162.37,232.13,0.9222,0.127,38.5,peak
2024-02-21 12:00:00,Hingna,379.64,184.2,188.64,222.98,0.9189,0.0143,32.6,peak
2024-02-21 13:00:00,Dharampeth,237.22,194.24,58.72,225.8,0.9356,0.1797,34.1,daytime
2024-02-21 13:00:00,Sitabuldi,271.51,198.5,65.58,235.98,0.9377,0.093,36.1,daytime
2024-02-21 13:00:00,Gandhibagh,256.24,176.05,88.49,232.66,0.9341,0.1384,35.6,daytime
2024-02-21 13:00:00,Lakadganj,273.63,176.93,93.6,221.2,0.9503,0.0748,34.6,daytime
2024-02-21 13:00:00,Sadar,245.97,158.44,98.45,224.05,0.9265,0.0097,32.7,daytime
2024-02-21 13:00:00,Itwari,239.07,178.39,44.82,236.66,0.8834,0.0064,33.8,daytime
2024-02-21 13:00:00,Manewada,310.2,194.94,126.6,234.76,0.9422,0.132,37.7,daytime
2024-02-21 13:00:00,Hingna,275.36,156.38,134.82,236.38,0.9335,0.1063,38.6,daytime
2024-02-21 14:00:00,Dharampeth,263.08,155.87,105.87,232.92,0.9148,0.0697,38.0,daytime
2024-02-21 14:00:00,Sitabuldi,241.77,149.13,96.66,231.89,0.9213,0.1175,35.4,daytime
2024-02-21 14:00:00,Gandhibagh,221.52,146.3,72.64,230.81,0.8955,0.1328,34.2,daytime
2024-02-21 14:00:00,Lakadganj,263.17,180.34,97.38,235.86,0.9088,0.1692,35.3,daytime
2024-02-21 14:00:00,Sadar,321.77,157.24,157.97,232.36,0.9425,0.1226,33.5,daytime
2024-02-21 14:00:00,Itwari,255.04,183.86,67.7,228.7,0.9695,0.0114,31.6,daytime
2024-02-21 14:00:00,Manewada,273.64,166.17,106.74,226.09,0.8799,0.1367,31.9,daytime
2024-02-21 14:00:00,Hingna,240.24,166.61,71.34,224.95,0.8942,0.086,35.1,daytime
2024-02-21 15:00:00,Dharampeth,345.02,118.5,220.01,232.17,0.9169,0.0949,33.3,daytime
2024-02-21 15:00:00,Sitabuldi,311.97,159.64,152.65,222.93,0.9043,0.0399,32.5,daytime
2024-02-21 15:00:00,Gandhibagh,273.83,134.24,122.07,232.26,0.9409,0.03,37.1,daytime
2024-02-21 15:00:00,Lakadganj,266.91,122.75,125.62,239.4,0.9569,0.0924,35.0,daytime
2024-02-21 15:00:00,Sadar,272.4,155.78,121.43,221.77,0.9346,0.1008,36.2,daytime
2024-02-21 15:00:00,Itwari,304.82,132.91,191.91,226.36,0.9248,0.0327,28.4,daytime
2024-02-21 15:00:00,Manewada,239.53,112.68,123.99,224.32,0.9198,0.0279,33.0,daytime
2024-02-21 15:00:00,Hingna,323.75,135.19,197.25,226.68,0.9394,0.0143,33.6,daytime
2024-02-21 16:00:00,Dharampeth,289.18,100.87,183.09,231.59,0.9266,0.0177,30.7,daytime
2024-02-21 16:00:00,Sitabuldi,298.5,82.24,215.01,233.69,0.8718,0.0921,35.0,daytime
2024-02-21 16:00:00,Gandhibagh,223.95,107.57,121.31,227.99,0.886,0.0327,34.5,daytime
2024-02-21 16:00:00,Lakadganj,352.22,100.62,272.81,235.59,0.9198,0.1685,31.5,daytime
2024-02-21 16:00:00,Sadar,280.87,115.39,166.88,232.86,0.8864,0.1066,35.0,daytime
2024-02-21 16:00:00,Itwari,261.17,71.94,206.58,221.82,0.9027,0.0139,32.1,daytime
2024-02-21 16:00:00,Manewada,232.83,87.3,149.61,230.63,0.9118,0.0466,36.8,daytime
2024-02-21 16:00:00,Hingna,278.6,94.35,169.01,231.01,0.8769,0.0252,34.6,daytime
2024-02-21 17:00:00,Dharampeth,287.57,50.78,241.43,227.36,0.9079,0.0022,30.0,daytime
2024-02-21 17:00:00,Sitabuldi,230.48,42.63,173.33,221.44,0.8657,0.009,35.3,daytime
2024-02-21 17:00:00,Gandhibagh,303.64,26.64,262.46,231.54,0.9392,0.1598,30.6,daytime
2024-02-21 17:00:00,Lakadganj,270.84,46.1,223.9,229.84,0.8838,0.0233,28.6,daytime
2024-02-21 17:00:00,Sadar,320.45,45.43,257.13,227.91,0.9292,0.1723,34.5,daytime
2024-02-21 17:00:00,Itwari,271.48,38.5,240.18,230.43,0.9336,0.0681,34.2,daytime
2024-02-21 17:00:00,Manewada,304.01,46.23,269.55,234.56,0.8557,0.0823,36.1,daytime
2024-02-21 17:00:00,Hingna,217.0,35.94,188.35,234.2,0.881,0.0917,37.2,daytime
2024-02-21 18:00:00,Dharampeth,355.19,0,368.6,232.22,0.9451,0.0484,34.6,peak
2024-02-21 18:00:00,Sitabuldi,296.03,12.46,279.09,231.17,0.8474,0.1749,34.4,peak
2024-02-21 18:00:00,Gandhibagh,357.2,0,342.33,234.84,0.9212,0.1633,37.6,peak
2024-02-21 18:00:00,Lakadganj,372.48,0,361.26,232.34,0.9538,0.1362,36.7,peak
2024-02-21 18:00:00,Sadar,346.1,0,356.32,221.17,0.9113,0.0119,35.7,peak
2024-02-21 18:00:00,Itwari,327.26,0,323.02,220.82,0.9537,0.0157,33.4,peak
2024-02-21 18:00:00,Manewada,333.93,12.22,326.31,235.58,0.9171,0.1459,35.1,peak
2024-02-21 18:00:00,Hingna,360.24,24.61,328.78,224.63,0.9253,0.0229,32.4,peak
2024-02-21 19:00:00,Dharampeth,330.18,0,316.31,223.88,0.9309,0.1291,35.3,peak
2024-02-21 19:00:00,Sitabuldi,284.49,0,267.74,223.71,0.9003,0.0599,33.5,peak
2024-02-21 19:00:00,Gandhibagh,317.24,0,329.12,237.76,0.915,0.0066,35.1,peak
2024-02-21 19:00:00,Lakadganj,329.46,0,326.29,220.53,0.9031,0.0506,35.4,peak
2024-02-21 19:00:00,Sadar,377.62,0,395.09,232.03,0.9522,0.0465,34.8,peak
2024-02-21 19:00:00,Itwari,383.67,0,369.85,224.04,0.8894,0.1657,35.5,peak
2024-02-21 19:00:00,Manewada,307.0,0,315.18,233.76,0.9371,0.0845,33.1,peak
2024-02-21 19:00:00,Hingna,276.03,0,291.58,225.33,0.9399,0.1773,33.7,peak
2024-02-21 20:00:00,Dharampeth,292.57,0,334.96,228.62,0.8549,0.1061,32.4,peak
2024-02-21 20:00:00,Sitabuldi,268.8,0,256.47,232.91,0.9153,0.1307,33.1,peak
2024-02-21 20:00:00,Gandhibagh,356.58,0,341.74,232.91,0.9455,0.0858,34.8,peak
2024-02-21 20:00:00,Lakadganj,293.13,0,281.68,233.31,0.9125,0.0147,33.1,peak
2024-02-21 20:00:00,Sadar,292.99,0,296.82,236.84,0.9223,0.4362,33.4,peak
2024-02-21 20:00:00,Itwari,373.42,0,379.27,233.17,0.9534,0.1627,34.5,peak
2024-02-21 20:00:00,Manewada,288.36,0,298.82,233.11,0.9781,0.0318,35.8,peak
2024-02-21 20:00:00,Hingna,300.86,0,292.43,225.82,0.8755,0.1434,34.4,peak
2024-02-21 21:00:00,Dharampeth,349.66,0,356.16,230.45,0.9063,0.1728,34.6,peak
2024-02-21 21:00:00,Sitabuldi,288.82,0,285.57,223.8,0.9546,0.0951,35.5,peak
2024-02-21 21:00:00,Gandhibagh,349.16,0,362.23,232.28,0.8965,0.1688,35.9,peak
2024-02-21 21:00:00,Lakadganj,319.58,0,319.38,235.09,0.8986,0.143,32.4,peak
2024-02-21 21:00:00,Sadar,272.0,0,275.56,226.84,0.9514,0.167,30.2,peak
2024-02-21 21:00:00,Itwari,329.79,0,324.28,237.72,0.919,0.0568,34.0,peak
2024-02-21 21:00:00,Manewada,319.63,0,322.69,236.42,0.9186,0.1431,33.1,peak
2024-02-21 21:00:00,Hingna,297.81,0,298.34,232.31,0.9099,0.1661,33.7,peak
2024-02-21 22:00:00,Dharampeth,400.54,0,399.66,227.19,0.838,0.1225,33.6,peak
2024-02-21 22:00:00,Sitabuldi,336.19,0,332.38,233.43,0.9481,0.1617,34.5,peak
2024-02-21 22:00:00,Gandhibagh,370.2,0,369.86,228.16,0.895,0.0462,31.0,peak
2024-02-21 22:00:00,Lakadganj,323.81,0,332.65,233.08,0.9194,0.0714,32.0,peak
2024-02-21 22:00:00,Sadar,326.8,0,327.44,222.76,0.9008,0.0865,36.2,peak
2024-02-21 22:00:00,Itwari,361.32,0,349.73,223.85,0.9069,0.1074,32.6,peak
2024-02-21 22:00:00,Manewada,354.03,0,350.72,232.13,0.9461,0.134,31.3,peak
2024-02-21 22:00:00,Hingna,332.1,0,336.8,230.48,0.946,0.1163,32.8,peak
2024-02-21 23:00:00,Dharampeth,224.96,0,220.28,233.19,0.8967,0.1371,31.3,night
2024-02-21 23:00:00,Sitabuldi,251.95,0,246.44,225.99,0.897,0.1134,33.5,night
2024-02-21 23:00:00,Gandhibagh,257.74,0,250.31,232.19,0.9164,0.1401,34.9,night
2024-02-21 23:00:00,Lakadganj,177.4,0,184.62,233.74,0.9224,0.1555,34.1,night
2024-02-21 23:00:00,Sadar,235.3,0,245.11,235.53,0.9316,0.0567,33.3,night
2024-02-21 23:00:00,Itwari,244.1,0,244.51,227.01,0.8734,0.0914,34.2,night
2024-02-21 23:00:00,Manewada,184.57,0,191.78,228.07,0.9287,0.0496,33.8,night
2024-02-21 23:00:00,Hingna,245.67,0,266.26,235.45,0.9104,0.1592,36.5,night
2024-02-22 00:00:00,Dharampeth,215.01,0,213.65,237.25,0.9311,0.0539,36.2,night
2024-02-22 00:00:00,Sitabuldi,237.75,0,228.93,233.96,0.9443,0.0333,38.4,night
2024-02-22 00:00:00,Gandhibagh,198.51,0,192.83,225.51,0.9053,0.1334,34.5,night
2024-02-22 00:00:00,Lakadganj,222.4,0,212.39,231.88,0.9222,0.0124,34.4,night
2024-02-22 00:00:00,Sadar,286.91,0,285.05,233.39,0.8833,0.0553,35.0,night
2024-02-22 00:00:00,Itwari,211.72,0,196.25,236.62,0.8654,0.0684,34.0,night
2024-02-22 00:00:00,Manewada,160.91,0,157.87,225.08,0.8808,0.0903,34.3,night
2024-02-22 00:00:00,Hingna,211.27,0,200.64,232.72,0.9303,0.1749,31.8,night
2024-02-22 01:00:00,Dharampeth,247.48,0,237.11,238.99,0.9286,0.0315,32.2,night
2024-02-22 01:00:00,Sitabuldi,181.47,0,171.42,225.8,0.9717,0.0823,34.4,night
2024-02-22 01:00:00,Gandhibagh,240.46,0,237.95,231.37,0.908,0.1758,34.4,night
2024-02-22 01:00:00,Lakadganj,263.77,0,267.61,237.85,0.9144,0.1052,32.1,night
2024-02-22 01:00:00,Sadar,217.88,0,214.39,232.86,0.9527,0.1714,37.5,night
2024-02-22 01:00:00,Itwari,246.76,0,233.49,224.64,0.8898,0.1652,33.1,night
2024-02-22 01:00:00,Manewada,296.54,0,298.76,224.93,0.9281,0.0948,33.6,night
2024-02-22 01:00:00,Hingna,289.22,0,293.58,236.31,0.8855,0.0565,34.4,night
2024-02-22 02:00:00,Dharampeth,232.97,0,243.55,226.39,0.9269,0.1091,33.3,night
2024-02-22 02:00:00,Sitabuldi,263.22,0,279.35,224.09,0.8954,0.0814,33.6,night
2024-02-22 02:00:00,Gandhibagh,204.58,0,196.43,231.23,0.9339,0.006,33.0,night
2024-02-22 02:00:00,Lakadganj,261.57,0,235.69,232.11,0.9305,0.0834,35.8,night
2024-02-22 02:00:00,Sadar,267.4,0,265.33,236.81,0.9098,0.1288,32.4,night
2024-02-22 02:00:00,Itwari,203.61,0,212.52,218.16,0.9048,0.0289,35.8,night
2024-02-22 02:00:00,Manewada,252.44,0,246.49,231.88,0.9077,0.0314,34.4,night
2024-02-22 02:00:00,Hingna,222.96,0,243.13,233.59,0.8682,0.1106,35.7,night
2024-02-22 03:00:00,Dharampeth,206.55,0,209.69,230.45,0.9581,0.0314,34.0,night
2024-02-22 03:00:00,Sitabuldi,220.48,0,222.34,232.61,0.9179,0.1597,33.7,night
2024-02-22 03:00:00,Gandhibagh,308.1,0,299.63,232.33,0.9127,0.161,32.1,night
2024-02-22 03:00:00,Lakadganj,181.11,0,173.11,235.79,0.915,0.1163,33.5,night
2024-02-22 03:00:00,Sadar,172.84,0,174.93,236.87,0.9368,0.0532,35.0,night
2024-02-22 03:00:00,Itwari,195.16,0,207.16,226.28,0.9143,0.0058,34.5,night
2024-02-22 03:00:00,Manewada,242.53,0,220.44,234.44,0.9198,0.0436,33.0,night
2024-02-22 03:00:00,Hingna,245.88,0,244.59,234.65,0.9244,0.0655,34.8,night
2024-02-22 04:00:00,Dharampeth,217.06,0,219.86,234.8,0.9261,0.1562,31.2,night
2024-02-22 04:00:00,Sitabuldi,208.63,0,194.67,227.48,0.9299,0.0585,32.1,night
2024-02-22 04:00:00,Gandhibagh,220.6,0,201.81,240.54,0.8705,0.0703,32.5,night
2024-02-22 04:00:00,Lakadganj,199.76,0,183.55,222.93,0.9498,0.1508,33.9,night
2024-02-22 04:00:00,Sadar,223.18,0,215.1,232.01,0.9011,0.1627,31.9,night
2024-02-22 04:00:00,Itwari,218.69,0,210.72,224.17,0.9236,0.7164,32.5,night
2024-02-22 04:00:00,Manewada,249.42,0,235.36,229.66,0.9583,0.1056,32.4,night
2024-02-22 04:00:00,Hingna,274.19,0,279.25,225.49,0.9657,0.0661,35.7,night
2024-02-22 05:00:00,Dharampeth,255.69,0,250.64,225.92,0.9306,0.171,35.1,night
2024-02-22 05:00:00,Sitabuldi,288.88,0,280.63,227.01,0.8989,0.021,33.2,night
2024-02-22 05:00:00,Gandhibagh,152.01,0,164.04,230.44,0.9433,0.0225,33.2,night
2024-02-22 05:00:00,Lakadganj,242.67,0,250.53,235.68,0.8965,0.0677,32.0,night
2024-02-22 05:00:00,Sadar,195.74,0,196.86,231.97,0.884,0.0384,37.1,night
2024-02-22 05:00:00,Itwari,227.76,0,227.75,234.49,0.9149,0.0803,34.1,night
2024-02-22 05:00:00,Manewada,195.0,0,199.69,228.19,0.8763,0.1238,33.0,night
2024-02-22 05:00:00,Hingna,270.17,0,277.48,237.92,0.9178,0.1324,33.9,night
2024-02-22 06:00:00,Dharampeth,311.57,2.27,313.65,232.99,0.9047,0.0496,31.9,daytime
2024-02-22 06:00:00,Sitabuldi,310.36,6.16,311.91,236.38,0.8951,0.0549,34.2,daytime
2024-02-22 06:00:00,Gandhibagh,232.73,6.01,246.61,237.27,0.9432,0.081,35.4,daytime
2024-02-22 06:00:00,Lakadganj,291.49,0,285.01,234.62,0.9452,0.1722,34.8,daytime
2024-02-22 06:00:00,Sadar,328.74,0,326.26,228.45,0.9705,0.0191,29.8,daytime
2024-02-22 06:00:00,Itwari,240.79,0,245.82,233.53,0.9176,0.0102,30.1,daytime
2024-02-22 06:00:00,Manewada,259.67,0,250.51,235.12,0.8904,0.1492,35.1,daytime
2024-02-22 06:00:00,Hingna,279.54,0,278.56,234.35,0.9474,0.0132,34.8,daytime
2024-02-22 07:00:00,Dharampeth,312.03,48.65,272.47,229.15,0.9612,0.043,32.3,daytime
2024-02-22 07:00:00,Sitabuldi,302.29,41.28,265.55,227.57,0.9212,0.1477,34.4,daytime
2024-02-22 07:00:00,Gandhibagh,277.64,66.38,214.46,223.68,0.9263,0.0953,37.3,daytime
2024-02-22 07:00:00,Lakadganj,271.44,48.91,217.93,227.16,0.9397,0.0525,33.0,daytime
2024-02-22 07:00:00,Sadar,238.83,53.75,188.34,229.42,0.9719,0.1486,34.2,daytime
2024-02-22 07:00:00,Itwari,338.92,41.17,319.19,229.81,0.9065,0.1761,37.5,daytime
2024-02-22 07:00:00,Manewada,272.0,45.67,225.17,230.92,0.9262,0.1576,34.8,daytime
2024-02-22 07:00:00,Hingna,316.69,34.91,285.78,233.31,0.9018,0.1158,36.0,daytime
2024-02-22 08:00:00,Dharampeth,312.24,101.47,224.44,231.15,0.8338,0.1734,33.8,daytime
2024-02-22 08:00:00,Sitabuldi,269.79,86.9,175.33,226.72,0.8642,0.0551,31.8,daytime
2024-02-22 08:00:00,Gandhibagh,268.76,102.91,163.65,226.92,0.898,0.064,34.7,daytime
2024-02-22 08:00:00,Lakadganj,304.67,87.81,234.07,226.58,0.8673,0.1121,36.2,daytime
2024-02-22 08:00:00,Sadar,263.73,111.19,148.95,223.83,0.9334,0.0597,35.9,daytime
2024-02-22 08:00:00,Itwari,360.31,81.79,271.32,233.76,0.8945,0.0441,32.9,daytime
2024-02-22 08:00:00,Manewada,247.08,97.71,145.52,241.5,0.9366,0.0401,35.9,daytime
2024-02-22 08:00:00,Hingna,312.55,64.38,241.17,234.49,0.9474,0.0795,35.7,daytime
2024-02-22 09:00:00,Dharampeth,299.1,138.1,155.14,237.93,0.9265,0.1062,33.7,peak
2024-02-22 09:00:00,Sitabuldi,348.89,124.24,232.69,231.91,0.9079,0.0606,30.1,peak
2024-02-22 09:00:00,Gandhibagh,304.37,136.4,185.23,223.09,0.911,0.5082,29.6,peak
2024-02-22 09:00:00,Lakadganj,384.41,134.67,240.48,230.32,0.9704,0.0663,33.8,peak
2024-02-22 09:00:00,Sadar,362.08,124.99,233.96,222.39,0.9587,0.0378,35.5,peak
2024-02-22 09:00:00,Itwari,373.22,131.02,250.64,238.58,0.9111,0.012,31.6,peak
2024-02-22 09:00:00,Manewada,341.64,141.54,209.31,223.38,0.961,0.0002,31.3,peak
2024-02-22 09:00:00,Hingna,348.66,145.43,205.75,222.76,0.889,0.5563,31.5,peak
2024-02-22 10:00:00,Dharampeth,373.29,137.77,249.47,225.21,0.8931,0.0224,33.1,peak
2024-02-22 10:00:00,Sitabuldi,291.36,184.45,99.87,232.6,0.8864,0.1148,35.7,peak
2024-02-22 10:00:00,Gandhibagh,339.29,162.86,189.0,235.45,0.8859,0.1281,36.6,peak
2024-02-22 10:00:00,Lakadganj,346.66,163.64,192.43,227.86,0.9166,0.1047,32.4,peak
2024-02-22 10:00:00,Sadar,375.78,139.93,209.81,230.82,0.8754,0.0284,36.3,peak
2024-02-22 10:00:00,Itwari,336.16,142.34,186.61,234.91,0.9289,0.1468,37.3,peak
2024-02-22 10:00:00,Manewada,305.23,176.92,153.76,227.42,0.9264,0.3041,34.8,peak
2024-02-22 10:00:00,Hingna,362.16,118.91,239.88,219.67,0.9487,0.0313,33.8,peak
2024-02-22 11:00:00,Dharampeth,388.91,178.42,209.56,230.44,0.8934,0.0983,36.9,peak
2024-02-22 11:00:00,Sitabuldi,387.38,192.77,189.69,229.15,0.9218,0.1011,34.5,peak
2024-02-22 11:00:00,Gandhibagh,318.09,172.3,160.81,233.33,0.9118,0.0693,34.4,peak
2024-02-22 11:00:00,Lakadganj,365.18,186.09,178.15,236.81,0.8901,0.0352,37.1,peak
2024-02-22 11:00:00,Sadar,332.49,197.91,134.85,232.74,0.9453,0.0161,32.9,peak
2024-02-22 11:00:00,Itwari,351.76,159.16,202.67,236.84,0.9049,0.1085,34.3,peak
2024-02-22 11:00:00,Manewada,418.33,163.97,249.44,236.71,0.9075,0.0496,33.0,peak
2024-02-22 11:00:00,Hingna,344.39,167.3,160.93,223.19,0.9292,0.0762,35.1,peak
2024-02-22 12:00:00,Dharampeth,316.86,183.86,126.86,232.07,0.8636,0.1369,36.4,peak
2024-02-22 12:00:00,Sitabuldi,385.91,171.77,202.55,227.98,0.8665,0.1189,33.7,peak
2024-02-22 12:00:00,Gandhibagh,385.0,205.86,169.12,227.51,0.8619,0.1462,36.7,peak
2024-02-22 12:00:00,Lakadganj,368.21,164.02,203.51,230.66,0.9645,0.0647,32.3,peak
2024-02-22 12:00:00,Sadar,363.14,194.69,175.05,232.78,0.9524,0.13,35.9,peak
2024-02-22 12:00:00,Itwari,362.81,176.35,181.56,241.97,0.8958,0.0961,30.1,peak
2024-02-22 12:00:00,Manewada,406.69,201.13,183.22,224.88,0.9325,0.1591,34.6,peak
2024-02-22 12:00:00,Hingna,424.93,204.79,228.56,230.29,0.9101,0.1313,34.7,peak
2024-02-22 13:00:00,Dharampeth,303.39,170.29,138.82,222.02,0.9118,0.1326,35.4,daytime
2024-02-22 13:00:00,Sitabuldi,244.73,171.93,67.5,233.53,0.9022,0.5466,34.7,daytime
2024-02-22 13:00:00,Gandhibagh,270.2,169.34,94.38,237.56,0.9201,0.0562,35.4,daytime
2024-02-22 13:00:00,Lakadganj,306.02,184.06,108.24,228.69,0.9209,0.0187,30.6,daytime
2024-02-22 13:00:00,Sadar,315.22,161.62,140.66,222.26,0.9185,0.1724,35.3,daytime
2024-02-22 13:00:00,Itwari,276.72,171.55,110.96,229.2,0.9089,0.0116,33.0,daytime
2024-02-22 13:00:00,Manewada,251.91,165.63,69.74,235.65,0.8596,0.1575,29.5,daytime
2024-02-22 13:00:00,Hingna,305.69,167.46,135.07,225.01,0.9573,0.1361,35.4,daytime
2024-02-22 14:00:00,Dharampeth,253.6,172.81,80.7,230.05,0.9493,0.1774,36.0,daytime
2024-02-22 14:00:00,Sitabuldi,314.5,151.32,149.07,220.08,0.9463,0.0595,36.8,daytime
2024-02-22 14:00:00,Gandhibagh,299.97,187.31,110.25,225.98,0.96,0.077,32.3,daytime
2024-02-22 14:00:00,Lakadganj,278.45,179.48,115.96,224.21,0.945,0.0081,33.5,daytime
2024-02-22 14:00:00,Sadar,274.91,157.62,128.4,227.6,0.9368,0.1562,34.0,daytime
2024-02-22 14:00:00,Itwari,273.77,140.18,141.2,233.72,0.8964,0.0737,37.3,daytime
2024-02-22 14:00:00,Manewada,265.12,173.36,100.06,227.14,0.8932,0.1268,33.4,daytime
2024-02-22 14:00:00,Hingna,282.58,170.86,130.5,234.01,0.8935,0.1392,33.9,daytime
2024-02-22 15:00:00,Dharampeth,252.79,117.37,132.15,239.83,0.9354,0.1567,38.6,daytime
2024-02-22 15:00:00,Sitabuldi,324.04,134.55,176.59,230.08,0.942,0.0831,35.8,daytime
2024-02-22 15:00:00,Gandhibagh,333.04,133.21,218.93,231.06,0.9598,0.0945,34.6,daytime
2024-02-22 15:00:00,Lakadganj,298.2,131.42,153.61,225.61,0.9221,0.0817,36.7,daytime
2024-02-22 15:00:00,Sadar,293.92,152.2,142.15,228.43,0.9436,0.1662,33.5,daytime
2024-02-22 15:00:00,Itwari,282.3,146.46,141.71,228.6,0.9153,0.0797,37.3,daytime
2024-02-22 15:00:00,Manewada,197.19,125.18,56.5,227.4,0.9254,0.0603,36.4,daytime
2024-02-22 15:00:00,Hingna,250.8,109.39,129.43,229.89,0.9161,0.0296,34.1,daytime
2024-02-22 16:00:00,Dharampeth,258.86,80.45,156.54,230.51,0.8765,0.0434,32.6,daytime
2024-02-22 16:00:00,Sitabuldi,243.07,91.27,155.85,229.56,0.9218,0.0517,35.2,daytime
2024-02-22 16:00:00,Gandhibagh,293.51,99.06,199.36,228.13,1.0,0.1623,36.7,daytime
2024-02-22 16:00:00,Lakadganj,273.25,94.88,174.17,234.31,0.897,0.0876,32.9,daytime
2024-02-22 16:00:00,Sadar,390.68,101.13,291.69,225.42,0.9102,0.0432,29.6,daytime
2024-02-22 16:00:00,Itwari,276.14,109.31,177.71,226.67,0.8994,0.118,36.9,daytime
2024-02-22 16:00:00,Manewada,347.48,91.4,277.42,226.28,0.9281,0.0386,33.9,daytime
2024-02-22 16:00:00,Hingna,272.96,103.2,175.98,228.41,0.9467,0.1226,31.6,daytime
2024-02-22 17:00:00,Dharampeth,229.6,34.86,191.11,229.14,0.9393,0.0936,37.9,daytime
2024-02-22 17:00:00,Sitabuldi,257.92,56.98,212.92,227.16,0.933,0.1192,34.0,daytime
2024-02-22 17:00:00,Gandhibagh,358.74,37.17,315.66,225.64,0.8656,0.1657,33.0,daytime
2024-02-22 17:00:00,Lakadganj,334.49,55.35,281.26,227.37,0.9863,0.0143,34.4,daytime
2024-02-22 17:00:00,Sadar,285.3,58.02,195.22,224.91,0.9806,0.1148,33.2,daytime
2024-02-22 17:00:00,Itwari,226.97,55.23,184.42,227.46,0.8449,0.1042,35.2,daytime
2024-02-22 17:00:00,Manewada,286.11,66.98,219.84,240.75,0.9121,0.1631,32.9,daytime
2024-02-22 17:00:00,Hingna,285.99,64.85,230.46,219.82,0.906,0.14,35.0,daytime
2024-02-22 18:00:00,Dharampeth,359.87,0,341.99,229.25,0.8929,0.0026,35.0,peak
2024-02-22 18:00:00,Sitabuldi,408.28,0,390.51,225.19,0.9147,0.159,31.6,peak
2024-02-22 18:00:00,Gandhibagh,366.2,0,355.79,229.51,0.9241,0.082,31.8,peak
2024-02-22 18:00:00,Lakadganj,313.57,0,297.3,227.75,0.9314,0.1189,34.3,peak
2024-02-22 18:00:00,Sadar,408.53,9.49,396.15,232.11,0.9453,0.1053,32.5,peak
2024-02-22 18:00:00,Itwari,354.45,0,355.36,222.98,0.9133,0.0725,37.0,peak
2024-02-22 18:00:00,Manewada,376.43,0,388.52,230.94,0.926,0.0883,34.0,peak
2024-02-22 18:00:00,Hingna,356.84,1.53,345.33,231.01,0.9007,0.0553,34.2,peak
2024-02-22 19:00:00,Dharampeth,330.58,0,340.22,238.07,0.9111,0.0109,34.4,peak
2024-02-22 19:00:00,Sitabuldi,334.87,0,327.92,227.61,0.8907,0.1325,32.9,peak
2024-02-22 19:00:00,Gandhibagh,284.67,0,298.19,237.11,0.912,0.0895,31.8,peak
2024-02-22 19:00:00,Lakadganj,360.01,0,355.37,236.39,0.8984,0.0297,34.5,peak
2024-02-22 19:00:00,Sadar,339.06,0,353.77,232.01,0.9185,0.138,35.3,peak
2024-02-22 19:00:00,Itwari,312.44,0,321.64,230.7,0.9498,0.0543,31.4,peak
2024-02-22 19:00:00,Manewada,330.11,0,333.06,216.62,0.9275,0.0062,34.0,peak
2024-02-22 19:00:00,Hingna,354.96,0,360.54,224.82,0.9234,0.1145,35.0,peak
2024-02-22 20:00:00,Dharampeth,270.21,0,275.08,227.66,0.928,0.1666,33.9,peak
2024-02-22 20:00:00,Sitabuldi,412.77,0,410.55,240.7,0.98,0.0955,34.2,peak
2024-02-22 20:00:00,Gandhibagh,329.01,0,323.91,229.16,0.8498,0.4257,34.9,peak
2024-02-22 20:00:00,Lakadganj,315.66,0,325.01,235.14,0.943,0.0097,34.8,peak
2024-02-22 20:00:00,Sadar,337.76,0,358.91,238.4,0.9446,0.0138,33.3,peak
2024-02-22 20:00:00,Itwari,300.16,0,276.8,219.66,0.9195,0.1778,32.9,peak
2024-02-22 20:00:00,Manewada,324.39,0,319.71,223.8,0.9311,0.0562,34.6,peak
2024-02-22 20:00:00,Hingna,328.21,0,331.86,224.89,0.9329,0.1535,36.0,peak
2024-02-22 21:00:00,Dharampeth,320.34,0,305.48,222.69,0.916,0.0217,34.0,peak
2024-02-22 21:00:00,Sitabuldi,322.5,0,311.75,233.92,0.8672,0.066,33.4,peak
2024-02-22 21:00:00,Gandhibagh,308.94,0,298.5,226.67,0.9421,0.0785,31.0,peak
2024-02-22 21:00:00,Lakadganj,327.26,0,336.11,239.44,0.9007,0.1409,31.5,peak
2024-02-22 21:00:00,Sadar,354.1,0,345.98,229.76,0.9062,0.1186,37.7,peak
2024-02-22 21:00:00,Itwari,339.89,0,357.13,230.29,0.925,0.0317,30.0,peak
2024-02-22 21:00:00,Manewada,345.27,0,328.85,227.63,0.9192,0.0965,35.1,peak
2024-02-22 21:00:00,Hingna,341.79,0,349.9,232.69,0.944,0.0859,38.0,peak
2024-02-22 22:00:00,Dharampeth,323.9,0,325.91,224.29,0.889,0.1793,36.2,peak
2024-02-22 22:00:00,Sitabuldi,314.96,0,316.67,226.91,0.9045,0.022,34.5,peak
2024-02-22 22:00:00,Gandhibagh,281.72,0,271.05,226.54,0.9284,0.0783,37.5,peak
2024-02-22 22:00:00,Lakadganj,384.44,0,395.42,222.5,0.9249,0.0068,34.0,peak
2024-02-22 22:00:00,Sadar,328.78,0,314.85,224.11,0.9201,0.0227,35.1,peak
2024-02-22 22:00:00,Itwari,381.68,0,369.79,225.71,0.9468,0.0704,34.4,peak
2024-02-22 22:00:00,Manewada,288.25,0,283.61,226.03,0.8919,0.07,32.0,peak
2024-02-22 22:00:00,Hingna,349.46,0,354.84,231.35,0.9283,0.0748,34.7,peak
2024-02-22 23:00:00,Dharampeth,244.14,0,247.19,231.38,0.9909,0.1584,32.6,night
2024-02-22 23:00:00,Sitabuldi,273.75,0,276.66,224.11,0.9029,0.1018,34.5,night
2024-02-22 23:00:00,Gandhibagh,283.87,0,287.62,231.4,0.9287,0.6505,34.7,night
2024-02-22 23:00:00,Lakadganj,190.58,0,203.87,231.69,0.9203,0.0692,33.2,night
2024-02-22 23:00:00,Sadar,287.18,0,299.39,234.28,0.9205,0.1047,35.7,night
2024-02-22 23:00:00,Itwari,257.02,0,254.21,223.87,0.8869,0.0164,37.6,night
2024-02-22 23:00:00,Manewada,266.54,0,270.37,237.59,0.8987,0.0415,35.3,night
2024-02-22 23:00:00,Hingna,163.08,0,170.31,235.0,0.9104,0.1275,33.9,night
2024-02-23 00:00:00,Dharampeth,235.33,0,227.44,230.8,0.9845,0.0753,34.3,night
2024-02-23 00:00:00,Sitabuldi,283.98,0,273.39,228.47,0.9449,0.0246,32.2,night
2024-02-23 00:00:00,Gandhibagh,171.96,0,183.87,232.13,0.9023,0.1326,34.6,night
2024-02-23 00:00:00,Lakadganj,280.51,0,284.4,234.94,0.9006,0.1127,31.9,night
2024-02-23 00:00:00,Sadar,236.01,0,248.08,231.38,0.9441,0.0004,31.0,night
2024-02-23 00:00:00,Itwari,266.85,0,256.59,234.99,0.878,0.033,33.7,night
2024-02-23 00:00:00,Manewada,174.58,0,187.35,234.42,0.956,0.0663,37.4,night
2024-02-23 00:00:00,Hingna,252.71,0,246.94,227.86,0.8785,0.1412,34.2,night
2024-02-23 01:00:00,Dharampeth,262.97,0,243.79,229.14,0.8849,0.1637,34.9,night
2024-02-23 01:00:00,Sitabuldi,294.79,0,300.44,226.72,0.8849,0.1548,35.1,night
2024-02-23 01:00:00,Gandhibagh,220.08,0,211.42,235.09,0.9449,0.1396,35.9,night
2024-02-23 01:00:00,Lakadganj,248.52,0,257.4,232.82,0.9439,0.0762,34.6,night
2024-02-23 01:00:00,Sadar,283.85,0,281.58,230.14,0.8995,0.0357,34.7,night
2024-02-23 01:00:00,Itwari,242.53,0,245.53,235.07,0.9238,0.1604,35.1,night
2024-02-23 01:00:00,Manewada,187.04,0,175.48,232.35,0.9019,0.048,38.8,night
2024-02-23 01:00:00,Hingna,216.07,0,203.43,236.02,0.9022,0.1072,35.3,night
2024-02-23 02:00:00,Dharampeth,242.45,0,229.55,221.57,0.9222,0.1237,36.9,night
2024-02-23 02:00:00,Sitabuldi,267.38,0,257.42,238.31,0.9327,0.6554,33.3,night
2024-02-23 02:00:00,Gandhibagh,202.13,0,194.21,228.1,0.9387,0.166,33.3,night
2024-02-23 02:00:00,Lakadganj,232.0,0,243.9,233.81,0.9363,0.1038,35.3,night
2024-02-23 02:00:00,Sadar,281.16,0,269.05,231.95,0.8924,0.1095,32.1,night
2024-02-23 02:00:00,Itwari,256.86,0,256.43,232.24,0.8901,0.156,34.0,night
2024-02-23 02:00:00,Manewada,239.56,0,258.85,225.06,0.9355,0.1426,32.8,night
2024-02-23 02:00:00,Hingna,183.25,0,194.83,234.47,0.9637,0.0387,35.5,night
2024-02-23 03:00:00,Dharampeth,256.44,0,271.67,228.74,0.9025,0.1087,32.5,night
2024-02-23 03:00:00,Sitabuldi,258.53,0,255.42,228.25,0.8965,0.624,37.3,night
2024-02-23 03:00:00,Gandhibagh,275.16,0,290.56,233.33,0.9677,0.0006,30.2,night
2024-02-23 03:00:00,Lakadganj,280.27,0,298.97,230.12,0.9056,0.1266,35.8,night
2024-02-23 03:00:00,Sadar,214.0,0,239.43,228.84,0.9349,0.0117,34.3,night
2024-02-23 03:00:00,Itwari,194.48,0,195.38,231.81,0.9267,0.0011,30.4,night
2024-02-23 03:00:00,Manewada,216.46,0,206.57,233.8,0.9176,0.0828,35.4,night
2024-02-23 03:00:00,Hingna,181.87,0,192.52,228.03,0.9192,0.0136,31.3,night
2024-02-23 04:00:00,Dharampeth,225.72,0,211.31,232.84,0.8753,0.02,32.1,night
2024-02-23 04:00:00,Sitabuldi,242.43,0,247.61,233.04,0.9211,0.7429,35.6,night
2024-02-23 04:00:00,Gandhibagh,252.8,0,247.21,232.95,0.861,0.1613,36.1,night
2024-02-23 04:00:00,Lakadganj,263.43,0,260.59,232.42,0.9042,0.1736,35.7,night
2024-02-23 04:00:00,Sadar,212.92,0,223.09,229.44,0.9011,0.0815,35.2,night
2024-02-23 04:00:00,Itwari,257.28,0,249.92,228.16,0.8979,0.1607,37.1,night
2024-02-23 04:00:00,Manewada,255.2,0,265.26,229.41,0.962,0.0028,36.5,night
2024-02-23 04:00:00,Hingna,155.29,0,148.5,227.42,0.9139,0.0673,31.6,night
2024-02-23 05:00:00,Dharampeth,298.6,0,309.59,235.48,0.9051,0.0389,36.2,night
2024-02-23 05:00:00,Sitabuldi,228.59,0,232.1,223.7,0.9171,0.0483,34.6,night
2024-02-23 05:00:00,Gandhibagh,288.57,0,314.05,228.42,0.917,0.012,35.7,night
2024-02-23 05:00:00,Lakadganj,220.38,0,217.09,239.36,0.9568,0.0299,33.2,night
2024-02-23 05:00:00,Sadar,220.93,0,226.36,233.78,0.8895,0.1478,37.7,night
2024-02-23 05:00:00,Itwari,244.04,0,235.89,228.31,0.8901,0.1656,37.1,night
2024-02-23 05:00:00,Manewada,245.63,0,236.59,233.53,0.8579,0.1792,31.2,night
2024-02-23 05:00:00,Hingna,257.13,0,263.61,227.3,0.8796,0.064,35.1,night
2024-02-23 06:00:00,Dharampeth,335.67,0,319.64,233.65,0.9059,0.1459,32.1,daytime
2024-02-23 06:00:00,Sitabuldi,286.68,41.07,266.31,233.78,0.8898,0.4426,36.0,daytime
2024-02-23 06:00:00,Gandhibagh,300.25,17.38,267.02,228.4,0.9016,0.0922,30.8,daytime
2024-02-23 06:00:00,Lakadganj,259.13,2.94,256.42,225.92,0.896,0.1019,36.2,daytime
2024-02-23 06:00:00,Sadar,248.02,10.62,238.01,228.97,0.8928,0.0104,34.0,daytime
2024-02-23 06:00:00,Itwari,271.51,0,270.49,228.56,0.9798,0.052,31.6,daytime
2024-02-23 06:00:00,Manewada,158.05,2.53,162.94,223.7,0.9101,0.1126,32.4,daytime
2024-02-23 06:00:00,Hingna,266.34,0,266.27,225.82,0.9465,0.0098,33.1,daytime
2024-02-23 07:00:00,Dharampeth,249.3,46.49,212.41,227.98,0.9088,0.066,34.1,daytime
2024-02-23 07:00:00,Sitabuldi,319.38,42.17,275.72,228.26,0.9034,0.1595,35.7,daytime
2024-02-23 07:00:00,Gandhibagh,276.51,43.92,231.97,226.7,0.9205,0.0037,36.0,daytime
2024-02-23 07:00:00,Lakadganj,288.72,71.6,209.24,230.47,0.9321,0.0032,37.6,daytime
2024-02-23 07:00:00,Sadar,357.85,53.7,310.67,230.58,0.927,0.1727,33.9,daytime
2024-02-23 07:00:00,Itwari,313.23,62.83,237.77,230.7,0.9543,0.0067,32.4,daytime
2024-02-23 07:00:00,Manewada,227.26,45.3,204.33,233.03,0.876,0.0437,31.4,daytime
2024-02-23 07:00:00,Hingna,304.26,42.54,250.81,233.61,0.9481,0.1314,32.7,daytime
2024-02-23 08:00:00,Dharampeth,219.59,99.22,106.5,224.44,0.8887,0.0454,33.9,daytime
2024-02-23 08:00:00,Sitabuldi,296.75,93.18,196.94,231.76,0.9294,0.0725,36.0,daytime
2024-02-23 08:00:00,Gandhibagh,258.42,93.18,163.4,223.95,0.8748,0.0891,35.4,daytime
2024-02-23 08:00:00,Lakadganj,281.94,81.77,192.39,242.29,0.9402,0.0209,34.6,daytime
2024-02-23 08:00:00,Sadar,333.98,103.08,236.76,235.68,0.8853,0.1251,34.4,daytime
2024-02-23 08:00:00,Itwari,307.48,60.42,253.93,233.98,0.9304,0.1392,39.9,daytime
2024-02-23 08:00:00,Manewada,229.72,111.86,124.77,234.14,0.9222,0.0711,32.1,daytime
2024-02-23 08:00:00,Hingna,305.65,103.84,206.18,228.68,0.9297,0.172,36.3,daytime
2024-02-23 09:00:00,Dharampeth,393.08,136.08,265.56,225.87,0.9135,0.1665,34.0,peak
2024-02-23 09:00:00,Sitabuldi,352.66,132.39,224.11,225.31,0.9231,0.015,33.5,peak
2024-02-23 09:00:00,Gandhibagh,328.41,127.74,188.29,231.93,0.9588,0.0551,34.5,peak
2024-02-23 09:00:00,Lakadganj,333.98,102.12,226.75,238.93,0.8408,0.0014,35.0,peak
2024-02-23 09:00:00,Sadar,341.32,121.99,223.33,230.21,0.8568,0.1306,32.6,peak
2024-02-23 09:00:00,Itwari,333.78,127.49,213.04,227.54,0.9309,0.0691,36.7,peak
2024-02-23 09:00:00,Manewada,355.35,153.52,199.23,221.94,0.876,0.1448,31.9,peak
2024-02-23 09:00:00,Hingna,360.97,153.53,200.01,223.96,0.9269,0.0994,34.3,peak
2024-02-23 10:00:00,Dharampeth,320.99,156.58,186.4,230.77,0.9187,0.1107,31.3,peak
2024-02-23 10:00:00,Sitabuldi,337.14,163.19,170.52,226.21,0.9537,0.1495,31.2,peak
2024-02-23 10:00:00,Gandhibagh,391.28,160.09,220.92,216.3,0.9533,0.0839,37.5,peak
2024-02-23 10:00:00,Lakadganj,389.96,176.63,198.62,232.48,0.9254,0.1064,35.9,peak
2024-02-23 10:00:00,Sadar,358.36,152.85,198.65,225.9,0.8886,0.0388,29.7,peak
2024-02-23 10:00:00,Itwari,353.72,152.53,204.0,232.03,0.8609,0.1458,33.5,peak
2024-02-23 10:00:00,Manewada,383.61,161.58,217.49,228.68,0.8903,0.0899,36.6,peak
2024-02-23 10:00:00,Hingna,318.3,144.31,186.67,221.44,0.9322,0.1049,33.9,peak
2024-02-23 11:00:00,Dharampeth,371.16,168.9,198.64,229.74,0.9328,0.078,37.2,peak
2024-02-23 11:00:00,Sitabuldi,346.22,172.34,169.61,228.15,0.8998,0.1281,29.9,peak
2024-02-23 11:00:00,Gandhibagh,358.66,183.28,142.65,231.86,0.8953,0.1413,31.7,peak
2024-02-23 11:00:00,Lakadganj,280.99,168.23,97.58,227.83,0.9045,0.0387,32.6,peak
2024-02-23 11:00:00,Sadar,302.05,193.38,96.99,230.19,0.8968,0.1421,32.2,peak
2024-02-23 11:00:00,Itwari,465.53,187.41,273.86,240.09,0.9319,0.0412,34.4,peak
2024-02-23 11:00:00,Manewada,343.71,192.1,149.73,230.81,0.9022,0.1667,35.4,peak
2024-02-23 11:00:00,Hingna,425.74,184.09,254.32,234.83,0.9366,0.0897,36.1,peak
2024-02-23 12:00:00,Dharampeth,340.59,197.38,146.38,229.7,0.8903,0.072,39.8,peak
2024-02-23 12:00:00,Sitabuldi,420.86,157.05,274.04,217.13,0.9014,0.0857,34.7,peak
2024-02-23 12:00:00,Gandhibagh,316.05,195.27,116.32,228.96,0.9061,0.0619,34.1,peak
2024-02-23 12:00:00,Lakadganj,371.39,216.7,158.91,220.48,0.9648,0.0154,37.3,peak
2024-02-23 12:00:00,Sadar,377.8,214.28,180.36,232.33,0.937,0.1328,32.6,peak
2024-02-23 12:00:00,Itwari,336.65,181.74,162.41,227.56,0.8569,0.0092,38.3,peak
2024-02-23 12:00:00,Manewada,312.62,159.28,156.5,227.9,0.9534,0.0391,33.2,peak
2024-02-23 12:00:00,Hingna,349.94,204.35,149.25,227.13,0.9474,0.1398,33.9,peak
2024-02-23 13:00:00,Dharampeth,274.37,157.68,109.6,240.27,0.9255,0.08,33.4,daytime
2024-02-23 13:00:00,Sitabuldi,293.2,205.15,87.09,231.3,0.9745,0.1229,36.3,daytime
2024-02-23 13:00:00,Gandhibagh,236.55,185.5,53.91,229.85,0.8956,0.1588,36.1,daytime
2024-02-23 13:00:00,Lakadganj,270.92,171.06,104.81,235.47,0.9296,0.0222,35.0,daytime
2024-02-23 13:00:00,Sadar,304.01,193.34,122.64,221.04,0.9034,0.0993,36.0,daytime
2024-02-23 13:00:00,Itwari,238.83,187.01,61.46,231.87,0.8866,0.0381,34.6,daytime
2024-02-23 13:00:00,Manewada,174.71,176.32,10,238.91,0.9659,0.0656,35.6,daytime
2024-02-23 13:00:00,Hingna,319.46,185.47,137.75,234.35,0.9208,0.142,36.0,daytime
2024-02-23 14:00:00,Dharampeth,230.16,167.18,68.27,228.05,0.9068,0.0953,35.1,daytime
2024-02-23 14:00:00,Sitabuldi,265.9,173.08,90.04,234.59,0.8729,0.1448,34.7,daytime
2024-02-23 14:00:00,Gandhibagh,336.77,157.56,178.85,227.76,0.9163,0.1015,31.1,daytime
2024-02-23 14:00:00,Lakadganj,262.54,160.68,118.49,222.53,0.8696,0.1648,34.0,daytime
2024-02-23 14:00:00,Sadar,294.25,183.69,107.94,227.37,0.8819,0.1266,35.3,daytime
2024-02-23 14:00:00,Itwari,199.85,142.78,68.18,234.87,0.8776,0.0219,32.4,daytime
2024-02-23 14:00:00,Manewada,228.6,151.75,67.89,228.56,0.9165,0.0841,32.9,daytime
2024-02-23 14:00:00,Hingna,333.08,167.33,163.98,223.66,0.8451,0.1159,36.1,daytime
2024-02-23 15:00:00,Dharampeth,332.01,118.84,207.19,225.8,0.9276,0.1389,30.4,daytime
2024-02-23 15:00:00,Sitabuldi,326.14,127.09,200.39,232.45,0.9131,0.0884,32.6,daytime
2024-02-23 15:00:00,Gandhibagh,303.23,139.64,156.14,226.07,0.9413,0.0562,35.7,daytime
2024-02-23 15:00:00,Lakadganj,295.49,112.57,175.94,228.1,0.8771,0.1024,37.4,daytime
2024-02-23 15:00:00,Sadar,314.46,121.32,194.24,232.83,0.9104,0.0472,36.0,daytime
2024-02-23 15:00:00,Itwari,254.85,150.19,105.12,229.1,0.909,0.0572,34.8,daytime
2024-02-23 15:00:00,Manewada,251.62,145.24,116.81,229.79,0.9407,0.0516,31.5,daytime
2024-02-23 15:00:00,Hingna,242.63,139.39,101.81,234.29,0.936,0.1074,35.4,daytime
2024-02-23 16:00:00,Dharampeth,332.84,74.37,255.54,228.75,0.9436,0.1224,31.2,daytime
2024-02-23 16:00:00,Sitabuldi,241.88,107.16,137.8,227.08,0.9071,0.0686,36.2,daytime
2024-02-23 16:00:00,Gandhibagh,317.3,90.38,250.88,227.76,0.9241,0.1783,30.9,daytime
2024-02-23 16:00:00,Lakadganj,238.18,107.32,127.31,236.2,0.8935,0.1489,30.7,daytime
2024-02-23 16:00:00,Sadar,327.99,82.36,241.02,228.94,0.9526,0.0459,37.1,daytime
2024-02-23 16:00:00,Itwari,269.8,90.39,183.54,234.5,0.9124,0.064,35.8,daytime
2024-02-23 16:00:00,Manewada,286.37,75.94,205.8,221.26,0.9304,0.0165,35.1,daytime
2024-02-23 16:00:00,Hingna,283.7,103.75,177.72,226.54,0.8871,0.0174,35.2,daytime
2024-02-23 17:00:00,Dharampeth,276.48,54.85,222.34,227.3,0.9012,0.0442,33.2,daytime
2024-02-23 17:00:00,Sitabuldi,293.31,79.52,214.66,229.22,0.8891,0.1025,35.4,daytime
2024-02-23 17:00:00,Gandhibagh,281.29,46.24,211.51,224.04,0.9631,0.1208,31.5,daytime
2024-02-23 17:00:00,Lakadganj,292.39,22.08,277.41,231.74,0.9223,0.021,33.9,daytime
2024-02-23 17:00:00,Sadar,315.94,26.99,307.11,232.64,0.9473,0.0737,33.6,daytime
2024-02-23 17:00:00,Itwari,321.53,56.68,261.51,230.32,0.9046,0.1245,36.1,daytime
2024-02-23 17:00:00,Manewada,235.95,69.2,178.52,233.75,0.9644,0.033,32.0,daytime
2024-02-23 17:00:00,Hingna,268.29,49.54,230.23,234.89,0.9368,0.0009,36.0,daytime
2024-02-23 18:00:00,Dharampeth,346.99,0,344.52,227.06,0.9228,0.0695,33.0,peak
2024-02-23 18:00:00,Sitabuldi,332.01,0,324.26,228.07,0.9011,0.027,31.1,peak
2024-02-23 18:00:00,Gandhibagh,357.78,11.13,331.01,232.49,0.9521,0.1066,32.1,peak
2024-02-23 18:00:00,Lakadganj,364.36,0,370.28,227.18,0.8682,0.1523,35.1,peak
2024-02-23 18:00:00,Sadar,234.35,0.99,257.8,235.65,0.9469,0.0186,29.9,peak
2024-02-23 18:00:00,Itwari,320.11,49.23,257.19,231.87,0.8776,0.1605,36.1,peak
2024-02-23 18:00:00,Manewada,423.54,0.55,437.92,234.08,0.8888,0.1681,34.3,peak
2024-02-23 18:00:00,Hingna,377.25,7.96,378.75,227.92,0.9037,0.0992,34.1,peak
2024-02-23 19:00:00,Dharampeth,371.23,0,370.67,230.76,0.8883,0.1147,33.1,peak
2024-02-23 19:00:00,Sitabuldi,291.59,0,286.24,230.68,0.9093,0.0258,33.5,peak
2024-02-23 19:00:00,Gandhibagh,361.3,0,339.05,233.99,0.9272,0.1545,34.7,peak
2024-02-23 19:00:00,Lakadganj,324.42,0,320.92,225.49,0.9698,0.0487,33.7,peak
2024-02-23 19:00:00,Sadar,309.63,0,296.7,237.25,0.9345,0.0494,31.6,peak
2024-02-23 19:00:00,Itwari,257.18,0,267.67,228.82,0.9009,0.0627,33.8,peak
2024-02-23 19:00:00,Manewada,320.61,0,325.76,235.46,0.9007,0.1214,30.4,peak
2024-02-23 19:00:00,Hingna,285.75,0,294.91,229.61,0.9266,0.163,34.7,peak
2024-02-23 20:00:00,Dharampeth,276.89,0,267.25,225.8,0.9135,0.0353,34.6,peak
2024-02-23 20:00:00,Sitabuldi,339.69,0,346.22,230.63,0.8724,0.0436,34.6,peak
2024-02-23 20:00:00,Gandhibagh,382.84,0,360.79,236.14,0.9087,0.0427,32.0,peak
2024-02-23 20:00:00,Lakadganj,264.45,0,255.84,222.55,0.9547,0.1517,32.6,peak
2024-02-23 20:00:00,Sadar,313.94,0,311.88,231.72,0.8642,0.0251,33.9,peak
2024-02-23 20:00:00,Itwari,301.76,0,308.34,229.81,0.9734,0.0483,33.2,peak
2024-02-23 20:00:00,Manewada,310.58,0,315.13,227.01,0.9183,0.0371,39.0,peak
2024-02-23 20:00:00,Hingna,248.86,0,254.46,220.55,0.9302,0.0563,31.2,peak
2024-02-23 21:00:00,Dharampeth,384.57,0,392.96,221.83,0.9248,0.1158,34.8,peak
2024-02-23 21:00:00,Sitabuldi,279.69,0,277.09,227.16,0.9185,0.0405,33.0,peak
2024-02-23 21:00:00,Gandhibagh,308.54,0,300.49,233.02,0.862,0.1185,34.0,peak
2024-02-23 21:00:00,Lakadganj,301.0,0,288.31,240.11,0.998,0.1669,33.7,peak
2024-02-23 21:00:00,Sadar,287.24,0,284.24,228.19,0.9088,0.0332,33.9,peak
2024-02-23 21:00:00,Itwari,370.36,0,363.16,239.15,0.9481,0.1615,31.7,peak
2024-02-23 21:00:00,Manewada,296.03,0,299.62,224.61,0.9342,0.1574,31.9,peak
2024-02-23 21:00:00,Hingna,334.5,0,364.74,226.35,0.8924,0.0185,35.0,peak
2024-02-23 22:00:00,Dharampeth,274.31,0,258.3,231.32,0.9754,0.0131,32.9,peak
2024-02-23 22:00:00,Sitabuldi,374.05,0,377.8,228.68,0.9293,0.1661,33.2,peak
2024-02-23 22:00:00,Gandhibagh,318.1,0,319.42,220.43,0.8921,0.0152,31.2,peak
2024-02-23 22:00:00,Lakadganj,345.26,0,359.2,229.07,0.8981,0.074,35.1,peak
2024-02-23 22:00:00,Sadar,292.54,0,290.46,226.59,0.9597,0.135,35.6,peak
2024-02-23 22:00:00,Itwari,299.77,0,304.66,234.87,0.9251,0.0147,34.3,peak
2024-02-23 22:00:00,Manewada,310.87,0,327.99,231.44,0.9785,0.0359,37.8,peak
2024-02-23 22:00:00,Hingna,302.19,0,297.9,225.07,0.938,0.1009,33.7,peak
2024-02-23 23:00:00,Dharampeth,231.43,0,208.42,234.04,0.9466,0.0544,31.6,night
2024-02-23 23:00:00,Sitabuldi,252.45,0,262.86,225.91,0.9598,0.0889,33.2,night
2024-02-23 23:00:00,Gandhibagh,274.12,0,261.68,239.74,0.9144,0.0497,30.6,night
2024-02-23 23:00:00,Lakadganj,276.54,0,265.43,237.82,0.9091,0.0705,34.1,night
2024-02-23 23:00:00,Sadar,192.38,0,193.22,229.08,0.9118,0.0885,32.7,night
2024-02-23 23:00:00,Itwari,280.84,0,287.81,233.61,0.8887,0.0005,35.6,night
2024-02-23 23:00:00,Manewada,260.78,0,257.55,228.17,0.9438,0.1355,31.8,night
2024-02-23 23:00:00,Hingna,263.74,0,262.67,233.4,0.9089,0.0773,35.2,night
2024-02-24 00:00:00,Dharampeth,228.9,0,232.04,229.2,0.9245,0.0447,33.0,night
2024-02-24 00:00:00,Sitabuldi,227.31,0,232.36,224.14,0.8925,0.1445,33.5,night
2024-02-24 00:00:00,Gandhibagh,233.39,0,223.15,235.43,0.9094,0.0815,36.1,night
2024-02-24 00:00:00,Lakadganj,251.69,0,252.88,229.32,0.8833,0.0351,31.9,night
2024-02-24 00:00:00,Sadar,172.91,0,173.71,235.84,0.9077,0.1247,31.8,night
2024-02-24 00:00:00,Itwari,293.69,0,291.68,233.5,0.9552,0.0308,33.0,night
2024-02-24 00:00:00,Manewada,182.62,0,175.9,220.87,0.8938,0.1654,33.2,night
2024-02-24 00:00:00,Hingna,181.87,0,175.88,225.62,0.912,0.1646,31.2,night
2024-02-24 01:00:00,Dharampeth,232.17,0,241.53,234.55,0.9382,0.092,38.7,night
2024-02-24 01:00:00,Sitabuldi,287.75,0,290.86,221.84,0.9581,0.0266,35.7,night
2024-02-24 01:00:00,Gandhibagh,214.11,0,218.28,230.3,0.9069,0.1537,33.5,night
2024-02-24 01:00:00,Lakadganj,228.74,0,225.45,237.29,0.9217,0.1571,36.3,night
2024-02-24 01:00:00,Sadar,260.7,0,272.78,234.36,0.9804,0.1477,35.9,night
2024-02-24 01:00:00,Itwari,230.94,0,219.5,228.87,0.9414,0.0933,35.9,night
2024-02-24 01:00:00,Manewada,278.67,0,286.3,229.76,0.9392,0.05,33.8,night
2024-02-24 01:00:00,Hingna,213.56,0,235.14,221.17,0.8743,0.0214,33.0,night
2024-02-24 02:00:00,Dharampeth,263.31,0,271.32,223.93,0.9636,0.0887,32.6,night
2024-02-24 02:00:00,Sitabuldi,215.84,0,210.79,228.1,0.9144,0.1281,35.7,night
2024-02-24 02:00:00,Gandhibagh,314.7,0,315.58,218.9,0.9811,0.1698,38.3,night
2024-02-24 02:00:00,Lakadganj,215.79,0,211.04,231.15,0.8835,0.0074,33.2,night
2024-02-24 02:00:00,Sadar,230.11,0,234.35,236.85,0.9269,0.0719,35.0,night
2024-02-24 02:00:00,Itwari,232.83,0,233.06,233.25,0.8772,0.0823,35.4,night
2024-02-24 02:00:00,Manewada,244.7,0,243.8,229.86,0.9371,0.1755,33.1,night
2024-02-24 02:00:00,Hingna,198.22,0,210.24,237.65,0.9423,0.0404,29.9,night
2024-02-24 03:00:00,Dharampeth,262.1,0,257.41,237.43,0.9377,0.1746,36.7,night
2024-02-24 03:00:00,Sitabuldi,214.99,0,208.72,236.28,0.927,0.0889,34.1,night
2024-02-24 03:00:00,Gandhibagh,235.34,0,229.83,237.37,0.9406,0.0183,32.9,night
2024-02-24 03:00:00,Lakadganj,197.68,0,191.22,234.56,0.9438,0.1463,34.9,night
2024-02-24 03:00:00,Sadar,212.39,0,217.3,230.05,0.8835,0.0586,34.1,night
2024-02-24 03:00:00,Itwari,185.44,0,201.16,238.43,0.9307,0.0759,33.5,night
2024-02-24 03:00:00,Manewada,269.93,0,271.21,223.79,0.9367,0.025,33.5,night
2024-02-24 03:00:00,Hingna,249.63,0,246.36,231.07,0.9151,0.007,32.7,night
2024-02-24 04:00:00,Dharampeth,229.18,0,232.94,229.79,0.9,0.1124,34.0,night
2024-02-24 04:00:00,Sitabuldi,262.94,0,265.11,227.23,0.9361,0.1675,35.3,night
2024-02-24 04:00:00,Gandhibagh,208.28,0,201.67,233.87,0.9073,0.0468,33.9,night
2024-02-24 04:00:00,Lakadganj,209.04,0,208.42,229.17,0.9497,0.1676,35.1,night
2024-02-24 04:00:00,Sadar,256.87,0,246.55,235.03,0.8901,0.1342,33.2,night
2024-02-24 04:00:00,Itwari,192.38,0,180.09,234.26,0.9492,0.1302,35.2,night
2024-02-24 04:00:00,Manewada,222.92,0,215.96,231.38,0.9043,0.1573,36.9,night
2024-02-24 04:00:00,Hingna,256.71,0,257.03,227.7,0.9343,0.1284,36.4,night
2024-02-24 05:00:00,Dharampeth,334.64,0,321.86,230.97,0.8861,0.4702,33.7,night
2024-02-24 05:00:00,Sitabuldi,235.16,0,234.21,225.16,0.8588,0.1079,36.5,night
2024-02-24 05:00:00,Gandhibagh,230.39,0,225.59,230.88,0.9207,0.129,36.2,night
2024-02-24 05:00:00,Lakadganj,227.53,0,204.52,236.08,0.9393,0.0486,33.5,night
2024-02-24 05:00:00,Sadar,217.53,0,208.96,230.83,1.0,0.1544,38.9,night
2024-02-24 05:00:00,Itwari,249.84,0,263.13,223.0,0.9347,0.1326,33.6,night
2024-02-24 05:00:00,Manewada,271.05,0,273.8,236.95,0.9307,0.5062,34.5,night
2024-02-24 05:00:00,Hingna,227.76,0,211.58,232.57,0.8906,0.1336,35.4,night
2024-02-24 06:00:00,Dharampeth,284.71,0,277.79,227.79,0.8607,0.1468,34.5,daytime
2024-02-24 06:00:00,Sitabuldi,274.87,8.28,267.27,227.06,0.9283,0.1027,33.9,daytime
2024-02-24 06:00:00,Gandhibagh,266.52,0,271.84,226.01,0.9932,0.1367,35.1,daytime
2024-02-24 06:00:00,Lakadganj,275.39,9.25,261.79,229.21,0.9268,0.1674,35.4,daytime
2024-02-24 06:00:00,Sadar,283.64,0,282.72,231.91,0.8875,0.0439,34.7,daytime
2024-02-24 06:00:00,Itwari,333.87,0,326.54,230.45,0.8637,0.0782,34.1,daytime
2024-02-24 06:00:00,Manewada,273.97,0,279.33,224.38,0.9638,0.0262,35.0,daytime
2024-02-24 06:00:00,Hingna,347.09,5.75,347.39,222.23,0.8942,0.1138,36.6,daytime
2024-02-24 07:00:00,Dharampeth,232.16,43.52,193.25,225.12,0.9141,0.1457,34.3,daytime
2024-02-24 07:00:00,Sitabuldi,232.39,36.27,213.72,230.65,0.9236,0.0495,36.8,daytime
2024-02-24 07:00:00,Gandhibagh,253.75,35.68,231.96,224.8,0.9013,0.1614,37.5,daytime
2024-02-24 07:00:00,Lakadganj,240.36,42.28,206.18,226.84,0.8983,0.1294,31.9,daytime
2024-02-24 07:00:00,Sadar,242.97,17.36,254.61,234.0,1.0,0.1599,35.4,daytime
2024-02-24 07:00:00,Itwari,263.83,68.7,195.46,225.48,0.9122,0.0848,35.9,daytime
2024-02-24 07:00:00,Manewada,346.19,78.43,252.03,230.6,0.9365,0.1091,36.7,daytime
2024-02-24 07:00:00,Hingna,342.06,0,335.6,231.84,0.941,0.1238,35.1,daytime
2024-02-24 08:00:00,Dharampeth,290.76,114.08,170.82,223.67,0.9177,0.0085,38.0,daytime
2024-02-24 08:00:00,Sitabuldi,279.11,85.23,191.2,233.5,0.9157,0.1317,36.0,daytime
2024-02-24 08:00:00,Gandhibagh,293.16,67.7,219.96,228.46,0.9711,0.1527,35.8,daytime
2024-02-24 08:00:00,Lakadganj,361.71,88.53,276.5,227.51,0.9331,0.0131,34.7,daytime
2024-02-24 08:00:00,Sadar,214.28,85.95,129.3,223.68,0.9093,0.015,29.6,daytime
2024-02-24 08:00:00,Itwari,269.97,90.31,179.13,227.04,0.9263,0.0203,34.8,daytime
2024-02-24 08:00:00,Manewada,241.84,80.82,169.78,230.33,0.9311,0.167,33.5,daytime
2024-02-24 08:00:00,Hingna,300.61,61.08,243.43,237.84,0.9262,0.0472,33.2,daytime
2024-02-24 09:00:00,Dharampeth,314.75,115.88,196.29,227.38,0.9098,0.1621,33.6,peak
2024-02-24 09:00:00,Sitabuldi,350.42,102.98,247.79,230.37,0.8946,0.1157,33.8,peak
2024-02-24 09:00:00,Gandhibagh,275.75,129.65,150.68,223.52,0.8908,0.1364,35.2,peak
2024-02-24 09:00:00,Lakadganj,330.96,135.27,193.46,235.08,0.9158,0.1131,33.2,peak
2024-02-24 09:00:00,Sadar,315.26,123.21,203.79,229.14,0.9086,0.1416,36.0,peak
2024-02-24 09:00:00,Itwari,343.05,157.18,183.55,227.39,0.9184,0.099,36.3,peak
2024-02-24 09:00:00,Manewada,376.88,150.58,231.48,231.06,0.905,0.0868,34.9,peak
2024-02-24 09:00:00,Hingna,308.77,136.32,190.14,233.54,0.9833,0.0922,34.6,peak
2024-02-24 10:00:00,Dharampeth,388.53,185.09,194.0,223.04,0.9919,0.1701,35.1,peak
2024-02-24 10:00:00,Sitabuldi,341.38,177.72,161.5,228.52,0.9282,0.168,35.5,peak
2024-02-24 10:00:00,Gandhibagh,336.25,146.73,195.27,225.46,0.9416,0.1522,32.7,peak
2024-02-24 10:00:00,Lakadganj,363.84,156.94,218.12,233.64,0.88,0.055,34.6,peak
2024-02-24 10:00:00,Sadar,321.89,172.91,139.08,230.48,0.9312,0.1002,34.6,peak
2024-02-24 10:00:00,Itwari,421.43,145.64,275.4,225.84,0.9709,0.1082,37.7,peak
2024-02-24 10:00:00,Manewada,351.45,144.73,205.08,228.82,0.9125,0.1535,33.7,peak
2024-02-24 10:00:00,Hingna,293.45,138.9,161.62,222.3,0.8785,0.1195,35.2,peak
2024-02-24 11:00:00,Dharampeth,329.28,209.12,124.85,238.99,0.9055,0.1128,32.8,peak
2024-02-24 11:00:00,Sitabuldi,388.08,179.08,224.86,230.32,0.9459,0.001,34.5,peak
2024-02-24 11:00:00,Gandhibagh,355.72,183.01,168.44,227.26,0.9324,0.0798,33.7,peak
2024-02-24 11:00:00,Lakadganj,390.89,180.09,221.21,225.54,0.9232,0.0629,33.7,peak
2024-02-24 11:00:00,Sadar,349.11,158.77,186.8,234.65,0.9386,0.0287,34.7,peak
2024-02-24 11:00:00,Itwari,345.85,198.85,137.86,230.65,0.9094,0.0857,35.7,peak
2024-02-24 11:00:00,Manewada,288.64,171.94,110.11,224.76,0.9526,0.0785,32.3,peak
2024-02-24 11:00:00,Hingna,386.62,198.52,201.35,232.22,0.8795,0.0891,34.1,peak
2024-02-24 12:00:00,Dharampeth,406.65,190.42,228.11,232.27,0.9317,0.045,35.0,peak
2024-02-24 12:00:00,Sitabuldi,354.27,160.65,197.38,238.68,0.9406,0.0548,32.2,peak
2024-02-24 12:00:00,Gandhibagh,325.21,177.9,164.8,237.03,0.9346,0.1575,32.7,peak
2024-02-24 12:00:00,Lakadganj,388.06,173.15,198.09,227.97,0.9159,0.1656,36.6,peak
2024-02-24 12:00:00,Sadar,375.22,164.85,225.92,231.41,0.9009,0.0786,34.0,peak
2024-02-24 12:00:00,Itwari,375.09,193.55,192.1,232.99,0.9223,0.0998,33.1,peak
2024-02-24 12:00:00,Manewada,314.34,155.99,175.55,224.87,0.8579,0.1614,33.6,peak
2024-02-24 12:00:00,Hingna,356.88,194.7,167.71,229.18,0.9406,0.169,31.0,peak
2024-02-24 13:00:00,Dharampeth,290.31,179.64,123.62,224.99,0.9054,0.098,30.8,daytime
2024-02-24 13:00:00,Sitabuldi,237.1,187.45,54.17,233.02,0.9228,0.0026,38.5,daytime
2024-02-24 13:00:00,Gandhibagh,275.64,195.21,91.23,216.84,0.8847,0.174,35.5,daytime
2024-02-24 13:00:00,Lakadganj,286.49,179.56,99.72,236.86,0.9536,0.0378,36.0,daytime
2024-02-24 13:00:00,Sadar,350.87,161.03,190.44,226.43,0.9202,0.1249,31.9,daytime
2024-02-24 13:00:00,Itwari,353.69,169.3,197.79,226.79,0.9154,0.0724,34.6,daytime
2024-02-24 13:00:00,Manewada,280.0,193.24,83.48,238.23,0.8883,0.0932,33.6,daytime
2024-02-24 13:00:00,Hingna,274.79,163.96,112.37,227.44,0.9504,0.0138,35.8,daytime
2024-02-24 14:00:00,Dharampeth,299.22,158.77,136.88,229.0,0.8969,0.1237,32.2,daytime
2024-02-24 14:00:00,Sitabuldi,310.36,168.27,142.49,220.38,0.9575,0.0248,33.7,daytime
2024-02-24 14:00:00,Gandhibagh,338.1,167.25,178.41,235.84,0.9299,0.0882,30.8,daytime
2024-02-24 14:00:00,Lakadganj,242.71,141.78,99.03,213.06,0.9072,0.1418,34.4,daytime
2024-02-24 14:00:00,Sadar,285.23,158.59,118.92,227.05,0.9187,0.0185,33.4,daytime
2024-02-24 14:00:00,Itwari,284.1,182.55,103.99,222.82,0.9275,0.1385,34.3,daytime
2024-02-24 14:00:00,Manewada,288.36,152.32,125.81,232.29,0.9287,0.0523,34.7,daytime
2024-02-24 14:00:00,Hingna,216.88,124.67,90.16,229.25,0.913,0.714,34.1,daytime
2024-02-24 15:00:00,Dharampeth,297.22,107.12,190.67,233.36,0.9534,0.1662,31.7,daytime
2024-02-24 15:00:00,Sitabuldi,328.28,125.39,217.05,225.75,0.9221,0.1679,33.7,daytime
2024-02-24 15:00:00,Gandhibagh,283.67,132.22,179.77,226.5,0.9232,0.1739,35.8,daytime
2024-02-24 15:00:00,Lakadganj,271.45,143.99,114.33,224.82,0.9817,0.0485,37.4,daytime
2024-02-24 15:00:00,Sadar,261.52,136.06,120.05,227.64,0.8857,0.0655,35.1,daytime
2024-02-24 15:00:00,Itwari,322.63,131.66,206.09,222.93,0.9059,0.1266,33.8,daytime
2024-02-24 15:00:00,Manewada,293.02,130.58,163.57,229.74,0.8823,0.0378,32.6,daytime
2024-02-24 15:00:00,Hingna,341.9,147.48,199.15,234.3,0.9423,0.1528,39.3,daytime
2024-02-24 16:00:00,Dharampeth,252.82,101.94,155.45,224.43,0.9098,0.1114,31.1,daytime
2024-02-24 16:00:00,Sitabuldi,264.5,77.54,196.47,232.83,0.9045,0.001,32.5,daytime
2024-02-24 16:00:00,Gandhibagh,209.53,61.04,140.17,230.94,0.8802,0.06,33.8,daytime
2024-02-24 16:00:00,Lakadganj,302.53,95.3,220.96,230.57,0.9756,0.125,35.2,daytime
2024-02-24 16:00:00,Sadar,264.49,94.15,176.01,227.64,0.8931,0.0471,32.1,daytime
2024-02-24 16:00:00,Itwari,321.97,89.33,241.3,239.16,0.9288,0.7497,33.0,daytime
2024-02-24 16:00:00,Manewada,273.66,102.64,162.31,224.64,0.9358,0.1666,32.6,daytime
2024-02-24 16:00:00,Hingna,275.21,65.45,204.58,224.23,0.9089,0.1166,36.4,daytime
2024-02-24 17:00:00,Dharampeth,263.97,57.41,212.39,226.43,0.9575,0.1312,31.2,daytime
2024-02-24 17:00:00,Sitabuldi,299.79,39.63,237.1,227.63,0.8745,0.1073,32.8,daytime
2024-02-24 17:00:00,Gandhibagh,244.43,53.59,184.74,237.32,0.8878,0.1216,36.3,daytime
2024-02-24 17:00:00,Lakadganj,328.72,55.56,272.31,233.58,0.846,0.0085,33.7,daytime
2024-02-24 17:00:00,Sadar,269.22,42.88,224.57,227.53,1.0,0.1198,31.2,daytime
2024-02-24 17:00:00,Itwari,253.07,20.49,225.21,216.67,0.943,0.0469,36.6,daytime
2024-02-24 17:00:00,Manewada,247.35,26.59,224.8,230.03,0.9474,0.1493,35.3,daytime
2024-02-24 17:00:00,Hingna,207.82,46.62,165.63,231.21,0.907,0.1771,34.7,daytime
2024-02-24 18:00:00,Dharampeth,304.52,0,307.51,234.8,0.9689,0.1299,32.7,peak
2024-02-24 18:00:00,Sitabuldi,355.88,17.96,339.95,221.34,0.9003,0.175,31.3,peak
2024-02-24 18:00:00,Gandhibagh,383.49,0,374.0,232.82,0.9389,0.47,32.3,peak
2024-02-24 18:00:00,Lakadganj,344.98,1.98,336.93,231.38,0.873,0.1033,34.1,peak
2024-02-24 18:00:00,Sadar,364.29,17.65,349.2,228.12,0.8997,0.0453,32.6,peak
2024-02-24 18:00:00,Itwari,394.8,0,399.81,229.75,0.9723,0.106,37.7,peak
2024-02-24 18:00:00,Manewada,309.87,0,312.53,236.06,0.907,0.7229,31.8,peak
2024-02-24 18:00:00,Hingna,351.06,0,346.29,231.09,0.8623,0.042,34.1,peak
2024-02-24 19:00:00,Dharampeth,322.37,0,317.83,230.19,0.9178,0.7687,31.1,peak
2024-02-24 19:00:00,Sitabuldi,310.37,0,317.23,238.84,0.9594,0.0563,32.4,peak
2024-02-24 19:00:00,Gandhibagh,329.42,0,347.78,230.75,0.869,0.0158,32.6,peak
2024-02-24 19:00:00,Lakadganj,271.29,0,253.15,226.68,0.92,0.1049,31.7,peak
2024-02-24 19:00:00,Sadar,255.98,0,244.14,230.06,0.9426,0.051,31.9,peak
2024-02-24 19:00:00,Itwari,312.77,0,319.97,230.43,0.9234,0.0487,37.2,peak
2024-02-24 19:00:00,Manewada,317.87,0,299.99,225.4,0.9152,0.0179,35.4,peak
2024-02-24 19:00:00,Hingna,316.51,0,314.21,227.92,0.866,0.1451,37.0,peak
2024-02-24 20:00:00,Dharampeth,272.08,0,267.81,235.17,0.8932,0.1257,35.0,peak
2024-02-24 20:00:00,Sitabuldi,371.3,0,368.24,233.07,0.8624,0.1255,32.5,peak
2024-02-24 20:00:00,Gandhibagh,303.72,0,306.59,221.13,0.9042,0.1254,37.0,peak
2024-02-24 20:00:00,Lakadganj,300.86,0,290.83,226.28,0.9195,0.0455,33.1,peak
2024-02-24 20:00:00,Sadar,260.03,0,263.53,227.54,0.9266,0.1253,34.0,peak
2024-02-24 20:00:00,Itwari,257.27,0,250.19,225.57,0.8444,0.0139,34.5,peak
2024-02-24 20:00:00,Manewada,281.67,0,290.39,232.48,0.9191,0.1454,34.3,peak
2024-02-24 20:00:00,Hingna,328.37,0,322.83,224.6,0.8972,0.1688,34.4,peak
2024-02-24 21:00:00,Dharampeth,284.07,0,268.87,223.87,0.9283,0.1257,34.4,peak
2024-02-24 21:00:00,Sitabuldi,363.93,0,364.47,230.32,0.9211,0.1178,36.3,peak
2024-02-24 21:00:00,Gandhibagh,313.65,0,308.86,233.11,0.9712,0.0959,36.9,peak
2024-02-24 21:00:00,Lakadganj,289.49,0,300.78,228.88,0.9206,0.15,36.1,peak
2024-02-24 21:00:00,Sadar,317.74,0,326.95,233.46,0.9337,0.1053,38.5,peak
2024-02-24 21:00:00,Itwari,338.67,0,346.97,227.94,0.8983,0.1219,32.7,peak
2024-02-24 21:00:00,Manewada,329.41,0,324.75,234.92,0.9314,0.0045,34.0,peak
2024-02-24 21:00:00,Hingna,282.08,0,288.96,234.09,0.889,0.5534,34.2,peak
2024-02-24 22:00:00,Dharampeth,318.44,0,319.5,221.55,0.9373,0.0571,34.6,peak
2024-02-24 22:00:00,Sitabuldi,287.21,0,280.62,226.54,0.9512,0.1536,32.7,peak
2024-02-24 22:00:00,Gandhibagh,341.02,0,326.61,228.02,0.9287,0.1164,36.4,peak
2024-02-24 22:00:00,Lakadganj,333.23,0,338.33,223.32,0.9407,0.1375,33.3,peak
2024-02-24 22:00:00,Sadar,318.96,0,297.39,236.61,0.8563,0.1662,33.1,peak
2024-02-24 22:00:00,Itwari,337.13,0,329.18,234.09,0.8903,0.1371,33.1,peak
2024-02-24 22:00:00,Manewada,289.55,0,274.21,232.16,0.9203,0.0737,38.2,peak
2024-02-24 22:00:00,Hingna,335.68,0,328.23,231.04,0.8786,0.499,34.6,peak
2024-02-24 23:00:00,Dharampeth,258.69,0,273.99,225.52,0.9443,0.0208,35.2,night
2024-02-24 23:00:00,Sitabuldi,228.59,0,244.89,243.35,0.9419,0.1002,35.5,night
2024-02-24 23:00:00,Gandhibagh,287.83,0,305.1,227.07,0.908,0.1011,32.8,night
2024-02-24 23:00:00,Lakadganj,290.53,0,278.13,231.71,0.9327,0.0145,38.6,night
2024-02-24 23:00:00,Sadar,268.4,0,255.47,235.34,0.9356,0.0464,36.9,night
2024-02-24 23:00:00,Itwari,269.99,0,269.98,233.98,0.9488,0.0671,31.9,night
2024-02-24 23:00:00,Manewada,293.46,0,303.13,230.29,0.8895,0.061,35.2,night
2024-02-24 23:00:00,Hingna,255.96,0,254.79,228.47,0.927,0.1316,31.7,night
2024-02-25 00:00:00,Dharampeth,212.7,0,218.33,228.85,0.9148,0.0769,34.2,night
2024-02-25 00:00:00,Sitabuldi,211.17,0,208.56,225.61,0.8889,0.0112,33.1,night
2024-02-25 00:00:00,Gandhibagh,220.37,0,208.52,232.63,0.959,0.0139,37.4,night
2024-02-25 00:00:00,Lakadganj,242.79,0,231.58,237.94,0.8632,0.07,31.1,night
2024-02-25 00:00:00,Sadar,234.14,0,249.9,225.81,0.9358,0.0116,33.1,night
2024-02-25 00:00:00,Itwari,259.97,0,256.58,222.5,0.905,0.0375,34.1,night
2024-02-25 00:00:00,Manewada,233.14,0,252.07,230.26,0.9498,0.0791,37.2,night
2024-02-25 00:00:00,Hingna,292.56,0,287.14,226.22,0.9519,0.0554,33.0,night
2024-02-25 01:00:00,Dharampeth,264.3,0,273.91,239.32,0.9151,0.004,32.0,night
2024-02-25 01:00:00,Sitabuldi,209.15,0,205.72,235.0,0.8761,0.096,35.8,night
2024-02-25 01:00:00,Gandhibagh,243.48,0,238.66,237.26,0.9618,0.1294,30.0,night
2024-02-25 01:00:00,Lakadganj,303.97,0,303.36,233.11,0.9015,0.0002,36.9,night
2024-02-25 01:00:00,Sadar,205.81,0,208.67,227.59,0.8976,0.017,35.3,night
2024-02-25 01:00:00,Itwari,270.11,0,267.41,230.23,0.9248,0.1748,37.6,night
2024-02-25 01:00:00,Manewada,258.8,0,258.85,231.71,0.9287,0.1501,33.1,night
2024-02-25 01:00:00,Hingna,239.74,0,248.33,231.35,0.9974,0.1626,31.5,night
2024-02-25 02:00:00,Dharampeth,251.26,0,259.27,228.87,0.943,0.1252,33.1,night
2024-02-25 02:00:00,Sitabuldi,279.46,0,275.21,229.46,0.8987,0.0534,35.7,night
2024-02-25 02:00:00,Gandhibagh,225.9,0,210.84,228.26,0.9212,0.0637,36.1,night
2024-02-25 02:00:00,Lakadganj,200.91,0,214.02,225.67,0.9398,0.0995,31.4,night
2024-02-25 02:00:00,Sadar,226.97,0,234.56,235.72,0.9081,0.0943,34.3,night
2024-02-25 02:00:00,Itwari,214.15,0,208.35,233.07,0.8903,0.0536,34.0,night
2024-02-25 02:00:00,Manewada,212.41,0,212.22,230.67,0.9752,0.5017,33.8,night
2024-02-25 02:00:00,Hingna,252.06,0,261.75,219.26,0.9366,0.0015,32.6,night
2024-02-25 03:00:00,Dharampeth,227.74,0,222.87,227.4,0.8628,0.0673,31.0,night
2024-02-25 03:00:00,Sitabuldi,131.43,0,125.13,232.39,0.9413,0.7143,32.1,night
2024-02-25 03:00:00,Gandhibagh,161.2,0,177.1,235.0,0.912,0.123,31.2,night
2024-02-25 03:00:00,Lakadganj,224.1,0,209.37,233.79,0.9604,0.1266,34.6,night
2024-02-25 03:00:00,Sadar,179.57,0,189.7,223.73,0.9353,0.0123,32.0,night
2024-02-25 03:00:00,Itwari,231.55,0,221.22,235.91,0.966,0.0014,33.2,night
2024-02-25 03:00:00,Manewada,286.03,0,269.33,226.42,0.959,0.0729,31.5,night
2024-02-25 03:00:00,Hingna,266.71,0,258.16,234.39,0.953,0.1452,35.3,night
2024-02-25 04:00:00,Dharampeth,263.06,0,267.24,226.81,0.9299,0.1697,34.6,night
2024-02-25 04:00:00,Sitabuldi,246.18,0,254.27,237.11,0.9472,0.1042,33.9,night
2024-02-25 04:00:00,Gandhibagh,238.05,0,232.19,233.45,0.8636,0.1338,34.4,night
2024-02-25 04:00:00,Lakadganj,282.87,0,285.95,224.47,0.9389,0.0553,35.0,night
2024-02-25 04:00:00,Sadar,242.24,0,240.28,226.44,0.8964,0.1327,31.2,night
2024-02-25 04:00:00,Itwari,275.61,0,267.59,231.06,0.9366,0.1211,32.6,night
2024-02-25 04:00:00,Manewada,254.1,0,274.25,235.45,0.9221,0.1721,32.4,night
2024-02-25 04:00:00,Hingna,235.38,0,245.28,227.17,0.8912,0.0597,32.5,night
2024-02-25 05:00:00,Dharampeth,246.55,0,252.24,236.93,0.9699,0.1278,33.0,night
2024-02-25 05:00:00,Sitabuldi,231.53,0,235.95,229.65,0.9156,0.6069,36.8,night
2024-02-25 05:00:00,Gandhibagh,247.27,0,238.36,229.95,0.9154,0.0135,32.6,night
2024-02-25 05:00:00,Lakadganj,328.09,0,332.84,224.95,0.928,0.0897,35.5,night
2024-02-25 05:00:00,Sadar,232.86,0,225.59,237.02,0.9661,0.0721,31.2,night
2024-02-25 05:00:00,Itwari,209.28,0,194.24,233.73,0.9159,0.1729,35.2,night
2024-02-25 05:00:00,Manewada,262.92,0,257.07,234.96,0.912,0.1512,33.4,night
2024-02-25 05:00:00,Hingna,179.98,0,172.52,232.88,0.9311,0.0375,36.4,night
2024-02-25 06:00:00,Dharampeth,270.21,0,272.88,222.68,0.8896,0.0903,35.5,daytime
2024-02-25 06:00:00,Sitabuldi,257.38,0,252.08,218.23,0.9518,0.0568,32.9,daytime
2024-02-25 06:00:00,Gandhibagh,332.0,28.85,287.32,227.29,0.901,0.0727,34.5,daytime
2024-02-25 06:00:00,Lakadganj,248.33,0,235.27,222.92,0.9684,0.0145,32.7,daytime
2024-02-25 06:00:00,Sadar,327.15,0,325.22,227.53,0.9431,0.1307,35.0,daytime
2024-02-25 06:00:00,Itwari,292.79,0,299.42,227.52,0.93,0.1211,33.2,daytime
2024-02-25 06:00:00,Manewada,307.86,0,315.27,231.7,0.9321,0.0184,35.3,daytime
2024-02-25 06:00:00,Hingna,289.9,0,295.7,222.3,0.8465,0.1573,34.6,daytime
2024-02-25 07:00:00,Dharampeth,310.79,57.76,269.22,231.33,0.8764,0.1651,36.3,daytime
2024-02-25 07:00:00,Sitabuldi,264.64,63.41,198.16,224.02,0.8826,0.1526,34.9,daytime
2024-02-25 07:00:00,Gandhibagh,322.43,31.52,290.8,228.66,0.9316,0.1795,37.5,daytime
2024-02-25 07:00:00,Lakadganj,238.25,51.82,188.79,226.93,0.8979,0.1397,32.8,daytime
2024-02-25 07:00:00,Sadar,259.89,20.28,244.54,229.82,0.9526,0.035,35.7,daytime
2024-02-25 07:00:00,Itwari,242.3,37.62,196.17,232.58,0.9188,0.0098,33.6,daytime
2024-02-25 07:00:00,Manewada,283.57,33.48,248.69,237.29,0.9293,0.0307,30.5,daytime
2024-02-25 07:00:00,Hingna,266.69,46.63,196.76,227.59,0.8813,0.0843,33.2,daytime
2024-02-25 08:00:00,Dharampeth,244.52,89.25,158.06,234.06,0.9166,0.092,32.7,daytime
2024-02-25 08:00:00,Sitabuldi,287.53,103.34,176.27,237.08,0.8549,0.1361,34.0,daytime
2024-02-25 08:00:00,Gandhibagh,246.29,118.67,132.62,230.8,0.9084,0.0582,32.7,daytime
2024-02-25 08:00:00,Lakadganj,284.33,86.26,214.64,222.35,0.9396,0.0027,33.8,daytime
2024-02-25 08:00:00,Sadar,260.02,79.33,174.86,230.44,0.9395,0.0276,32.9,daytime
2024-02-25 08:00:00,Itwari,234.28,80.15,165.96,231.34,0.9366,0.0808,35.7,daytime
2024-02-25 08:00:00,Manewada,258.18,82.72,183.12,224.79,0.9573,0.049,34.9,daytime
2024-02-25 08:00:00,Hingna,284.79,65.27,226.14,232.09,0.8696,0.1217,36.4,daytime
2024-02-25 09:00:00,Dharampeth,334.1,122.74,226.07,230.83,0.9101,0.0811,32.4,peak
2024-02-25 09:00:00,Sitabuldi,293.45,119.08,180.8,227.54,0.8978,0.1559,35.0,peak
2024-02-25 09:00:00,Gandhibagh,323.1,141.93,180.52,238.31,0.868,0.0432,32.0,peak
2024-02-25 09:00:00,Lakadganj,334.43,135.83,193.79,235.52,0.929,0.165,33.8,peak
2024-02-25 09:00:00,Sadar,316.01,149.61,180.13,232.14,0.9345,0.0192,34.9,peak
2024-02-25 09:00:00,Itwari,428.56,140.56,286.14,228.91,0.9468,0.0499,35.9,peak
2024-02-25 09:00:00,Manewada,372.57,115.17,243.59,230.31,0.903,0.0667,32.6,peak
2024-02-25 09:00:00,Hingna,340.17,114.9,228.48,229.44,0.8708,0.1717,35.0,peak
2024-02-25 10:00:00,Dharampeth,331.2,175.88,168.69,229.01,0.9614,0.0632,36.7,peak
2024-02-25 10:00:00,Sitabuldi,336.19,144.31,184.78,231.86,0.9294,0.0918,32.9,peak
2024-02-25 10:00:00,Gandhibagh,366.4,147.2,219.68,233.81,0.9538,0.0425,37.4,peak
2024-02-25 10:00:00,Lakadganj,328.47,182.52,148.97,234.14,0.943,0.0701,31.3,peak
2024-02-25 10:00:00,Sadar,364.17,135.78,224.01,233.67,0.9032,0.0381,36.1,peak
2024-02-25 10:00:00,Itwari,367.64,117.01,262.84,229.61,0.9079,0.169,36.5,peak
2024-02-25 10:00:00,Manewada,397.67,175.16,248.46,228.67,0.9381,0.1164,34.0,peak
2024-02-25 10:00:00,Hingna,349.62,162.83,196.28,223.06,0.9377,0.05,32.5,peak
2024-02-25 11:00:00,Dharampeth,357.71,194.4,168.97,231.53,0.9447,0.0335,33.8,peak
2024-02-25 11:00:00,Sitabuldi,350.56,157.85,197.36,234.52,0.917,0.1745,38.0,peak
2024-02-25 11:00:00,Gandhibagh,365.77,165.45,203.93,237.77,0.9079,0.1321,34.8,peak
2024-02-25 11:00:00,Lakadganj,367.94,204.65,165.24,233.27,0.9346,0.1498,32.2,peak
2024-02-25 11:00:00,Sadar,369.95,161.14,219.78,229.32,0.9068,0.1493,34.6,peak
2024-02-25 11:00:00,Itwari,361.14,179.32,202.14,225.76,0.9216,0.1556,37.0,peak
2024-02-25 11:00:00,Manewada,317.16,175.42,140.01,232.78,0.9665,0.1302,30.7,peak
2024-02-25 11:00:00,Hingna,272.64,182.76,100.41,234.39,0.8924,0.1796,36.3,peak
2024-02-25 12:00:00,Dharampeth,309.57,159.45,157.8,228.22,0.8905,0.0171,35.0,peak
2024-02-25 12:00:00,Sitabuldi,323.26,176.84,150.63,237.1,0.8318,0.1434,37.7,peak
2024-02-25 12:00:00,Gandhibagh,312.56,187.86,113.98,241.69,0.9113,0.0425,35.0,peak
2024-02-25 12:00:00,Lakadganj,321.47,192.01,132.11,237.12,0.9238,0.0768,38.9,peak
2024-02-25 12:00:00,Sadar,363.48,161.73,198.0,230.77,0.9322,0.009,34.2,peak
2024-02-25 12:00:00,Itwari,360.28,195.65,172.3,229.25,0.8744,0.607,35.2,peak
2024-02-25 12:00:00,Manewada,413.77,186.46,228.11,224.82,0.9806,0.1596,35.9,peak
2024-02-25 12:00:00,Hingna,313.6,152.09,183.64,231.34,0.8753,0.1236,34.6,peak
2024-02-25 13:00:00,Dharampeth,298.86,141.99,162.26,234.37,0.847,0.0304,35.0,daytime
2024-02-25 13:00:00,Sitabuldi,326.67,180.12,147.85,232.87,0.8893,0.0675,35.8,daytime
2024-02-25 13:00:00,Gandhibagh,236.24,158.0,77.74,229.66,0.8876,0.1176,35.5,daytime
2024-02-25 13:00:00,Lakadganj,247.33,181.19,42.85,224.71,0.9249,0.149,36.9,daytime
2024-02-25 13:00:00,Sadar,286.07,142.51,145.44,225.76,0.9018,0.0861,34.3,daytime
2024-02-25 13:00:00,Itwari,244.73,147.81,104.15,227.55,0.9488,0.1545,33.5,daytime
2024-02-25 13:00:00,Manewada,253.76,161.71,82.69,225.36,0.8975,0.0167,31.1,daytime
2024-02-25 13:00:00,Hingna,231.64,169.02,70.79,230.93,0.9102,0.0353,34.0,daytime
2024-02-25 14:00:00,Dharampeth,258.79,149.04,108.47,231.96,0.9442,0.1631,33.4,daytime
2024-02-25 14:00:00,Sitabuldi,289.57,175.92,111.98,231.53,0.9258,0.173,40.5,daytime
2024-02-25 14:00:00,Gandhibagh,313.41,146.7,157.8,231.99,0.9735,0.0798,34.6,daytime
2024-02-25 14:00:00,Lakadganj,236.92,149.14,93.21,225.92,0.909,0.1558,34.5,daytime
2024-02-25 14:00:00,Sadar,262.53,149.69,106.43,237.94,0.9355,0.0443,35.5,daytime
2024-02-25 14:00:00,Itwari,315.02,165.8,160.09,237.32,0.8721,0.0657,34.5,daytime
2024-02-25 14:00:00,Manewada,300.12,135.72,157.08,229.32,0.9404,0.0359,35.7,daytime
2024-02-25 14:00:00,Hingna,261.5,170.63,108.91,228.4,0.9605,0.1446,37.2,daytime
2024-02-25 15:00:00,Dharampeth,273.56,93.02,190.92,229.15,0.9301,0.0931,33.1,daytime
2024-02-25 15:00:00,Sitabuldi,250.25,158.14,81.34,229.2,0.8852,0.0133,33.1,daytime
2024-02-25 15:00:00,Gandhibagh,325.04,121.37,202.82,227.27,0.9308,0.0405,35.5,daytime
2024-02-25 15:00:00,Lakadganj,243.19,132.46,118.52,232.03,0.8975,0.1193,38.0,daytime
2024-02-25 15:00:00,Sadar,285.99,118.41,169.33,239.0,0.9285,0.0565,32.2,daytime
2024-02-25 15:00:00,Itwari,236.17,133.37,106.18,225.4,0.9234,0.0281,37.1,daytime
2024-02-25 15:00:00,Manewada,258.04,153.84,105.45,233.86,0.9043,0.0189,34.9,daytime
2024-02-25 15:00:00,Hingna,271.42,111.77,163.94,232.88,0.9531,0.1673,32.5,daytime
2024-02-25 16:00:00,Dharampeth,319.44,90.8,234.88,234.26,0.918,0.1295,35.3,daytime
2024-02-25 16:00:00,Sitabuldi,212.54,75.04,139.36,228.16,0.9075,0.1223,34.5,daytime
2024-02-25 16:00:00,Gandhibagh,289.25,78.12,212.08,236.88,0.893,0.161,32.9,daytime
2024-02-25 16:00:00,Lakadganj,296.07,76.13,239.81,225.72,0.928,0.0284,34.0,daytime
2024-02-25 16:00:00,Sadar,257.12,83.96,182.05,229.44,0.9465,0.0347,37.0,daytime
2024-02-25 16:00:00,Itwari,275.1,89.14,197.78,229.39,0.9068,0.0182,35.4,daytime
2024-02-25 16:00:00,Manewada,367.4,79.5,285.08,227.05,0.9329,0.1161,34.7,daytime
2024-02-25 16:00:00,Hingna,323.13,94.95,223.82,232.88,0.9356,0.1016,37.1,daytime
2024-02-25 17:00:00,Dharampeth,292.7,37.81,252.92,237.34,0.8952,0.1362,32.1,daytime
2024-02-25 17:00:00,Sitabuldi,215.58,33.4,179.47,237.94,0.8788,0.1036,33.4,daytime
2024-02-25 17:00:00,Gandhibagh,204.4,69.53,115.51,233.73,0.8981,0.1458,36.3,daytime
2024-02-25 17:00:00,Lakadganj,310.47,41.56,252.13,236.22,0.9754,0.5917,32.7,daytime
2024-02-25 17:00:00,Sadar,262.78,32.45,242.58,229.91,0.9014,0.152,35.2,daytime
2024-02-25 17:00:00,Itwari,263.99,41.88,213.34,233.01,0.8777,0.1741,32.8,daytime
2024-02-25 17:00:00,Manewada,264.35,54.21,214.0,240.48,0.9023,0.0351,30.3,daytime
2024-02-25 17:00:00,Hingna,296.14,37.35,267.19,226.28,0.8753,0.1558,34.7,daytime
2024-02-25 18:00:00,Dharampeth,371.67,38.62,340.89,224.16,0.9969,0.0484,34.8,peak
2024-02-25 18:00:00,Sitabuldi,342.08,4.04,336.01,232.21,0.8713,0.0267,33.2,peak
2024-02-25 18:00:00,Gandhibagh,318.41,0,315.98,226.06,0.9045,0.0436,33.5,peak
2024-02-25 18:00:00,Lakadganj,342.7,7.53,325.99,226.05,0.908,0.0169,34.5,peak
2024-02-25 18:00:00,Sadar,357.3,3.95,337.67,237.37,0.9413,0.0809,35.6,peak
2024-02-25 18:00:00,Itwari,367.88,16.17,356.73,238.06,0.9702,0.0607,34.3,peak
2024-02-25 18:00:00,Manewada,404.83,0,410.77,222.23,0.8965,0.0855,36.8,peak
2024-02-25 18:00:00,Hingna,328.36,0,321.48,225.77,0.9554,0.0065,35.6,peak
2024-02-25 19:00:00,Dharampeth,342.22,0,345.48,226.66,0.888,0.171,39.4,peak
2024-02-25 19:00:00,Sitabuldi,326.14,0,340.6,230.03,0.8997,0.0672,33.3,peak
2024-02-25 19:00:00,Gandhibagh,265.4,0,256.97,229.81,0.8924,0.0726,34.5,peak
2024-02-25 19:00:00,Lakadganj,298.51,0,296.13,229.48,0.9849,0.1162,31.8,peak
2024-02-25 19:00:00,Sadar,325.9,0,325.94,230.2,0.9213,0.0606,33.5,peak
2024-02-25 19:00:00,Itwari,402.16,0,397.25,236.42,0.9497,0.1279,35.0,peak
2024-02-25 19:00:00,Manewada,272.72,0,260.76,231.6,0.9392,0.0723,35.2,peak
2024-02-25 19:00:00,Hingna,338.3,0,331.03,226.28,0.9487,0.0255,32.4,peak
2024-02-25 20:00:00,Dharampeth,365.21,0,360.43,236.07,0.846,0.1579,32.8,peak
2024-02-25 20:00:00,Sitabuldi,347.22,0,350.09,232.04,0.9517,0.1495,31.7,peak
2024-02-25 20:00:00,Gandhibagh,324.37,0,324.74,223.71,0.9136,0.1688,30.8,peak
2024-02-25 20:00:00,Lakadganj,380.5,0,379.88,232.1,0.9521,0.0364,34.3,peak
2024-02-25 20:00:00,Sadar,312.58,0,318.31,222.59,0.9076,0.0077,32.8,peak
2024-02-25 20:00:00,Itwari,265.61,0,259.8,229.7,0.9049,0.0889,34.0,peak
2024-02-25 20:00:00,Manewada,341.17,0,340.51,232.43,0.9609,0.082,31.1,peak
2024-02-25 20:00:00,Hingna,309.17,0,289.64,238.56,0.8914,0.0277,33.3,peak
2024-02-25 21:00:00,Dharampeth,310.75,0,315.26,220.86,0.9289,0.0954,38.4,peak
2024-02-25 21:00:00,Sitabuldi,301.67,0,316.01,234.54,0.8869,0.1732,33.8,peak
2024-02-25 21:00:00,Gandhibagh,354.99,0,348.98,234.39,0.936,0.0849,31.0,peak
2024-02-25 21:00:00,Lakadganj,350.64,0,348.16,224.65,0.8699,0.1167,34.2,peak
2024-02-25 21:00:00,Sadar,330.23,0,331.84,229.54,0.9039,0.1711,32.0,peak
2024-02-25 21:00:00,Itwari,374.59,0,367.47,233.01,0.9174,0.0195,35.5,peak
2024-02-25 21:00:00,Manewada,300.21,0,291.72,235.87,0.9073,0.1269,37.3,peak
2024-02-25 21:00:00,Hingna,311.05,0,308.54,230.07,0.9315,0.0266,39.1,peak
2024-02-25 22:00:00,Dharampeth,363.6,0,366.99,228.81,0.9068,0.083,36.3,peak
2024-02-25 22:00:00,Sitabuldi,328.62,0,341.4,221.32,0.9085,0.0638,30.1,peak
2024-02-25 22:00:00,Gandhibagh,323.66,0,304.6,231.47,0.9151,0.0504,34.4,peak
2024-02-25 22:00:00,Lakadganj,298.81,0,288.27,231.41,0.9787,0.0671,33.0,peak
2024-02-25 22:00:00,Sadar,273.63,0,276.08,236.52,0.9428,0.5131,36.5,peak
2024-02-25 22:00:00,Itwari,373.05,0,378.86,228.57,0.9156,0.1087,30.5,peak
2024-02-25 22:00:00,Manewada,298.68,0,284.05,223.59,0.8991,0.0657,34.0,peak
2024-02-25 22:00:00,Hingna,289.35,0,295.43,235.24,0.904,0.0693,34.0,peak
2024-02-25 23:00:00,Dharampeth,258.11,0,270.21,231.76,0.9073,0.025,34.6,night
2024-02-25 23:00:00,Sitabuldi,286.81,0,284.72,227.45,0.8983,0.0212,30.4,night
2024-02-25 23:00:00,Gandhibagh,233.74,0,237.01,230.94,0.9286,0.0015,32.3,night
2024-02-25 23:00:00,Lakadganj,234.42,0,230.5,231.97,0.927,0.1776,38.8,night
2024-02-25 23:00:00,Sadar,187.79,0,185.29,227.19,0.8989,0.0034,37.3,night
2024-02-25 23:00:00,Itwari,252.79,0,242.38,229.17,0.9167,0.051,35.7,night
2024-02-25 23:00:00,Manewada,209.11,0,207.83,225.33,0.9493,0.1245,36.4,night
2024-02-25 23:00:00,Hingna,220.84,0,221.86,236.42,0.9224,0.0393,30.5,night
2024-02-26 00:00:00,Dharampeth,241.34,0,241.2,216.91,1.0,0.0922,32.1,night
2024-02-26 00:00:00,Sitabuldi,252.36,0,266.8,230.42,0.8992,0.0955,34.0,night
2024-02-26 00:00:00,Gandhibagh,255.82,0,284.33,235.49,0.918,0.0869,32.6,night
2024-02-26 00:00:00,Lakadganj,259.11,0,261.6,227.17,0.8976,0.1172,35.1,night
2024-02-26 00:00:00,Sadar,269.53,0,277.25,225.71,0.9714,0.0782,33.0,night
2024-02-26 00:00:00,Itwari,224.17,0,228.62,229.58,0.9233,0.1219,34.3,night
2024-02-26 00:00:00,Manewada,274.46,0,277.4,226.81,0.9134,0.0088,37.7,night
2024-02-26 00:00:00,Hingna,211.57,0,202.29,223.62,0.9241,0.1479,35.4,night
2024-02-26 01:00:00,Dharampeth,222.9,0,234.33,230.81,0.9071,0.0469,34.8,night
2024-02-26 01:00:00,Sitabuldi,224.32,0,224.35,230.08,0.8723,0.0236,35.5,night
2024-02-26 01:00:00,Gandhibagh,245.42,0,233.75,234.24,0.9021,0.0619,32.7,night
2024-02-26 01:00:00,Lakadganj,246.31,0,239.85,233.0,0.8672,0.0218,33.2,night
2024-02-26 01:00:00,Sadar,205.73,0,207.27,227.87,0.889,0.1596,33.7,night
2024-02-26 01:00:00,Itwari,245.28,0,239.04,228.2,0.9239,0.0026,34.5,night
2024-02-26 01:00:00,Manewada,176.65,0,176.76,237.54,0.8776,0.1185,35.6,night
2024-02-26 01:00:00,Hingna,221.06,0,209.65,222.65,0.8735,0.1713,36.9,night
2024-02-26 02:00:00,Dharampeth,208.79,0,206.68,233.91,0.9031,0.1278,33.1,night
2024-02-26 02:00:00,Sitabuldi,246.92,0,231.05,225.99,0.9084,0.0571,37.7,night
2024-02-26 02:00:00,Gandhibagh,248.55,0,248.6,230.07,0.9063,0.1307,32.3,night
2024-02-26 02:00:00,Lakadganj,225.02,0,222.06,234.1,0.9627,0.1228,36.2,night
2024-02-26 02:00:00,Sadar,246.74,0,230.73,229.4,0.8861,0.1017,32.7,night
2024-02-26 02:00:00,Itwari,286.68,0,287.96,230.61,0.9503,0.1387,37.3,night
2024-02-26 02:00:00,Manewada,216.91,0,212.21,233.29,0.9081,0.1013,34.8,night
2024-02-26 02:00:00,Hingna,204.94,0,201.8,231.29,0.9186,0.5462,36.4,night
2024-02-26 03:00:00,Dharampeth,222.84,0,224.57,229.92,0.8812,0.0274,35.9,night
2024-02-26 03:00:00,Sitabuldi,207.22,0,196.14,225.79,0.9275,0.1289,30.1,night
2024-02-26 03:00:00,Gandhibagh,279.55,0,272.48,230.79,0.9117,0.0274,34.0,night
2024-02-26 03:00:00,Lakadganj,257.73,0,245.75,239.97,0.9229,0.1559,31.8,night
2024-02-26 03:00:00,Sadar,249.39,0,231.09,229.86,0.8879,0.1788,33.1,night
2024-02-26 03:00:00,Itwari,267.75,0,283.35,228.28,0.9549,0.6008,34.6,night
2024-02-26 03:00:00,Manewada,255.61,0,242.05,227.73,0.8889,0.1333,35.2,night
2024-02-26 03:00:00,Hingna,170.3,0,161.98,221.08,0.8808,0.0156,33.2,night
2024-02-26 04:00:00,Dharampeth,191.95,0,201.02,230.94,0.955,0.0581,34.1,night
2024-02-26 04:00:00,Sitabuldi,250.25,0,256.03,223.23,0.9363,0.1393,35.4,night
2024-02-26 04:00:00,Gandhibagh,194.19,0,171.59,230.95,0.8968,0.0181,32.3,night
2024-02-26 04:00:00,Lakadganj,259.38,0,264.68,221.47,0.9552,0.1511,33.4,night
2024-02-26 04:00:00,Sadar,222.25,0,221.71,224.37,0.9337,0.1416,36.8,night
2024-02-26 04:00:00,Itwari,283.81,0,291.1,222.48,0.9073,0.038,38.0,night
2024-02-26 04:00:00,Manewada,238.09,0,238.26,232.47,0.9057,0.1796,33.2,night
2024-02-26 04:00:00,Hingna,223.46,0,232.14,223.08,0.9098,0.0545,35.3,night
2024-02-26 05:00:00,Dharampeth,289.56,0,291.21,222.58,0.8963,0.1238,35.8,night
2024-02-26 05:00:00,Sitabuldi,289.92,0,314.66,218.65,0.9158,0.0739,34.6,night
2024-02-26 05:00:00,Gandhibagh,243.98,0,270.66,227.48,0.9106,0.1505,33.7,night
2024-02-26 05:00:00,Lakadganj,278.31,0,269.89,223.36,0.9263,0.1438,37.6,night
2024-02-26 05:00:00,Sadar,279.65,0,284.59,228.01,0.9375,0.0058,34.7,night
2024-02-26 05:00:00,Itwari,194.81,0,198.63,231.77,0.9629,0.1691,29.9,night
2024-02-26 05:00:00,Manewada,272.23,0,273.52,219.33,0.9034,0.0007,34.1,night
2024-02-26 05:00:00,Hingna,280.47,0,276.49,235.52,0.9004,0.0369,31.9,night
2024-02-26 06:00:00,Dharampeth,269.13,9.56,259.7,235.55,0.9346,0.1363,36.1,daytime
2024-02-26 06:00:00,Sitabuldi,264.78,0,276.46,219.9,0.8761,0.0883,36.0,daytime
2024-02-26 06:00:00,Gandhibagh,208.04,0,207.35,233.11,0.8788,0.1034,34.3,daytime
2024-02-26 06:00:00,Lakadganj,277.97,0,280.26,227.76,0.9265,0.1225,37.4,daytime
2024-02-26 06:00:00,Sadar,242.77,0,252.48,215.64,0.9452,0.0446,31.1,daytime
2024-02-26 06:00:00,Itwari,269.18,0,274.24,235.88,0.9342,0.1155,34.6,daytime
2024-02-26 06:00:00,Manewada,231.45,0.37,231.98,226.48,0.8875,0.1249,35.5,daytime
2024-02-26 06:00:00,Hingna,330.48,2.35,328.45,242.71,0.9875,0.0029,31.0,daytime
2024-02-26 07:00:00,Dharampeth,323.27,43.3,275.44,226.3,0.9497,0.1708,37.0,daytime
2024-02-26 07:00:00,Sitabuldi,272.97,62.91,205.47,227.25,0.8815,0.1213,33.3,daytime
2024-02-26 07:00:00,Gandhibagh,254.2,55.37,185.07,233.3,0.9324,0.0973,33.0,daytime
2024-02-26 07:00:00,Lakadganj,362.45,46.5,318.39,235.06,0.8952,0.0521,33.4,daytime
2024-02-26 07:00:00,Sadar,299.62,68.34,242.88,237.69,0.9324,0.1699,35.7,daytime
2024-02-26 07:00:00,Itwari,367.11,50.85,320.06,229.05,0.9495,0.1688,34.8,daytime
2024-02-26 07:00:00,Manewada,262.77,59.08,192.06,231.2,0.9028,0.1571,37.2,daytime
2024-02-26 07:00:00,Hingna,310.87,57.53,255.32,231.44,0.9318,0.0665,32.0,daytime
2024-02-26 08:00:00,Dharampeth,250.21,77.05,150.89,233.31,0.9204,0.0239,32.0,daytime
2024-02-26 08:00:00,Sitabuldi,310.23,96.41,218.21,228.15,0.9815,0.1089,31.2,daytime
2024-02-26 08:00:00,Gandhibagh,260.57,88.82,149.4,226.78,0.8687,0.073,33.1,daytime
2024-02-26 08:00:00,Lakadganj,338.28,72.46,268.66,235.5,0.8911,0.0763,33.7,daytime
2024-02-26 08:00:00,Sadar,255.64,89.84,177.14,221.43,0.8623,0.0671,32.7,daytime
2024-02-26 08:00:00,Itwari,197.99,61.93,132.72,233.75,0.9019,0.0567,34.4,daytime
2024-02-26 08:00:00,Manewada,299.39,82.8,217.87,226.96,0.9763,0.0136,33.3,daytime
2024-02-26 08:00:00,Hingna,275.23,102.46,160.72,228.64,0.9392,0.1426,36.6,daytime
2024-02-26 09:00:00,Dharampeth,329.18,103.28,233.61,226.32,0.9771,0.1292,35.7,peak
2024-02-26 09:00:00,Sitabuldi,381.38,129.0,244.41,241.78,0.9695,0.076,28.7,peak
2024-02-26 09:00:00,Gandhibagh,333.45,135.92,198.78,224.0,0.8783,0.0049,33.9,peak
2024-02-26 09:00:00,Lakadganj,374.6,103.86,281.35,233.56,0.9374,0.0073,34.1,peak
2024-02-26 09:00:00,Sadar,330.84,147.97,171.58,227.45,0.9497,0.0567,35.1,peak
2024-02-26 09:00:00,Itwari,372.13,117.7,271.74,224.02,0.9034,0.0812,35.6,peak
2024-02-26 09:00:00,Manewada,337.19,125.82,209.18,226.05,0.9611,0.0159,38.5,peak
2024-02-26 09:00:00,Hingna,334.62,126.98,194.32,232.94,0.9369,0.075,34.4,peak
2024-02-26 10:00:00,Dharampeth,316.82,152.02,164.46,228.6,0.9044,0.0478,35.4,peak
2024-02-26 10:00:00,Sitabuldi,423.28,174.7,249.79,224.03,0.9002,0.1785,36.1,peak
2024-02-26 10:00:00,Gandhibagh,364.08,156.47,216.86,229.36,0.9313,0.1592,34.3,peak
2024-02-26 10:00:00,Lakadganj,316.16,163.86,160.32,231.59,0.9491,0.1442,36.8,peak
2024-02-26 10:00:00,Sadar,382.2,195.73,192.67,230.76,0.9036,0.0453,35.7,peak
2024-02-26 10:00:00,Itwari,358.88,150.63,204.8,229.71,0.9322,0.0189,34.0,peak
2024-02-26 10:00:00,Manewada,330.86,148.41,202.32,234.7,0.9156,0.1171,36.2,peak
2024-02-26 10:00:00,Hingna,372.77,155.27,222.35,239.95,0.9552,0.119,35.9,peak
2024-02-26 11:00:00,Dharampeth,348.6,164.07,180.37,238.95,0.9518,0.0331,39.9,peak
2024-02-26 11:00:00,Sitabuldi,406.32,176.76,235.53,233.26,0.9559,0.1683,34.8,peak
2024-02-26 11:00:00,Gandhibagh,369.59,194.47,182.39,235.17,0.9444,0.051,33.0,peak
2024-02-26 11:00:00,Lakadganj,371.23,182.11,197.91,232.48,0.9734,0.0441,35.8,peak
2024-02-26 11:00:00,Sadar,331.8,175.24,145.54,239.3,0.9206,0.052,37.7,peak
2024-02-26 11:00:00,Itwari,385.17,181.36,192.71,226.65,0.9188,0.1159,35.6,peak
2024-02-26 11:00:00,Manewada,340.13,179.2,156.32,232.54,0.9241,0.1514,33.9,peak
2024-02-26 11:00:00,Hingna,371.29,167.11,190.41,233.75,0.9329,0.0026,34.4,peak
2024-02-26 12:00:00,Dharampeth,374.19,185.18,172.79,229.34,0.8928,0.1709,36.1,peak
2024-02-26 12:00:00,Sitabuldi,348.92,160.88,184.47,218.3,0.9191,0.0492,37.3,peak
2024-02-26 12:00:00,Gandhibagh,329.16,196.71,144.33,224.45,0.9424,0.1411,35.1,peak
2024-02-26 12:00:00,Lakadganj,367.08,168.43,199.06,223.35,0.9358,0.1754,34.8,peak
2024-02-26 12:00:00,Sadar,294.73,177.72,104.13,230.13,0.901,0.1049,32.9,peak
2024-02-26 12:00:00,Itwari,319.32,164.91,142.72,231.62,0.9243,0.1405,34.8,peak
2024-02-26 12:00:00,Manewada,385.57,164.02,216.92,233.01,0.8829,0.0708,35.1,peak
2024-02-26 12:00:00,Hingna,353.26,153.64,196.26,217.45,0.954,0.0757,34.6,peak
2024-02-26 13:00:00,Dharampeth,230.24,151.02,88.03,234.94,0.9426,0.1212,33.7,daytime
2024-02-26 13:00:00,Sitabuldi,299.21,173.57,136.52,227.68,0.9193,0.1782,34.8,daytime
2024-02-26 13:00:00,Gandhibagh,309.88,186.18,119.94,232.11,0.9324,0.0073,32.4,daytime
2024-02-26 13:00:00,Lakadganj,304.08,152.18,132.23,228.49,0.95,0.1285,33.0,daytime
2024-02-26 13:00:00,Sadar,339.17,188.24,148.73,225.96,0.8745,0.1211,41.0,daytime
2024-02-26 13:00:00,Itwari,286.12,153.97,134.23,227.69,0.9229,0.1549,34.4,daytime
2024-02-26 13:00:00,Manewada,308.08,186.67,130.55,233.75,0.8558,0.159,33.6,daytime
2024-02-26 13:00:00,Hingna,289.83,162.21,144.63,230.11,0.923,0.0357,39.2,daytime
2024-02-26 14:00:00,Dharampeth,296.7,157.03,125.63,224.74,0.8917,0.1513,35.4,daytime
2024-02-26 14:00:00,Sitabuldi,322.31,151.01,197.97,233.18,0.8996,0.0923,32.7,daytime
2024-02-26 14:00:00,Gandhibagh,318.33,153.02,170.19,239.27,0.8907,0.0589,34.9,daytime
2024-02-26 14:00:00,Lakadganj,321.44,180.21,141.14,236.89,0.946,0.0089,34.9,daytime
2024-02-26 14:00:00,Sadar,192.45,133.66,62.72,225.87,0.8923,0.0373,37.6,daytime
2024-02-26 14:00:00,Itwari,313.14,174.67,133.21,228.47,0.8812,0.1632,35.8,daytime
2024-02-26 14:00:00,Manewada,233.07,141.86,91.66,227.49,0.9534,0.129,37.0,daytime
2024-02-26 14:00:00,Hingna,214.24,166.24,54.31,228.81,0.8963,0.1686,35.4,daytime
2024-02-26 15:00:00,Dharampeth,254.3,123.37,127.44,227.88,0.9193,0.0708,34.2,daytime
2024-02-26 15:00:00,Sitabuldi,234.45,115.41,107.78,241.29,0.9612,0.0003,35.2,daytime
2024-02-26 15:00:00,Gandhibagh,295.81,115.56,175.21,229.67,0.935,0.1675,35.7,daytime
2024-02-26 15:00:00,Lakadganj,320.34,143.3,162.71,226.09,0.8961,0.0968,34.1,daytime
2024-02-26 15:00:00,Sadar,250.88,151.19,95.51,234.55,0.9155,0.1726,34.0,daytime
2024-02-26 15:00:00,Itwari,250.02,135.53,111.48,231.29,0.8953,0.0338,32.5,daytime
2024-02-26 15:00:00,Manewada,251.9,150.8,108.14,225.59,0.9136,0.1678,35.4,daytime
2024-02-26 15:00:00,Hingna,296.98,146.41,162.29,232.6,0.9014,0.0653,34.7,daytime
2024-02-26 16:00:00,Dharampeth,267.37,84.55,191.91,236.47,0.8998,0.0677,32.8,daytime
2024-02-26 16:00:00,Sitabuldi,279.17,85.99,192.07,227.7,0.8678,0.0491,34.4,daytime
2024-02-26 16:00:00,Gandhibagh,285.0,104.37,178.15,222.34,0.8873,0.0055,34.7,daytime
2024-02-26 16:00:00,Lakadganj,226.95,102.48,123.29,223.78,0.8894,0.0029,33.0,daytime
2024-02-26 16:00:00,Sadar,224.39,83.17,122.31,223.87,0.89,0.1593,32.3,daytime
2024-02-26 16:00:00,Itwari,277.73,74.72,190.49,231.77,0.895,0.1117,33.8,daytime
2024-02-26 16:00:00,Manewada,322.81,94.21,225.05,228.98,0.9131,0.0348,31.8,daytime
2024-02-26 16:00:00,Hingna,239.87,87.9,164.91,230.06,0.9259,0.0893,34.5,daytime
2024-02-26 17:00:00,Dharampeth,320.52,57.18,268.51,228.3,0.9499,0.0658,33.3,daytime
2024-02-26 17:00:00,Sitabuldi,268.79,57.42,202.48,233.73,0.947,0.1355,33.1,daytime
2024-02-26 17:00:00,Gandhibagh,312.34,49.25,265.29,228.76,0.9352,0.0857,34.7,daytime
2024-02-26 17:00:00,Lakadganj,330.89,24.1,308.58,243.25,0.8872,0.1536,35.5,daytime
2024-02-26 17:00:00,Sadar,360.8,53.36,315.87,228.45,0.9728,0.0642,37.1,daytime
2024-02-26 17:00:00,Itwari,320.54,51.42,266.21,231.99,0.8987,0.0713,31.6,daytime
2024-02-26 17:00:00,Manewada,297.53,12.01,302.02,242.08,0.8994,0.08,32.8,daytime
2024-02-26 17:00:00,Hingna,292.65,47.02,268.05,224.63,0.9235,0.0323,34.1,daytime
2024-02-26 18:00:00,Dharampeth,332.09,6.99,328.38,227.45,0.8664,0.1681,35.3,peak
2024-02-26 18:00:00,Sitabuldi,314.82,0,314.46,241.11,0.9052,0.0931,34.0,peak
2024-02-26 18:00:00,Gandhibagh,381.67,9.53,371.84,235.45,0.903,0.0744,32.5,peak
2024-02-26 18:00:00,Lakadganj,364.69,5.42,362.78,226.17,0.9246,0.1545,37.3,peak
2024-02-26 18:00:00,Sadar,302.08,9.16,304.77,242.36,0.9081,0.1446,32.9,peak
2024-02-26 18:00:00,Itwari,397.48,0,394.54,223.6,0.9098,0.1131,34.9,peak
2024-02-26 18:00:00,Manewada,366.42,3.51,348.19,229.45,0.931,0.0719,36.5,peak
2024-02-26 18:00:00,Hingna,384.23,39.1,335.6,217.98,0.8633,0.1164,30.6,peak
2024-02-26 19:00:00,Dharampeth,312.62,0,308.61,224.03,0.8814,0.1169,34.5,peak
2024-02-26 19:00:00,Sitabuldi,311.5,0,317.55,225.55,0.9241,0.1567,35.6,peak
2024-02-26 19:00:00,Gandhibagh,319.5,0,331.95,227.79,0.9536,0.0664,37.4,peak
2024-02-26 19:00:00,Lakadganj,367.63,0,351.05,229.35,0.888,0.0984,35.6,peak
2024-02-26 19:00:00,Sadar,363.52,0,350.01,232.61,0.9109,0.1213,32.2,peak
2024-02-26 19:00:00,Itwari,348.47,0,355.47,231.72,0.9317,0.0156,31.7,peak
2024-02-26 19:00:00,Manewada,270.88,0,275.05,227.06,0.9029,0.1131,35.4,peak
2024-02-26 19:00:00,Hingna,302.75,0,302.77,225.55,0.9552,0.0111,33.2,peak
2024-02-26 20:00:00,Dharampeth,347.3,0,362.79,225.91,0.9095,0.0807,35.5,peak
2024-02-26 20:00:00,Sitabuldi,301.01,0,297.9,230.57,0.9001,0.049,34.5,peak
2024-02-26 20:00:00,Gandhibagh,342.5,0,348.8,233.18,0.9477,0.0041,36.0,peak
2024-02-26 20:00:00,Lakadganj,303.23,0,309.87,232.2,0.8771,0.0616,34.7,peak
2024-02-26 20:00:00,Sadar,355.79,0,351.6,221.03,0.9597,0.0639,32.1,peak
2024-02-26 20:00:00,Itwari,295.17,0,300.65,222.54,0.943,0.0675,32.5,peak
2024-02-26 20:00:00,Manewada,379.7,0,384.96,224.27,0.9196,0.1681,36.9,peak
2024-02-26 20:00:00,Hingna,324.65,0,338.36,228.36,0.982,0.0978,36.5,peak
2024-02-26 21:00:00,Dharampeth,263.95,0,267.84,226.54,0.9537,0.0734,33.6,peak
2024-02-26 21:00:00,Sitabuldi,300.33,0,299.26,226.89,0.9179,0.0624,34.6,peak
2024-02-26 21:00:00,Gandhibagh,354.1,0,355.32,234.01,0.9244,0.1265,31.7,peak
2024-02-26 21:00:00,Lakadganj,327.85,0,319.71,239.39,1.0,0.0374,34.3,peak
2024-02-26 21:00:00,Sadar,291.78,0,289.45,223.34,0.9305,0.0124,36.1,peak
2024-02-26 21:00:00,Itwari,297.1,0,301.46,234.32,0.9344,0.1537,34.8,peak
2024-02-26 21:00:00,Manewada,345.6,0,330.89,224.12,0.9349,0.0819,34.1,peak
2024-02-26 21:00:00,Hingna,329.2,0,328.74,223.72,0.9518,0.1295,34.4,peak
2024-02-26 22:00:00,Dharampeth,310.33,0,308.05,224.84,0.9093,0.0667,35.4,peak
2024-02-26 22:00:00,Sitabuldi,297.87,0,307.43,230.23,0.8963,0.6058,34.9,peak
2024-02-26 22:00:00,Gandhibagh,312.76,0,317.42,236.79,0.9356,0.1245,33.6,peak
2024-02-26 22:00:00,Lakadganj,344.22,0,355.53,225.96,0.9366,0.0155,35.6,peak
2024-02-26 22:00:00,Sadar,308.08,0,312.1,229.35,0.95,0.0048,30.1,peak
2024-02-26 22:00:00,Itwari,316.72,0,323.71,221.87,0.9387,0.0796,35.3,peak
2024-02-26 22:00:00,Manewada,298.17,0,303.73,235.51,0.9662,0.0757,32.8,peak
2024-02-26 22:00:00,Hingna,285.15,0,283.85,227.34,0.8937,0.1255,37.6,peak
2024-02-26 23:00:00,Dharampeth,205.07,0,199.14,225.04,0.894,0.0694,35.9,night
2024-02-26 23:00:00,Sitabuldi,283.1,0,270.01,225.12,0.9119,0.1658,35.2,night
2024-02-26 23:00:00,Gandhibagh,231.16,0,236.64,229.91,0.9531,0.1526,32.2,night
2024-02-26 23:00:00,Lakadganj,194.55,0,205.71,225.3,0.95,0.3067,35.2,night
2024-02-26 23:00:00,Sadar,231.03,0,235.1,230.67,0.9119,0.0644,30.7,night
2024-02-26 23:00:00,Itwari,281.61,0,277.5,221.96,0.8752,0.1584,33.2,night
2024-02-26 23:00:00,Manewada,226.9,0,219.69,225.62,0.9412,0.1274,31.1,night
2024-02-26 23:00:00,Hingna,248.41,0,247.06,228.27,0.9033,0.0587,35.8,night
2024-02-27 00:00:00,Dharampeth,296.67,0,301.44,231.59,0.8759,0.3413,28.8,night
2024-02-27 00:00:00,Sitabuldi,183.73,0,176.64,229.52,0.8977,0.1709,34.9,night
2024-02-27 00:00:00,Gandhibagh,252.88,0,247.75,234.59,0.8903,0.1502,34.5,night
2024-02-27 00:00:00,Lakadganj,300.12,0,299.66,220.85,0.9514,0.0666,37.1,night
2024-02-27 00:00:00,Sadar,278.98,0,265.16,228.6,0.8895,0.1202,37.2,night
2024-02-27 00:00:00,Itwari,227.97,0,229.45,234.83,0.8686,0.1439,31.8,night
2024-02-27 00:00:00,Manewada,256.4,0,250.54,238.05,0.8954,0.1453,31.9,night
2024-02-27 00:00:00,Hingna,195.52,0,199.91,238.05,0.8485,0.0437,34.8,night
2024-02-27 01:00:00,Dharampeth,246.16,0,232.56,222.61,0.8746,0.1197,36.8,night
2024-02-27 01:00:00,Sitabuldi,207.03,0,207.47,230.21,0.8789,0.0646,33.3,night
2024-02-27 01:00:00,Gandhibagh,305.21,0,303.3,226.75,0.8946,0.1711,30.7,night
2024-02-27 01:00:00,Lakadganj,211.58,0,199.53,227.07,0.9388,0.1113,34.3,night
2024-02-27 01:00:00,Sadar,245.93,0,261.44,223.73,0.8712,0.1549,37.5,night
2024-02-27 01:00:00,Itwari,225.89,0,231.72,222.67,0.8947,0.0309,32.8,night
2024-02-27 01:00:00,Manewada,258.55,0,279.76,219.65,0.9241,0.0335,33.8,night
2024-02-27 01:00:00,Hingna,223.24,0,230.52,227.26,0.9108,0.0294,32.1,night
2024-02-27 02:00:00,Dharampeth,278.66,0,279.99,226.79,0.9146,0.1355,32.8,night
2024-02-27 02:00:00,Sitabuldi,202.34,0,189.52,224.12,0.9014,0.1424,34.7,night
2024-02-27 02:00:00,Gandhibagh,267.6,0,268.07,233.84,0.9251,0.1795,34.5,night
2024-02-27 02:00:00,Lakadganj,234.19,0,242.05,222.11,0.8918,0.0627,34.1,night
2024-02-27 02:00:00,Sadar,214.53,0,212.04,233.0,0.9148,0.1277,35.8,night
2024-02-27 02:00:00,Itwari,273.23,0,272.98,228.99,0.9133,0.1379,33.9,night
2024-02-27 02:00:00,Manewada,207.64,0,217.76,224.55,0.8968,0.0878,35.6,night
2024-02-27 02:00:00,Hingna,229.01,0,233.44,229.06,0.9337,0.0436,28.6,night
2024-02-27 03:00:00,Dharampeth,269.57,0,269.02,223.73,0.926,0.1021,36.5,night
2024-02-27 03:00:00,Sitabuldi,277.26,0,269.43,227.35,0.9091,0.1483,33.9,night
2024-02-27 03:00:00,Gandhibagh,339.67,0,349.69,231.21,0.9433,0.0606,36.5,night
2024-02-27 03:00:00,Lakadganj,260.7,0,258.78,227.83,0.8335,0.0732,38.0,night
2024-02-27 03:00:00,Sadar,304.95,0,322.26,232.12,0.9258,0.0755,35.3,night
2024-02-27 03:00:00,Itwari,226.74,0,237.13,228.24,0.9262,0.0523,34.3,night
2024-02-27 03:00:00,Manewada,299.21,0,310.66,236.57,0.942,0.056,33.8,night
2024-02-27 03:00:00,Hingna,218.89,0,221.36,232.26,0.9543,0.1673,34.8,night
2024-02-27 04:00:00,Dharampeth,246.25,0,240.08,228.74,0.8591,0.1431,32.4,night
2024-02-27 04:00:00,Sitabuldi,221.91,0,230.16,230.5,0.8786,0.1186,34.6,night
2024-02-27 04:00:00,Gandhibagh,231.61,0,238.2,225.89,0.9453,0.1322,33.7,night
2024-02-27 04:00:00,Lakadganj,187.63,0,185.39,224.48,0.9182,0.0986,35.4,night
2024-02-27 04:00:00,Sadar,274.38,0,283.84,227.59,0.9312,0.1184,34.0,night
2024-02-27 04:00:00,Itwari,293.57,0,292.68,235.53,0.9362,0.0705,31.3,night
2024-02-27 04:00:00,Manewada,301.92,0,295.05,228.3,0.8551,0.1325,32.6,night
2024-02-27 04:00:00,Hingna,202.56,0,193.35,237.26,0.9037,0.007,33.0,night
2024-02-27 05:00:00,Dharampeth,211.33,0,213.12,227.08,0.908,0.132,37.1,night
2024-02-27 05:00:00,Sitabuldi,242.88,0,247.09,234.93,0.9636,0.1493,36.1,night
2024-02-27 05:00:00,Gandhibagh,249.79,0,223.43,224.17,0.8772,0.1615,38.6,night
2024-02-27 05:00:00,Lakadganj,273.65,0,282.46,233.29,0.9181,0.0272,35.6,night
2024-02-27 05:00:00,Sadar,185.39,0,179.97,225.16,0.9167,0.0442,34.6,night
2024-02-27 05:00:00,Itwari,208.06,0,217.96,231.62,0.883,0.0799,33.3,night
2024-02-27 05:00:00,Manewada,195.9,0,197.51,218.18,0.948,0.3496,36.3,night
2024-02-27 05:00:00,Hingna,211.76,0,197.32,235.72,0.9594,0.0924,32.1,night
2024-02-27 06:00:00,Dharampeth,313.09,3.91,316.77,230.36,0.8933,0.0628,30.5,daytime
2024-02-27 06:00:00,Sitabuldi,316.69,0,317.34,226.19,0.8752,0.1319,35.5,daytime
2024-02-27 06:00:00,Gandhibagh,245.11,23.67,211.19,227.08,0.9685,0.1545,32.8,daytime
2024-02-27 06:00:00,Lakadganj,283.52,0,290.35,232.15,0.8992,0.0655,33.2,daytime
2024-02-27 06:00:00,Sadar,243.18,6.24,256.12,227.03,0.905,0.7555,33.6,daytime
2024-02-27 06:00:00,Itwari,276.11,3.92,266.52,219.28,0.9378,0.1729,34.6,daytime
2024-02-27 06:00:00,Manewada,229.32,0,214.67,217.86,0.916,0.0776,33.9,daytime
2024-02-27 06:00:00,Hingna,312.15,1.59,311.28,237.28,0.9237,0.1255,36.8,daytime
2024-02-27 07:00:00,Dharampeth,286.92,64.17,220.14,226.74,0.8985,0.122,38.0,daytime
2024-02-27 07:00:00,Sitabuldi,307.39,29.55,271.17,228.9,0.9128,0.1426,35.5,daytime
2024-02-27 07:00:00,Gandhibagh,327.87,19.82,290.08,230.45,0.9001,0.0022,35.8,daytime
2024-02-27 07:00:00,Lakadganj,300.43,76.6,206.76,222.28,0.9446,0.0336,35.0,daytime
2024-02-27 07:00:00,Sadar,219.18,44.31,165.64,227.46,0.9241,0.0712,33.1,daytime
2024-02-27 07:00:00,Itwari,209.08,53.09,165.9,239.38,0.9211,0.1685,37.4,daytime
2024-02-27 07:00:00,Manewada,332.23,42.03,297.65,226.01,0.8825,0.0835,34.2,daytime
2024-02-27 07:00:00,Hingna,267.19,52.84,216.55,237.79,0.9167,0.0328,35.5,daytime
2024-02-27 08:00:00,Dharampeth,262.94,82.79,157.27,228.76,0.9343,0.0096,32.8,daytime
2024-02-27 08:00:00,Sitabuldi,286.29,102.98,166.86,228.55,0.9224,0.0359,35.8,daytime
2024-02-27 08:00:00,Gandhibagh,296.18,88.78,196.1,239.24,0.9279,0.1113,34.5,daytime
2024-02-27 08:00:00,Lakadganj,324.06,85.61,244.21,224.52,0.9179,0.0128,34.3,daytime
2024-02-27 08:00:00,Sadar,339.68,84.18,259.89,234.1,0.9247,0.1388,32.8,daytime
2024-02-27 08:00:00,Itwari,255.03,102.49,162.74,227.76,0.9519,0.0608,33.6,daytime
2024-02-27 08:00:00,Manewada,306.59,87.27,246.87,232.03,0.8843,0.075,35.7,daytime
2024-02-27 08:00:00,Hingna,276.09,82.1,195.61,224.97,0.8884,0.0117,40.6,daytime
2024-02-27 09:00:00,Dharampeth,283.02,133.29,159.75,235.28,0.978,0.124,32.9,peak
2024-02-27 09:00:00,Sitabuldi,386.69,96.97,300.0,229.86,0.8784,0.1692,35.3,peak
2024-02-27 09:00:00,Gandhibagh,358.74,122.83,221.32,234.29,0.9019,0.1055,33.8,peak
2024-02-27 09:00:00,Lakadganj,320.33,132.08,183.79,228.32,0.8914,0.1155,33.1,peak
2024-02-27 09:00:00,Sadar,386.51,116.22,255.42,224.64,0.9084,0.1032,36.0,peak
2024-02-27 09:00:00,Itwari,348.05,142.1,212.95,237.7,0.8823,0.0132,32.8,peak
2024-02-27 09:00:00,Manewada,353.9,138.01,204.1,222.96,0.8958,0.0039,36.2,peak
2024-02-27 09:00:00,Hingna,402.37,143.3,265.47,229.82,0.8909,0.1515,35.0,peak
2024-02-27 10:00:00,Dharampeth,398.1,159.39,242.54,222.58,0.8884,0.0279,33.6,peak
2024-02-27 10:00:00,Sitabuldi,372.63,159.74,213.55,232.98,0.9425,0.1057,38.6,peak
2024-02-27 10:00:00,Gandhibagh,352.73,168.37,186.0,229.52,0.9647,0.1717,33.7,peak
2024-02-27 10:00:00,Lakadganj,393.75,167.5,218.59,233.55,0.8742,0.105,33.9,peak
2024-02-27 10:00:00,Sadar,351.26,169.98,183.37,218.34,0.955,0.1199,35.1,peak
2024-02-27 10:00:00,Itwari,350.46,177.17,175.67,231.07,0.8876,0.1546,31.5,peak
2024-02-27 10:00:00,Manewada,365.67,175.72,191.78,227.84,0.9157,0.1799,34.7,peak
2024-02-27 10:00:00,Hingna,384.65,126.3,266.7,223.37,0.9256,0.1094,37.3,peak
2024-02-27 11:00:00,Dharampeth,438.02,165.0,255.18,225.57,0.9273,0.0745,34.6,peak
2024-02-27 11:00:00,Sitabuldi,305.22,183.98,131.45,234.08,0.908,0.1179,35.8,peak
2024-02-27 11:00:00,Gandhibagh,317.09,165.95,130.45,228.59,0.938,0.0047,36.7,peak
2024-02-27 11:00:00,Lakadganj,336.66,188.3,159.02,231.92,0.936,0.1689,34.7,peak
2024-02-27 11:00:00,Sadar,361.93,210.13,159.09,230.46,0.9017,0.0552,32.1,peak
2024-02-27 11:00:00,Itwari,323.9,191.95,144.76,241.87,0.9563,0.1176,37.2,peak
2024-02-27 11:00:00,Manewada,347.64,161.95,194.16,232.42,0.9552,0.1703,35.3,peak
2024-02-27 11:00:00,Hingna,407.96,162.7,248.64,220.42,0.8947,0.1164,32.7,peak
2024-02-27 12:00:00,Dharampeth,357.69,191.45,166.22,222.36,0.9407,0.1432,32.4,peak
2024-02-27 12:00:00,Sitabuldi,302.09,150.52,162.4,234.56,0.9244,0.0453,33.5,peak
2024-02-27 12:00:00,Gandhibagh,352.62,199.79,154.87,228.88,0.966,0.1436,35.6,peak
2024-02-27 12:00:00,Lakadganj,336.08,175.78,158.49,233.76,0.9042,0.1344,33.7,peak
2024-02-27 12:00:00,Sadar,403.38,179.84,207.01,226.78,0.952,0.056,35.4,peak
2024-02-27 12:00:00,Itwari,349.42,173.85,168.8,232.91,0.8714,0.1385,36.3,peak
2024-02-27 12:00:00,Manewada,337.3,195.99,143.23,233.43,0.9622,0.033,36.5,peak
2024-02-27 12:00:00,Hingna,393.68,202.88,196.57,217.0,0.9371,0.1212,33.1,peak
2024-02-27 13:00:00,Dharampeth,340.77,198.31,134.91,234.43,0.9375,0.1561,32.0,daytime
2024-02-27 13:00:00,Sitabuldi,338.2,162.42,173.2,220.76,0.8789,0.1089,33.0,daytime
2024-02-27 13:00:00,Gandhibagh,242.87,179.59,67.73,232.31,0.8863,0.1703,34.8,daytime
2024-02-27 13:00:00,Lakadganj,323.04,140.98,180.7,225.59,0.923,0.1009,30.2,daytime
2024-02-27 13:00:00,Sadar,274.89,165.02,109.31,233.43,0.8744,0.1483,32.3,daytime
2024-02-27 13:00:00,Itwari,240.13,162.98,80.66,228.13,0.9334,0.1073,28.4,daytime
2024-02-27 13:00:00,Manewada,264.62,175.82,95.69,230.67,0.9558,0.0489,32.9,daytime
2024-02-27 13:00:00,Hingna,271.92,177.53,104.38,223.18,0.9674,0.0218,35.8,daytime
2024-02-27 14:00:00,Dharampeth,271.6,158.83,124.21,226.63,0.9522,0.0369,37.6,daytime
2024-02-27 14:00:00,Sitabuldi,249.99,141.15,115.04,219.92,0.9155,0.068,36.8,daytime
2024-02-27 14:00:00,Gandhibagh,266.67,128.97,154.9,232.32,0.92,0.1471,36.1,daytime
2024-02-27 14:00:00,Lakadganj,325.41,168.04,174.55,230.92,0.8799,0.0952,35.6,daytime
2024-02-27 14:00:00,Sadar,258.64,155.83,82.65,235.48,0.9062,0.1424,35.5,daytime
2024-02-27 14:00:00,Itwari,337.64,150.98,191.94,232.96,0.8738,0.1232,29.4,daytime
2024-02-27 14:00:00,Manewada,250.22,141.94,116.68,229.02,0.9441,0.0683,34.9,daytime
2024-02-27 14:00:00,Hingna,327.53,132.06,193.28,229.89,0.9099,0.1533,34.0,daytime
2024-02-27 15:00:00,Dharampeth,263.72,115.87,139.1,226.94,0.9127,0.0065,33.7,daytime
2024-02-27 15:00:00,Sitabuldi,350.85,113.05,234.37,231.95,0.9257,0.1748,33.1,daytime
2024-02-27 15:00:00,Gandhibagh,299.49,133.59,160.68,229.34,0.9109,0.1528,38.8,daytime
2024-02-27 15:00:00,Lakadganj,275.97,123.4,144.18,236.35,0.9223,0.5619,32.1,daytime
2024-02-27 15:00:00,Sadar,302.67,135.2,173.23,233.36,0.9671,0.0577,32.1,daytime
2024-02-27 15:00:00,Itwari,324.92,96.87,233.2,223.63,0.9047,0.1699,34.6,daytime
2024-02-27 15:00:00,Manewada,262.8,109.46,161.95,230.32,0.919,0.0722,36.8,daytime
2024-02-27 15:00:00,Hingna,315.02,127.62,193.12,232.33,0.9687,0.0631,32.1,daytime
2024-02-27 16:00:00,Dharampeth,272.56,87.45,180.94,233.38,0.9016,0.0148,34.4,daytime
2024-02-27 16:00:00,Sitabuldi,328.68,94.1,235.59,236.61,0.9425,0.0686,35.0,daytime
2024-02-27 16:00:00,Gandhibagh,282.41,81.16,210.17,230.25,0.9228,0.0132,33.8,daytime
2024-02-27 16:00:00,Lakadganj,309.06,98.77,214.74,227.63,0.8893,0.1675,35.4,daytime
2024-02-27 16:00:00,Sadar,269.57,106.0,151.92,225.36,0.8991,0.0734,34.1,daytime
2024-02-27 16:00:00,Itwari,234.86,95.15,129.65,216.17,0.9263,0.0444,36.0,daytime
2024-02-27 16:00:00,Manewada,304.08,84.15,223.75,230.45,0.8893,0.0611,37.9,daytime
2024-02-27 16:00:00,Hingna,279.46,62.39,218.79,225.93,0.9131,0.0366,32.9,daytime
2024-02-27 17:00:00,Dharampeth,298.13,62.75,220.1,232.42,0.9249,0.1442,36.3,daytime
2024-02-27 17:00:00,Sitabuldi,263.41,41.79,219.95,224.05,0.8879,0.1557,36.6,daytime
2024-02-27 17:00:00,Gandhibagh,301.05,70.89,233.33,231.18,0.9307,0.1701,36.8,daytime
2024-02-27 17:00:00,Lakadganj,293.74,57.8,229.19,229.27,0.9763,0.0587,38.8,daytime
2024-02-27 17:00:00,Sadar,289.94,47.24,229.63,222.52,0.926,0.0112,36.0,daytime
2024-02-27 17:00:00,Itwari,311.66,52.83,250.2,233.59,0.9316,0.1468,33.5,daytime
2024-02-27 17:00:00,Manewada,242.54,56.17,191.57,235.8,0.9023,0.0986,33.9,daytime
2024-02-27 17:00:00,Hingna,236.1,42.7,197.62,227.5,0.9135,0.0739,34.6,daytime
2024-02-27 18:00:00,Dharampeth,276.8,0,270.82,228.65,0.9507,0.0833,36.3,peak
2024-02-27 18:00:00,Sitabuldi,350.33,0,358.53,236.44,0.9176,0.007,34.9,peak
2024-02-27 18:00:00,Gandhibagh,417.41,0,405.32,229.49,0.9566,0.0781,35.9,peak
2024-02-27 18:00:00,Lakadganj,373.88,13.2,348.13,235.32,0.9383,0.0776,34.5,peak
2024-02-27 18:00:00,Sadar,322.42,0,320.27,224.19,0.9513,0.139,32.9,peak
2024-02-27 18:00:00,Itwari,359.46,0,380.96,224.44,0.9142,0.0883,32.5,peak
2024-02-27 18:00:00,Manewada,386.81,8.58,376.2,235.6,0.9162,0.071,36.4,peak
2024-02-27 18:00:00,Hingna,345.79,0,358.83,233.8,0.9224,0.0072,35.4,peak
2024-02-27 19:00:00,Dharampeth,322.05,0,322.63,225.45,0.8842,0.1156,35.0,peak
2024-02-27 19:00:00,Sitabuldi,359.67,0,360.43,232.85,0.9124,0.0386,35.8,peak
2024-02-27 19:00:00,Gandhibagh,266.68,0,264.45,234.97,0.928,0.0563,36.1,peak
2024-02-27 19:00:00,Lakadganj,270.94,0,257.57,231.43,0.9494,0.104,35.2,peak
2024-02-27 19:00:00,Sadar,302.93,0,302.87,224.37,0.9374,0.073,33.8,peak
2024-02-27 19:00:00,Itwari,375.27,0,368.88,224.15,0.8841,0.0599,33.0,peak
2024-02-27 19:00:00,Manewada,270.1,0,264.53,219.41,0.9227,0.0998,31.8,peak
2024-02-27 19:00:00,Hingna,339.06,0,334.86,226.04,0.9469,0.173,34.5,peak
2024-02-27 20:00:00,Dharampeth,276.65,0,272.31,225.36,0.9173,0.1411,34.6,peak
2024-02-27 20:00:00,Sitabuldi,320.11,0,299.44,228.15,0.929,0.0922,31.3,peak
2024-02-27 20:00:00,Gandhibagh,320.22,0,332.73,235.85,0.8922,0.1788,34.2,peak
2024-02-27 20:00:00,Lakadganj,278.61,0,287.15,233.12,0.9047,0.0039,35.4,peak
2024-02-27 20:00:00,Sadar,369.08,0,364.28,233.61,0.9314,0.0996,35.4,peak
2024-02-27 20:00:00,Itwari,309.93,0,312.88,229.41,0.9248,0.158,34.7,peak
2024-02-27 20:00:00,Manewada,372.45,0,383.4,233.95,0.9109,0.0597,32.4,peak
2024-02-27 20:00:00,Hingna,265.14,0,262.05,221.27,0.9297,0.0106,35.3,peak
2024-02-27 21:00:00,Dharampeth,343.49,0,334.78,232.29,0.9236,0.1769,36.0,peak
2024-02-27 21:00:00,Sitabuldi,288.56,0,282.14,231.3,0.8752,0.0314,34.2,peak
2024-02-27 21:00:00,Gandhibagh,340.22,0,337.02,236.95,0.8443,0.1513,31.6,peak
2024-02-27 21:00:00,Lakadganj,377.99,0,380.25,236.51,0.9019,0.0702,34.4,peak
2024-02-27 21:00:00,Sadar,316.18,0,308.27,229.51,0.8905,0.0397,33.7,peak
2024-02-27 21:00:00,Itwari,268.67,0,285.31,230.97,0.9023,0.177,34.6,peak
2024-02-27 21:00:00,Manewada,371.15,0,373.36,233.63,0.8954,0.0621,32.3,peak
2024-02-27 21:00:00,Hingna,310.8,0,312.61,222.49,0.8972,0.0398,34.3,peak
2024-02-27 22:00:00,Dharampeth,345.61,0,345.85,232.92,0.9799,0.1459,34.3,peak
2024-02-27 22:00:00,Sitabuldi,375.22,0,359.74,228.76,0.9582,0.0237,39.1,peak
2024-02-27 22:00:00,Gandhibagh,341.98,0,328.5,232.37,0.941,0.1199,33.8,peak
2024-02-27 22:00:00,Lakadganj,319.37,0,325.03,230.85,0.9304,0.1329,37.0,peak
2024-02-27 22:00:00,Sadar,327.9,0,309.06,223.69,0.9787,0.0152,37.4,peak
2024-02-27 22:00:00,Itwari,413.59,0,400.64,239.24,0.944,0.093,34.0,peak
2024-02-27 22:00:00,Manewada,318.22,0,321.39,227.11,0.9,0.0385,34.0,peak
2024-02-27 22:00:00,Hingna,274.91,0,271.27,234.41,0.9302,0.0915,35.1,peak
2024-02-27 23:00:00,Dharampeth,175.74,0,191.1,234.63,0.9356,0.1593,32.7,night
2024-02-27 23:00:00,Sitabuldi,219.94,0,220.84,224.72,0.9182,0.0478,32.1,night
2024-02-27 23:00:00,Gandhibagh,225.95,0,246.08,232.75,0.9091,0.0947,33.0,night
2024-02-27 23:00:00,Lakadganj,181.42,0,170.98,231.34,0.8891,0.0812,38.9,night
2024-02-27 23:00:00,Sadar,205.06,0,208.69,226.18,0.9389,0.133,38.3,night
2024-02-27 23:00:00,Itwari,286.9,0,271.49,219.94,0.9347,0.0677,34.3,night
2024-02-27 23:00:00,Manewada,218.48,0,211.92,232.19,0.8972,0.0444,35.1,night
2024-02-27 23:00:00,Hingna,307.27,0,304.9,231.69,0.8678,0.1482,36.6,night
2024-02-28 00:00:00,Dharampeth,236.5,0,237.17,228.53,0.9244,0.0962,36.4,night
2024-02-28 00:00:00,Sitabuldi,275.46,0,271.41,231.4,0.8599,0.128,34.6,night
2024-02-28 00:00:00,Gandhibagh,247.56,0,251.15,237.72,0.9817,0.1321,33.3,night
2024-02-28 00:00:00,Lakadganj,246.6,0,240.53,229.85,0.905,0.0809,34.2,night
2024-02-28 00:00:00,Sadar,228.57,0,223.01,228.79,0.9925,0.0392,36.3,night
2024-02-28 00:00:00,Itwari,326.27,0,328.36,229.78,0.8635,0.0194,35.3,night
2024-02-28 00:00:00,Manewada,240.91,0,242.28,235.77,0.9484,0.1688,34.8,night
2024-02-28 00:00:00,Hingna,198.41,0,190.89,236.76,0.9149,0.08,36.0,night
2024-02-28 01:00:00,Dharampeth,260.19,0,264.39,229.07,0.9212,0.175,34.7,night
2024-02-28 01:00:00,Sitabuldi,195.44,0,197.23,224.92,0.88,0.03,38.2,night
2024-02-28 01:00:00,Gandhibagh,234.35,0,233.98,234.54,0.9442,0.017,31.2,night
2024-02-28 01:00:00,Lakadganj,261.02,0,246.01,226.34,0.954,0.1143,38.0,night
2024-02-28 01:00:00,Sadar,282.12,0,289.85,227.71,0.9188,0.1525,32.0,night
2024-02-28 01:00:00,Itwari,267.27,0,265.0,236.13,0.8764,0.0599,38.6,night
2024-02-28 01:00:00,Manewada,230.71,0,240.0,235.55,0.9664,0.0705,36.7,night
2024-02-28 01:00:00,Hingna,266.73,0,251.67,226.82,0.9882,0.0821,34.0,night
2024-02-28 02:00:00,Dharampeth,257.94,0,263.4,228.23,0.894,0.1506,34.8,night
2024-02-28 02:00:00,Sitabuldi,296.8,0,289.97,225.73,0.9112,0.1778,30.1,night
2024-02-28 02:00:00,Gandhibagh,228.13,0,234.03,231.68,0.9555,0.0215,36.3,night
2024-02-28 02:00:00,Lakadganj,224.87,0,236.42,233.15,0.8999,0.0697,35.1,night
2024-02-28 02:00:00,Sadar,222.87,0,229.06,223.79,0.9187,0.1213,36.7,night
2024-02-28 02:00:00,Itwari,227.84,0,218.85,232.48,0.9888,0.11,31.1,night
2024-02-28 02:00:00,Manewada,273.62,0,281.17,232.16,0.8997,0.1214,33.0,night
2024-02-28 02:00:00,Hingna,301.75,0,313.71,223.16,0.9106,0.1518,35.3,night
2024-02-28 03:00:00,Dharampeth,231.06,0,242.87,228.7,0.901,0.1371,35.2,night
2024-02-28 03:00:00,Sitabuldi,171.92,0,159.28,230.82,0.8694,0.0861,31.1,night
2024-02-28 03:00:00,Gandhibagh,282.87,0,255.38,237.21,0.9216,0.1251,37.8,night
2024-02-28 03:00:00,Lakadganj,225.34,0,232.4,227.78,0.9205,0.1228,34.0,night
2024-02-28 03:00:00,Sadar,220.5,0,228.47,221.03,0.9021,0.0396,35.5,night
2024-02-28 03:00:00,Itwari,294.5,0,303.84,230.74,0.8757,0.0606,32.2,night
2024-02-28 03:00:00,Manewada,236.88,0,241.47,232.9,0.9593,0.1249,31.6,night
2024-02-28 03:00:00,Hingna,254.41,0,249.11,226.4,0.9798,0.1502,33.4,night
2024-02-28 04:00:00,Dharampeth,257.95,0,261.62,235.71,0.8784,0.0782,35.8,night
2024-02-28 04:00:00,Sitabuldi,191.72,0,176.38,222.8,0.9442,0.1476,34.0,night
2024-02-28 04:00:00,Gandhibagh,290.29,0,294.63,225.42,0.8835,0.056,33.6,night
2024-02-28 04:00:00,Lakadganj,199.33,0,196.22,220.1,0.9065,0.0864,35.5,night
2024-02-28 04:00:00,Sadar,203.39,0,204.31,223.54,0.8882,0.0954,34.7,night
2024-02-28 04:00:00,Itwari,229.4,0,226.42,230.38,0.9441,0.0875,36.3,night
2024-02-28 04:00:00,Manewada,230.38,0,231.8,226.02,0.938,0.1462,31.1,night
2024-02-28 04:00:00,Hingna,224.96,0,210.9,224.13,0.9442,0.1732,33.4,night
2024-02-28 05:00:00,Dharampeth,133.18,0,126.92,232.63,0.8923,0.1617,34.4,night
2024-02-28 05:00:00,Sitabuldi,282.35,0,279.61,224.03,0.9085,0.1713,34.4,night
2024-02-28 05:00:00,Gandhibagh,236.51,0,234.63,235.73,0.9201,0.0144,34.6,night
2024-02-28 05:00:00,Lakadganj,192.98,0,210.19,236.8,0.9214,0.0859,35.6,night
2024-02-28 05:00:00,Sadar,245.01,0,254.89,241.21,0.8829,0.1563,37.1,night
2024-02-28 05:00:00,Itwari,223.26,0,230.42,220.76,0.9289,0.0436,37.9,night
2024-02-28 05:00:00,Manewada,229.97,0,218.7,228.96,0.9335,0.0547,34.8,night
2024-02-28 05:00:00,Hingna,258.3,0,241.88,230.24,0.927,0.0266,33.3,night
2024-02-28 06:00:00,Dharampeth,274.37,0,257.72,221.07,0.955,0.1239,36.6,daytime
2024-02-28 06:00:00,Sitabuldi,244.28,0,246.95,229.91,0.9064,0.1051,30.9,daytime
2024-02-28 06:00:00,Gandhibagh,263.3,0,265.89,232.33,0.9188,0.0829,31.9,daytime
2024-02-28 06:00:00,Lakadganj,285.72,7.78,276.92,233.67,0.9341,0.0189,33.1,daytime
2024-02-28 06:00:00,Sadar,289.8,7.49,278.77,230.32,0.9647,0.0807,35.5,daytime
2024-02-28 06:00:00,Itwari,283.09,22.74,250.03,233.84,0.9038,0.0573,32.6,daytime
2024-02-28 06:00:00,Manewada,279.4,0,261.98,228.81,0.947,0.0492,30.8,daytime
2024-02-28 06:00:00,Hingna,281.24,0,282.17,233.93,0.9704,0.122,33.9,daytime
2024-02-28 07:00:00,Dharampeth,328.64,41.23,284.3,240.87,0.9964,0.0513,35.2,daytime
2024-02-28 07:00:00,Sitabuldi,291.5,37.39,276.81,219.92,0.9278,0.1503,34.3,daytime
2024-02-28 07:00:00,Gandhibagh,315.25,30.91,274.98,233.51,0.9554,0.1435,33.4,daytime
2024-02-28 07:00:00,Lakadganj,338.85,49.99,299.49,228.44,0.9469,0.1363,33.3,daytime
2024-02-28 07:00:00,Sadar,292.07,35.68,257.7,227.58,0.9375,0.0681,34.3,daytime
2024-02-28 07:00:00,Itwari,272.19,41.75,214.87,229.63,0.9086,0.0446,34.4,daytime
2024-02-28 07:00:00,Manewada,255.39,25.84,243.78,221.82,0.9514,0.1606,31.8,daytime
2024-02-28 07:00:00,Hingna,322.91,47.01,274.01,237.8,0.9253,0.0685,34.8,daytime
2024-02-28 08:00:00,Dharampeth,231.5,72.65,145.55,218.52,0.908,0.1098,32.9,daytime
2024-02-28 08:00:00,Sitabuldi,269.08,116.62,153.01,237.41,0.9211,0.0398,34.5,daytime
2024-02-28 08:00:00,Gandhibagh,237.91,74.63,172.69,229.92,0.9193,0.0675,33.8,daytime
2024-02-28 08:00:00,Lakadganj,301.26,81.83,214.47,236.38,0.9507,0.1614,34.6,daytime
2024-02-28 08:00:00,Sadar,358.19,79.27,272.39,236.16,0.9292,0.0903,37.3,daytime
2024-02-28 08:00:00,Itwari,268.4,89.81,199.67,223.23,0.8968,0.0096,36.6,daytime
2024-02-28 08:00:00,Manewada,305.68,87.72,216.14,222.77,0.9502,0.0429,35.1,daytime
2024-02-28 08:00:00,Hingna,268.86,72.53,171.5,225.63,0.9414,0.1466,34.0,daytime
2024-02-28 09:00:00,Dharampeth,374.65,130.92,261.68,227.23,0.9506,0.1049,33.3,peak
2024-02-28 09:00:00,Sitabuldi,393.66,157.47,224.74,227.35,0.921,0.1035,34.0,peak
2024-02-28 09:00:00,Gandhibagh,356.15,123.04,220.14,233.85,0.934,0.0998,37.1,peak
2024-02-28 09:00:00,Lakadganj,425.37,128.01,301.4,221.83,0.9777,0.0852,34.4,peak
2024-02-28 09:00:00,Sadar,296.02,118.07,179.8,241.64,0.9146,0.0169,31.1,peak
2024-02-28 09:00:00,Itwari,390.36,106.14,283.12,223.45,0.923,0.0212,32.9,peak
2024-02-28 09:00:00,Manewada,361.93,130.1,241.47,217.29,0.9651,0.0038,36.5,peak
2024-02-28 09:00:00,Hingna,372.1,123.03,251.18,230.2,0.9909,0.0858,37.9,peak
2024-02-28 10:00:00,Dharampeth,352.76,168.6,165.28,228.94,0.9562,0.1209,35.9,peak
2024-02-28 10:00:00,Sitabuldi,367.86,158.17,211.15,230.41,0.9457,0.0872,32.9,peak
2024-02-28 10:00:00,Gandhibagh,384.67,166.15,225.46,234.73,0.8956,0.1402,34.0,peak
2024-02-28 10:00:00,Lakadganj,372.34,165.66,205.95,230.73,0.9316,0.1715,35.8,peak
2024-02-28 10:00:00,Sadar,392.36,163.87,224.63,230.07,0.9362,0.0054,34.9,peak
2024-02-28 10:00:00,Itwari,331.67,158.24,173.52,225.98,0.9342,0.1533,35.7,peak
2024-02-28 10:00:00,Manewada,319.87,139.29,183.43,224.29,0.9238,0.0649,30.9,peak
2024-02-28 10:00:00,Hingna,386.28,154.88,236.16,234.08,0.9927,0.3279,33.5,peak
2024-02-28 11:00:00,Dharampeth,342.36,171.93,154.83,227.51,0.9067,0.0237,33.9,peak
2024-02-28 11:00:00,Sitabuldi,345.34,185.63,161.98,238.74,0.9507,0.0673,36.0,peak
2024-02-28 11:00:00,Gandhibagh,357.09,172.01,169.31,225.81,0.8991,0.1468,34.5,peak
2024-02-28 11:00:00,Lakadganj,337.01,153.35,188.83,232.16,0.8777,0.1535,31.5,peak
2024-02-28 11:00:00,Sadar,357.88,200.12,155.29,230.73,0.8398,0.1568,34.9,peak
2024-02-28 11:00:00,Itwari,344.68,167.12,164.11,229.44,0.8892,0.1446,33.4,peak
2024-02-28 11:00:00,Manewada,363.0,149.47,215.38,220.08,0.8971,0.0229,38.0,peak
2024-02-28 11:00:00,Hingna,378.75,164.56,200.83,221.45,0.8953,0.0736,35.8,peak
2024-02-28 12:00:00,Dharampeth,423.69,177.61,237.17,231.46,0.9565,0.0142,33.2,peak
2024-02-28 12:00:00,Sitabuldi,359.86,169.16,195.43,236.3,0.9021,0.0325,36.1,peak
2024-02-28 12:00:00,Gandhibagh,296.63,168.43,97.42,231.53,0.9108,0.1783,34.4,peak
2024-02-28 12:00:00,Lakadganj,339.36,182.31,167.85,236.77,0.8985,0.165,34.5,peak
2024-02-28 12:00:00,Sadar,354.65,181.97,190.09,242.66,0.9389,0.1613,36.9,peak
2024-02-28 12:00:00,Itwari,336.81,186.3,155.72,223.81,0.8685,0.0885,35.2,peak
2024-02-28 12:00:00,Manewada,383.08,170.52,235.32,229.77,0.9234,0.1149,32.6,peak
2024-02-28 12:00:00,Hingna,363.88,187.22,169.84,230.29,0.8808,0.1381,33.0,peak
2024-02-28 13:00:00,Dharampeth,306.53,147.61,161.39,225.05,0.8742,0.0616,34.4,daytime
2024-02-28 13:00:00,Sitabuldi,285.38,183.89,98.24,237.46,0.9375,0.0337,32.8,daytime
2024-02-28 13:00:00,Gandhibagh,326.19,189.97,147.13,236.32,0.941,0.028,30.4,daytime
2024-02-28 13:00:00,Lakadganj,282.13,183.85,106.95,223.61,0.9318,0.5726,31.8,daytime
2024-02-28 13:00:00,Sadar,273.89,191.07,81.72,229.66,0.9123,0.0239,39.1,daytime
2024-02-28 13:00:00,Itwari,321.19,189.61,153.28,232.78,0.9197,0.1531,33.8,daytime
2024-02-28 13:00:00,Manewada,343.65,183.77,166.7,226.8,0.9329,0.051,35.7,daytime
2024-02-28 13:00:00,Hingna,286.55,155.28,125.64,222.0,0.8865,0.0717,33.1,daytime
2024-02-28 14:00:00,Dharampeth,282.8,180.16,91.81,235.1,0.938,0.1779,35.8,daytime
2024-02-28 14:00:00,Sitabuldi,271.12,161.5,123.42,227.58,0.9176,0.033,32.7,daytime
2024-02-28 14:00:00,Gandhibagh,265.12,168.33,88.07,219.51,0.9235,0.0872,32.6,daytime
2024-02-28 14:00:00,Lakadganj,300.95,156.69,139.89,229.14,0.8807,0.1692,33.3,daytime
2024-02-28 14:00:00,Sadar,258.4,173.65,70.63,229.49,0.902,0.0178,33.0,daytime
2024-02-28 14:00:00,Itwari,333.25,147.44,192.42,239.72,0.9086,0.0933,36.3,daytime
2024-02-28 14:00:00,Manewada,305.39,138.08,160.36,239.62,0.9444,0.0967,35.0,daytime
2024-02-28 14:00:00,Hingna,258.36,134.95,134.91,224.06,0.9425,0.1626,32.1,daytime
2024-02-28 15:00:00,Dharampeth,279.68,134.97,138.44,237.79,0.962,0.1674,39.2,daytime
2024-02-28 15:00:00,Sitabuldi,307.9,127.38,175.95,236.94,0.8905,0.1549,36.8,daytime
2024-02-28 15:00:00,Gandhibagh,239.47,129.17,101.33,236.06,0.9462,0.0267,36.2,daytime
2024-02-28 15:00:00,Lakadganj,298.79,127.04,166.88,225.83,0.8924,0.1272,37.8,daytime
2024-02-28 15:00:00,Sadar,311.42,131.85,168.02,235.09,0.9681,0.0701,32.4,daytime
2024-02-28 15:00:00,Itwari,307.71,118.25,186.39,234.1,0.9827,0.0068,35.0,daytime
2024-02-28 15:00:00,Manewada,303.02,124.71,160.94,231.73,0.9827,0.1719,33.7,daytime
2024-02-28 15:00:00,Hingna,310.98,107.46,197.79,228.19,0.8731,0.0534,32.5,daytime
2024-02-28 16:00:00,Dharampeth,330.68,91.87,256.72,240.56,0.9253,0.0145,33.6,daytime
2024-02-28 16:00:00,Sitabuldi,354.66,80.9,283.12,240.73,0.9538,0.1487,34.2,daytime
2024-02-28 16:00:00,Gandhibagh,251.66,89.94,160.64,233.58,0.8974,0.0685,37.4,daytime
2024-02-28 16:00:00,Lakadganj,322.84,83.61,243.98,229.54,0.9384,0.1659,39.7,daytime
2024-02-28 16:00:00,Sadar,229.16,105.81,129.21,224.46,0.8972,0.0372,38.5,daytime
2024-02-28 16:00:00,Itwari,227.88,74.97,148.02,229.07,0.8716,0.0882,37.6,daytime
2024-02-28 16:00:00,Manewada,214.23,73.05,147.84,233.24,0.8991,0.1641,32.6,daytime
2024-02-28 16:00:00,Hingna,247.66,77.37,165.7,227.54,0.9526,0.014,33.9,daytime
2024-02-28 17:00:00,Dharampeth,294.71,49.84,240.6,233.62,0.8992,0.0038,37.4,daytime
2024-02-28 17:00:00,Sitabuldi,266.59,35.27,213.34,230.49,0.9417,0.0731,34.3,daytime
2024-02-28 17:00:00,Gandhibagh,263.29,27.04,236.9,236.41,0.9078,0.1293,31.5,daytime
2024-02-28 17:00:00,Lakadganj,243.02,38.67,204.44,231.83,0.8895,0.0319,36.1,daytime
2024-02-28 17:00:00,Sadar,319.0,55.64,258.03,236.47,0.9463,0.0039,35.3,daytime
2024-02-28 17:00:00,Itwari,291.22,26.39,274.38,235.06,0.8974,0.0386,31.6,daytime
2024-02-28 17:00:00,Manewada,244.54,29.1,210.2,231.54,0.9258,0.0487,36.9,daytime
2024-02-28 17:00:00,Hingna,291.18,60.35,238.03,224.98,0.9014,0.0887,36.1,daytime
2024-02-28 18:00:00,Dharampeth,403.9,6.81,402.06,238.25,0.883,0.0414,35.0,peak
2024-02-28 18:00:00,Sitabuldi,380.57,7.69,377.49,225.85,0.9714,0.0584,34.9,peak
2024-02-28 18:00:00,Gandhibagh,399.32,0,413.63,238.27,0.9508,0.0877,34.6,peak
2024-02-28 18:00:00,Lakadganj,434.51,9.07,432.62,223.82,0.8762,0.0997,37.6,peak
2024-02-28 18:00:00,Sadar,329.56,0,325.02,234.42,0.8381,0.1727,32.6,peak
2024-02-28 18:00:00,Itwari,297.1,3.31,298.41,236.33,0.8988,0.0472,35.4,peak
2024-02-28 18:00:00,Manewada,337.21,6.71,340.09,227.14,0.9223,0.0424,38.6,peak
2024-02-28 18:00:00,Hingna,418.74,0,413.79,235.8,0.917,0.1171,32.1,peak
2024-02-28 19:00:00,Dharampeth,331.16,0,344.32,231.81,0.9482,0.5499,34.2,peak
2024-02-28 19:00:00,Sitabuldi,278.02,0,279.11,225.6,0.9437,0.0945,34.8,peak
2024-02-28 19:00:00,Gandhibagh,312.77,0,319.86,228.37,0.9558,0.1459,36.2,peak
2024-02-28 19:00:00,Lakadganj,268.57,0,256.39,216.87,0.9244,0.1506,34.0,peak
2024-02-28 19:00:00,Sadar,267.83,0,284.77,231.87,0.9263,0.0091,38.2,peak
2024-02-28 19:00:00,Itwari,299.71,0,315.06,234.17,0.9563,0.0735,38.2,peak
2024-02-28 19:00:00,Manewada,344.93,0,340.98,237.22,0.9572,0.0212,35.0,peak
2024-02-28 19:00:00,Hingna,330.63,0,330.6,222.05,0.9157,0.1676,35.3,peak
2024-02-28 20:00:00,Dharampeth,311.77,0,318.76,225.28,0.9779,0.0285,33.2,peak
2024-02-28 20:00:00,Sitabuldi,301.86,0,300.79,226.05,0.9414,0.1418,34.5,peak
2024-02-28 20:00:00,Gandhibagh,362.48,0,353.62,224.73,0.8827,0.1543,28.6,peak
2024-02-28 20:00:00,Lakadganj,355.06,0,360.49,230.5,0.8824,0.051,36.9,peak
2024-02-28 20:00:00,Sadar,359.45,0,343.56,230.75,0.8919,0.1405,34.8,peak
2024-02-28 20:00:00,Itwari,321.21,0,316.95,233.69,0.9074,0.0607,35.7,peak
2024-02-28 20:00:00,Manewada,358.23,0,361.14,238.31,0.8992,0.0224,33.0,peak
2024-02-28 20:00:00,Hingna,327.01,0,332.87,219.59,0.9122,0.1335,39.1,peak
2024-02-28 21:00:00,Dharampeth,271.46,0,265.02,237.92,0.9611,0.0129,35.2,peak
2024-02-28 21:00:00,Sitabuldi,329.49,0,328.64,230.41,0.8853,0.178,37.3,peak
2024-02-28 21:00:00,Gandhibagh,278.71,0,283.96,233.42,0.9362,0.043,36.5,peak
2024-02-28 21:00:00,Lakadganj,287.46,0,281.81,232.33,0.9441,0.1136,36.7,peak
2024-02-28 21:00:00,Sadar,311.36,0,313.57,230.76,0.8706,0.112,37.6,peak
2024-02-28 21:00:00,Itwari,344.89,0,339.7,228.97,0.9276,0.041,34.3,peak
2024-02-28 21:00:00,Manewada,343.62,0,340.71,239.61,0.8304,0.1378,34.0,peak
2024-02-28 21:00:00,Hingna,282.84,0,295.06,237.53,0.9192,0.0789,38.5,peak
2024-02-28 22:00:00,Dharampeth,340.81,0,354.27,228.51,0.9159,0.1093,36.6,peak
2024-02-28 22:00:00,Sitabuldi,313.92,0,306.08,225.88,0.9193,0.0381,35.8,peak
2024-02-28 22:00:00,Gandhibagh,353.3,0,366.66,229.66,0.9092,0.1641,36.4,peak
2024-02-28 22:00:00,Lakadganj,305.25,0,302.78,233.24,0.9386,0.1439,37.0,peak
2024-02-28 22:00:00,Sadar,354.01,0,362.69,230.69,0.9293,0.0968,33.0,peak
2024-02-28 22:00:00,Itwari,358.4,0,361.66,226.22,0.9034,0.1327,36.5,peak
2024-02-28 22:00:00,Manewada,375.85,0,385.23,230.02,0.8882,0.1602,34.5,peak
2024-02-28 22:00:00,Hingna,334.34,0,325.29,231.84,0.9368,0.0916,32.5,peak
2024-02-28 23:00:00,Dharampeth,252.66,0,259.53,233.44,0.9165,0.0427,35.0,night
2024-02-28 23:00:00,Sitabuldi,239.78,0,246.63,228.6,1.0,0.1457,31.1,night
2024-02-28 23:00:00,Gandhibagh,290.01,0,312.8,235.98,0.8873,0.0727,37.4,night
2024-02-28 23:00:00,Lakadganj,235.65,0,236.14,228.7,0.9303,0.0765,34.2,night
2024-02-28 23:00:00,Sadar,262.67,0,258.92,235.16,0.9645,0.0905,35.5,night
2024-02-28 23:00:00,Itwari,279.23,0,277.17,224.75,0.9161,0.1209,34.3,night
2024-02-28 23:00:00,Manewada,196.35,0,194.21,228.26,0.8995,0.0119,33.5,night
2024-02-28 23:00:00,Hingna,243.23,0,244.21,233.2,0.9286,0.1475,33.0,night
2024-02-29 00:00:00,Dharampeth,188.78,0,194.64,241.11,0.9299,0.0178,37.2,night
2024-02-29 00:00:00,Sitabuldi,210.08,0,204.9,230.0,0.9482,0.1557,37.8,night
2024-02-29 00:00:00,Gandhibagh,303.38,0,296.52,226.85,0.9394,0.0187,36.3,night
2024-02-29 00:00:00,Lakadganj,250.98,0,251.53,229.07,0.8908,0.1035,34.6,night
2024-02-29 00:00:00,Sadar,277.85,0,266.03,222.83,0.9015,0.0003,35.7,night
2024-02-29 00:00:00,Itwari,246.35,0,247.27,231.92,0.9469,0.0404,34.0,night
2024-02-29 00:00:00,Manewada,240.09,0,240.41,228.6,0.892,0.0502,33.5,night
2024-02-29 00:00:00,Hingna,277.48,0,290.28,227.04,0.9698,0.0163,36.0,night
2024-02-29 01:00:00,Dharampeth,288.64,0,279.92,231.18,0.8977,0.0368,37.9,night
2024-02-29 01:00:00,Sitabuldi,246.68,0,253.49,236.62,0.9471,0.1796,34.9,night
2024-02-29 01:00:00,Gandhibagh,242.13,0,243.5,235.85,0.899,0.0468,37.1,night
2024-02-29 01:00:00,Lakadganj,244.69,0,244.12,229.97,0.9088,0.0399,34.4,night
2024-02-29 01:00:00,Sadar,245.29,0,233.28,229.93,0.9442,0.0542,35.3,night
2024-02-29 01:00:00,Itwari,249.14,0,251.24,235.79,0.9069,0.0045,33.5,night
2024-02-29 01:00:00,Manewada,202.89,0,207.16,229.18,0.9319,0.141,36.8,night
2024-02-29 01:00:00,Hingna,233.37,0,225.84,235.33,0.9929,0.006,35.4,night
2024-02-29 02:00:00,Dharampeth,225.92,0,209.54,233.72,0.9562,0.1645,32.7,night
2024-02-29 02:00:00,Sitabuldi,256.5,0,243.97,228.59,0.9759,0.0099,32.2,night
2024-02-29 02:00:00,Gandhibagh,248.37,0,242.78,237.74,0.8674,0.0224,36.5,night
2024-02-29 02:00:00,Lakadganj,233.98,0,237.36,233.19,0.9168,0.1503,35.9,night
2024-02-29 02:00:00,Sadar,213.64,0,205.79,226.66,0.9163,0.3759,36.6,night
2024-02-29 02:00:00,Itwari,220.3,0,215.39,228.24,0.8681,0.0456,35.6,night
2024-02-29 02:00:00,Manewada,240.06,0,236.24,220.61,0.9128,0.0245,32.3,night
2024-02-29 02:00:00,Hingna,211.4,0,200.74,237.41,0.9504,0.1451,38.4,night
2024-02-29 03:00:00,Dharampeth,272.42,0,258.67,226.17,0.9133,0.5842,35.2,night
2024-02-29 03:00:00,Sitabuldi,239.43,0,248.64,235.8,0.9834,0.0305,38.1,night
2024-02-29 03:00:00,Gandhibagh,258.45,0,258.49,232.43,0.8954,0.1614,33.4,night
2024-02-29 03:00:00,Lakadganj,221.97,0,228.64,234.31,0.9308,0.054,33.4,night
2024-02-29 03:00:00,Sadar,231.9,0,241.32,229.58,0.8845,0.0844,30.8,night
2024-02-29 03:00:00,Itwari,173.39,0,157.49,226.06,0.8936,0.145,34.7,night
2024-02-29 03:00:00,Manewada,243.88,0,251.68,230.6,0.9611,0.1073,33.7,night
2024-02-29 03:00:00,Hingna,278.05,0,269.68,225.98,0.9112,0.0648,39.3,night
2024-02-29 04:00:00,Dharampeth,282.92,0,296.03,234.53,0.9044,0.1445,35.8,night
2024-02-29 04:00:00,Sitabuldi,229.01,0,217.45,232.59,0.9015,0.0168,32.3,night
2024-02-29 04:00:00,Gandhibagh,220.92,0,222.36,218.8,0.9553,0.0822,32.1,night
2024-02-29 04:00:00,Lakadganj,249.22,0,251.29,229.81,0.9043,0.1282,34.1,night
2024-02-29 04:00:00,Sadar,258.26,0,271.21,226.84,0.9618,0.0192,34.5,night
2024-02-29 04:00:00,Itwari,270.18,0,258.64,229.12,0.9071,0.0898,37.0,night
2024-02-29 04:00:00,Manewada,273.7,0,270.63,232.89,0.9494,0.0601,35.9,night
2024-02-29 04:00:00,Hingna,234.47,0,250.08,232.64,0.9264,0.1188,33.5,night
2024-02-29 05:00:00,Dharampeth,287.12,0,282.24,222.79,0.892,0.0702,35.4,night
2024-02-29 05:00:00,Sitabuldi,240.38,0,243.57,221.11,0.9702,0.1146,34.0,night
2024-02-29 05:00:00,Gandhibagh,242.09,0,241.53,242.22,0.9237,0.1753,34.2,night
2024-02-29 05:00:00,Lakadganj,229.05,0,237.45,233.19,0.9238,0.7735,37.2,night
2024-02-29 05:00:00,Sadar,231.18,0,231.8,224.09,0.8942,0.0098,30.8,night
2024-02-29 05:00:00,Itwari,226.43,0,219.59,227.63,0.899,0.0906,33.0,night
2024-02-29 05:00:00,Manewada,229.81,0,225.49,224.39,0.9088,0.1441,31.5,night
2024-02-29 05:00:00,Hingna,187.52,0,181.08,236.34,0.9752,0.0433,36.0,night
2024-02-29 06:00:00,Dharampeth,255.3,19.33,229.33,235.88,0.9181,0.0029,39.7,daytime
2024-02-29 06:00:00,Sitabuldi,276.94,0,272.57,226.68,0.9249,0.1392,32.9,daytime
2024-02-29 06:00:00,Gandhibagh,279.89,14.29,256.88,231.93,0.918,0.1208,31.2,daytime
2024-02-29 06:00:00,Lakadganj,226.14,0,231.24,228.27,0.9266,0.1168,34.3,daytime
2024-02-29 06:00:00,Sadar,312.48,17.62,302.11,224.6,0.9161,0.086,35.2,daytime
2024-02-29 06:00:00,Itwari,257.34,0,265.65,227.35,0.947,0.1047,37.4,daytime
2024-02-29 06:00:00,Manewada,314.16,0,330.59,219.2,0.8671,0.1263,33.8,daytime
2024-02-29 06:00:00,Hingna,335.99,0,335.57,225.36,0.8998,0.1159,34.3,daytime
2024-02-29 07:00:00,Dharampeth,358.6,40.69,319.14,234.59,0.946,0.1566,35.3,daytime
2024-02-29 07:00:00,Sitabuldi,301.66,43.55,280.48,223.33,0.8663,0.0035,38.2,daytime
2024-02-29 07:00:00,Gandhibagh,346.02,53.98,279.32,230.03,0.9287,0.1027,35.2,daytime
2024-02-29 07:00:00,Lakadganj,243.76,58.2,183.9,227.65,0.919,0.4527,33.3,daytime
2024-02-29 07:00:00,Sadar,254.0,81.59,170.72,231.27,0.9379,0.1141,31.4,daytime
2024-02-29 07:00:00,Itwari,263.4,27.66,236.91,234.23,0.9043,0.1423,35.3,daytime
2024-02-29 07:00:00,Manewada,331.07,51.33,288.95,223.25,0.9274,0.1149,37.2,daytime
2024-02-29 07:00:00,Hingna,367.43,31.59,345.33,237.73,0.8882,0.0482,36.3,daytime
2024-02-29 08:00:00,Dharampeth,236.62,91.16,129.51,238.21,0.9712,0.0421,34.5,daytime
2024-02-29 08:00:00,Sitabuldi,287.76,118.17,175.1,235.56,0.9546,0.0162,32.8,daytime
2024-02-29 08:00:00,Gandhibagh,325.14,80.81,245.71,230.28,0.924,0.0966,33.2,daytime
2024-02-29 08:00:00,Lakadganj,227.38,73.72,161.06,229.83,0.9263,0.1374,36.0,daytime
2024-02-29 08:00:00,Sadar,291.86,82.4,198.09,223.26,0.9091,0.0922,33.6,daytime
2024-02-29 08:00:00,Itwari,275.31,102.27,174.88,234.22,0.9306,0.1673,35.2,daytime
2024-02-29 08:00:00,Manewada,308.42,90.66,229.12,229.16,0.957,0.0725,34.4,daytime
2024-02-29 08:00:00,Hingna,277.37,59.33,206.14,234.48,0.8929,0.145,34.3,daytime
2024-02-29 09:00:00,Dharampeth,404.99,113.44,307.33,231.01,0.892,0.077,37.2,peak
2024-02-29 09:00:00,Sitabuldi,292.82,114.88,174.69,236.47,0.9386,0.0719,34.2,peak
2024-02-29 09:00:00,Gandhibagh,356.75,110.09,241.01,232.45,0.9429,0.049,33.9,peak
2024-02-29 09:00:00,Lakadganj,363.17,147.79,204.85,226.11,0.8861,0.0275,33.2,peak
2024-02-29 09:00:00,Sadar,453.13,110.74,343.52,242.54,0.9296,0.0069,33.7,peak
2024-02-29 09:00:00,Itwari,383.82,117.15,262.44,235.33,0.9454,0.0862,33.6,peak
2024-02-29 09:00:00,Manewada,323.93,119.3,227.59,227.43,0.9689,0.0961,37.2,peak
2024-02-29 09:00:00,Hingna,388.5,149.86,257.91,231.0,0.9318,0.0992,38.6,peak
2024-02-29 10:00:00,Dharampeth,360.29,160.41,200.03,238.75,0.8443,0.0956,36.2,peak
2024-02-29 10:00:00,Sitabuldi,392.83,170.32,241.41,231.86,0.9669,0.0254,37.3,peak
2024-02-29 10:00:00,Gandhibagh,288.68,163.59,105.54,237.59,0.9533,0.0532,35.7,peak
2024-02-29 10:00:00,Lakadganj,335.27,145.75,176.35,227.8,0.9129,0.1386,36.9,peak
2024-02-29 10:00:00,Sadar,395.23,163.35,239.34,234.98,0.8952,0.0322,35.0,peak
2024-02-29 10:00:00,Itwari,322.87,172.93,150.18,226.4,0.9228,0.1345,32.0,peak
2024-02-29 10:00:00,Manewada,302.59,159.32,157.37,220.92,0.9247,0.1024,36.0,peak
2024-02-29 10:00:00,Hingna,371.05,175.5,185.96,229.59,0.9306,0.1694,36.1,peak
2024-02-29 11:00:00,Dharampeth,400.57,193.76,206.63,234.77,0.9429,0.0353,36.8,peak
2024-02-29 11:00:00,Sitabuldi,360.11,187.53,167.47,230.11,0.8777,0.0773,35.7,peak
2024-02-29 11:00:00,Gandhibagh,376.82,163.9,223.28,237.73,0.9359,0.0916,34.1,peak
2024-02-29 11:00:00,Lakadganj,372.45,137.97,245.23,234.65,0.9528,0.0563,32.2,peak
2024-02-29 11:00:00,Sadar,327.16,165.23,160.43,230.47,0.9283,0.3558,33.6,peak
2024-02-29 11:00:00,Itwari,407.2,177.01,235.84,229.58,0.8988,0.0584,35.5,peak
2024-02-29 11:00:00,Manewada,383.41,162.5,210.78,230.41,0.9147,0.06,32.3,peak
2024-02-29 11:00:00,Hingna,334.24,164.56,183.75,231.07,0.9139,0.0871,35.0,peak
2024-02-29 12:00:00,Dharampeth,370.5,186.11,195.15,237.57,0.8882,0.0828,31.8,peak
2024-02-29 12:00:00,Sitabuldi,375.05,187.06,191.53,231.0,0.9511,0.0232,33.8,peak
2024-02-29 12:00:00,Gandhibagh,389.36,195.45,212.61,221.69,0.8834,0.1068,34.6,peak
2024-02-29 12:00:00,Lakadganj,363.9,186.16,168.85,231.58,0.8658,0.0376,36.2,peak
2024-02-29 12:00:00,Sadar,388.52,165.79,223.84,226.76,0.9213,0.1212,34.8,peak
2024-02-29 12:00:00,Itwari,361.48,181.22,186.81,233.57,0.9384,0.1758,33.9,peak
2024-02-29 12:00:00,Manewada,357.49,152.79,199.1,231.68,0.8926,0.0617,34.3,peak
2024-02-29 12:00:00,Hingna,308.09,167.39,147.53,226.4,0.9343,0.0643,34.5,peak
2024-02-29 13:00:00,Dharampeth,292.81,177.64,103.66,231.27,0.9459,0.0377,38.1,daytime
2024-02-29 13:00:00,Sitabuldi,305.22,149.43,151.83,228.98,0.9563,0.0775,37.0,daytime
2024-02-29 13:00:00,Gandhibagh,295.57,144.91,163.06,227.36,0.8921,0.0854,34.5,daytime
2024-02-29 13:00:00,Lakadganj,316.74,185.22,111.28,229.99,0.9057,0.1572,34.1,daytime
2024-02-29 13:00:00,Sadar,275.0,204.79,64.98,226.78,0.9389,0.1206,36.9,daytime
2024-02-29 13:00:00,Itwari,281.0,177.16,115.64,234.4,0.8685,0.0416,33.9,daytime
2024-02-29 13:00:00,Manewada,233.63,174.67,71.75,225.15,0.9144,0.0977,35.6,daytime
2024-02-29 13:00:00,Hingna,224.62,213.83,26.02,225.22,0.9209,0.1434,32.6,daytime
2024-02-29 14:00:00,Dharampeth,301.95,129.09,176.58,235.74,0.8936,0.1452,35.5,daytime
2024-02-29 14:00:00,Sitabuldi,309.27,171.51,144.63,235.88,0.9733,0.124,32.1,daytime
2024-02-29 14:00:00,Gandhibagh,245.88,151.11,100.02,226.31,0.9027,0.0796,36.9,daytime
2024-02-29 14:00:00,Lakadganj,319.24,161.78,160.9,233.76,0.8777,0.0523,34.1,daytime
2024-02-29 14:00:00,Sadar,311.41,168.8,142.84,234.06,0.9481,0.12,35.2,daytime
2024-02-29 14:00:00,Itwari,311.71,150.28,172.84,221.02,0.9017,0.1416,35.4,daytime
2024-02-29 14:00:00,Manewada,356.96,161.06,195.66,235.21,0.9315,0.1361,32.3,daytime
2024-02-29 14:00:00,Hingna,299.93,132.81,170.42,226.39,0.9075,0.1444,35.6,daytime
2024-02-29 15:00:00,Dharampeth,301.23,95.12,223.11,233.42,0.8579,0.1144,34.9,daytime
2024-02-29 15:00:00,Sitabuldi,276.44,152.56,126.63,235.91,0.9176,0.0026,33.5,daytime
2024-02-29 15:00:00,Gandhibagh,292.28,122.27,183.67,232.37,0.9943,0.016,33.9,daytime
2024-02-29 15:00:00,Lakadganj,260.6,111.46,151.04,238.15,0.8943,0.0186,35.7,daytime
2024-02-29 15:00:00,Sadar,280.21,158.99,122.04,229.34,0.9088,0.141,32.6,daytime
2024-02-29 15:00:00,Itwari,259.42,104.18,159.19,221.96,0.9632,0.1097,35.8,daytime
2024-02-29 15:00:00,Manewada,247.79,121.29,132.17,226.43,0.9356,0.1312,34.9,daytime
2024-02-29 15:00:00,Hingna,268.47,127.47,134.31,234.87,0.9191,0.0316,31.4,daytime
2024-02-29 16:00:00,Dharampeth,220.72,96.37,112.65,233.22,0.9578,0.1047,32.4,daytime
2024-02-29 16:00:00,Sitabuldi,276.78,107.38,163.29,225.68,0.9376,0.0137,33.5,daytime
2024-02-29 16:00:00,Gandhibagh,292.22,92.02,191.29,224.79,0.9475,0.0413,37.5,daytime
2024-02-29 16:00:00,Lakadganj,301.34,78.33,195.18,233.22,0.892,0.0852,37.3,daytime
2024-02-29 16:00:00,Sadar,198.83,96.82,100.79,226.37,0.9686,0.0671,36.3,daytime
2024-02-29 16:00:00,Itwari,279.7,89.65,197.47,225.38,0.8828,0.0849,32.3,daytime
2024-02-29 16:00:00,Manewada,330.62,105.59,215.45,228.05,0.9035,0.0304,38.5,daytime
2024-02-29 16:00:00,Hingna,192.61,113.02,64.56,232.68,0.9536,0.1662,37.1,daytime
2024-02-29 17:00:00,Dharampeth,296.55,57.32,233.84,233.99,0.971,0.1061,37.1,daytime
2024-02-29 17:00:00,Sitabuldi,254.12,59.86,194.32,232.35,0.9351,0.0027,34.9,daytime
2024-02-29 17:00:00,Gandhibagh,334.76,52.95,275.66,225.95,0.9356,0.1103,36.5,daytime
2024-02-29 17:00:00,Lakadganj,304.98,18.26,302.43,227.3,0.9505,0.0126,36.1,daytime
2024-02-29 17:00:00,Sadar,289.24,31.15,250.01,228.59,0.878,0.0356,33.9,daytime
2024-02-29 17:00:00,Itwari,248.09,34.91,204.56,227.61,0.9193,0.0219,34.4,daytime
2024-02-29 17:00:00,Manewada,240.86,44.74,192.44,229.89,0.9467,0.0796,37.7,daytime
2024-02-29 17:00:00,Hingna,290.21,43.57,240.56,229.38,0.9427,0.0531,38.1,daytime
2024-02-29 18:00:00,Dharampeth,337.09,0,304.17,225.68,0.9032,0.1258,34.0,peak
2024-02-29 18:00:00,Sitabuldi,405.94,0,398.85,226.74,0.8867,0.054,34.2,peak
2024-02-29 18:00:00,Gandhibagh,320.44,0,321.69,225.4,0.943,0.1607,34.0,peak
2024-02-29 18:00:00,Lakadganj,348.18,3.64,350.63,227.98,0.9091,0.0023,35.9,peak
2024-02-29 18:00:00,Sadar,403.2,6.21,396.3,224.85,0.9393,0.0603,34.1,peak
2024-02-29 18:00:00,Itwari,289.15,0,300.89,230.21,0.8755,0.0362,35.9,peak
2024-02-29 18:00:00,Manewada,342.69,5.28,328.31,230.94,0.9069,0.118,35.8,peak
2024-02-29 18:00:00,Hingna,371.22,14.68,345.34,228.31,0.9191,0.0614,34.9,peak
2024-02-29 19:00:00,Dharampeth,312.46,0,297.38,232.07,0.9163,0.1062,37.4,peak
2024-02-29 19:00:00,Sitabuldi,331.46,0,313.3,234.22,0.9768,0.0103,32.9,peak
2024-02-29 19:00:00,Gandhibagh,350.53,0,368.27,219.71,0.893,0.1417,33.9,peak
2024-02-29 19:00:00,Lakadganj,331.81,0,335.56,226.87,0.9069,0.0139,37.2,peak
2024-02-29 19:00:00,Sadar,298.97,0,296.61,229.46,0.9367,0.1757,37.0,peak
2024-02-29 19:00:00,Itwari,294.36,0,288.3,237.43,0.9713,0.1366,33.0,peak
2024-02-29 19:00:00,Manewada,362.49,0,366.13,236.16,0.9359,0.0079,36.0,peak
2024-02-29 19:00:00,Hingna,257.78,0,261.1,237.98,0.8959,0.1677,34.3,peak
2024-02-29 20:00:00,Dharampeth,265.64,0,276.34,232.1,0.9108,0.0297,32.8,peak
2024-02-29 20:00:00,Sitabuldi,325.95,0,323.59,232.75,0.9336,0.1368,34.0,peak
2024-02-29 20:00:00,Gandhibagh,274.45,0,298.51,224.72,0.9321,0.1078,33.8,peak
2024-02-29 20:00:00,Lakadganj,311.6,0,303.09,232.44,0.9577,0.0478,34.8,peak
2024-02-29 20:00:00,Sadar,374.47,0,389.69,225.68,0.9644,0.0328,34.2,peak
2024-02-29 20:00:00,Itwari,277.3,0,282.92,230.16,0.97,0.0751,36.8,peak
2024-02-29 20:00:00,Manewada,341.57,0,325.37,232.31,0.9323,0.0951,34.2,peak
2024-02-29 20:00:00,Hingna,272.09,0,273.58,235.64,0.8773,0.1116,35.4,peak
2024-02-29 21:00:00,Dharampeth,326.19,0,322.04,238.69,0.9108,0.0323,39.2,peak
2024-02-29 21:00:00,Sitabuldi,357.4,0,360.42,225.64,0.9246,0.1616,35.9,peak
2024-02-29 21:00:00,Gandhibagh,350.15,0,344.86,224.89,0.952,0.1292,34.8,peak
2024-02-29 21:00:00,Lakadganj,289.5,0,273.59,230.91,1.0,0.1014,33.4,peak
2024-02-29 21:00:00,Sadar,340.18,0,345.96,238.14,0.9109,0.0226,36.2,peak
2024-02-29 21:00:00,Itwari,237.77,0,243.96,230.51,0.9625,0.0093,34.0,peak
2024-02-29 21:00:00,Manewada,302.76,0,321.14,232.46,0.8579,0.1478,32.2,peak
2024-02-29 21:00:00,Hingna,283.5,0,276.87,226.1,0.9037,0.0905,36.5,peak
2024-02-29 22:00:00,Dharampeth,326.34,0,321.94,234.14,0.8477,0.1771,34.9,peak
2024-02-29 22:00:00,Sitabuldi,316.67,0,318.62,226.15,0.9397,0.1296,33.3,peak
2024-02-29 22:00:00,Gandhibagh,301.26,0,308.51,228.97,0.9491,0.1341,37.3,peak
2024-02-29 22:00:00,Lakadganj,284.32,0,284.36,226.52,0.8845,0.0198,37.0,peak
2024-02-29 22:00:00,Sadar,402.73,0,394.46,229.3,0.8926,0.1123,33.7,peak
2024-02-29 22:00:00,Itwari,348.55,0,357.07,223.63,0.9263,0.1055,36.1,peak
2024-02-29 22:00:00,Manewada,293.3,0,293.54,227.98,0.8812,0.1529,31.7,peak
2024-02-29 22:00:00,Hingna,292.47,0,301.92,228.77,0.9111,0.1045,36.9,peak
2024-02-29 23:00:00,Dharampeth,279.38,0,289.45,233.5,0.9181,0.1448,34.2,night
2024-02-29 23:00:00,Sitabuldi,260.33,0,269.85,236.28,0.9221,0.0304,34.3,night
2024-02-29 23:00:00,Gandhibagh,246.67,0,247.29,225.21,0.9152,0.0625,34.7,night
2024-02-29 23:00:00,Lakadganj,320.18,0,330.84,229.15,0.9247,0.0007,35.7,night
2024-02-29 23:00:00,Sadar,265.44,0,269.39,229.81,0.9294,0.1286,37.5,night
2024-02-29 23:00:00,Itwari,280.12,0,313.94,226.85,0.903,0.1789,36.6,night
2024-02-29 23:00:00,Manewada,238.21,0,216.24,235.77,0.8778,0.0864,33.1,night
2024-02-29 23:00:00,Hingna,224.63,0,224.43,235.01,0.9221,0.1622,30.1,night
