timestamp,intersection,vehicle_count,avg_speed_kmh,congestion_level,weather,temp_c,rain_mm,signal_phase,wait_time_sec
2024-01-01 00:00:00,Sitabuldi_Sq,114,44.0,LOW,Clear,27.8,0,YELLOW,58
2024-01-01 00:00:00,Zero_Mile,155,38.7,MEDIUM,Clouds,29.4,0,GREEN,71
2024-01-01 00:00:00,Kasturchand_Park,106,41.4,LOW,Clear,26.1,0,GREEN,52
2024-01-01 00:00:00,Variety_Sq,108,43.0,LOW,Clouds,30.8,0,GREEN,69
2024-01-01 00:00:00,LIC_Sq,96,49.9,LOW,Clouds,27.9,0,RED,46
2024-01-01 00:00:00,Empress_Mall_Sq,149,39.4,MEDIUM,Clouds,25.1,0,GREEN,51
2024-01-01 01:00:00,Sitabuldi_Sq,147,39.2,MEDIUM,Clouds,27.8,0,RED,70
2024-01-01 01:00:00,Zero_Mile,47,58.2,LOW,Clear,29.0,0,YELLOW,29
2024-01-01 01:00:00,Kasturchand_Park,87,46.0,LOW,Clear,29.5,0,YELLOW,53
2024-01-01 01:00:00,Variety_Sq,109,43.4,LOW,Rain,26.5,0.76,RED,56
2024-01-01 01:00:00,LIC_Sq,54,55.1,LOW,Clear,29.4,0,RED,18
2024-01-01 01:00:00,Empress_Mall_Sq,173,37.1,MEDIUM,Rain,26.1,0.53,YELLOW,90
2024-01-01 02:00:00,Sitabuldi_Sq,115,48.3,LOW,Clear,29.6,0,YELLOW,45
2024-01-01 02:00:00,Zero_Mile,52,55.8,LOW,Clear,28.7,0,YELLOW,18
2024-01-01 02:00:00,Kasturchand_Park,156,38.1,MEDIUM,Clear,30.5,0,GREEN,69
2024-01-01 02:00:00,Variety_Sq,111,43.7,LOW,Clear,30.5,0,RED,38
2024-01-01 02:00:00,LIC_Sq,79,52.1,LOW,Clear,31.9,0,GREEN,29
2024-01-01 02:00:00,Empress_Mall_Sq,101,46.8,LOW,Clouds,25.3,0,RED,31
2024-01-01 03:00:00,Sitabuldi_Sq,123,39.1,MEDIUM,Clear,28.4,0,RED,78
2024-01-01 03:00:00,Zero_Mile,131,41.6,MEDIUM,Clouds,29.5,0,YELLOW,56
2024-01-01 03:00:00,Kasturchand_Park,46,56.9,LOW,Clear,27.0,0,RED,18
2024-01-01 03:00:00,Variety_Sq,200,35.7,MEDIUM,Clear,27.0,0,YELLOW,87
2024-01-01 03:00:00,LIC_Sq,80,48.7,LOW,Clouds,26.3,0,YELLOW,37
2024-01-01 03:00:00,Empress_Mall_Sq,155,33.3,MEDIUM,Clouds,27.1,0,GREEN,66
2024-01-01 04:00:00,Sitabuldi_Sq,129,40.9,MEDIUM,Clouds,28.2,0,YELLOW,72
2024-01-01 04:00:00,Zero_Mile,93,47.2,LOW,Clear,26.0,0.09,YELLOW,35
2024-01-01 04:00:00,Kasturchand_Park,152,41.8,MEDIUM,Clouds,29.0,0,GREEN,65
2024-01-01 04:00:00,Variety_Sq,48,56.4,LOW,Clear,29.3,0,GREEN,20
2024-01-01 04:00:00,LIC_Sq,149,32.6,MEDIUM,Clouds,29.4,0,GREEN,86
2024-01-01 04:00:00,Empress_Mall_Sq,119,48.8,LOW,Clear,26.3,0,GREEN,55
2024-01-01 05:00:00,Sitabuldi_Sq,159,36.5,MEDIUM,Clear,28.1,0,YELLOW,73
2024-01-01 05:00:00,Zero_Mile,88,58.7,LOW,Clear,26.3,0,GREEN,44
2024-01-01 05:00:00,Kasturchand_Park,147,35.2,MEDIUM,Clouds,26.8,0,YELLOW,55
2024-01-01 05:00:00,Variety_Sq,96,51.9,LOW,Clear,32.3,0.26,GREEN,55
2024-01-01 05:00:00,LIC_Sq,41,61.7,LOW,Clouds,25.6,0,RED,11
2024-01-01 05:00:00,Empress_Mall_Sq,76,53.2,LOW,Clouds,27.5,0,RED,22
2024-01-01 06:00:00,Sitabuldi_Sq,156,30.3,MEDIUM,Clouds,29.2,0,GREEN,60
2024-01-01 06:00:00,Zero_Mile,84,51.7,LOW,Clear,28.6,0,RED,52
2024-01-01 06:00:00,Kasturchand_Park,64,52.8,LOW,Clear,30.1,0,YELLOW,46
2024-01-01 06:00:00,Variety_Sq,112,50.4,LOW,Clear,28.2,0,GREEN,55
2024-01-01 06:00:00,LIC_Sq,111,48.8,LOW,Clouds,25.9,0,YELLOW,52
2024-01-01 06:00:00,Empress_Mall_Sq,155,35.5,MEDIUM,Clear,26.8,0,RED,72
2024-01-01 07:00:00,Sitabuldi_Sq,265,17.7,HIGH,Clouds,27.5,0,RED,125
2024-01-01 07:00:00,Zero_Mile,276,12.3,HIGH,Rain,27.3,0.92,GREEN,133
2024-01-01 07:00:00,Kasturchand_Park,207,26.1,HIGH,Clear,27.0,0,GREEN,107
2024-01-01 07:00:00,Variety_Sq,237,24.0,HIGH,Clouds,27.2,0,RED,110
2024-01-01 07:00:00,LIC_Sq,198,34.3,MEDIUM,Clouds,27.5,0,GREEN,98
2024-01-01 07:00:00,Empress_Mall_Sq,341,5,CRITICAL,Clear,27.7,0,YELLOW,169
2024-01-01 08:00:00,Sitabuldi_Sq,249,21.1,HIGH,Clouds,26.5,0,GREEN,125
2024-01-01 08:00:00,Zero_Mile,223,27.0,HIGH,Clear,32.3,0,YELLOW,105
2024-01-01 08:00:00,Kasturchand_Park,259,19.3,HIGH,Clear,29.7,0,RED,113
2024-01-01 08:00:00,Variety_Sq,336,5,CRITICAL,Clouds,24.5,0,YELLOW,156
2024-01-01 08:00:00,LIC_Sq,258,20.9,HIGH,Clear,27.6,0,YELLOW,122
2024-01-01 08:00:00,Empress_Mall_Sq,299,11.0,CRITICAL,Clear,29.0,0,YELLOW,116
2024-01-01 09:00:00,Sitabuldi_Sq,270,15.5,HIGH,Clear,24.8,0,RED,134
2024-01-01 09:00:00,Zero_Mile,305,6.9,CRITICAL,Clear,25.9,0.48,RED,130
2024-01-01 09:00:00,Kasturchand_Park,252,21.1,HIGH,Clear,29.5,0,GREEN,120
2024-01-01 09:00:00,Variety_Sq,254,17.6,HIGH,Clear,27.9,0,YELLOW,114
2024-01-01 09:00:00,LIC_Sq,252,18.0,HIGH,Clear,25.2,0,YELLOW,118
2024-01-01 09:00:00,Empress_Mall_Sq,288,14.3,CRITICAL,Clear,25.2,0,GREEN,128
2024-01-01 10:00:00,Sitabuldi_Sq,106,44.0,LOW,Clear,28.1,0,GREEN,49
2024-01-01 10:00:00,Zero_Mile,39,59.7,LOW,Clear,25.2,0,GREEN,10
2024-01-01 10:00:00,Kasturchand_Park,117,43.7,LOW,Clear,28.0,0,YELLOW,63
2024-01-01 10:00:00,Variety_Sq,209,23.6,HIGH,Clouds,28.6,0,YELLOW,101
2024-01-01 10:00:00,LIC_Sq,153,41.5,MEDIUM,Clear,27.8,0,YELLOW,56
2024-01-01 10:00:00,Empress_Mall_Sq,78,45.1,LOW,Clouds,29.9,0,GREEN,42
2024-01-01 11:00:00,Sitabuldi_Sq,86,50.8,LOW,Clear,26.6,0,YELLOW,39
2024-01-01 11:00:00,Zero_Mile,162,35.3,MEDIUM,Clear,29.6,0,YELLOW,77
2024-01-01 11:00:00,Kasturchand_Park,142,40.6,MEDIUM,Clear,29.1,0,RED,60
2024-01-01 11:00:00,Variety_Sq,123,38.9,MEDIUM,Clouds,30.2,0,RED,64
2024-01-01 11:00:00,LIC_Sq,84,52.7,LOW,Clear,28.1,0,YELLOW,47
2024-01-01 11:00:00,Empress_Mall_Sq,107,45.2,LOW,Clear,24.4,0,RED,46
2024-01-01 12:00:00,Sitabuldi_Sq,165,33.0,MEDIUM,Clouds,30.6,0,YELLOW,69
2024-01-01 12:00:00,Zero_Mile,124,36.3,MEDIUM,Clear,27.1,0,RED,64
2024-01-01 12:00:00,Kasturchand_Park,141,40.6,MEDIUM,Clear,29.4,0,RED,52
2024-01-01 12:00:00,Variety_Sq,190,30.9,MEDIUM,Clouds,24.2,0,RED,97
2024-01-01 12:00:00,LIC_Sq,126,42.5,MEDIUM,Clouds,28.7,0,GREEN,64
2024-01-01 12:00:00,Empress_Mall_Sq,125,40.9,MEDIUM,Clouds,27.0,0,RED,66
2024-01-01 13:00:00,Sitabuldi_Sq,105,46.3,LOW,Clear,26.8,0,RED,61
2024-01-01 13:00:00,Zero_Mile,168,35.3,MEDIUM,Clear,28.3,0,YELLOW,85
2024-01-01 13:00:00,Kasturchand_Park,109,46.7,LOW,Clouds,30.5,0,YELLOW,46
2024-01-01 13:00:00,Variety_Sq,87,48.1,LOW,Clear,27.4,0,RED,33
2024-01-01 13:00:00,LIC_Sq,154,41.2,MEDIUM,Clear,29.2,0,RED,74
2024-01-01 13:00:00,Empress_Mall_Sq,70,48.2,LOW,Clear,27.4,0,RED,21
2024-01-01 14:00:00,Sitabuldi_Sq,52,51.2,LOW,Clear,28.3,0,RED,12
2024-01-01 14:00:00,Zero_Mile,164,30.9,MEDIUM,Clear,31.5,0,YELLOW,84
2024-01-01 14:00:00,Kasturchand_Park,102,44.3,LOW,Clear,26.2,0,RED,46
2024-01-01 14:00:00,Variety_Sq,75,56.7,LOW,Clear,27.5,0,RED,47
2024-01-01 14:00:00,LIC_Sq,152,35.5,MEDIUM,Clear,27.5,0,RED,66
2024-01-01 14:00:00,Empress_Mall_Sq,122,43.9,MEDIUM,Clear,31.0,0,RED,42
2024-01-01 15:00:00,Sitabuldi_Sq,128,45.8,MEDIUM,Clear,27.9,0,YELLOW,55
2024-01-01 15:00:00,Zero_Mile,147,39.1,MEDIUM,Clear,28.9,0,RED,68
2024-01-01 15:00:00,Kasturchand_Park,145,38.2,MEDIUM,Clear,30.6,0,RED,84
2024-01-01 15:00:00,Variety_Sq,110,45.5,LOW,Clear,29.2,0,YELLOW,47
2024-01-01 15:00:00,LIC_Sq,94,55.0,LOW,Clouds,25.8,0,RED,39
2024-01-01 15:00:00,Empress_Mall_Sq,164,35.9,MEDIUM,Clear,28.6,0,GREEN,78
2024-01-01 16:00:00,Sitabuldi_Sq,273,11.8,HIGH,Clear,26.6,0,GREEN,126
2024-01-01 16:00:00,Zero_Mile,304,14.0,CRITICAL,Clear,30.3,0,RED,138
2024-01-01 16:00:00,Kasturchand_Park,358,5,CRITICAL,Clear,27.1,0,YELLOW,157
2024-01-01 16:00:00,Variety_Sq,304,14.4,CRITICAL,Clouds,30.0,0,YELLOW,143
2024-01-01 16:00:00,LIC_Sq,324,6.9,CRITICAL,Clear,28.1,0,YELLOW,143
2024-01-01 16:00:00,Empress_Mall_Sq,338,5,CRITICAL,Clear,31.9,0.04,YELLOW,159
2024-01-01 17:00:00,Sitabuldi_Sq,260,12.3,HIGH,Clear,25.8,0,GREEN,122
2024-01-01 17:00:00,Zero_Mile,331,6.2,CRITICAL,Clouds,26.8,0,GREEN,164
2024-01-01 17:00:00,Kasturchand_Park,276,15.8,HIGH,Clear,26.7,0,YELLOW,128
2024-01-01 17:00:00,Variety_Sq,351,5,CRITICAL,Clear,27.3,0.34,GREEN,164
2024-01-01 17:00:00,LIC_Sq,265,21.8,HIGH,Clouds,28.0,0,YELLOW,119
2024-01-01 17:00:00,Empress_Mall_Sq,264,15.2,HIGH,Clear,28.6,0,RED,129
2024-01-01 18:00:00,Sitabuldi_Sq,213,25.1,HIGH,Clear,29.5,0,RED,88
2024-01-01 18:00:00,Zero_Mile,363,5,CRITICAL,Clouds,26.3,0,GREEN,169
2024-01-01 18:00:00,Kasturchand_Park,326,9.3,CRITICAL,Clear,27.6,0,RED,139
2024-01-01 18:00:00,Variety_Sq,268,20.2,HIGH,Clear,28.8,0,RED,117
2024-01-01 18:00:00,LIC_Sq,314,5,CRITICAL,Clear,26.6,0,YELLOW,160
2024-01-01 18:00:00,Empress_Mall_Sq,384,5,CRITICAL,Clouds,25.0,0,GREEN,166
2024-01-01 19:00:00,Sitabuldi_Sq,325,5.0,CRITICAL,Clear,28.2,0,RED,143
2024-01-01 19:00:00,Zero_Mile,263,14.7,HIGH,Clear,29.2,0,YELLOW,122
2024-01-01 19:00:00,Kasturchand_Park,330,5,CRITICAL,Clouds,27.8,0,YELLOW,151
2024-01-01 19:00:00,Variety_Sq,269,16.6,HIGH,Clear,28.1,0,GREEN,108
2024-01-01 19:00:00,LIC_Sq,281,11.2,CRITICAL,Clear,28.8,0,GREEN,109
2024-01-01 19:00:00,Empress_Mall_Sq,374,5,CRITICAL,Clear,27.8,0,RED,160
2024-01-01 20:00:00,Sitabuldi_Sq,138,38.6,MEDIUM,Clear,24.5,0,RED,74
2024-01-01 20:00:00,Zero_Mile,20,62.9,LOW,Clear,27.8,0,GREEN,24
2024-01-01 20:00:00,Kasturchand_Park,165,32.0,MEDIUM,Clear,27.6,0,RED,70
2024-01-01 20:00:00,Variety_Sq,100,47.5,LOW,Clear,26.5,0,YELLOW,52
2024-01-01 20:00:00,LIC_Sq,137,42.2,MEDIUM,Clear,26.5,0,GREEN,62
2024-01-01 20:00:00,Empress_Mall_Sq,38,56.5,LOW,Clouds,27.0,0,GREEN,17
2024-01-01 21:00:00,Sitabuldi_Sq,137,40.6,MEDIUM,Clouds,24.9,0.21,RED,68
2024-01-01 21:00:00,Zero_Mile,129,39.4,MEDIUM,Clear,27.2,0,GREEN,62
2024-01-01 21:00:00,Kasturchand_Park,127,43.2,MEDIUM,Clear,29.9,0,GREEN,47
2024-01-01 21:00:00,Variety_Sq,126,46.6,MEDIUM,Clear,25.1,0,RED,60
2024-01-01 21:00:00,LIC_Sq,109,43.8,LOW,Clear,26.3,0,RED,52
2024-01-01 21:00:00,Empress_Mall_Sq,103,43.4,LOW,Clouds,25.5,0,RED,82
2024-01-01 22:00:00,Sitabuldi_Sq,72,50.3,LOW,Clear,29.7,0,RED,32
2024-01-01 22:00:00,Zero_Mile,199,29.5,MEDIUM,Clear,29.0,0,RED,63
2024-01-01 22:00:00,Kasturchand_Park,124,40.5,MEDIUM,Clouds,28.5,0,YELLOW,49
2024-01-01 22:00:00,Variety_Sq,126,37.8,MEDIUM,Clouds,28.6,0,RED,60
2024-01-01 22:00:00,LIC_Sq,157,37.3,MEDIUM,Clear,31.0,0,GREEN,86
2024-01-01 22:00:00,Empress_Mall_Sq,153,40.2,MEDIUM,Clear,30.4,0,RED,66
2024-01-01 23:00:00,Sitabuldi_Sq,202,24.9,HIGH,Clear,29.6,0,RED,89
2024-01-01 23:00:00,Zero_Mile,141,39.2,MEDIUM,Clear,31.9,0,YELLOW,59
2024-01-01 23:00:00,Kasturchand_Park,72,56.0,LOW,Clear,30.5,0,YELLOW,33
2024-01-01 23:00:00,Variety_Sq,117,46.9,LOW,Clear,26.8,0,YELLOW,45
2024-01-01 23:00:00,LIC_Sq,158,34.0,MEDIUM,Clear,29.2,0,RED,78
2024-01-01 23:00:00,Empress_Mall_Sq,101,47.5,LOW,Clouds,28.4,0.25,YELLOW,45
2024-01-02 00:00:00,Sitabuldi_Sq,148,40.8,MEDIUM,Clear,26.6,0,YELLOW,52
2024-01-02 00:00:00,Zero_Mile,107,39.6,LOW,Clear,26.0,0,RED,32
2024-01-02 00:00:00,Kasturchand_Park,157,37.3,MEDIUM,Clouds,23.6,0,YELLOW,79
2024-01-02 00:00:00,Variety_Sq,62,58.6,LOW,Clear,27.7,0,RED,25
2024-01-02 00:00:00,LIC_Sq,143,40.4,MEDIUM,Clear,24.8,0,GREEN,81
2024-01-02 00:00:00,Empress_Mall_Sq,115,48.9,LOW,Clouds,29.6,0,GREEN,57
2024-01-02 01:00:00,Sitabuldi_Sq,93,49.2,LOW,Clear,25.6,0,GREEN,54
2024-01-02 01:00:00,Zero_Mile,116,48.8,LOW,Clear,30.7,0,GREEN,65
2024-01-02 01:00:00,Kasturchand_Park,126,43.2,MEDIUM,Clear,28.0,0,RED,44
2024-01-02 01:00:00,Variety_Sq,100,46.9,LOW,Clear,23.4,0,RED,53
2024-01-02 01:00:00,LIC_Sq,83,49.6,LOW,Clear,27.8,0,YELLOW,33
2024-01-02 01:00:00,Empress_Mall_Sq,128,42.9,MEDIUM,Clouds,27.8,0,YELLOW,55
2024-01-02 02:00:00,Sitabuldi_Sq,65,50.9,LOW,Clear,26.2,0,RED,38
2024-01-02 02:00:00,Zero_Mile,170,37.1,MEDIUM,Clear,29.9,0,GREEN,64
2024-01-02 02:00:00,Kasturchand_Park,44,59.8,LOW,Clear,25.0,0,RED,29
2024-01-02 02:00:00,Variety_Sq,66,55.1,LOW,Clouds,27.4,0,GREEN,33
2024-01-02 02:00:00,LIC_Sq,135,41.4,MEDIUM,Clear,27.9,0,YELLOW,42
2024-01-02 02:00:00,Empress_Mall_Sq,64,51.8,LOW,Clear,24.7,0,YELLOW,39
2024-01-02 03:00:00,Sitabuldi_Sq,151,38.6,MEDIUM,Clouds,27.8,0,RED,72
2024-01-02 03:00:00,Zero_Mile,123,44.3,MEDIUM,Clear,29.3,0,RED,47
2024-01-02 03:00:00,Kasturchand_Park,181,25.7,MEDIUM,Clouds,29.3,0,YELLOW,68
2024-01-02 03:00:00,Variety_Sq,135,38.6,MEDIUM,Clear,29.5,0,GREEN,74
2024-01-02 03:00:00,LIC_Sq,129,43.3,MEDIUM,Clear,27.8,0,GREEN,54
2024-01-02 03:00:00,Empress_Mall_Sq,119,41.5,LOW,Clear,26.6,0,YELLOW,57
2024-01-02 04:00:00,Sitabuldi_Sq,51,52.3,LOW,Rain,30.0,0.69,RED,32
2024-01-02 04:00:00,Zero_Mile,141,36.4,MEDIUM,Clear,28.4,0,RED,71
2024-01-02 04:00:00,Kasturchand_Park,147,36.8,MEDIUM,Clear,25.8,0,GREEN,71
2024-01-02 04:00:00,Variety_Sq,233,25.6,HIGH,Clouds,28.3,0,GREEN,104
2024-01-02 04:00:00,LIC_Sq,155,33.9,MEDIUM,Clear,28.2,0,YELLOW,68
2024-01-02 04:00:00,Empress_Mall_Sq,125,41.4,MEDIUM,Clear,28.6,0,YELLOW,64
2024-01-02 05:00:00,Sitabuldi_Sq,80,47.1,LOW,Clear,29.8,0,YELLOW,42
2024-01-02 05:00:00,Zero_Mile,114,40.0,LOW,Clear,28.9,0,RED,59
2024-01-02 05:00:00,Kasturchand_Park,146,35.7,MEDIUM,Clear,27.9,0,YELLOW,62
2024-01-02 05:00:00,Variety_Sq,141,37.1,MEDIUM,Clear,26.3,0,YELLOW,48
2024-01-02 05:00:00,LIC_Sq,201,29.7,HIGH,Clear,26.8,0.22,YELLOW,103
2024-01-02 05:00:00,Empress_Mall_Sq,207,31.1,HIGH,Clear,26.6,0,YELLOW,85
2024-01-02 06:00:00,Sitabuldi_Sq,165,33.5,MEDIUM,Clear,26.3,0,GREEN,63
2024-01-02 06:00:00,Zero_Mile,78,52.2,LOW,Clear,25.8,0,GREEN,21
2024-01-02 06:00:00,Kasturchand_Park,103,49.5,LOW,Clear,31.7,0.33,YELLOW,54
2024-01-02 06:00:00,Variety_Sq,76,48.4,LOW,Clear,29.9,0,YELLOW,55
2024-01-02 06:00:00,LIC_Sq,142,37.9,MEDIUM,Clouds,26.7,0,RED,68
2024-01-02 06:00:00,Empress_Mall_Sq,127,43.4,MEDIUM,Clouds,28.1,0,YELLOW,49
2024-01-02 07:00:00,Sitabuldi_Sq,161,34.3,MEDIUM,Clouds,28.0,0,YELLOW,64
2024-01-02 07:00:00,Zero_Mile,299,15.2,CRITICAL,Clear,29.1,0,RED,125
2024-01-02 07:00:00,Kasturchand_Park,265,16.6,HIGH,Clear,25.3,0,GREEN,112
2024-01-02 07:00:00,Variety_Sq,325,8.7,CRITICAL,Clear,27.3,0,GREEN,157
2024-01-02 07:00:00,LIC_Sq,325,5.4,CRITICAL,Clear,30.0,0,YELLOW,137
2024-01-02 07:00:00,Empress_Mall_Sq,214,33.1,HIGH,Clouds,28.1,0,RED,85
2024-01-02 08:00:00,Sitabuldi_Sq,291,14.5,CRITICAL,Clouds,30.4,0,GREEN,127
2024-01-02 08:00:00,Zero_Mile,260,23.3,HIGH,Clear,25.7,0,YELLOW,116
2024-01-02 08:00:00,Kasturchand_Park,244,25.5,HIGH,Clear,29.5,0,YELLOW,116
2024-01-02 08:00:00,Variety_Sq,288,11.5,CRITICAL,Clouds,26.3,0,RED,133
2024-01-02 08:00:00,LIC_Sq,228,20.8,HIGH,Clear,28.5,0,RED,95
2024-01-02 08:00:00,Empress_Mall_Sq,301,9.7,CRITICAL,Clear,27.0,0,RED,123
2024-01-02 09:00:00,Sitabuldi_Sq,238,22.1,HIGH,Clear,28.9,0,GREEN,112
2024-01-02 09:00:00,Zero_Mile,228,19.2,HIGH,Clear,27.3,0,RED,101
2024-01-02 09:00:00,Kasturchand_Park,300,11.9,CRITICAL,Clouds,25.9,0,GREEN,138
2024-01-02 09:00:00,Variety_Sq,313,5,CRITICAL,Clear,30.0,0,RED,136
2024-01-02 09:00:00,LIC_Sq,318,7.7,CRITICAL,Clear,32.7,0,GREEN,147
2024-01-02 09:00:00,Empress_Mall_Sq,301,12.7,CRITICAL,Clear,29.7,0,GREEN,134
2024-01-02 10:00:00,Sitabuldi_Sq,121,45.3,MEDIUM,Rain,28.3,0.64,RED,49
2024-01-02 10:00:00,Zero_Mile,145,40.5,MEDIUM,Clear,28.0,0,RED,68
2024-01-02 10:00:00,Kasturchand_Park,190,33.0,MEDIUM,Clear,25.7,0,YELLOW,85
2024-01-02 10:00:00,Variety_Sq,146,41.2,MEDIUM,Clear,27.1,0,GREEN,60
2024-01-02 10:00:00,LIC_Sq,82,49.8,LOW,Clear,30.6,0,GREEN,33
2024-01-02 10:00:00,Empress_Mall_Sq,85,51.8,LOW,Clouds,24.5,0,GREEN,17
2024-01-02 11:00:00,Sitabuldi_Sq,83,54.1,LOW,Clear,25.8,0,GREEN,24
2024-01-02 11:00:00,Zero_Mile,98,49.5,LOW,Clear,25.8,0,RED,29
2024-01-02 11:00:00,Kasturchand_Park,70,48.4,LOW,Clouds,31.4,0,GREEN,38
2024-01-02 11:00:00,Variety_Sq,141,33.6,MEDIUM,Clear,27.5,0,RED,71
2024-01-02 11:00:00,LIC_Sq,118,48.8,LOW,Clear,28.9,0,RED,61
2024-01-02 11:00:00,Empress_Mall_Sq,109,50.7,LOW,Clear,26.3,0,RED,52
2024-01-02 12:00:00,Sitabuldi_Sq,166,34.5,MEDIUM,Clear,23.6,0,YELLOW,75
2024-01-02 12:00:00,Zero_Mile,82,51.7,LOW,Clouds,29.4,0,RED,36
2024-01-02 12:00:00,Kasturchand_Park,101,44.6,LOW,Clear,26.5,0,GREEN,39
2024-01-02 12:00:00,Variety_Sq,107,39.2,LOW,Clear,26.6,0,GREEN,41
2024-01-02 12:00:00,LIC_Sq,170,36.3,MEDIUM,Clear,25.8,0,GREEN,90
2024-01-02 12:00:00,Empress_Mall_Sq,154,33.6,MEDIUM,Clear,27.2,0,RED,71
2024-01-02 13:00:00,Sitabuldi_Sq,81,53.0,LOW,Clear,25.8,0,GREEN,27
2024-01-02 13:00:00,Zero_Mile,76,49.7,LOW,Clouds,25.9,0,YELLOW,42
2024-01-02 13:00:00,Kasturchand_Park,138,43.5,MEDIUM,Clear,29.0,0,GREEN,59
2024-01-02 13:00:00,Variety_Sq,152,37.6,MEDIUM,Clear,30.2,0,RED,47
2024-01-02 13:00:00,LIC_Sq,145,44.4,MEDIUM,Clear,28.1,0,YELLOW,57
2024-01-02 13:00:00,Empress_Mall_Sq,65,47.2,LOW,Clear,27.1,0,RED,42
2024-01-02 14:00:00,Sitabuldi_Sq,94,46.6,LOW,Clouds,28.1,0,YELLOW,42
2024-01-02 14:00:00,Zero_Mile,111,42.0,LOW,Clouds,27.2,0,RED,52
2024-01-02 14:00:00,Kasturchand_Park,110,50.0,LOW,Clear,28.2,0,RED,51
2024-01-02 14:00:00,Variety_Sq,105,44.0,LOW,Clear,26.5,0,YELLOW,59
2024-01-02 14:00:00,LIC_Sq,71,47.9,LOW,Clear,26.4,0,YELLOW,31
2024-01-02 14:00:00,Empress_Mall_Sq,133,42.5,MEDIUM,Clear,26.8,0,RED,73
2024-01-02 15:00:00,Sitabuldi_Sq,137,38.5,MEDIUM,Clear,26.5,0,GREEN,50
2024-01-02 15:00:00,Zero_Mile,110,41.9,LOW,Clear,26.7,0,YELLOW,56
2024-01-02 15:00:00,Kasturchand_Park,99,53.0,LOW,Rain,29.2,0.81,RED,39
2024-01-02 15:00:00,Variety_Sq,80,46.4,LOW,Clear,25.7,0,RED,43
2024-01-02 15:00:00,LIC_Sq,98,45.4,LOW,Clear,28.3,0,YELLOW,62
2024-01-02 15:00:00,Empress_Mall_Sq,160,37.4,MEDIUM,Clear,26.8,0,YELLOW,72
2024-01-02 16:00:00,Sitabuldi_Sq,259,26.5,HIGH,Clear,27.0,0,GREEN,124
2024-01-02 16:00:00,Zero_Mile,291,15.7,CRITICAL,Clouds,28.0,0.38,GREEN,120
2024-01-02 16:00:00,Kasturchand_Park,346,9.0,CRITICAL,Clear,27.2,0,GREEN,154
2024-01-02 16:00:00,Variety_Sq,284,10.3,CRITICAL,Clear,28.2,0,YELLOW,151
2024-01-02 16:00:00,LIC_Sq,323,5,CRITICAL,Clouds,28.6,0,YELLOW,142
2024-01-02 16:00:00,Empress_Mall_Sq,362,5,CRITICAL,Clouds,26.7,0.21,RED,166
2024-01-02 17:00:00,Sitabuldi_Sq,313,5.8,CRITICAL,Clear,26.1,0,GREEN,148
2024-01-02 17:00:00,Zero_Mile,276,17.5,HIGH,Clear,24.6,0,GREEN,118
2024-01-02 17:00:00,Kasturchand_Park,349,5,CRITICAL,Clear,28.7,0,GREEN,148
2024-01-02 17:00:00,Variety_Sq,277,13.3,HIGH,Clear,28.7,0,YELLOW,125
2024-01-02 17:00:00,LIC_Sq,257,19.8,HIGH,Clouds,26.4,0,YELLOW,114
2024-01-02 17:00:00,Empress_Mall_Sq,307,7.2,CRITICAL,Clear,26.2,0,RED,154
2024-01-02 18:00:00,Sitabuldi_Sq,302,10.7,CRITICAL,Clear,27.7,0,YELLOW,140
2024-01-02 18:00:00,Zero_Mile,349,5,CRITICAL,Clear,26.9,0,YELLOW,152
2024-01-02 18:00:00,Kasturchand_Park,253,17.2,HIGH,Clear,27.1,0,RED,110
2024-01-02 18:00:00,Variety_Sq,346,6.3,CRITICAL,Clouds,32.9,0.24,YELLOW,153
2024-01-02 18:00:00,LIC_Sq,331,6.4,CRITICAL,Clear,30.4,0,YELLOW,158
2024-01-02 18:00:00,Empress_Mall_Sq,257,20.1,HIGH,Clear,29.2,0,GREEN,107
2024-01-02 19:00:00,Sitabuldi_Sq,304,6.7,CRITICAL,Clear,28.8,0,YELLOW,146
2024-01-02 19:00:00,Zero_Mile,265,17.0,HIGH,Clouds,30.5,0,RED,112
2024-01-02 19:00:00,Kasturchand_Park,400,5,CRITICAL,Clear,25.1,0,YELLOW,167
2024-01-02 19:00:00,Variety_Sq,316,7.9,CRITICAL,Clear,29.2,0,GREEN,160
2024-01-02 19:00:00,LIC_Sq,300,10.4,CRITICAL,Clear,29.8,0,RED,127
2024-01-02 19:00:00,Empress_Mall_Sq,320,8.7,CRITICAL,Clear,31.8,0,YELLOW,143
2024-01-02 20:00:00,Sitabuldi_Sq,139,38.1,MEDIUM,Clear,27.4,0,RED,60
2024-01-02 20:00:00,Zero_Mile,109,43.7,LOW,Clouds,30.2,0,GREEN,75
2024-01-02 20:00:00,Kasturchand_Park,95,42.1,LOW,Clear,30.8,0,RED,50
2024-01-02 20:00:00,Variety_Sq,217,25.7,HIGH,Clear,28.9,0,GREEN,99
2024-01-02 20:00:00,LIC_Sq,185,33.3,MEDIUM,Clouds,27.5,0,RED,113
2024-01-02 20:00:00,Empress_Mall_Sq,53,55.9,LOW,Clear,26.9,0,RED,23
2024-01-02 21:00:00,Sitabuldi_Sq,130,40.3,MEDIUM,Clouds,27.8,0,RED,70
2024-01-02 21:00:00,Zero_Mile,116,45.4,LOW,Clouds,27.5,0,YELLOW,55
2024-01-02 21:00:00,Kasturchand_Park,86,47.3,LOW,Clear,28.6,0,GREEN,41
2024-01-02 21:00:00,Variety_Sq,69,55.2,LOW,Clear,31.7,0,YELLOW,26
2024-01-02 21:00:00,LIC_Sq,118,50.8,LOW,Clear,31.4,0,RED,62
2024-01-02 21:00:00,Empress_Mall_Sq,121,43.4,MEDIUM,Clear,23.2,0,YELLOW,68
2024-01-02 22:00:00,Sitabuldi_Sq,124,43.1,MEDIUM,Clouds,31.1,0,YELLOW,46
2024-01-02 22:00:00,Zero_Mile,36,59.1,LOW,Clear,25.1,0,GREEN,11
2024-01-02 22:00:00,Kasturchand_Park,140,36.5,MEDIUM,Clear,28.5,0,YELLOW,56
2024-01-02 22:00:00,Variety_Sq,35,60.5,LOW,Clear,24.6,0,YELLOW,5
2024-01-02 22:00:00,LIC_Sq,80,46.2,LOW,Clear,29.2,0,YELLOW,34
2024-01-02 22:00:00,Empress_Mall_Sq,134,44.4,MEDIUM,Clear,30.2,0,YELLOW,77
2024-01-02 23:00:00,Sitabuldi_Sq,104,45.6,LOW,Clear,24.5,0,RED,45
2024-01-02 23:00:00,Zero_Mile,72,50.5,LOW,Clouds,27.4,0,GREEN,39
2024-01-02 23:00:00,Kasturchand_Park,120,46.0,LOW,Rain,28.7,1.17,GREEN,53
2024-01-02 23:00:00,Variety_Sq,165,35.0,MEDIUM,Clear,27.9,0.31,RED,70
2024-01-02 23:00:00,LIC_Sq,20,64.3,LOW,Clear,28.1,0,YELLOW,5
2024-01-02 23:00:00,Empress_Mall_Sq,162,37.0,MEDIUM,Clouds,27.4,0,GREEN,82
2024-01-03 00:00:00,Sitabuldi_Sq,118,43.5,LOW,Clear,26.9,0.42,YELLOW,54
2024-01-03 00:00:00,Zero_Mile,85,51.0,LOW,Clouds,28.6,0,YELLOW,49
2024-01-03 00:00:00,Kasturchand_Park,120,42.6,LOW,Clear,26.9,0,GREEN,42
2024-01-03 00:00:00,Variety_Sq,125,43.8,MEDIUM,Clouds,31.0,0,YELLOW,59
2024-01-03 00:00:00,LIC_Sq,161,36.9,MEDIUM,Clouds,25.1,0,RED,68
2024-01-03 00:00:00,Empress_Mall_Sq,128,48.6,MEDIUM,Clear,26.0,0,GREEN,51
2024-01-03 01:00:00,Sitabuldi_Sq,112,46.4,LOW,Clouds,27.6,0,YELLOW,44
2024-01-03 01:00:00,Zero_Mile,184,27.3,MEDIUM,Clear,26.9,0,YELLOW,75
2024-01-03 01:00:00,Kasturchand_Park,86,44.9,LOW,Clear,27.5,0.47,GREEN,39
2024-01-03 01:00:00,Variety_Sq,74,50.2,LOW,Clear,31.3,0,YELLOW,9
2024-01-03 01:00:00,LIC_Sq,79,47.9,LOW,Clear,28.0,0,RED,45
2024-01-03 01:00:00,Empress_Mall_Sq,140,43.8,MEDIUM,Clouds,30.1,0,GREEN,56
2024-01-03 02:00:00,Sitabuldi_Sq,71,54.1,LOW,Clear,31.5,0,RED,11
2024-01-03 02:00:00,Zero_Mile,130,39.4,MEDIUM,Clouds,32.5,0,RED,57
2024-01-03 02:00:00,Kasturchand_Park,53,59.4,LOW,Clear,26.8,0,RED,24
2024-01-03 02:00:00,Variety_Sq,155,34.4,MEDIUM,Clouds,30.0,0,GREEN,58
2024-01-03 02:00:00,LIC_Sq,116,45.7,LOW,Clear,25.3,0,GREEN,54
2024-01-03 02:00:00,Empress_Mall_Sq,153,35.5,MEDIUM,Clear,27.8,0,RED,92
2024-01-03 03:00:00,Sitabuldi_Sq,112,46.7,LOW,Clear,28.7,0,YELLOW,63
2024-01-03 03:00:00,Zero_Mile,84,54.2,LOW,Clear,25.1,0,YELLOW,38
2024-01-03 03:00:00,Kasturchand_Park,126,40.6,MEDIUM,Clear,27.9,0,YELLOW,45
2024-01-03 03:00:00,Variety_Sq,166,34.1,MEDIUM,Clouds,28.8,0,GREEN,71
2024-01-03 03:00:00,LIC_Sq,54,58.3,LOW,Rain,28.7,0.78,YELLOW,14
2024-01-03 03:00:00,Empress_Mall_Sq,118,39.2,LOW,Clear,24.8,0,RED,65
2024-01-03 04:00:00,Sitabuldi_Sq,124,46.4,MEDIUM,Clear,28.5,0,YELLOW,74
2024-01-03 04:00:00,Zero_Mile,127,35.7,MEDIUM,Clear,30.3,0,YELLOW,49
2024-01-03 04:00:00,Kasturchand_Park,115,38.9,LOW,Clear,27.7,0,YELLOW,44
2024-01-03 04:00:00,Variety_Sq,149,38.4,MEDIUM,Clear,31.4,0,YELLOW,94
2024-01-03 04:00:00,LIC_Sq,180,32.7,MEDIUM,Clear,27.5,0,GREEN,82
2024-01-03 04:00:00,Empress_Mall_Sq,121,48.3,MEDIUM,Clear,30.3,0,YELLOW,81
2024-01-03 05:00:00,Sitabuldi_Sq,104,48.2,LOW,Clear,27.6,0,GREEN,39
2024-01-03 05:00:00,Zero_Mile,107,44.8,LOW,Clear,26.9,0,GREEN,56
2024-01-03 05:00:00,Kasturchand_Park,190,34.7,MEDIUM,Clear,27.7,0,GREEN,82
2024-01-03 05:00:00,Variety_Sq,129,38.2,MEDIUM,Clear,27.3,0,YELLOW,48
2024-01-03 05:00:00,LIC_Sq,110,50.9,LOW,Clear,32.9,0,RED,52
2024-01-03 05:00:00,Empress_Mall_Sq,117,44.1,LOW,Clear,29.1,0,RED,30
2024-01-03 06:00:00,Sitabuldi_Sq,60,56.6,LOW,Clear,28.6,0,RED,12
2024-01-03 06:00:00,Zero_Mile,194,31.6,MEDIUM,Clear,30.8,0,GREEN,85
2024-01-03 06:00:00,Kasturchand_Park,148,39.9,MEDIUM,Clear,28.9,0,GREEN,66
2024-01-03 06:00:00,Variety_Sq,85,55.7,LOW,Clear,30.9,0,RED,41
2024-01-03 06:00:00,LIC_Sq,130,38.0,MEDIUM,Clouds,29.1,0,YELLOW,55
2024-01-03 06:00:00,Empress_Mall_Sq,134,42.2,MEDIUM,Clear,24.4,0,YELLOW,69
2024-01-03 07:00:00,Sitabuldi_Sq,371,5,CRITICAL,Clouds,27.2,0,RED,164
2024-01-03 07:00:00,Zero_Mile,277,16.8,HIGH,Clear,29.1,0,RED,131
2024-01-03 07:00:00,Kasturchand_Park,279,17.0,HIGH,Clouds,26.4,0,RED,116
2024-01-03 07:00:00,Variety_Sq,320,7.5,CRITICAL,Clear,29.4,0,RED,135
2024-01-03 07:00:00,LIC_Sq,311,5,CRITICAL,Clear,29.4,0,GREEN,139
2024-01-03 07:00:00,Empress_Mall_Sq,255,19.3,HIGH,Clear,26.9,0,YELLOW,119
2024-01-03 08:00:00,Sitabuldi_Sq,287,10.7,CRITICAL,Clear,27.7,0,GREEN,146
2024-01-03 08:00:00,Zero_Mile,237,20.3,HIGH,Clear,27.3,0,YELLOW,95
2024-01-03 08:00:00,Kasturchand_Park,297,16.7,CRITICAL,Clear,28.7,0,YELLOW,130
2024-01-03 08:00:00,Variety_Sq,223,24.9,HIGH,Clear,28.5,0,GREEN,114
2024-01-03 08:00:00,LIC_Sq,228,25.2,HIGH,Clear,26.2,0,RED,96
2024-01-03 08:00:00,Empress_Mall_Sq,211,25.6,HIGH,Clear,25.6,0,GREEN,111
2024-01-03 09:00:00,Sitabuldi_Sq,303,11.9,CRITICAL,Clear,27.7,0,YELLOW,131
2024-01-03 09:00:00,Zero_Mile,262,15.1,HIGH,Clouds,28.4,0,RED,91
2024-01-03 09:00:00,Kasturchand_Park,291,17.5,CRITICAL,Clear,25.5,0,RED,125
2024-01-03 09:00:00,Variety_Sq,287,9.4,CRITICAL,Clouds,26.5,0,GREEN,107
2024-01-03 09:00:00,LIC_Sq,331,7.8,CRITICAL,Clear,25.5,0,RED,151
2024-01-03 09:00:00,Empress_Mall_Sq,232,20.1,HIGH,Clear,28.7,0,GREEN,98
2024-01-03 10:00:00,Sitabuldi_Sq,189,33.7,MEDIUM,Clear,28.6,0.36,YELLOW,63
2024-01-03 10:00:00,Zero_Mile,130,43.2,MEDIUM,Clear,23.7,0,GREEN,49
2024-01-03 10:00:00,Kasturchand_Park,142,43.5,MEDIUM,Clear,25.8,0,RED,73
2024-01-03 10:00:00,Variety_Sq,72,55.1,LOW,Clouds,29.3,0,GREEN,48
2024-01-03 10:00:00,LIC_Sq,135,37.2,MEDIUM,Clear,27.5,0.25,RED,34
2024-01-03 10:00:00,Empress_Mall_Sq,126,38.9,MEDIUM,Clear,26.8,0,YELLOW,64
2024-01-03 11:00:00,Sitabuldi_Sq,74,51.0,LOW,Clouds,26.7,0,RED,36
2024-01-03 11:00:00,Zero_Mile,134,43.0,MEDIUM,Clear,29.6,0,RED,68
2024-01-03 11:00:00,Kasturchand_Park,142,43.4,MEDIUM,Clear,27.3,0,RED,50
2024-01-03 11:00:00,Variety_Sq,113,46.5,LOW,Clear,29.9,0,RED,39
2024-01-03 11:00:00,LIC_Sq,168,38.9,MEDIUM,Clear,30.7,0,RED,72
2024-01-03 11:00:00,Empress_Mall_Sq,109,42.2,LOW,Clouds,29.6,0,GREEN,60
2024-01-03 12:00:00,Sitabuldi_Sq,112,48.5,LOW,Clear,29.4,0,YELLOW,60
2024-01-03 12:00:00,Zero_Mile,67,52.7,LOW,Clear,28.1,0,GREEN,42
2024-01-03 12:00:00,Kasturchand_Park,122,39.8,MEDIUM,Clear,28.8,0,GREEN,65
2024-01-03 12:00:00,Variety_Sq,74,62.6,LOW,Clear,26.6,0,GREEN,36
2024-01-03 12:00:00,LIC_Sq,124,40.5,MEDIUM,Clear,29.3,0,YELLOW,43
2024-01-03 12:00:00,Empress_Mall_Sq,70,54.2,LOW,Clear,29.1,0,YELLOW,13
2024-01-03 13:00:00,Sitabuldi_Sq,110,48.9,LOW,Clouds,27.0,0,YELLOW,63
2024-01-03 13:00:00,Zero_Mile,180,32.2,MEDIUM,Clear,32.6,0,RED,95
2024-01-03 13:00:00,Kasturchand_Park,133,39.9,MEDIUM,Clear,29.4,0,YELLOW,54
2024-01-03 13:00:00,Variety_Sq,102,47.7,LOW,Clouds,26.5,0,GREEN,35
2024-01-03 13:00:00,LIC_Sq,65,56.2,LOW,Clear,26.9,0,YELLOW,9
2024-01-03 13:00:00,Empress_Mall_Sq,188,31.2,MEDIUM,Clear,28.0,0,RED,68
2024-01-03 14:00:00,Sitabuldi_Sq,161,31.7,MEDIUM,Clear,24.1,0,RED,88
2024-01-03 14:00:00,Zero_Mile,137,37.9,MEDIUM,Clear,26.1,0,YELLOW,55
2024-01-03 14:00:00,Kasturchand_Park,120,42.5,LOW,Clear,25.7,0,RED,60
2024-01-03 14:00:00,Variety_Sq,156,38.3,MEDIUM,Clear,31.3,0,RED,65
2024-01-03 14:00:00,LIC_Sq,151,39.4,MEDIUM,Clouds,30.9,0,YELLOW,75
2024-01-03 14:00:00,Empress_Mall_Sq,98,51.7,LOW,Clouds,28.6,0,RED,58
2024-01-03 15:00:00,Sitabuldi_Sq,167,36.8,MEDIUM,Clear,26.2,0,YELLOW,89
2024-01-03 15:00:00,Zero_Mile,174,34.5,MEDIUM,Clear,28.9,0,RED,85
2024-01-03 15:00:00,Kasturchand_Park,140,43.2,MEDIUM,Clouds,31.0,0,YELLOW,68
2024-01-03 15:00:00,Variety_Sq,119,39.8,LOW,Clear,27.3,0,RED,57
2024-01-03 15:00:00,LIC_Sq,184,29.5,MEDIUM,Clear,26.9,0,YELLOW,86
2024-01-03 15:00:00,Empress_Mall_Sq,135,34.9,MEDIUM,Clouds,31.8,0,YELLOW,60
2024-01-03 16:00:00,Sitabuldi_Sq,326,5,CRITICAL,Clear,26.4,0,RED,165
2024-01-03 16:00:00,Zero_Mile,323,8.0,CRITICAL,Clear,31.0,0,GREEN,134
2024-01-03 16:00:00,Kasturchand_Park,254,17.8,HIGH,Clear,28.4,0,RED,87
2024-01-03 16:00:00,Variety_Sq,290,14.3,CRITICAL,Clear,27.9,0,RED,120
2024-01-03 16:00:00,LIC_Sq,355,6.0,CRITICAL,Clouds,27.4,0.36,GREEN,162
2024-01-03 16:00:00,Empress_Mall_Sq,348,5,CRITICAL,Clear,27.6,0,RED,171
2024-01-03 17:00:00,Sitabuldi_Sq,353,5,CRITICAL,Clear,27.1,0,GREEN,153
2024-01-03 17:00:00,Zero_Mile,332,5,CRITICAL,Clear,27.1,0,YELLOW,161
2024-01-03 17:00:00,Kasturchand_Park,366,5,CRITICAL,Clouds,27.9,0,YELLOW,154
2024-01-03 17:00:00,Variety_Sq,327,10.3,CRITICAL,Clouds,29.3,0,GREEN,152
2024-01-03 17:00:00,LIC_Sq,311,12.8,CRITICAL,Clear,32.6,0,GREEN,138
2024-01-03 17:00:00,Empress_Mall_Sq,286,13.5,CRITICAL,Clouds,24.3,0,RED,136
2024-01-03 18:00:00,Sitabuldi_Sq,288,13.0,CRITICAL,Clear,29.1,0,RED,139
2024-01-03 18:00:00,Zero_Mile,330,11.2,CRITICAL,Clouds,29.7,0,YELLOW,151
2024-01-03 18:00:00,Kasturchand_Park,226,24.0,HIGH,Clouds,26.9,0,RED,106
2024-01-03 18:00:00,Variety_Sq,287,8.9,CRITICAL,Clear,31.7,0,YELLOW,146
2024-01-03 18:00:00,LIC_Sq,325,6.3,CRITICAL,Clear,26.3,0,GREEN,144
2024-01-03 18:00:00,Empress_Mall_Sq,278,13.6,HIGH,Clouds,27.9,0,GREEN,127
2024-01-03 19:00:00,Sitabuldi_Sq,357,5,CRITICAL,Clouds,28.1,0,YELLOW,165
2024-01-03 19:00:00,Zero_Mile,280,11.8,HIGH,Clear,28.9,0,RED,125
2024-01-03 19:00:00,Kasturchand_Park,280,11.7,HIGH,Clouds,27.1,0,GREEN,139
2024-01-03 19:00:00,Variety_Sq,270,20.5,HIGH,Clear,32.1,0,GREEN,117
2024-01-03 19:00:00,LIC_Sq,312,8.8,CRITICAL,Clouds,26.2,0,YELLOW,124
2024-01-03 19:00:00,Empress_Mall_Sq,351,5,CRITICAL,Clouds,33.5,0,YELLOW,164
2024-01-03 20:00:00,Sitabuldi_Sq,127,36.7,MEDIUM,Clear,30.6,0,YELLOW,46
2024-01-03 20:00:00,Zero_Mile,96,48.2,LOW,Clear,27.6,0,RED,50
2024-01-03 20:00:00,Kasturchand_Park,113,48.7,LOW,Clear,24.7,0,GREEN,45
2024-01-03 20:00:00,Variety_Sq,158,38.4,MEDIUM,Clear,29.0,0,RED,74
2024-01-03 20:00:00,LIC_Sq,139,39.4,MEDIUM,Clear,29.3,0,GREEN,51
2024-01-03 20:00:00,Empress_Mall_Sq,133,45.7,MEDIUM,Clear,30.3,0,RED,54
2024-01-03 21:00:00,Sitabuldi_Sq,103,49.3,LOW,Clear,30.9,0,GREEN,54
2024-01-03 21:00:00,Zero_Mile,130,44.6,MEDIUM,Clear,28.7,0,GREEN,58
2024-01-03 21:00:00,Kasturchand_Park,164,36.3,MEDIUM,Clouds,28.8,0,YELLOW,77
2024-01-03 21:00:00,Variety_Sq,158,33.6,MEDIUM,Clouds,26.2,0,GREEN,71
2024-01-03 21:00:00,LIC_Sq,112,46.2,LOW,Clouds,31.1,0,GREEN,60
2024-01-03 21:00:00,Empress_Mall_Sq,60,57.4,LOW,Clear,28.9,0,GREEN,31
2024-01-03 22:00:00,Sitabuldi_Sq,83,47.7,LOW,Clear,29.8,0,GREEN,35
2024-01-03 22:00:00,Zero_Mile,162,39.9,MEDIUM,Clouds,28.9,0,GREEN,62
2024-01-03 22:00:00,Kasturchand_Park,146,41.2,MEDIUM,Clear,29.4,0,YELLOW,67
2024-01-03 22:00:00,Variety_Sq,91,51.1,LOW,Clear,22.6,0,YELLOW,29
2024-01-03 22:00:00,LIC_Sq,107,42.8,LOW,Clear,28.3,0,RED,52
2024-01-03 22:00:00,Empress_Mall_Sq,203,37.1,HIGH,Clear,30.6,0,GREEN,118
2024-01-03 23:00:00,Sitabuldi_Sq,119,43.6,LOW,Clear,29.8,0,GREEN,52
2024-01-03 23:00:00,Zero_Mile,52,48.0,LOW,Clear,25.7,0,GREEN,29
2024-01-03 23:00:00,Kasturchand_Park,118,39.2,LOW,Clear,26.4,0,YELLOW,68
2024-01-03 23:00:00,Variety_Sq,130,38.0,MEDIUM,Clear,27.3,0,RED,67
2024-01-03 23:00:00,LIC_Sq,88,49.5,LOW,Clear,28.8,0,RED,38
2024-01-03 23:00:00,Empress_Mall_Sq,143,38.3,MEDIUM,Clear,30.5,0,RED,75
2024-01-04 00:00:00,Sitabuldi_Sq,141,40.2,MEDIUM,Clear,28.2,0,YELLOW,60
2024-01-04 00:00:00,Zero_Mile,131,44.2,MEDIUM,Clouds,27.8,0,RED,64
2024-01-04 00:00:00,Kasturchand_Park,146,31.4,MEDIUM,Clear,27.8,0,YELLOW,60
2024-01-04 00:00:00,Variety_Sq,126,40.2,MEDIUM,Clear,27.5,0,GREEN,53
2024-01-04 00:00:00,LIC_Sq,121,43.4,MEDIUM,Clear,27.7,0,YELLOW,41
2024-01-04 00:00:00,Empress_Mall_Sq,173,34.7,MEDIUM,Clear,33.1,0,RED,65
2024-01-04 01:00:00,Sitabuldi_Sq,161,39.9,MEDIUM,Clear,28.9,0,GREEN,100
2024-01-04 01:00:00,Zero_Mile,145,34.9,MEDIUM,Clouds,28.3,0,GREEN,62
2024-01-04 01:00:00,Kasturchand_Park,85,49.5,LOW,Clear,27.9,0,RED,43
2024-01-04 01:00:00,Variety_Sq,155,35.4,MEDIUM,Clear,30.1,0,GREEN,54
2024-01-04 01:00:00,LIC_Sq,88,49.8,LOW,Clouds,29.2,0,GREEN,29
2024-01-04 01:00:00,Empress_Mall_Sq,209,24.0,HIGH,Clouds,32.0,0,RED,119
2024-01-04 02:00:00,Sitabuldi_Sq,80,47.2,LOW,Clouds,27.0,0,RED,41
2024-01-04 02:00:00,Zero_Mile,111,45.8,LOW,Clouds,29.3,0,YELLOW,44
2024-01-04 02:00:00,Kasturchand_Park,59,50.1,LOW,Clouds,27.8,0,RED,16
2024-01-04 02:00:00,Variety_Sq,151,39.4,MEDIUM,Clouds,30.1,0,GREEN,60
2024-01-04 02:00:00,LIC_Sq,73,53.5,LOW,Clear,29.3,0,RED,27
2024-01-04 02:00:00,Empress_Mall_Sq,123,36.6,MEDIUM,Clear,29.3,0,RED,48
2024-01-04 03:00:00,Sitabuldi_Sq,145,36.7,MEDIUM,Clear,30.1,0,GREEN,66
2024-01-04 03:00:00,Zero_Mile,151,40.5,MEDIUM,Clear,31.0,0,YELLOW,52
2024-01-04 03:00:00,Kasturchand_Park,121,44.3,MEDIUM,Clear,26.7,0,RED,62
2024-01-04 03:00:00,Variety_Sq,93,47.3,LOW,Clouds,27.9,0,YELLOW,51
2024-01-04 03:00:00,LIC_Sq,178,29.8,MEDIUM,Clear,27.3,0,GREEN,93
2024-01-04 03:00:00,Empress_Mall_Sq,222,25.6,HIGH,Clear,27.5,0,YELLOW,68
2024-01-04 04:00:00,Sitabuldi_Sq,174,36.1,MEDIUM,Clear,30.7,0,YELLOW,79
2024-01-04 04:00:00,Zero_Mile,104,44.1,LOW,Clear,29.6,0,YELLOW,59
2024-01-04 04:00:00,Kasturchand_Park,69,48.1,LOW,Clear,26.7,0.38,GREEN,41
2024-01-04 04:00:00,Variety_Sq,165,33.5,MEDIUM,Clear,29.8,0,RED,79
2024-01-04 04:00:00,LIC_Sq,114,48.8,LOW,Clear,26.5,0,YELLOW,46
2024-01-04 04:00:00,Empress_Mall_Sq,72,49.1,LOW,Clouds,32.6,0,YELLOW,37
2024-01-04 05:00:00,Sitabuldi_Sq,88,49.5,LOW,Clear,27.3,0,RED,46
2024-01-04 05:00:00,Zero_Mile,158,33.0,MEDIUM,Clear,29.9,0,RED,69
2024-01-04 05:00:00,Kasturchand_Park,114,47.6,LOW,Clear,27.7,0,YELLOW,46
2024-01-04 05:00:00,Variety_Sq,72,52.4,LOW,Clouds,28.0,0,YELLOW,34
2024-01-04 05:00:00,LIC_Sq,98,47.3,LOW,Clouds,31.0,0,GREEN,53
2024-01-04 05:00:00,Empress_Mall_Sq,53,56.4,LOW,Clouds,28.6,0,RED,16
2024-01-04 06:00:00,Sitabuldi_Sq,152,36.6,MEDIUM,Clouds,27.7,0,RED,78
2024-01-04 06:00:00,Zero_Mile,88,47.7,LOW,Clear,30.7,0,RED,57
2024-01-04 06:00:00,Kasturchand_Park,132,41.4,MEDIUM,Clouds,30.6,0,GREEN,45
2024-01-04 06:00:00,Variety_Sq,106,43.8,LOW,Clear,28.2,0,GREEN,48
2024-01-04 06:00:00,LIC_Sq,98,47.6,LOW,Clear,30.2,0,RED,60
2024-01-04 06:00:00,Empress_Mall_Sq,105,41.5,LOW,Clear,27.8,0,GREEN,68
2024-01-04 07:00:00,Sitabuldi_Sq,221,26.2,HIGH,Clear,29.4,0,RED,89
2024-01-04 07:00:00,Zero_Mile,214,22.7,HIGH,Clear,27.5,0,RED,87
2024-01-04 07:00:00,Kasturchand_Park,284,10.1,CRITICAL,Clear,25.4,0,GREEN,134
2024-01-04 07:00:00,Variety_Sq,258,16.3,HIGH,Rain,28.4,0.57,RED,101
2024-01-04 07:00:00,LIC_Sq,247,16.7,HIGH,Clouds,28.0,0,RED,96
2024-01-04 07:00:00,Empress_Mall_Sq,226,27.1,HIGH,Clear,22.9,0,YELLOW,85
2024-01-04 08:00:00,Sitabuldi_Sq,288,16.8,CRITICAL,Clear,29.5,0,GREEN,108
2024-01-04 08:00:00,Zero_Mile,324,5,CRITICAL,Clouds,28.9,0.21,GREEN,151
2024-01-04 08:00:00,Kasturchand_Park,216,32.2,HIGH,Clouds,27.1,0,RED,100
2024-01-04 08:00:00,Variety_Sq,359,5,CRITICAL,Clouds,26.8,0,YELLOW,168
2024-01-04 08:00:00,LIC_Sq,243,15.0,HIGH,Clear,26.1,0.45,RED,101
2024-01-04 08:00:00,Empress_Mall_Sq,239,21.4,HIGH,Clear,29.3,0,YELLOW,103
2024-01-04 09:00:00,Sitabuldi_Sq,371,5,CRITICAL,Clouds,31.0,0,RED,182
2024-01-04 09:00:00,Zero_Mile,263,16.3,HIGH,Clear,28.4,0,GREEN,117
2024-01-04 09:00:00,Kasturchand_Park,259,17.6,HIGH,Clear,29.3,0,RED,106
2024-01-04 09:00:00,Variety_Sq,298,10.7,CRITICAL,Clear,28.9,0,YELLOW,142
2024-01-04 09:00:00,LIC_Sq,283,15.7,CRITICAL,Clouds,31.3,0,GREEN,124
2024-01-04 09:00:00,Empress_Mall_Sq,245,23.7,HIGH,Clouds,29.9,0,RED,133
2024-01-04 10:00:00,Sitabuldi_Sq,147,38.0,MEDIUM,Clear,25.8,0,RED,75
2024-01-04 10:00:00,Zero_Mile,118,42.5,LOW,Clear,29.5,0,YELLOW,47
2024-01-04 10:00:00,Kasturchand_Park,136,42.6,MEDIUM,Clear,28.4,0,GREEN,61
2024-01-04 10:00:00,Variety_Sq,79,53.8,LOW,Clouds,28.9,0,GREEN,21
2024-01-04 10:00:00,LIC_Sq,115,43.8,LOW,Clear,27.7,0,RED,42
2024-01-04 10:00:00,Empress_Mall_Sq,111,43.1,LOW,Clouds,28.4,0,YELLOW,48
2024-01-04 11:00:00,Sitabuldi_Sq,113,48.7,LOW,Rain,31.0,0.72,GREEN,49
2024-01-04 11:00:00,Zero_Mile,100,47.8,LOW,Clear,26.2,0,RED,58
2024-01-04 11:00:00,Kasturchand_Park,26,59.6,LOW,Clear,26.9,0,RED,11
2024-01-04 11:00:00,Variety_Sq,120,43.9,LOW,Clear,29.3,0,GREEN,56
2024-01-04 11:00:00,LIC_Sq,122,41.9,MEDIUM,Clear,27.8,0,RED,33
2024-01-04 11:00:00,Empress_Mall_Sq,118,44.7,LOW,Clear,30.1,0,YELLOW,34
2024-01-04 12:00:00,Sitabuldi_Sq,94,52.6,LOW,Clear,31.3,0.47,RED,39
2024-01-04 12:00:00,Zero_Mile,99,53.1,LOW,Clear,25.5,0,GREEN,38
2024-01-04 12:00:00,Kasturchand_Park,146,32.5,MEDIUM,Clear,31.5,0,YELLOW,76
2024-01-04 12:00:00,Variety_Sq,62,55.2,LOW,Clear,27.7,0,GREEN,5
2024-01-04 12:00:00,LIC_Sq,73,53.9,LOW,Clear,29.5,0,RED,18
2024-01-04 12:00:00,Empress_Mall_Sq,59,50.5,LOW,Clear,30.9,0,RED,15
2024-01-04 13:00:00,Sitabuldi_Sq,151,39.8,MEDIUM,Clear,30.0,0,YELLOW,70
2024-01-04 13:00:00,Zero_Mile,54,54.5,LOW,Clear,28.3,0,YELLOW,17
2024-01-04 13:00:00,Kasturchand_Park,58,53.9,LOW,Clear,30.9,0,YELLOW,34
2024-01-04 13:00:00,Variety_Sq,105,44.8,LOW,Clouds,30.5,0,GREEN,28
2024-01-04 13:00:00,LIC_Sq,75,51.4,LOW,Clear,27.3,0,RED,33
2024-01-04 13:00:00,Empress_Mall_Sq,132,41.1,MEDIUM,Clouds,29.0,0,RED,73
2024-01-04 14:00:00,Sitabuldi_Sq,70,53.7,LOW,Clear,30.5,0,YELLOW,37
2024-01-04 14:00:00,Zero_Mile,109,44.2,LOW,Clouds,26.3,0.33,RED,38
2024-01-04 14:00:00,Kasturchand_Park,86,52.5,LOW,Clear,26.9,0,GREEN,28
2024-01-04 14:00:00,Variety_Sq,182,33.7,MEDIUM,Clear,27.0,0,RED,79
2024-01-04 14:00:00,LIC_Sq,82,54.1,LOW,Clear,30.7,0,RED,49
2024-01-04 14:00:00,Empress_Mall_Sq,29,57.0,LOW,Clear,27.9,0.46,YELLOW,6
2024-01-04 15:00:00,Sitabuldi_Sq,116,42.7,LOW,Clear,27.5,0,RED,48
2024-01-04 15:00:00,Zero_Mile,131,39.7,MEDIUM,Rain,26.8,0.72,GREEN,48
2024-01-04 15:00:00,Kasturchand_Park,75,52.0,LOW,Clear,26.3,0,YELLOW,41
2024-01-04 15:00:00,Variety_Sq,155,36.8,MEDIUM,Clear,26.0,0,GREEN,85
2024-01-04 15:00:00,LIC_Sq,88,48.5,LOW,Clouds,27.4,0,RED,32
2024-01-04 15:00:00,Empress_Mall_Sq,74,48.7,LOW,Clear,28.5,0,RED,33
2024-01-04 16:00:00,Sitabuldi_Sq,278,18.2,HIGH,Clear,28.1,0,RED,133
2024-01-04 16:00:00,Zero_Mile,337,5,CRITICAL,Clouds,27.2,0,GREEN,166
2024-01-04 16:00:00,Kasturchand_Park,286,11.8,CRITICAL,Clear,26.8,0,GREEN,141
2024-01-04 16:00:00,Variety_Sq,248,20.2,HIGH,Clear,28.1,0,YELLOW,116
2024-01-04 16:00:00,LIC_Sq,368,5,CRITICAL,Clear,26.6,0,RED,146
2024-01-04 16:00:00,Empress_Mall_Sq,327,5,CRITICAL,Clouds,29.6,0,GREEN,148
2024-01-04 17:00:00,Sitabuldi_Sq,370,5,CRITICAL,Clouds,28.9,0,YELLOW,169
2024-01-04 17:00:00,Zero_Mile,381,5,CRITICAL,Clear,31.7,0,YELLOW,183
2024-01-04 17:00:00,Kasturchand_Park,286,11.1,CRITICAL,Clear,25.0,0,GREEN,127
2024-01-04 17:00:00,Variety_Sq,345,5,CRITICAL,Clear,33.8,0,GREEN,147
2024-01-04 17:00:00,LIC_Sq,308,7.5,CRITICAL,Clouds,31.2,0,YELLOW,124
2024-01-04 17:00:00,Empress_Mall_Sq,293,8.1,CRITICAL,Clear,28.6,0,GREEN,119
2024-01-04 18:00:00,Sitabuldi_Sq,303,12.3,CRITICAL,Clear,28.0,0,RED,130
2024-01-04 18:00:00,Zero_Mile,341,5,CRITICAL,Clouds,28.4,0,RED,159
2024-01-04 18:00:00,Kasturchand_Park,304,8.6,CRITICAL,Clear,29.5,0.36,RED,125
2024-01-04 18:00:00,Variety_Sq,270,17.3,HIGH,Clear,26.1,0,YELLOW,109
2024-01-04 18:00:00,LIC_Sq,353,5,CRITICAL,Clouds,26.4,0.31,RED,160
2024-01-04 18:00:00,Empress_Mall_Sq,344,5,CRITICAL,Clear,33.2,0,YELLOW,139
2024-01-04 19:00:00,Sitabuldi_Sq,284,18.3,CRITICAL,Clear,28.7,0,GREEN,117
2024-01-04 19:00:00,Zero_Mile,273,14.8,HIGH,Clear,26.9,0,RED,113
2024-01-04 19:00:00,Kasturchand_Park,342,7.0,CRITICAL,Clear,28.9,0,RED,142
2024-01-04 19:00:00,Variety_Sq,307,11.3,CRITICAL,Clear,27.7,0,YELLOW,150
2024-01-04 19:00:00,LIC_Sq,396,5,CRITICAL,Clear,27.9,0,GREEN,181
2024-01-04 19:00:00,Empress_Mall_Sq,369,5,CRITICAL,Clear,32.1,0,GREEN,149
2024-01-04 20:00:00,Sitabuldi_Sq,149,38.1,MEDIUM,Clear,27.4,0,RED,69
2024-01-04 20:00:00,Zero_Mile,126,38.7,MEDIUM,Clouds,27.6,0,RED,45
2024-01-04 20:00:00,Kasturchand_Park,156,35.7,MEDIUM,Rain,30.3,0.8,GREEN,70
2024-01-04 20:00:00,Variety_Sq,121,39.2,MEDIUM,Clouds,28.3,0,YELLOW,50
2024-01-04 20:00:00,LIC_Sq,114,45.7,LOW,Clear,28.7,0,RED,40
2024-01-04 20:00:00,Empress_Mall_Sq,135,42.5,MEDIUM,Clouds,28.4,0,YELLOW,42
2024-01-04 21:00:00,Sitabuldi_Sq,157,40.3,MEDIUM,Clear,31.6,0,GREEN,61
2024-01-04 21:00:00,Zero_Mile,71,51.0,LOW,Clear,28.7,0,GREEN,32
2024-01-04 21:00:00,Kasturchand_Park,97,52.2,LOW,Clear,30.0,0,YELLOW,38
2024-01-04 21:00:00,Variety_Sq,135,42.2,MEDIUM,Clear,27.4,0,YELLOW,57
2024-01-04 21:00:00,LIC_Sq,114,40.8,LOW,Clouds,29.1,0,RED,64
2024-01-04 21:00:00,Empress_Mall_Sq,157,39.4,MEDIUM,Clouds,28.0,0,GREEN,69
2024-01-04 22:00:00,Sitabuldi_Sq,134,39.5,MEDIUM,Clear,30.5,0,RED,49
2024-01-04 22:00:00,Zero_Mile,93,50.9,LOW,Clear,23.8,0,YELLOW,45
2024-01-04 22:00:00,Kasturchand_Park,58,49.3,LOW,Clear,30.0,0,RED,5
2024-01-04 22:00:00,Variety_Sq,127,38.7,MEDIUM,Clouds,30.7,0.45,GREEN,66
2024-01-04 22:00:00,LIC_Sq,45,56.4,LOW,Clear,32.7,0.09,GREEN,21
2024-01-04 22:00:00,Empress_Mall_Sq,140,36.2,MEDIUM,Clouds,28.7,0,YELLOW,72
2024-01-04 23:00:00,Sitabuldi_Sq,89,49.4,LOW,Clear,26.6,0,RED,39
2024-01-04 23:00:00,Zero_Mile,87,48.0,LOW,Clouds,28.5,0,YELLOW,40
2024-01-04 23:00:00,Kasturchand_Park,222,23.0,HIGH,Clear,25.4,0.35,GREEN,110
2024-01-04 23:00:00,Variety_Sq,115,40.9,LOW,Clouds,27.6,0,RED,57
2024-01-04 23:00:00,LIC_Sq,125,46.9,MEDIUM,Clear,25.0,0,GREEN,54
2024-01-04 23:00:00,Empress_Mall_Sq,176,34.4,MEDIUM,Clouds,32.7,0,YELLOW,95
2024-01-05 00:00:00,Sitabuldi_Sq,115,48.0,LOW,Clear,30.0,0,GREEN,64
2024-01-05 00:00:00,Zero_Mile,81,50.1,LOW,Clear,30.7,0,RED,29
2024-01-05 00:00:00,Kasturchand_Park,142,33.4,MEDIUM,Clouds,32.8,0,YELLOW,64
2024-01-05 00:00:00,Variety_Sq,102,45.0,LOW,Clouds,29.4,0,GREEN,54
2024-01-05 00:00:00,LIC_Sq,89,50.4,LOW,Clear,31.0,0,YELLOW,49
2024-01-05 00:00:00,Empress_Mall_Sq,124,42.1,MEDIUM,Clear,31.2,0,GREEN,59
2024-01-05 01:00:00,Sitabuldi_Sq,137,39.3,MEDIUM,Clear,31.0,0,YELLOW,81
2024-01-05 01:00:00,Zero_Mile,66,48.4,LOW,Clouds,28.2,0,YELLOW,11
2024-01-05 01:00:00,Kasturchand_Park,200,28.7,MEDIUM,Clear,30.5,0,GREEN,106
2024-01-05 01:00:00,Variety_Sq,85,47.2,LOW,Clear,30.2,0,GREEN,51
2024-01-05 01:00:00,LIC_Sq,124,45.6,MEDIUM,Clear,29.7,0,RED,60
2024-01-05 01:00:00,Empress_Mall_Sq,145,35.3,MEDIUM,Clear,30.6,0,YELLOW,84
2024-01-05 02:00:00,Sitabuldi_Sq,100,47.0,LOW,Clear,27.6,0,YELLOW,45
2024-01-05 02:00:00,Zero_Mile,91,45.7,LOW,Clouds,28.3,0,RED,43
2024-01-05 02:00:00,Kasturchand_Park,129,38.9,MEDIUM,Clear,25.9,0,GREEN,49
2024-01-05 02:00:00,Variety_Sq,92,49.5,LOW,Clear,29.1,0,GREEN,33
2024-01-05 02:00:00,LIC_Sq,111,43.7,LOW,Clouds,25.3,0,YELLOW,64
2024-01-05 02:00:00,Empress_Mall_Sq,122,44.1,MEDIUM,Clouds,26.8,0,YELLOW,60
2024-01-05 03:00:00,Sitabuldi_Sq,86,50.8,LOW,Clear,28.2,0,YELLOW,53
2024-01-05 03:00:00,Zero_Mile,81,50.7,LOW,Clear,27.2,0,YELLOW,33
2024-01-05 03:00:00,Kasturchand_Park,102,47.6,LOW,Clear,29.3,0,GREEN,42
2024-01-05 03:00:00,Variety_Sq,158,38.7,MEDIUM,Clear,29.5,0,GREEN,53
2024-01-05 03:00:00,LIC_Sq,174,40.2,MEDIUM,Clear,29.6,0.01,GREEN,74
2024-01-05 03:00:00,Empress_Mall_Sq,125,39.7,MEDIUM,Clear,30.7,0,RED,44
2024-01-05 04:00:00,Sitabuldi_Sq,154,36.3,MEDIUM,Clear,26.1,0,GREEN,62
2024-01-05 04:00:00,Zero_Mile,86,53.6,LOW,Clouds,25.0,0,YELLOW,41
2024-01-05 04:00:00,Kasturchand_Park,73,52.1,LOW,Clouds,29.9,0.0,RED,33
2024-01-05 04:00:00,Variety_Sq,126,39.6,MEDIUM,Clear,26.6,0,GREEN,64
2024-01-05 04:00:00,LIC_Sq,164,33.6,MEDIUM,Clear,28.3,0,RED,61
2024-01-05 04:00:00,Empress_Mall_Sq,135,48.3,MEDIUM,Clouds,26.7,0.14,YELLOW,47
2024-01-05 05:00:00,Sitabuldi_Sq,117,41.9,LOW,Clear,33.3,0,YELLOW,65
2024-01-05 05:00:00,Zero_Mile,68,52.8,LOW,Clear,30.9,0,RED,30
2024-01-05 05:00:00,Kasturchand_Park,156,34.3,MEDIUM,Clear,24.8,0,GREEN,69
2024-01-05 05:00:00,Variety_Sq,159,35.4,MEDIUM,Clear,27.4,0,RED,70
2024-01-05 05:00:00,LIC_Sq,119,43.6,LOW,Clear,29.6,0,RED,74
2024-01-05 05:00:00,Empress_Mall_Sq,162,35.0,MEDIUM,Clouds,30.0,0,GREEN,72
2024-01-05 06:00:00,Sitabuldi_Sq,27,58.1,LOW,Clear,28.7,0,GREEN,13
2024-01-05 06:00:00,Zero_Mile,145,40.4,MEDIUM,Clouds,27.1,0,RED,87
2024-01-05 06:00:00,Kasturchand_Park,167,31.1,MEDIUM,Clouds,26.5,0,RED,61
2024-01-05 06:00:00,Variety_Sq,126,47.3,MEDIUM,Clouds,26.2,0,YELLOW,63
2024-01-05 06:00:00,LIC_Sq,182,31.8,MEDIUM,Clouds,30.1,0,YELLOW,85
2024-01-05 06:00:00,Empress_Mall_Sq,76,54.0,LOW,Clear,29.1,0,YELLOW,29
2024-01-05 07:00:00,Sitabuldi_Sq,285,9.3,CRITICAL,Clear,29.4,0.16,YELLOW,141
2024-01-05 07:00:00,Zero_Mile,296,10.2,CRITICAL,Clear,28.6,0,GREEN,141
2024-01-05 07:00:00,Kasturchand_Park,252,19.7,HIGH,Clouds,28.1,0,GREEN,104
2024-01-05 07:00:00,Variety_Sq,179,29.2,MEDIUM,Clear,27.3,0,YELLOW,63
2024-01-05 07:00:00,LIC_Sq,244,22.3,HIGH,Rain,31.8,1.0,RED,111
2024-01-05 07:00:00,Empress_Mall_Sq,256,23.1,HIGH,Clear,31.9,0,RED,110
2024-01-05 08:00:00,Sitabuldi_Sq,322,5,CRITICAL,Clear,27.7,0,RED,161
2024-01-05 08:00:00,Zero_Mile,307,10.5,CRITICAL,Clouds,27.9,0,RED,129
2024-01-05 08:00:00,Kasturchand_Park,319,5.9,CRITICAL,Clear,30.4,0,YELLOW,133
2024-01-05 08:00:00,Variety_Sq,247,19.4,HIGH,Clear,27.7,0,YELLOW,105
2024-01-05 08:00:00,LIC_Sq,239,20.8,HIGH,Clear,29.0,0,YELLOW,126
2024-01-05 08:00:00,Empress_Mall_Sq,258,19.5,HIGH,Clear,27.0,0,GREEN,118
2024-01-05 09:00:00,Sitabuldi_Sq,267,15.5,HIGH,Clear,30.1,0,RED,112
2024-01-05 09:00:00,Zero_Mile,255,20.5,HIGH,Clear,24.1,0,GREEN,108
2024-01-05 09:00:00,Kasturchand_Park,287,14.9,CRITICAL,Clear,29.7,0,RED,129
2024-01-05 09:00:00,Variety_Sq,252,20.5,HIGH,Clear,29.1,0,GREEN,123
2024-01-05 09:00:00,LIC_Sq,286,16.8,CRITICAL,Clouds,30.4,0.45,YELLOW,124
2024-01-05 09:00:00,Empress_Mall_Sq,268,20.9,HIGH,Rain,31.3,0.7,RED,110
2024-01-05 10:00:00,Sitabuldi_Sq,52,57.9,LOW,Clear,27.0,0,YELLOW,18
2024-01-05 10:00:00,Zero_Mile,113,40.8,LOW,Clear,28.0,0,YELLOW,58
2024-01-05 10:00:00,Kasturchand_Park,90,47.1,LOW,Clear,27.4,0,RED,44
2024-01-05 10:00:00,Variety_Sq,79,49.3,LOW,Clouds,29.3,0,RED,33
2024-01-05 10:00:00,LIC_Sq,114,44.6,LOW,Clouds,33.0,0,RED,39
2024-01-05 10:00:00,Empress_Mall_Sq,136,36.7,MEDIUM,Clear,29.4,0,RED,49
2024-01-05 11:00:00,Sitabuldi_Sq,101,47.9,LOW,Clouds,28.5,0,RED,35
2024-01-05 11:00:00,Zero_Mile,85,47.1,LOW,Clouds,29.5,0,YELLOW,25
2024-01-05 11:00:00,Kasturchand_Park,116,38.7,LOW,Clouds,25.3,0,YELLOW,62
2024-01-05 11:00:00,Variety_Sq,77,52.1,LOW,Clouds,28.0,0,YELLOW,23
2024-01-05 11:00:00,LIC_Sq,226,25.4,HIGH,Clouds,28.5,0,GREEN,106
2024-01-05 11:00:00,Empress_Mall_Sq,147,41.4,MEDIUM,Clear,27.7,0,RED,73
2024-01-05 12:00:00,Sitabuldi_Sq,116,43.4,LOW,Clouds,31.6,0.4,GREEN,42
2024-01-05 12:00:00,Zero_Mile,151,39.9,MEDIUM,Clear,32.3,0,GREEN,80
2024-01-05 12:00:00,Kasturchand_Park,167,28.8,MEDIUM,Clear,32.3,0,GREEN,80
2024-01-05 12:00:00,Variety_Sq,181,24.0,MEDIUM,Clear,27.9,0,YELLOW,78
2024-01-05 12:00:00,LIC_Sq,152,37.0,MEDIUM,Clouds,25.4,0,RED,60
2024-01-05 12:00:00,Empress_Mall_Sq,123,47.4,MEDIUM,Clouds,26.1,0,GREEN,49
2024-01-05 13:00:00,Sitabuldi_Sq,93,49.4,LOW,Clouds,26.1,0,YELLOW,54
2024-01-05 13:00:00,Zero_Mile,109,41.4,LOW,Clouds,29.1,0,YELLOW,51
2024-01-05 13:00:00,Kasturchand_Park,134,36.7,MEDIUM,Clouds,33.2,0,YELLOW,56
2024-01-05 13:00:00,Variety_Sq,138,40.6,MEDIUM,Clear,27.7,0,RED,66
2024-01-05 13:00:00,LIC_Sq,54,55.2,LOW,Clear,28.3,0,YELLOW,24
2024-01-05 13:00:00,Empress_Mall_Sq,131,39.1,MEDIUM,Clouds,29.3,0,YELLOW,62
2024-01-05 14:00:00,Sitabuldi_Sq,154,31.4,MEDIUM,Clear,29.5,0,RED,75
2024-01-05 14:00:00,Zero_Mile,161,35.4,MEDIUM,Clouds,30.2,0,GREEN,66
2024-01-05 14:00:00,Kasturchand_Park,90,51.9,LOW,Clear,26.8,0,YELLOW,38
2024-01-05 14:00:00,Variety_Sq,133,41.9,MEDIUM,Clear,27.5,0,RED,64
2024-01-05 14:00:00,LIC_Sq,146,37.8,MEDIUM,Clouds,27.9,0,GREEN,68
2024-01-05 14:00:00,Empress_Mall_Sq,101,47.8,LOW,Clear,30.9,0,YELLOW,37
2024-01-05 15:00:00,Sitabuldi_Sq,81,47.6,LOW,Clouds,30.0,0,GREEN,38
2024-01-05 15:00:00,Zero_Mile,68,47.0,LOW,Clear,29.8,0,YELLOW,20
2024-01-05 15:00:00,Kasturchand_Park,158,35.4,MEDIUM,Clouds,26.6,0,GREEN,82
2024-01-05 15:00:00,Variety_Sq,112,39.2,LOW,Clouds,29.9,0,GREEN,53
2024-01-05 15:00:00,LIC_Sq,94,47.7,LOW,Clouds,27.2,0,YELLOW,41
2024-01-05 15:00:00,Empress_Mall_Sq,58,52.8,LOW,Clear,29.0,0,RED,13
2024-01-05 16:00:00,Sitabuldi_Sq,327,5,CRITICAL,Clouds,29.5,0,YELLOW,156
2024-01-05 16:00:00,Zero_Mile,275,16.5,HIGH,Clear,26.2,0,YELLOW,152
2024-01-05 16:00:00,Kasturchand_Park,251,21.9,HIGH,Clear,26.7,0,YELLOW,104
2024-01-05 16:00:00,Variety_Sq,307,17.4,CRITICAL,Clear,26.8,0,YELLOW,141
2024-01-05 16:00:00,LIC_Sq,331,5.6,CRITICAL,Clouds,28.9,0,RED,148
2024-01-05 16:00:00,Empress_Mall_Sq,383,5,CRITICAL,Clear,28.1,0,YELLOW,164
2024-01-05 17:00:00,Sitabuldi_Sq,316,8.8,CRITICAL,Clear,28.0,0,GREEN,146
2024-01-05 17:00:00,Zero_Mile,308,12.1,CRITICAL,Clouds,26.3,0,RED,133
2024-01-05 17:00:00,Kasturchand_Park,316,6.3,CRITICAL,Clear,30.1,0,YELLOW,128
2024-01-05 17:00:00,Variety_Sq,303,9.8,CRITICAL,Clear,29.4,0,RED,127
2024-01-05 17:00:00,LIC_Sq,267,21.5,HIGH,Clouds,25.2,0,YELLOW,130
2024-01-05 17:00:00,Empress_Mall_Sq,363,5,CRITICAL,Clear,26.8,0,RED,157
2024-01-05 18:00:00,Sitabuldi_Sq,356,5,CRITICAL,Clear,28.7,0,YELLOW,150
2024-01-05 18:00:00,Zero_Mile,294,11.5,CRITICAL,Clear,25.5,0.36,YELLOW,115
2024-01-05 18:00:00,Kasturchand_Park,319,6.6,CRITICAL,Clear,29.2,0,YELLOW,147
2024-01-05 18:00:00,Variety_Sq,325,7.5,CRITICAL,Clear,30.6,0,GREEN,158
2024-01-05 18:00:00,LIC_Sq,309,14.1,CRITICAL,Clear,30.2,0,RED,151
2024-01-05 18:00:00,Empress_Mall_Sq,341,5,CRITICAL,Clear,29.7,0,RED,154
2024-01-05 19:00:00,Sitabuldi_Sq,285,6.9,CRITICAL,Clouds,24.6,0,GREEN,145
2024-01-05 19:00:00,Zero_Mile,330,5,CRITICAL,Clouds,27.6,0,YELLOW,148
2024-01-05 19:00:00,Kasturchand_Park,280,20.0,HIGH,Clouds,26.9,0,RED,124
2024-01-05 19:00:00,Variety_Sq,291,10.0,CRITICAL,Clouds,29.0,0,YELLOW,114
2024-01-05 19:00:00,LIC_Sq,290,8.0,CRITICAL,Clear,29.0,0,YELLOW,128
2024-01-05 19:00:00,Empress_Mall_Sq,279,14.4,HIGH,Clouds,29.9,0,RED,128
2024-01-05 20:00:00,Sitabuldi_Sq,117,43.6,LOW,Clear,27.5,0,GREEN,57
2024-01-05 20:00:00,Zero_Mile,199,29.9,MEDIUM,Clear,27.8,0,GREEN,83
2024-01-05 20:00:00,Kasturchand_Park,157,34.8,MEDIUM,Clear,28.0,0,YELLOW,68
2024-01-05 20:00:00,Variety_Sq,127,41.9,MEDIUM,Clear,28.7,0,GREEN,69
2024-01-05 20:00:00,LIC_Sq,180,33.1,MEDIUM,Clear,27.6,0,RED,87
2024-01-05 20:00:00,Empress_Mall_Sq,141,35.7,MEDIUM,Clouds,31.7,0,YELLOW,48
2024-01-05 21:00:00,Sitabuldi_Sq,147,37.9,MEDIUM,Clear,27.6,0.42,YELLOW,51
2024-01-05 21:00:00,Zero_Mile,112,43.6,LOW,Clear,26.8,0,RED,45
2024-01-05 21:00:00,Kasturchand_Park,170,32.4,MEDIUM,Clear,28.3,0,RED,71
2024-01-05 21:00:00,Variety_Sq,87,43.4,LOW,Clear,30.5,0,YELLOW,33
2024-01-05 21:00:00,LIC_Sq,201,26.1,HIGH,Clouds,27.6,0,RED,102
2024-01-05 21:00:00,Empress_Mall_Sq,131,40.0,MEDIUM,Clear,30.4,0,RED,60
2024-01-05 22:00:00,Sitabuldi_Sq,32,61.7,LOW,Clear,32.3,0,GREEN,5
2024-01-05 22:00:00,Zero_Mile,126,42.8,MEDIUM,Clear,31.4,0,YELLOW,55
2024-01-05 22:00:00,Kasturchand_Park,126,46.9,MEDIUM,Clear,26.8,0,YELLOW,68
2024-01-05 22:00:00,Variety_Sq,63,54.5,LOW,Clouds,29.5,0,GREEN,37
2024-01-05 22:00:00,LIC_Sq,186,32.5,MEDIUM,Clear,30.3,0,GREEN,84
2024-01-05 22:00:00,Empress_Mall_Sq,120,42.3,LOW,Clear,33.9,0,RED,41
2024-01-05 23:00:00,Sitabuldi_Sq,176,28.7,MEDIUM,Clear,25.6,0,YELLOW,86
2024-01-05 23:00:00,Zero_Mile,98,51.2,LOW,Clear,28.6,0,GREEN,30
2024-01-05 23:00:00,Kasturchand_Park,76,50.9,LOW,Clear,29.0,0,RED,31
2024-01-05 23:00:00,Variety_Sq,131,41.3,MEDIUM,Clouds,26.1,0,RED,70
2024-01-05 23:00:00,LIC_Sq,92,50.0,LOW,Clear,29.7,0,GREEN,31
2024-01-05 23:00:00,Empress_Mall_Sq,88,43.1,LOW,Clear,25.9,0.16,YELLOW,45
2024-01-06 00:00:00,Sitabuldi_Sq,125,39.6,MEDIUM,Clouds,28.3,0,GREEN,35
2024-01-06 00:00:00,Zero_Mile,102,47.6,LOW,Clear,28.3,0,YELLOW,44
2024-01-06 00:00:00,Kasturchand_Park,54,56.3,LOW,Clear,29.5,0,YELLOW,14
2024-01-06 00:00:00,Variety_Sq,72,50.7,LOW,Clouds,28.1,0,YELLOW,36
2024-01-06 00:00:00,LIC_Sq,109,46.5,LOW,Clear,28.0,0.02,YELLOW,45
2024-01-06 00:00:00,Empress_Mall_Sq,83,46.8,LOW,Clouds,28.2,0,RED,31
2024-01-06 01:00:00,Sitabuldi_Sq,56,51.4,LOW,Clear,28.9,0,YELLOW,18
2024-01-06 01:00:00,Zero_Mile,79,47.7,LOW,Clear,29.2,0,YELLOW,31
2024-01-06 01:00:00,Kasturchand_Park,26,56.3,LOW,Clear,29.2,0.31,YELLOW,13
2024-01-06 01:00:00,Variety_Sq,86,50.8,LOW,Clouds,27.4,0,YELLOW,33
2024-01-06 01:00:00,LIC_Sq,90,47.9,LOW,Clear,31.7,0,YELLOW,16
2024-01-06 01:00:00,Empress_Mall_Sq,38,52.1,LOW,Clear,26.7,0,GREEN,26
2024-01-06 02:00:00,Sitabuldi_Sq,82,44.5,LOW,Clear,30.9,0.22,GREEN,31
2024-01-06 02:00:00,Zero_Mile,114,43.1,LOW,Clear,26.3,0,RED,37
2024-01-06 02:00:00,Kasturchand_Park,69,48.5,LOW,Clear,29.6,0,RED,15
2024-01-06 02:00:00,Variety_Sq,20,59.8,LOW,Clear,28.2,0,YELLOW,13
2024-01-06 02:00:00,LIC_Sq,20,61.5,LOW,Clouds,29.9,0,GREEN,5
2024-01-06 02:00:00,Empress_Mall_Sq,133,41.7,MEDIUM,Clear,31.7,0,RED,72
2024-01-06 03:00:00,Sitabuldi_Sq,113,45.4,LOW,Clear,29.3,0,RED,44
2024-01-06 03:00:00,Zero_Mile,86,47.0,LOW,Clear,27.1,0,YELLOW,29
2024-01-06 03:00:00,Kasturchand_Park,131,46.9,MEDIUM,Clear,27.9,0,RED,69
2024-01-06 03:00:00,Variety_Sq,56,56.2,LOW,Clear,26.1,0,RED,34
2024-01-06 03:00:00,LIC_Sq,46,51.4,LOW,Clouds,29.7,0,YELLOW,7
2024-01-06 03:00:00,Empress_Mall_Sq,71,50.7,LOW,Clear,31.1,0,RED,38
2024-01-06 04:00:00,Sitabuldi_Sq,20,63.0,LOW,Clear,29.3,0,GREEN,5
2024-01-06 04:00:00,Zero_Mile,112,42.2,LOW,Clear,28.0,0,RED,50
2024-01-06 04:00:00,Kasturchand_Park,20,60.8,LOW,Clear,27.3,0.35,RED,5
2024-01-06 04:00:00,Variety_Sq,85,52.2,LOW,Clear,31.5,0,RED,49
2024-01-06 04:00:00,LIC_Sq,20,61.2,LOW,Clear,29.8,0,YELLOW,5
2024-01-06 04:00:00,Empress_Mall_Sq,64,56.0,LOW,Clear,29.0,0,GREEN,24
2024-01-06 05:00:00,Sitabuldi_Sq,81,51.2,LOW,Rain,25.8,0.65,YELLOW,35
2024-01-06 05:00:00,Zero_Mile,89,50.9,LOW,Clouds,27.6,0,GREEN,41
2024-01-06 05:00:00,Kasturchand_Park,20,59.1,LOW,Clear,28.0,0,RED,11
2024-01-06 05:00:00,Variety_Sq,108,46.2,LOW,Clouds,25.9,0,YELLOW,67
2024-01-06 05:00:00,LIC_Sq,144,37.0,MEDIUM,Clear,28.7,0,RED,74
2024-01-06 05:00:00,Empress_Mall_Sq,126,40.7,MEDIUM,Clear,28.3,0,GREEN,53
2024-01-06 06:00:00,Sitabuldi_Sq,74,47.3,LOW,Clouds,29.4,0.5,YELLOW,36
2024-01-06 06:00:00,Zero_Mile,121,40.6,MEDIUM,Clear,28.1,0,GREEN,44
2024-01-06 06:00:00,Kasturchand_Park,64,49.1,LOW,Clear,23.6,0,GREEN,23
2024-01-06 06:00:00,Variety_Sq,138,43.1,MEDIUM,Clear,28.6,0,RED,57
2024-01-06 06:00:00,LIC_Sq,20,62.7,LOW,Clear,31.5,0,GREEN,25
2024-01-06 06:00:00,Empress_Mall_Sq,59,50.2,LOW,Clouds,29.9,0,RED,6
2024-01-06 07:00:00,Sitabuldi_Sq,216,28.4,HIGH,Clear,29.8,0,YELLOW,90
2024-01-06 07:00:00,Zero_Mile,240,25.1,HIGH,Clear,29.4,0,YELLOW,99
2024-01-06 07:00:00,Kasturchand_Park,130,42.6,MEDIUM,Clear,29.0,0,GREEN,65
2024-01-06 07:00:00,Variety_Sq,142,44.1,MEDIUM,Clear,25.9,0,YELLOW,54
2024-01-06 07:00:00,LIC_Sq,173,32.1,MEDIUM,Clear,27.3,0,GREEN,63
2024-01-06 07:00:00,Empress_Mall_Sq,144,37.2,MEDIUM,Clear,25.4,0,GREEN,58
2024-01-06 08:00:00,Sitabuldi_Sq,132,38.6,MEDIUM,Clear,25.8,0,GREEN,48
2024-01-06 08:00:00,Zero_Mile,244,24.1,HIGH,Clouds,32.1,0,GREEN,95
2024-01-06 08:00:00,Kasturchand_Park,158,33.8,MEDIUM,Clouds,28.1,0,RED,84
2024-01-06 08:00:00,Variety_Sq,160,41.3,MEDIUM,Clear,26.9,0,RED,51
2024-01-06 08:00:00,LIC_Sq,234,22.6,HIGH,Clear,27.0,0,GREEN,97
2024-01-06 08:00:00,Empress_Mall_Sq,147,41.3,MEDIUM,Clear,31.8,0,RED,71
2024-01-06 09:00:00,Sitabuldi_Sq,201,27.2,HIGH,Clear,28.3,0,RED,80
2024-01-06 09:00:00,Zero_Mile,156,37.7,MEDIUM,Clear,29.4,0,RED,75
2024-01-06 09:00:00,Kasturchand_Park,194,28.6,MEDIUM,Clouds,31.8,0,RED,103
2024-01-06 09:00:00,Variety_Sq,188,26.7,MEDIUM,Rain,24.3,0.59,RED,98
2024-01-06 09:00:00,LIC_Sq,230,20.7,HIGH,Clear,31.4,0,RED,97
2024-01-06 09:00:00,Empress_Mall_Sq,160,37.6,MEDIUM,Clear,28.6,0,YELLOW,72
2024-01-06 10:00:00,Sitabuldi_Sq,36,58.5,LOW,Clear,27.0,0,YELLOW,13
2024-01-06 10:00:00,Zero_Mile,42,60.3,LOW,Clear,29.7,0,RED,17
2024-01-06 10:00:00,Kasturchand_Park,62,54.1,LOW,Clear,29.5,0,YELLOW,25
2024-01-06 10:00:00,Variety_Sq,128,44.0,MEDIUM,Clear,29.4,0,YELLOW,59
2024-01-06 10:00:00,LIC_Sq,33,62.3,LOW,Clear,27.4,0,GREEN,23
2024-01-06 10:00:00,Empress_Mall_Sq,73,58.5,LOW,Clear,29.9,0,RED,29
2024-01-06 11:00:00,Sitabuldi_Sq,72,48.6,LOW,Clouds,27.6,0,RED,32
2024-01-06 11:00:00,Zero_Mile,68,55.9,LOW,Clouds,30.0,0,RED,36
2024-01-06 11:00:00,Kasturchand_Park,102,48.1,LOW,Clear,28.9,0,GREEN,52
2024-01-06 11:00:00,Variety_Sq,113,44.3,LOW,Clear,32.0,0,GREEN,56
2024-01-06 11:00:00,LIC_Sq,50,60.0,LOW,Clear,28.3,0,RED,22
2024-01-06 11:00:00,Empress_Mall_Sq,36,58.8,LOW,Clouds,31.0,0,YELLOW,15
2024-01-06 12:00:00,Sitabuldi_Sq,41,57.1,LOW,Clear,32.5,0,YELLOW,20
2024-01-06 12:00:00,Zero_Mile,84,54.4,LOW,Clear,27.7,0,RED,42
2024-01-06 12:00:00,Kasturchand_Park,117,42.5,LOW,Clouds,26.6,0,YELLOW,29
2024-01-06 12:00:00,Variety_Sq,20,55.7,LOW,Clear,24.8,0,RED,18
2024-01-06 12:00:00,LIC_Sq,87,47.2,LOW,Clouds,26.9,0,YELLOW,33
2024-01-06 12:00:00,Empress_Mall_Sq,55,54.1,LOW,Clear,27.3,0,YELLOW,37
2024-01-06 13:00:00,Sitabuldi_Sq,92,48.5,LOW,Clear,26.8,0,YELLOW,47
2024-01-06 13:00:00,Zero_Mile,72,54.0,LOW,Clear,29.7,0,GREEN,33
2024-01-06 13:00:00,Kasturchand_Park,132,39.9,MEDIUM,Clouds,28.6,0,YELLOW,54
2024-01-06 13:00:00,Variety_Sq,83,45.7,LOW,Clouds,29.3,0,GREEN,33
2024-01-06 13:00:00,LIC_Sq,134,36.5,MEDIUM,Clear,25.4,0,RED,74
2024-01-06 13:00:00,Empress_Mall_Sq,38,57.9,LOW,Clouds,32.3,0,RED,5
2024-01-06 14:00:00,Sitabuldi_Sq,163,37.9,MEDIUM,Clear,28.4,0,GREEN,85
2024-01-06 14:00:00,Zero_Mile,54,54.4,LOW,Clear,28.1,0,RED,20
2024-01-06 14:00:00,Kasturchand_Park,65,53.0,LOW,Clear,27.9,0,RED,25
2024-01-06 14:00:00,Variety_Sq,111,48.5,LOW,Clear,31.6,0,RED,43
2024-01-06 14:00:00,LIC_Sq,35,57.1,LOW,Clear,31.0,0,GREEN,11
2024-01-06 14:00:00,Empress_Mall_Sq,74,51.6,LOW,Clear,32.4,0,RED,28
2024-01-06 15:00:00,Sitabuldi_Sq,60,56.4,LOW,Clear,35.3,0,RED,38
2024-01-06 15:00:00,Zero_Mile,116,45.7,LOW,Clouds,29.2,0,RED,37
2024-01-06 15:00:00,Kasturchand_Park,60,52.1,LOW,Clear,28.1,0,YELLOW,30
2024-01-06 15:00:00,Variety_Sq,54,56.0,LOW,Clouds,29.3,0,RED,24
2024-01-06 15:00:00,LIC_Sq,124,44.1,MEDIUM,Clear,28.0,0,GREEN,67
2024-01-06 15:00:00,Empress_Mall_Sq,91,48.9,LOW,Clear,29.0,0,YELLOW,35
2024-01-06 16:00:00,Sitabuldi_Sq,162,38.4,MEDIUM,Clouds,27.1,0,RED,87
2024-01-06 16:00:00,Zero_Mile,229,21.9,HIGH,Clouds,27.0,0,GREEN,101
2024-01-06 16:00:00,Kasturchand_Park,180,28.2,MEDIUM,Clouds,25.6,0,GREEN,66
2024-01-06 16:00:00,Variety_Sq,152,38.2,MEDIUM,Clear,28.0,0,RED,71
2024-01-06 16:00:00,LIC_Sq,272,13.1,HIGH,Clear,32.1,0,YELLOW,133
2024-01-06 16:00:00,Empress_Mall_Sq,242,25.2,HIGH,Clear,31.8,0,GREEN,101
2024-01-06 17:00:00,Sitabuldi_Sq,181,31.7,MEDIUM,Clear,32.2,0,YELLOW,85
2024-01-06 17:00:00,Zero_Mile,226,25.7,HIGH,Clear,29.1,0,RED,102
2024-01-06 17:00:00,Kasturchand_Park,194,30.4,MEDIUM,Clear,29.0,0,YELLOW,80
2024-01-06 17:00:00,Variety_Sq,182,34.1,MEDIUM,Clouds,25.6,0,RED,74
2024-01-06 17:00:00,LIC_Sq,163,35.8,MEDIUM,Clear,30.1,0,GREEN,70
2024-01-06 17:00:00,Empress_Mall_Sq,147,34.9,MEDIUM,Clouds,26.4,0,YELLOW,66
2024-01-06 18:00:00,Sitabuldi_Sq,220,29.5,HIGH,Clear,28.5,0,YELLOW,87
2024-01-06 18:00:00,Zero_Mile,198,28.1,MEDIUM,Clear,27.5,0,RED,78
2024-01-06 18:00:00,Kasturchand_Park,104,44.5,LOW,Clouds,28.9,0,RED,42
2024-01-06 18:00:00,Variety_Sq,221,22.5,HIGH,Clouds,32.0,0,GREEN,98
2024-01-06 18:00:00,LIC_Sq,110,45.6,LOW,Clouds,29.3,0,YELLOW,50
2024-01-06 18:00:00,Empress_Mall_Sq,244,20.2,HIGH,Clear,30.0,0,GREEN,111
2024-01-06 19:00:00,Sitabuldi_Sq,166,35.4,MEDIUM,Clear,30.9,0,GREEN,86
2024-01-06 19:00:00,Zero_Mile,224,26.0,HIGH,Clear,28.1,0,YELLOW,96
2024-01-06 19:00:00,Kasturchand_Park,215,27.3,HIGH,Clear,30.6,0,RED,109
2024-01-06 19:00:00,Variety_Sq,211,30.9,HIGH,Clouds,31.8,0,YELLOW,83
2024-01-06 19:00:00,LIC_Sq,270,19.4,HIGH,Clear,31.8,0,GREEN,110
2024-01-06 19:00:00,Empress_Mall_Sq,177,38.2,MEDIUM,Clear,30.9,0,RED,63
2024-01-06 20:00:00,Sitabuldi_Sq,36,61.7,LOW,Clouds,29.1,0,YELLOW,9
2024-01-06 20:00:00,Zero_Mile,89,55.2,LOW,Clear,27.4,0,YELLOW,69
2024-01-06 20:00:00,Kasturchand_Park,111,45.1,LOW,Clear,28.3,0,RED,55
2024-01-06 20:00:00,Variety_Sq,20,60.2,LOW,Clear,28.9,0,RED,5
2024-01-06 20:00:00,LIC_Sq,93,47.0,LOW,Clear,31.6,0,YELLOW,42
2024-01-06 20:00:00,Empress_Mall_Sq,77,50.5,LOW,Clear,25.6,0,RED,39
2024-01-06 21:00:00,Sitabuldi_Sq,34,55.5,LOW,Clear,31.7,0,YELLOW,15
2024-01-06 21:00:00,Zero_Mile,119,44.2,LOW,Clear,28.3,0,YELLOW,77
2024-01-06 21:00:00,Kasturchand_Park,150,41.0,MEDIUM,Clear,28.8,0,GREEN,64
2024-01-06 21:00:00,Variety_Sq,107,47.6,LOW,Clear,27.5,0,GREEN,41
2024-01-06 21:00:00,LIC_Sq,20,59.5,LOW,Clear,30.0,0,YELLOW,15
2024-01-06 21:00:00,Empress_Mall_Sq,126,40.8,MEDIUM,Clouds,30.2,0,RED,54
2024-01-06 22:00:00,Sitabuldi_Sq,115,42.2,LOW,Clear,28.3,0,YELLOW,53
2024-01-06 22:00:00,Zero_Mile,57,54.5,LOW,Clouds,28.1,0,YELLOW,11
2024-01-06 22:00:00,Kasturchand_Park,37,61.6,LOW,Clouds,26.9,0,RED,5
2024-01-06 22:00:00,Variety_Sq,111,46.6,LOW,Rain,31.0,1.14,GREEN,52
2024-01-06 22:00:00,LIC_Sq,94,42.0,LOW,Clear,29.0,0,YELLOW,35
2024-01-06 22:00:00,Empress_Mall_Sq,179,35.9,MEDIUM,Clear,27.9,0,GREEN,86
2024-01-06 23:00:00,Sitabuldi_Sq,81,51.9,LOW,Clear,27.8,0,YELLOW,28
2024-01-06 23:00:00,Zero_Mile,97,48.3,LOW,Clear,26.6,0,YELLOW,33
2024-01-06 23:00:00,Kasturchand_Park,64,57.1,LOW,Clouds,31.5,0,GREEN,5
2024-01-06 23:00:00,Variety_Sq,88,50.6,LOW,Clear,30.2,0,GREEN,46
2024-01-06 23:00:00,LIC_Sq,119,49.2,LOW,Clear,28.2,0,GREEN,57
2024-01-06 23:00:00,Empress_Mall_Sq,102,50.6,LOW,Clear,28.8,0,YELLOW,50
2024-01-07 00:00:00,Sitabuldi_Sq,138,39.0,MEDIUM,Clear,30.7,0,GREEN,66
2024-01-07 00:00:00,Zero_Mile,106,43.0,LOW,Clouds,30.4,0,YELLOW,49
2024-01-07 00:00:00,Kasturchand_Park,32,58.2,LOW,Clear,28.0,0,YELLOW,7
2024-01-07 00:00:00,Variety_Sq,42,52.8,LOW,Clouds,28.4,0,RED,5
2024-01-07 00:00:00,LIC_Sq,95,46.9,LOW,Clear,27.4,0,RED,40
2024-01-07 00:00:00,Empress_Mall_Sq,55,57.2,LOW,Clear,28.0,0,RED,20
2024-01-07 01:00:00,Sitabuldi_Sq,83,51.2,LOW,Clear,30.8,0,RED,25
2024-01-07 01:00:00,Zero_Mile,89,51.4,LOW,Clear,25.2,0,GREEN,25
2024-01-07 01:00:00,Kasturchand_Park,69,49.5,LOW,Clear,28.8,0,RED,32
2024-01-07 01:00:00,Variety_Sq,90,47.9,LOW,Clear,28.7,0,RED,29
2024-01-07 01:00:00,LIC_Sq,111,49.2,LOW,Clear,31.6,0,YELLOW,40
2024-01-07 01:00:00,Empress_Mall_Sq,101,47.9,LOW,Clouds,25.1,0,YELLOW,48
2024-01-07 02:00:00,Sitabuldi_Sq,78,49.7,LOW,Clear,25.3,0,YELLOW,47
2024-01-07 02:00:00,Zero_Mile,20,58.6,LOW,Clear,30.2,0,RED,26
2024-01-07 02:00:00,Kasturchand_Park,95,45.7,LOW,Clouds,27.0,0,YELLOW,40
2024-01-07 02:00:00,Variety_Sq,177,28.8,MEDIUM,Clear,29.5,0,GREEN,64
2024-01-07 02:00:00,LIC_Sq,81,55.4,LOW,Clear,29.6,0,RED,28
2024-01-07 02:00:00,Empress_Mall_Sq,55,49.6,LOW,Clear,27.4,0,YELLOW,23
2024-01-07 03:00:00,Sitabuldi_Sq,59,54.3,LOW,Clear,28.7,0,YELLOW,33
2024-01-07 03:00:00,Zero_Mile,113,45.8,LOW,Clear,29.9,0,RED,58
2024-01-07 03:00:00,Kasturchand_Park,58,53.5,LOW,Clear,31.8,0.24,YELLOW,39
2024-01-07 03:00:00,Variety_Sq,78,47.2,LOW,Clear,31.6,0,YELLOW,21
2024-01-07 03:00:00,LIC_Sq,65,50.6,LOW,Clouds,27.2,0,RED,25
2024-01-07 03:00:00,Empress_Mall_Sq,146,35.2,MEDIUM,Clouds,32.7,0.2,YELLOW,71
2024-01-07 04:00:00,Sitabuldi_Sq,20,57.7,LOW,Clear,26.6,0,GREEN,7
2024-01-07 04:00:00,Zero_Mile,20,64.7,LOW,Clear,29.8,0.18,RED,7
2024-01-07 04:00:00,Kasturchand_Park,57,57.9,LOW,Clear,27.3,0,GREEN,25
2024-01-07 04:00:00,Variety_Sq,68,53.8,LOW,Clouds,32.9,0.04,GREEN,35
2024-01-07 04:00:00,LIC_Sq,20,63.7,LOW,Clear,29.3,0,GREEN,10
2024-01-07 04:00:00,Empress_Mall_Sq,133,44.4,MEDIUM,Clouds,28.3,0,GREEN,73
2024-01-07 05:00:00,Sitabuldi_Sq,102,48.0,LOW,Clear,24.6,0,GREEN,49
2024-01-07 05:00:00,Zero_Mile,112,47.9,LOW,Clear,31.7,0,YELLOW,38
2024-01-07 05:00:00,Kasturchand_Park,140,37.1,MEDIUM,Clear,27.5,0.36,YELLOW,47
2024-01-07 05:00:00,Variety_Sq,89,51.3,LOW,Clouds,31.1,0,GREEN,32
2024-01-07 05:00:00,LIC_Sq,146,35.9,MEDIUM,Clear,26.0,0,GREEN,68
2024-01-07 05:00:00,Empress_Mall_Sq,93,50.8,LOW,Clouds,28.0,0,RED,46
2024-01-07 06:00:00,Sitabuldi_Sq,91,49.6,LOW,Clear,31.3,0,GREEN,53
2024-01-07 06:00:00,Zero_Mile,118,45.5,LOW,Clear,27.4,0,RED,60
2024-01-07 06:00:00,Kasturchand_Park,84,52.9,LOW,Clear,31.1,0,RED,36
2024-01-07 06:00:00,Variety_Sq,113,43.6,LOW,Clear,32.0,0,YELLOW,52
2024-01-07 06:00:00,LIC_Sq,68,51.7,LOW,Clouds,30.3,0,GREEN,38
2024-01-07 06:00:00,Empress_Mall_Sq,177,36.4,MEDIUM,Clouds,27.6,0,RED,91
2024-01-07 07:00:00,Sitabuldi_Sq,176,30.9,MEDIUM,Clear,28.4,0,YELLOW,66
2024-01-07 07:00:00,Zero_Mile,217,25.0,HIGH,Clear,26.6,0,GREEN,76
2024-01-07 07:00:00,Kasturchand_Park,184,30.5,MEDIUM,Clouds,29.0,0,GREEN,94
2024-01-07 07:00:00,Variety_Sq,176,27.7,MEDIUM,Clear,28.6,0,RED,79
2024-01-07 07:00:00,LIC_Sq,214,29.9,HIGH,Clear,29.7,0,RED,98
2024-01-07 07:00:00,Empress_Mall_Sq,199,33.4,MEDIUM,Clear,27.5,0,YELLOW,90
2024-01-07 08:00:00,Sitabuldi_Sq,249,20.7,HIGH,Clear,33.1,0,GREEN,118
2024-01-07 08:00:00,Zero_Mile,147,42.3,MEDIUM,Clear,29.6,0,GREEN,62
2024-01-07 08:00:00,Kasturchand_Park,137,39.2,MEDIUM,Clear,30.9,0,YELLOW,48
2024-01-07 08:00:00,Variety_Sq,185,28.6,MEDIUM,Clear,28.0,0,RED,74
2024-01-07 08:00:00,LIC_Sq,211,24.9,HIGH,Clear,27.8,0,RED,97
2024-01-07 08:00:00,Empress_Mall_Sq,184,29.0,MEDIUM,Clouds,31.7,0.35,RED,77
2024-01-07 09:00:00,Sitabuldi_Sq,223,24.7,HIGH,Clear,30.4,0,GREEN,102
2024-01-07 09:00:00,Zero_Mile,194,29.5,MEDIUM,Clear,28.4,0.43,YELLOW,67
2024-01-07 09:00:00,Kasturchand_Park,201,25.7,HIGH,Clear,28.8,0,YELLOW,90
2024-01-07 09:00:00,Variety_Sq,141,42.1,MEDIUM,Clear,29.4,0,YELLOW,59
2024-01-07 09:00:00,LIC_Sq,204,24.2,HIGH,Clouds,29.9,0,YELLOW,99
2024-01-07 09:00:00,Empress_Mall_Sq,222,20.7,HIGH,Clouds,30.4,0,YELLOW,89
2024-01-07 10:00:00,Sitabuldi_Sq,54,56.5,LOW,Clouds,29.0,0,RED,19
2024-01-07 10:00:00,Zero_Mile,70,56.2,LOW,Clouds,27.0,0,RED,29
2024-01-07 10:00:00,Kasturchand_Park,44,57.0,LOW,Clouds,28.1,0,YELLOW,12
2024-01-07 10:00:00,Variety_Sq,20,62.9,LOW,Clear,29.2,0,YELLOW,10
2024-01-07 10:00:00,LIC_Sq,20,61.4,LOW,Clear,31.1,0,YELLOW,5
2024-01-07 10:00:00,Empress_Mall_Sq,130,36.4,MEDIUM,Clouds,32.0,0,YELLOW,51
2024-01-07 11:00:00,Sitabuldi_Sq,84,48.9,LOW,Clear,27.5,0,GREEN,39
2024-01-07 11:00:00,Zero_Mile,65,54.6,LOW,Clouds,27.7,0,GREEN,26
2024-01-07 11:00:00,Kasturchand_Park,50,57.5,LOW,Clear,29.9,0,RED,10
2024-01-07 11:00:00,Variety_Sq,89,43.2,LOW,Clouds,31.1,0,RED,57
2024-01-07 11:00:00,LIC_Sq,90,47.8,LOW,Clear,28.0,0,GREEN,38
2024-01-07 11:00:00,Empress_Mall_Sq,78,50.0,LOW,Rain,30.6,1.02,YELLOW,29
2024-01-07 12:00:00,Sitabuldi_Sq,68,51.7,LOW,Clouds,32.0,0,YELLOW,28
2024-01-07 12:00:00,Zero_Mile,20,59.4,LOW,Clear,26.8,0,YELLOW,5
2024-01-07 12:00:00,Kasturchand_Park,78,54.9,LOW,Clear,31.6,0,GREEN,22
2024-01-07 12:00:00,Variety_Sq,120,45.3,LOW,Clear,28.5,0.09,YELLOW,61
2024-01-07 12:00:00,LIC_Sq,124,44.0,MEDIUM,Clear,28.7,0,GREEN,51
2024-01-07 12:00:00,Empress_Mall_Sq,158,35.2,MEDIUM,Clear,30.8,0,GREEN,67
2024-01-07 13:00:00,Sitabuldi_Sq,24,55.5,LOW,Clouds,32.2,0,YELLOW,14
2024-01-07 13:00:00,Zero_Mile,81,54.2,LOW,Clear,27.2,0,GREEN,59
2024-01-07 13:00:00,Kasturchand_Park,49,55.7,LOW,Clear,28.8,0,RED,22
2024-01-07 13:00:00,Variety_Sq,48,63.0,LOW,Clouds,29.1,0,RED,13
2024-01-07 13:00:00,LIC_Sq,22,56.5,LOW,Clear,29.2,0,RED,20
2024-01-07 13:00:00,Empress_Mall_Sq,20,60.8,LOW,Clear,24.5,0,GREEN,13
2024-01-07 14:00:00,Sitabuldi_Sq,68,51.6,LOW,Clear,26.8,0,RED,36
2024-01-07 14:00:00,Zero_Mile,20,59.7,LOW,Clouds,25.8,0,GREEN,5
2024-01-07 14:00:00,Kasturchand_Park,97,44.1,LOW,Clouds,30.7,0,YELLOW,50
2024-01-07 14:00:00,Variety_Sq,118,44.2,LOW,Clear,25.2,0,YELLOW,48
2024-01-07 14:00:00,LIC_Sq,119,44.8,LOW,Clear,29.9,0,RED,52
2024-01-07 14:00:00,Empress_Mall_Sq,94,50.6,LOW,Clear,32.8,0,YELLOW,46
2024-01-07 15:00:00,Sitabuldi_Sq,174,31.1,MEDIUM,Clear,26.8,0,GREEN,83
2024-01-07 15:00:00,Zero_Mile,136,44.5,MEDIUM,Clouds,29.9,0,YELLOW,67
2024-01-07 15:00:00,Kasturchand_Park,71,55.8,LOW,Clear,31.2,0,GREEN,17
2024-01-07 15:00:00,Variety_Sq,95,48.2,LOW,Clear,30.4,0,RED,41
2024-01-07 15:00:00,LIC_Sq,143,43.3,MEDIUM,Clear,31.9,0,RED,61
2024-01-07 15:00:00,Empress_Mall_Sq,136,42.8,MEDIUM,Clear,32.2,0.36,GREEN,60
2024-01-07 16:00:00,Sitabuldi_Sq,159,39.7,MEDIUM,Clear,28.8,0.02,YELLOW,66
2024-01-07 16:00:00,Zero_Mile,143,36.9,MEDIUM,Clouds,30.4,0,GREEN,61
2024-01-07 16:00:00,Kasturchand_Park,196,27.0,MEDIUM,Clear,29.4,0,GREEN,93
2024-01-07 16:00:00,Variety_Sq,141,43.2,MEDIUM,Clear,29.1,0,YELLOW,60
2024-01-07 16:00:00,LIC_Sq,182,34.1,MEDIUM,Clear,29.4,0,GREEN,75
2024-01-07 16:00:00,Empress_Mall_Sq,239,20.5,HIGH,Clouds,31.3,0.11,RED,109
2024-01-07 17:00:00,Sitabuldi_Sq,199,22.3,MEDIUM,Clear,28.2,0,RED,109
2024-01-07 17:00:00,Zero_Mile,158,36.2,MEDIUM,Clear,30.7,0,YELLOW,85
2024-01-07 17:00:00,Kasturchand_Park,236,19.0,HIGH,Clouds,29.2,0,YELLOW,113
2024-01-07 17:00:00,Variety_Sq,207,26.3,HIGH,Clear,29.2,0,YELLOW,65
2024-01-07 17:00:00,LIC_Sq,244,17.6,HIGH,Clear,29.2,0,RED,112
2024-01-07 17:00:00,Empress_Mall_Sq,213,27.4,HIGH,Clouds,30.1,0,YELLOW,106
2024-01-07 18:00:00,Sitabuldi_Sq,167,35.2,MEDIUM,Clouds,29.0,0,RED,81
2024-01-07 18:00:00,Zero_Mile,186,28.7,MEDIUM,Clear,25.3,0,YELLOW,69
2024-01-07 18:00:00,Kasturchand_Park,218,25.1,HIGH,Clear,28.8,0,RED,100
2024-01-07 18:00:00,Variety_Sq,105,48.2,LOW,Clear,28.9,0,RED,46
2024-01-07 18:00:00,LIC_Sq,171,38.6,MEDIUM,Clouds,28.5,0,GREEN,51
2024-01-07 18:00:00,Empress_Mall_Sq,211,24.7,HIGH,Clear,30.0,0,GREEN,79
2024-01-07 19:00:00,Sitabuldi_Sq,180,33.7,MEDIUM,Clear,32.9,0,RED,90
2024-01-07 19:00:00,Zero_Mile,260,13.7,HIGH,Clouds,25.1,0,RED,122
2024-01-07 19:00:00,Kasturchand_Park,139,43.3,MEDIUM,Clouds,27.5,0,RED,58
2024-01-07 19:00:00,Variety_Sq,220,28.0,HIGH,Clear,27.5,0,YELLOW,99
2024-01-07 19:00:00,LIC_Sq,128,43.6,MEDIUM,Clear,31.6,0,YELLOW,55
2024-01-07 19:00:00,Empress_Mall_Sq,191,29.0,MEDIUM,Clouds,26.2,0,RED,86
2024-01-07 20:00:00,Sitabuldi_Sq,141,42.2,MEDIUM,Clear,27.2,0,GREEN,90
2024-01-07 20:00:00,Zero_Mile,44,56.7,LOW,Clouds,29.8,0.06,YELLOW,15
2024-01-07 20:00:00,Kasturchand_Park,86,48.5,LOW,Clear,25.4,0,YELLOW,38
2024-01-07 20:00:00,Variety_Sq,70,51.4,LOW,Clear,28.0,0,RED,49
2024-01-07 20:00:00,LIC_Sq,118,41.9,LOW,Clear,32.0,0,GREEN,56
2024-01-07 20:00:00,Empress_Mall_Sq,43,57.6,LOW,Clouds,29.8,0,GREEN,14
2024-01-07 21:00:00,Sitabuldi_Sq,40,59.3,LOW,Clear,29.1,0,YELLOW,10
2024-01-07 21:00:00,Zero_Mile,20,58.6,LOW,Clear,27.7,0,YELLOW,5
2024-01-07 21:00:00,Kasturchand_Park,123,40.4,MEDIUM,Clear,25.8,0.21,YELLOW,60
2024-01-07 21:00:00,Variety_Sq,155,36.0,MEDIUM,Clear,29.8,0,YELLOW,83
2024-01-07 21:00:00,LIC_Sq,109,42.5,LOW,Clear,32.0,0.44,YELLOW,65
2024-01-07 21:00:00,Empress_Mall_Sq,135,38.4,MEDIUM,Clear,24.1,0,YELLOW,54
2024-01-07 22:00:00,Sitabuldi_Sq,64,54.9,LOW,Clouds,27.3,0,RED,34
2024-01-07 22:00:00,Zero_Mile,43,60.1,LOW,Clear,26.4,0,RED,16
2024-01-07 22:00:00,Kasturchand_Park,122,38.2,MEDIUM,Clear,28.8,0,GREEN,59
2024-01-07 22:00:00,Variety_Sq,56,51.8,LOW,Clouds,28.7,0,RED,33
2024-01-07 22:00:00,LIC_Sq,52,58.7,LOW,Clear,30.9,0,YELLOW,17
2024-01-07 22:00:00,Empress_Mall_Sq,87,50.3,LOW,Clouds,30.7,0,YELLOW,46
2024-01-07 23:00:00,Sitabuldi_Sq,58,57.4,LOW,Clear,26.5,0,RED,24
2024-01-07 23:00:00,Zero_Mile,38,60.4,LOW,Clear,26.4,0,YELLOW,23
2024-01-07 23:00:00,Kasturchand_Park,20,62.6,LOW,Clouds,32.0,0,RED,9
2024-01-07 23:00:00,Variety_Sq,111,46.9,LOW,Clouds,30.7,0,GREEN,49
2024-01-07 23:00:00,LIC_Sq,58,56.4,LOW,Clear,28.5,0,GREEN,20
2024-01-07 23:00:00,Empress_Mall_Sq,67,54.2,LOW,Clear,29.4,0,RED,42
2024-01-08 00:00:00,Sitabuldi_Sq,128,36.9,MEDIUM,Clear,25.2,0,YELLOW,50
2024-01-08 00:00:00,Zero_Mile,89,44.9,LOW,Clear,31.1,0,GREEN,35
2024-01-08 00:00:00,Kasturchand_Park,188,30.3,MEDIUM,Clear,26.1,0,GREEN,78
2024-01-08 00:00:00,Variety_Sq,118,48.3,LOW,Clouds,26.0,0,YELLOW,42
2024-01-08 00:00:00,LIC_Sq,137,41.5,MEDIUM,Clear,28.4,0,RED,66
2024-01-08 00:00:00,Empress_Mall_Sq,138,40.2,MEDIUM,Clear,29.0,0,RED,60
2024-01-08 01:00:00,Sitabuldi_Sq,143,35.8,MEDIUM,Clear,31.6,0,RED,74
2024-01-08 01:00:00,Zero_Mile,174,34.1,MEDIUM,Clear,28.1,0,YELLOW,98
2024-01-08 01:00:00,Kasturchand_Park,61,54.8,LOW,Clear,27.4,0.04,GREEN,28
2024-01-08 01:00:00,Variety_Sq,149,39.5,MEDIUM,Clear,30.4,0,YELLOW,59
2024-01-08 01:00:00,LIC_Sq,71,56.2,LOW,Clear,30.2,0,RED,23
2024-01-08 01:00:00,Empress_Mall_Sq,115,47.8,LOW,Clear,27.2,0,RED,48
2024-01-08 02:00:00,Sitabuldi_Sq,153,40.8,MEDIUM,Clear,27.6,0,YELLOW,77
2024-01-08 02:00:00,Zero_Mile,133,36.8,MEDIUM,Clear,27.8,0,GREEN,40
2024-01-08 02:00:00,Kasturchand_Park,132,40.4,MEDIUM,Clear,27.3,0,YELLOW,57
2024-01-08 02:00:00,Variety_Sq,152,37.5,MEDIUM,Clear,31.3,0,GREEN,75
2024-01-08 02:00:00,LIC_Sq,203,29.4,HIGH,Clear,27.7,0,RED,89
2024-01-08 02:00:00,Empress_Mall_Sq,139,39.9,MEDIUM,Clear,31.0,0,GREEN,66
2024-01-08 03:00:00,Sitabuldi_Sq,123,35.7,MEDIUM,Clear,26.7,0.21,YELLOW,56
2024-01-08 03:00:00,Zero_Mile,185,25.9,MEDIUM,Clear,27.5,0,RED,75
2024-01-08 03:00:00,Kasturchand_Park,99,44.4,LOW,Clouds,26.0,0,GREEN,32
2024-01-08 03:00:00,Variety_Sq,165,33.4,MEDIUM,Clear,31.5,0,RED,87
2024-01-08 03:00:00,LIC_Sq,156,37.9,MEDIUM,Clear,29.6,0,YELLOW,61
2024-01-08 03:00:00,Empress_Mall_Sq,132,38.1,MEDIUM,Clear,30.7,0,RED,47
2024-01-08 04:00:00,Sitabuldi_Sq,91,45.9,LOW,Clear,24.7,0,RED,47
2024-01-08 04:00:00,Zero_Mile,160,35.8,MEDIUM,Clear,28.2,0,RED,77
2024-01-08 04:00:00,Kasturchand_Park,138,41.9,MEDIUM,Clear,29.4,0,GREEN,76
2024-01-08 04:00:00,Variety_Sq,173,36.7,MEDIUM,Clear,31.0,0.28,RED,85
2024-01-08 04:00:00,LIC_Sq,117,44.6,LOW,Clear,31.4,0,RED,66
2024-01-08 04:00:00,Empress_Mall_Sq,141,38.3,MEDIUM,Clear,30.2,0,YELLOW,70
2024-01-08 05:00:00,Sitabuldi_Sq,89,47.8,LOW,Clear,31.2,0,GREEN,49
2024-01-08 05:00:00,Zero_Mile,54,55.5,LOW,Clear,26.8,0,RED,5
2024-01-08 05:00:00,Kasturchand_Park,145,42.5,MEDIUM,Clear,30.7,0,GREEN,72
2024-01-08 05:00:00,Variety_Sq,98,53.4,LOW,Clear,28.1,0,YELLOW,54
2024-01-08 05:00:00,LIC_Sq,73,48.3,LOW,Clear,26.7,0,YELLOW,30
2024-01-08 05:00:00,Empress_Mall_Sq,106,41.0,LOW,Clear,28.3,0,GREEN,47
2024-01-08 06:00:00,Sitabuldi_Sq,72,57.2,LOW,Clouds,32.4,0,YELLOW,34
2024-01-08 06:00:00,Zero_Mile,90,50.9,LOW,Clear,27.0,0,RED,38
2024-01-08 06:00:00,Kasturchand_Park,125,42.0,MEDIUM,Clear,27.3,0,RED,60
2024-01-08 06:00:00,Variety_Sq,213,31.2,HIGH,Clear,27.6,0,GREEN,93
2024-01-08 06:00:00,LIC_Sq,105,49.0,LOW,Clouds,30.5,0,GREEN,59
2024-01-08 06:00:00,Empress_Mall_Sq,114,45.8,LOW,Clear,31.8,0,GREEN,67
2024-01-08 07:00:00,Sitabuldi_Sq,308,10.3,CRITICAL,Clear,28.0,0,GREEN,134
2024-01-08 07:00:00,Zero_Mile,275,18.1,HIGH,Clear,28.5,0,YELLOW,125
2024-01-08 07:00:00,Kasturchand_Park,275,19.9,HIGH,Clear,28.5,0,RED,125
2024-01-08 07:00:00,Variety_Sq,246,15.2,HIGH,Clear,30.5,0,GREEN,118
2024-01-08 07:00:00,LIC_Sq,318,8.5,CRITICAL,Clear,26.8,0,RED,142
2024-01-08 07:00:00,Empress_Mall_Sq,280,18.7,HIGH,Clouds,28.5,0,RED,146
2024-01-08 08:00:00,Sitabuldi_Sq,313,5,CRITICAL,Clear,27.0,0,YELLOW,131
2024-01-08 08:00:00,Zero_Mile,240,21.5,HIGH,Clouds,30.4,0,GREEN,121
2024-01-08 08:00:00,Kasturchand_Park,313,6.9,CRITICAL,Clouds,21.9,0,YELLOW,122
2024-01-08 08:00:00,Variety_Sq,277,19.2,HIGH,Clear,28.2,0,RED,122
2024-01-08 08:00:00,LIC_Sq,338,5,CRITICAL,Clouds,31.1,0,GREEN,146
2024-01-08 08:00:00,Empress_Mall_Sq,226,24.1,HIGH,Clear,29.1,0.29,RED,112
2024-01-08 09:00:00,Sitabuldi_Sq,283,10.3,CRITICAL,Clouds,29.9,0,YELLOW,134
2024-01-08 09:00:00,Zero_Mile,228,29.7,HIGH,Clear,32.9,0,YELLOW,88
2024-01-08 09:00:00,Kasturchand_Park,329,7.3,CRITICAL,Clouds,29.1,0,RED,164
2024-01-08 09:00:00,Variety_Sq,283,12.1,CRITICAL,Clear,26.4,0,GREEN,114
2024-01-08 09:00:00,LIC_Sq,228,24.3,HIGH,Clouds,31.5,0,GREEN,115
2024-01-08 09:00:00,Empress_Mall_Sq,244,29.7,HIGH,Clouds,29.5,0,GREEN,107
2024-01-08 10:00:00,Sitabuldi_Sq,166,30.9,MEDIUM,Clear,28.3,0,GREEN,71
2024-01-08 10:00:00,Zero_Mile,114,44.4,LOW,Clear,28.2,0,RED,63
2024-01-08 10:00:00,Kasturchand_Park,76,52.9,LOW,Clear,32.0,0,YELLOW,26
2024-01-08 10:00:00,Variety_Sq,113,44.8,LOW,Clear,29.1,0,RED,39
2024-01-08 10:00:00,LIC_Sq,56,46.0,LOW,Clear,31.9,0,GREEN,15
2024-01-08 10:00:00,Empress_Mall_Sq,127,43.7,MEDIUM,Clear,28.3,0,GREEN,56
2024-01-08 11:00:00,Sitabuldi_Sq,121,40.1,MEDIUM,Clear,32.8,0,GREEN,56
2024-01-08 11:00:00,Zero_Mile,180,34.3,MEDIUM,Clouds,28.5,0,RED,79
2024-01-08 11:00:00,Kasturchand_Park,113,46.1,LOW,Clear,26.7,0,GREEN,50
2024-01-08 11:00:00,Variety_Sq,139,45.5,MEDIUM,Clear,28.2,0,YELLOW,62
2024-01-08 11:00:00,LIC_Sq,135,37.0,MEDIUM,Clear,26.9,0,GREEN,63
2024-01-08 11:00:00,Empress_Mall_Sq,127,37.6,MEDIUM,Clear,32.1,0,GREEN,73
2024-01-08 12:00:00,Sitabuldi_Sq,147,37.2,MEDIUM,Clouds,31.9,0,RED,54
2024-01-08 12:00:00,Zero_Mile,74,54.1,LOW,Clear,25.8,0,RED,43
2024-01-08 12:00:00,Kasturchand_Park,66,56.7,LOW,Clear,31.2,0,GREEN,20
2024-01-08 12:00:00,Variety_Sq,85,50.5,LOW,Clouds,29.5,0,GREEN,42
2024-01-08 12:00:00,LIC_Sq,137,39.5,MEDIUM,Clear,27.3,0,GREEN,61
2024-01-08 12:00:00,Empress_Mall_Sq,123,48.2,MEDIUM,Clear,30.8,0,RED,58
2024-01-08 13:00:00,Sitabuldi_Sq,88,54.9,LOW,Clear,29.4,0,RED,34
2024-01-08 13:00:00,Zero_Mile,167,34.3,MEDIUM,Clear,28.6,0,YELLOW,70
2024-01-08 13:00:00,Kasturchand_Park,146,36.3,MEDIUM,Clear,29.7,0,RED,71
2024-01-08 13:00:00,Variety_Sq,136,43.7,MEDIUM,Clear,28.4,0,YELLOW,50
2024-01-08 13:00:00,LIC_Sq,173,32.9,MEDIUM,Clear,28.2,0,GREEN,80
2024-01-08 13:00:00,Empress_Mall_Sq,30,59.8,LOW,Clouds,27.2,0,RED,5
2024-01-08 14:00:00,Sitabuldi_Sq,110,37.8,LOW,Clouds,27.6,0,GREEN,63
2024-01-08 14:00:00,Zero_Mile,109,46.3,LOW,Clouds,30.2,0,YELLOW,49
2024-01-08 14:00:00,Kasturchand_Park,152,36.2,MEDIUM,Clouds,30.5,0,RED,67
2024-01-08 14:00:00,Variety_Sq,112,42.2,LOW,Clear,28.0,0,YELLOW,52
2024-01-08 14:00:00,LIC_Sq,115,47.1,LOW,Clear,31.4,0,RED,54
2024-01-08 14:00:00,Empress_Mall_Sq,162,37.5,MEDIUM,Clear,26.5,0,YELLOW,93
2024-01-08 15:00:00,Sitabuldi_Sq,118,45.3,LOW,Clear,29.6,0,RED,56
2024-01-08 15:00:00,Zero_Mile,156,35.6,MEDIUM,Clear,31.1,0,YELLOW,71
2024-01-08 15:00:00,Kasturchand_Park,66,52.7,LOW,Clear,30.3,0,YELLOW,28
2024-01-08 15:00:00,Variety_Sq,140,45.9,MEDIUM,Clouds,28.4,0,GREEN,48
2024-01-08 15:00:00,LIC_Sq,130,43.1,MEDIUM,Clear,30.9,0,GREEN,49
2024-01-08 15:00:00,Empress_Mall_Sq,154,36.0,MEDIUM,Clear,30.9,0,RED,61
2024-01-08 16:00:00,Sitabuldi_Sq,311,5.6,CRITICAL,Clouds,26.5,0,GREEN,148
2024-01-08 16:00:00,Zero_Mile,283,12.0,CRITICAL,Clear,30.2,0,YELLOW,136
2024-01-08 16:00:00,Kasturchand_Park,294,16.4,CRITICAL,Clear,30.9,0,YELLOW,132
2024-01-08 16:00:00,Variety_Sq,321,5,CRITICAL,Clear,27.7,0,RED,147
2024-01-08 16:00:00,LIC_Sq,277,18.3,HIGH,Clouds,29.5,0,YELLOW,131
2024-01-08 16:00:00,Empress_Mall_Sq,290,8.5,CRITICAL,Clear,29.0,0,GREEN,133
2024-01-08 17:00:00,Sitabuldi_Sq,318,5.2,CRITICAL,Clouds,28.7,0,RED,142
2024-01-08 17:00:00,Zero_Mile,241,23.1,HIGH,Clear,31.7,0.49,RED,95
2024-01-08 17:00:00,Kasturchand_Park,343,5,CRITICAL,Clear,30.7,0,YELLOW,138
2024-01-08 17:00:00,Variety_Sq,310,8.7,CRITICAL,Clear,25.8,0,GREEN,114
2024-01-08 17:00:00,LIC_Sq,319,12.5,CRITICAL,Clear,26.8,0,YELLOW,145
2024-01-08 17:00:00,Empress_Mall_Sq,324,5,CRITICAL,Clear,32.5,0,RED,155
2024-01-08 18:00:00,Sitabuldi_Sq,320,10.6,CRITICAL,Clouds,27.4,0,YELLOW,140
2024-01-08 18:00:00,Zero_Mile,382,5,CRITICAL,Clear,30.1,0,RED,164
2024-01-08 18:00:00,Kasturchand_Park,314,5,CRITICAL,Clouds,28.4,0,GREEN,153
2024-01-08 18:00:00,Variety_Sq,366,5.2,CRITICAL,Clear,27.8,0,RED,177
2024-01-08 18:00:00,LIC_Sq,336,5,CRITICAL,Clouds,27.3,0,YELLOW,159
2024-01-08 18:00:00,Empress_Mall_Sq,365,5,CRITICAL,Clouds,28.8,0,YELLOW,170
2024-01-08 19:00:00,Sitabuldi_Sq,302,10.2,CRITICAL,Clouds,30.6,0,RED,156
2024-01-08 19:00:00,Zero_Mile,301,9.9,CRITICAL,Clear,31.5,0,RED,139
2024-01-08 19:00:00,Kasturchand_Park,216,31.8,HIGH,Clear,30.6,0,GREEN,104
2024-01-08 19:00:00,Variety_Sq,328,7.4,CRITICAL,Clear,26.3,0,RED,154
2024-01-08 19:00:00,LIC_Sq,269,14.7,HIGH,Clouds,28.6,0,GREEN,130
2024-01-08 19:00:00,Empress_Mall_Sq,325,5,CRITICAL,Clear,28.5,0,RED,131
2024-01-08 20:00:00,Sitabuldi_Sq,89,44.9,LOW,Clear,25.6,0,GREEN,42
2024-01-08 20:00:00,Zero_Mile,81,48.8,LOW,Clear,29.8,0,YELLOW,25
2024-01-08 20:00:00,Kasturchand_Park,158,33.8,MEDIUM,Clouds,28.4,0,YELLOW,76
2024-01-08 20:00:00,Variety_Sq,96,43.4,LOW,Clear,28.5,0,RED,21
2024-01-08 20:00:00,LIC_Sq,170,34.2,MEDIUM,Clear,30.0,0,RED,71
2024-01-08 20:00:00,Empress_Mall_Sq,158,36.8,MEDIUM,Clear,29.8,0,RED,59
2024-01-08 21:00:00,Sitabuldi_Sq,118,37.9,LOW,Clear,29.0,0.04,RED,45
2024-01-08 21:00:00,Zero_Mile,178,31.8,MEDIUM,Clear,29.4,0,RED,69
2024-01-08 21:00:00,Kasturchand_Park,137,41.3,MEDIUM,Clear,28.2,0.34,RED,66
2024-01-08 21:00:00,Variety_Sq,149,42.1,MEDIUM,Clouds,30.8,0,YELLOW,67
2024-01-08 21:00:00,LIC_Sq,178,33.9,MEDIUM,Clear,29.9,0,YELLOW,95
2024-01-08 21:00:00,Empress_Mall_Sq,89,45.2,LOW,Clear,31.6,0,GREEN,49
2024-01-08 22:00:00,Sitabuldi_Sq,129,36.7,MEDIUM,Clouds,30.9,0,RED,53
2024-01-08 22:00:00,Zero_Mile,126,42.4,MEDIUM,Clear,30.5,0,YELLOW,72
2024-01-08 22:00:00,Kasturchand_Park,163,36.6,MEDIUM,Clouds,30.3,0,GREEN,67
2024-01-08 22:00:00,Variety_Sq,165,30.3,MEDIUM,Clear,25.9,0,RED,74
2024-01-08 22:00:00,LIC_Sq,138,41.6,MEDIUM,Clear,31.0,0,RED,58
2024-01-08 22:00:00,Empress_Mall_Sq,123,41.2,MEDIUM,Clear,27.6,0.08,GREEN,63
2024-01-08 23:00:00,Sitabuldi_Sq,103,41.3,LOW,Clouds,31.5,0,RED,40
2024-01-08 23:00:00,Zero_Mile,181,31.9,MEDIUM,Clear,26.9,0,YELLOW,57
2024-01-08 23:00:00,Kasturchand_Park,124,38.1,MEDIUM,Clouds,32.1,0,YELLOW,65
2024-01-08 23:00:00,Variety_Sq,97,46.2,LOW,Clear,28.1,0,GREEN,45
2024-01-08 23:00:00,LIC_Sq,175,31.7,MEDIUM,Clear,32.3,0,RED,87
2024-01-08 23:00:00,Empress_Mall_Sq,134,41.7,MEDIUM,Clouds,31.1,0,RED,55
2024-01-09 00:00:00,Sitabuldi_Sq,20,61.2,LOW,Clear,27.6,0,RED,9
2024-01-09 00:00:00,Zero_Mile,71,50.7,LOW,Clouds,28.0,0.26,YELLOW,24
2024-01-09 00:00:00,Kasturchand_Park,204,30.5,HIGH,Clouds,33.0,0,RED,90
2024-01-09 00:00:00,Variety_Sq,94,47.8,LOW,Clear,28.9,0,GREEN,39
2024-01-09 00:00:00,LIC_Sq,105,44.9,LOW,Clear,29.6,0,GREEN,51
2024-01-09 00:00:00,Empress_Mall_Sq,121,44.4,MEDIUM,Clouds,29.1,0,GREEN,45
2024-01-09 01:00:00,Sitabuldi_Sq,93,46.7,LOW,Clear,24.7,0,RED,29
2024-01-09 01:00:00,Zero_Mile,213,30.5,HIGH,Clear,28.4,0,YELLOW,99
2024-01-09 01:00:00,Kasturchand_Park,98,48.1,LOW,Clear,31.6,0,GREEN,40
2024-01-09 01:00:00,Variety_Sq,125,35.7,MEDIUM,Clouds,28.4,0,RED,53
2024-01-09 01:00:00,LIC_Sq,108,47.9,LOW,Clear,27.3,0,GREEN,44
2024-01-09 01:00:00,Empress_Mall_Sq,134,42.5,MEDIUM,Clear,31.7,0,RED,61
2024-01-09 02:00:00,Sitabuldi_Sq,218,22.8,HIGH,Clear,27.8,0,RED,106
2024-01-09 02:00:00,Zero_Mile,213,20.5,HIGH,Clear,32.7,0,RED,112
2024-01-09 02:00:00,Kasturchand_Park,128,37.0,MEDIUM,Clear,27.5,0,GREEN,70
2024-01-09 02:00:00,Variety_Sq,66,47.6,LOW,Clear,29.2,0,YELLOW,19
2024-01-09 02:00:00,LIC_Sq,75,50.6,LOW,Clear,28.4,0,YELLOW,38
2024-01-09 02:00:00,Empress_Mall_Sq,144,44.6,MEDIUM,Clear,28.2,0.09,RED,50
2024-01-09 03:00:00,Sitabuldi_Sq,90,41.0,LOW,Clouds,33.2,0,RED,51
2024-01-09 03:00:00,Zero_Mile,119,46.1,LOW,Clear,32.2,0,RED,50
2024-01-09 03:00:00,Kasturchand_Park,121,36.4,MEDIUM,Clear,30.0,0,GREEN,50
2024-01-09 03:00:00,Variety_Sq,116,46.2,LOW,Clouds,29.3,0,YELLOW,47
2024-01-09 03:00:00,LIC_Sq,120,40.7,LOW,Clear,30.4,0,GREEN,56
2024-01-09 03:00:00,Empress_Mall_Sq,142,40.1,MEDIUM,Clear,30.6,0,GREEN,66
2024-01-09 04:00:00,Sitabuldi_Sq,96,47.7,LOW,Clear,25.7,0,YELLOW,50
2024-01-09 04:00:00,Zero_Mile,88,52.5,LOW,Clouds,31.2,0.22,GREEN,42
2024-01-09 04:00:00,Kasturchand_Park,80,48.8,LOW,Clear,28.9,0,GREEN,49
2024-01-09 04:00:00,Variety_Sq,122,46.0,MEDIUM,Clear,30.8,0,RED,37
2024-01-09 04:00:00,LIC_Sq,84,50.3,LOW,Clear,27.6,0,GREEN,41
2024-01-09 04:00:00,Empress_Mall_Sq,175,31.9,MEDIUM,Clear,28.9,0,GREEN,81
2024-01-09 05:00:00,Sitabuldi_Sq,200,29.1,MEDIUM,Clouds,26.3,0,GREEN,100
2024-01-09 05:00:00,Zero_Mile,142,37.7,MEDIUM,Clear,28.2,0,YELLOW,46
2024-01-09 05:00:00,Kasturchand_Park,152,35.0,MEDIUM,Clear,29.3,0,RED,67
2024-01-09 05:00:00,Variety_Sq,157,37.0,MEDIUM,Clear,32.9,0,YELLOW,75
2024-01-09 05:00:00,LIC_Sq,54,55.8,LOW,Clear,29.9,0,RED,15
2024-01-09 05:00:00,Empress_Mall_Sq,198,28.9,MEDIUM,Clouds,32.1,0,GREEN,79
2024-01-09 06:00:00,Sitabuldi_Sq,175,29.0,MEDIUM,Clear,30.1,0,YELLOW,94
2024-01-09 06:00:00,Zero_Mile,159,39.7,MEDIUM,Clear,29.2,0,GREEN,59
2024-01-09 06:00:00,Kasturchand_Park,125,43.7,MEDIUM,Clouds,32.6,0,GREEN,41
2024-01-09 06:00:00,Variety_Sq,145,41.3,MEDIUM,Clouds,28.6,0,YELLOW,62
2024-01-09 06:00:00,LIC_Sq,61,55.2,LOW,Clear,30.1,0,GREEN,40
2024-01-09 06:00:00,Empress_Mall_Sq,153,42.1,MEDIUM,Clear,28.0,0,YELLOW,57
2024-01-09 07:00:00,Sitabuldi_Sq,324,6.0,CRITICAL,Clear,26.5,0,RED,139
2024-01-09 07:00:00,Zero_Mile,291,13.6,CRITICAL,Clear,29.9,0,GREEN,107
2024-01-09 07:00:00,Kasturchand_Park,261,17.3,HIGH,Clear,28.6,0,YELLOW,126
2024-01-09 07:00:00,Variety_Sq,204,27.0,HIGH,Clear,31.1,0,GREEN,90
2024-01-09 07:00:00,LIC_Sq,226,23.8,HIGH,Clear,29.7,0,GREEN,111
2024-01-09 07:00:00,Empress_Mall_Sq,293,10.0,CRITICAL,Rain,30.0,0.74,YELLOW,128
2024-01-09 08:00:00,Sitabuldi_Sq,344,5.7,CRITICAL,Clear,29.7,0,YELLOW,151
2024-01-09 08:00:00,Zero_Mile,356,5,CRITICAL,Clear,29.9,0,RED,140
2024-01-09 08:00:00,Kasturchand_Park,358,5,CRITICAL,Clear,32.0,0,GREEN,163
2024-01-09 08:00:00,Variety_Sq,344,6.1,CRITICAL,Clear,26.8,0,GREEN,159
2024-01-09 08:00:00,LIC_Sq,267,14.3,HIGH,Clear,28.8,0,YELLOW,120
2024-01-09 08:00:00,Empress_Mall_Sq,240,21.4,HIGH,Clear,27.8,0,RED,103
2024-01-09 09:00:00,Sitabuldi_Sq,274,15.7,HIGH,Clear,26.7,0,GREEN,120
2024-01-09 09:00:00,Zero_Mile,237,19.5,HIGH,Clear,28.4,0,GREEN,111
2024-01-09 09:00:00,Kasturchand_Park,349,5,CRITICAL,Clear,29.1,0,GREEN,144
2024-01-09 09:00:00,Variety_Sq,172,27.9,MEDIUM,Clouds,33.4,0,RED,86
2024-01-09 09:00:00,LIC_Sq,292,12.9,CRITICAL,Clear,30.0,0,YELLOW,109
2024-01-09 09:00:00,Empress_Mall_Sq,221,24.8,HIGH,Clear,27.9,0,GREEN,104
2024-01-09 10:00:00,Sitabuldi_Sq,97,45.2,LOW,Clear,28.1,0,YELLOW,27
2024-01-09 10:00:00,Zero_Mile,78,53.8,LOW,Clouds,29.1,0.03,GREEN,21
2024-01-09 10:00:00,Kasturchand_Park,52,59.5,LOW,Clouds,29.7,0,GREEN,22
2024-01-09 10:00:00,Variety_Sq,48,46.4,LOW,Clouds,35.3,0,YELLOW,27
2024-01-09 10:00:00,LIC_Sq,145,43.4,MEDIUM,Clear,27.4,0,YELLOW,77
2024-01-09 10:00:00,Empress_Mall_Sq,126,43.1,MEDIUM,Clear,27.0,0.32,YELLOW,46
2024-01-09 11:00:00,Sitabuldi_Sq,167,38.5,MEDIUM,Clear,33.5,0,GREEN,70
2024-01-09 11:00:00,Zero_Mile,163,35.8,MEDIUM,Clear,29.2,0,GREEN,75
2024-01-09 11:00:00,Kasturchand_Park,47,54.3,LOW,Clear,34.8,0,YELLOW,27
2024-01-09 11:00:00,Variety_Sq,171,41.5,MEDIUM,Clear,28.5,0,YELLOW,83
2024-01-09 11:00:00,LIC_Sq,101,43.1,LOW,Clear,30.3,0,YELLOW,54
2024-01-09 11:00:00,Empress_Mall_Sq,116,39.6,LOW,Clouds,29.2,0,GREEN,57
2024-01-09 12:00:00,Sitabuldi_Sq,125,46.4,MEDIUM,Clear,28.7,0,GREEN,65
2024-01-09 12:00:00,Zero_Mile,160,34.0,MEDIUM,Clouds,28.9,0,YELLOW,48
2024-01-09 12:00:00,Kasturchand_Park,146,34.6,MEDIUM,Clouds,30.8,0,YELLOW,62
2024-01-09 12:00:00,Variety_Sq,20,58.5,LOW,Clear,26.9,0,GREEN,5
2024-01-09 12:00:00,LIC_Sq,118,41.6,LOW,Clear,32.6,0,YELLOW,53
2024-01-09 12:00:00,Empress_Mall_Sq,151,40.7,MEDIUM,Clear,31.0,0,RED,60
2024-01-09 13:00:00,Sitabuldi_Sq,163,39.9,MEDIUM,Clouds,29.2,0,GREEN,77
2024-01-09 13:00:00,Zero_Mile,124,41.2,MEDIUM,Clear,25.3,0,GREEN,52
2024-01-09 13:00:00,Kasturchand_Park,58,53.7,LOW,Clear,31.1,0,GREEN,16
2024-01-09 13:00:00,Variety_Sq,92,53.0,LOW,Clear,30.9,0,YELLOW,57
2024-01-09 13:00:00,LIC_Sq,55,51.8,LOW,Clear,28.3,0.04,RED,27
2024-01-09 13:00:00,Empress_Mall_Sq,137,38.2,MEDIUM,Clear,28.7,0,YELLOW,49
2024-01-09 14:00:00,Sitabuldi_Sq,170,30.8,MEDIUM,Clear,27.4,0,RED,80
2024-01-09 14:00:00,Zero_Mile,74,55.2,LOW,Clear,28.7,0,GREEN,35
2024-01-09 14:00:00,Kasturchand_Park,176,36.2,MEDIUM,Clouds,28.7,0,GREEN,93
2024-01-09 14:00:00,Variety_Sq,150,38.5,MEDIUM,Clear,30.0,0,RED,47
2024-01-09 14:00:00,LIC_Sq,123,39.8,MEDIUM,Clear,25.2,0,YELLOW,55
2024-01-09 14:00:00,Empress_Mall_Sq,106,43.0,LOW,Clear,26.1,0,YELLOW,33
2024-01-09 15:00:00,Sitabuldi_Sq,84,49.3,LOW,Clear,32.3,0,YELLOW,37
2024-01-09 15:00:00,Zero_Mile,115,43.5,LOW,Clear,28.2,0,GREEN,53
2024-01-09 15:00:00,Kasturchand_Park,137,42.9,MEDIUM,Clear,30.6,0.35,RED,74
2024-01-09 15:00:00,Variety_Sq,212,28.8,HIGH,Clear,28.6,0,RED,101
2024-01-09 15:00:00,LIC_Sq,142,39.4,MEDIUM,Clear,29.5,0,YELLOW,84
2024-01-09 15:00:00,Empress_Mall_Sq,77,44.8,LOW,Clear,29.0,0,GREEN,36
2024-01-09 16:00:00,Sitabuldi_Sq,298,9.4,CRITICAL,Clouds,28.2,0,RED,139
2024-01-09 16:00:00,Zero_Mile,293,15.4,CRITICAL,Clear,29.5,0,RED,140
2024-01-09 16:00:00,Kasturchand_Park,285,18.8,CRITICAL,Clear,29.5,0,GREEN,121
2024-01-09 16:00:00,Variety_Sq,337,5,CRITICAL,Clear,29.0,0,YELLOW,146
2024-01-09 16:00:00,LIC_Sq,318,5.2,CRITICAL,Clouds,30.1,0,RED,144
2024-01-09 16:00:00,Empress_Mall_Sq,320,5.0,CRITICAL,Clear,30.2,0,RED,122
2024-01-09 17:00:00,Sitabuldi_Sq,344,5.4,CRITICAL,Clear,26.3,0.02,YELLOW,156
2024-01-09 17:00:00,Zero_Mile,270,21.5,HIGH,Clouds,27.6,0,GREEN,123
2024-01-09 17:00:00,Kasturchand_Park,315,8.0,CRITICAL,Clouds,29.6,0,YELLOW,146
2024-01-09 17:00:00,Variety_Sq,272,15.8,HIGH,Clear,27.2,0,GREEN,122
2024-01-09 17:00:00,LIC_Sq,279,14.5,HIGH,Clouds,28.1,0,YELLOW,124
2024-01-09 17:00:00,Empress_Mall_Sq,371,5,CRITICAL,Clear,28.2,0,GREEN,163
2024-01-09 18:00:00,Sitabuldi_Sq,264,19.7,HIGH,Clouds,33.0,0,RED,126
2024-01-09 18:00:00,Zero_Mile,337,11.2,CRITICAL,Clear,29.1,0,RED,154
2024-01-09 18:00:00,Kasturchand_Park,316,5,CRITICAL,Clouds,28.9,0,RED,139
2024-01-09 18:00:00,Variety_Sq,316,6.5,CRITICAL,Clouds,28.0,0,RED,136
2024-01-09 18:00:00,LIC_Sq,343,5,CRITICAL,Clouds,28.6,0,RED,146
2024-01-09 18:00:00,Empress_Mall_Sq,325,5.7,CRITICAL,Clear,31.3,0,GREEN,168
2024-01-09 19:00:00,Sitabuldi_Sq,280,10.6,HIGH,Clear,29.5,0,YELLOW,120
2024-01-09 19:00:00,Zero_Mile,318,5,CRITICAL,Clear,27.4,0,GREEN,153
2024-01-09 19:00:00,Kasturchand_Park,354,5,CRITICAL,Clear,31.3,0,GREEN,168
2024-01-09 19:00:00,Variety_Sq,325,9.6,CRITICAL,Clear,33.3,0,RED,160
2024-01-09 19:00:00,LIC_Sq,336,5,CRITICAL,Clear,29.3,0,RED,148
2024-01-09 19:00:00,Empress_Mall_Sq,362,5,CRITICAL,Clear,30.8,0,YELLOW,152
2024-01-09 20:00:00,Sitabuldi_Sq,102,40.2,LOW,Clear,31.3,0,GREEN,50
2024-01-09 20:00:00,Zero_Mile,135,42.8,MEDIUM,Clouds,31.0,0,YELLOW,59
2024-01-09 20:00:00,Kasturchand_Park,146,43.8,MEDIUM,Clouds,26.9,0,RED,66
2024-01-09 20:00:00,Variety_Sq,120,40.4,LOW,Clouds,29.7,0,GREEN,44
2024-01-09 20:00:00,LIC_Sq,71,50.5,LOW,Clear,34.0,0,YELLOW,33
2024-01-09 20:00:00,Empress_Mall_Sq,86,49.1,LOW,Clouds,30.0,0,GREEN,54
2024-01-09 21:00:00,Sitabuldi_Sq,87,48.8,LOW,Clouds,26.3,0,GREEN,20
2024-01-09 21:00:00,Zero_Mile,101,45.0,LOW,Clear,30.5,0,GREEN,37
2024-01-09 21:00:00,Kasturchand_Park,96,53.6,LOW,Clouds,28.0,0,GREEN,49
2024-01-09 21:00:00,Variety_Sq,100,46.7,LOW,Clear,29.2,0,GREEN,43
2024-01-09 21:00:00,LIC_Sq,150,29.9,MEDIUM,Clear,28.1,0,RED,80
2024-01-09 21:00:00,Empress_Mall_Sq,161,38.2,MEDIUM,Clear,28.9,0,RED,75
2024-01-09 22:00:00,Sitabuldi_Sq,161,35.6,MEDIUM,Clear,32.0,0,YELLOW,76
2024-01-09 22:00:00,Zero_Mile,144,37.5,MEDIUM,Clear,29.8,0,GREEN,47
2024-01-09 22:00:00,Kasturchand_Park,138,41.5,MEDIUM,Clear,31.5,0,GREEN,68
2024-01-09 22:00:00,Variety_Sq,123,44.7,MEDIUM,Clouds,26.6,0,YELLOW,45
2024-01-09 22:00:00,LIC_Sq,139,41.3,MEDIUM,Clear,29.2,0,RED,67
2024-01-09 22:00:00,Empress_Mall_Sq,69,51.5,LOW,Rain,30.0,0.57,GREEN,10
2024-01-09 23:00:00,Sitabuldi_Sq,120,44.7,LOW,Rain,31.1,0.55,GREEN,78
2024-01-09 23:00:00,Zero_Mile,98,42.0,LOW,Clouds,28.4,0,RED,54
2024-01-09 23:00:00,Kasturchand_Park,171,35.2,MEDIUM,Clouds,27.8,0,YELLOW,69
2024-01-09 23:00:00,Variety_Sq,111,49.0,LOW,Clear,32.0,0,GREEN,61
2024-01-09 23:00:00,LIC_Sq,148,38.4,MEDIUM,Clouds,29.7,0,YELLOW,76
2024-01-09 23:00:00,Empress_Mall_Sq,57,58.9,LOW,Clouds,29.8,0,GREEN,21
2024-01-10 00:00:00,Sitabuldi_Sq,151,37.2,MEDIUM,Clear,31.1,0,GREEN,72
2024-01-10 00:00:00,Zero_Mile,163,33.2,MEDIUM,Clear,30.6,0,GREEN,84
2024-01-10 00:00:00,Kasturchand_Park,167,32.1,MEDIUM,Clouds,28.4,0,RED,69
2024-01-10 00:00:00,Variety_Sq,71,46.3,LOW,Clouds,30.7,0,YELLOW,37
2024-01-10 00:00:00,LIC_Sq,110,46.2,LOW,Clear,30.4,0,GREEN,67
2024-01-10 00:00:00,Empress_Mall_Sq,109,38.7,LOW,Clouds,27.2,0,RED,55
2024-01-10 01:00:00,Sitabuldi_Sq,119,41.5,LOW,Clear,31.4,0,GREEN,42
2024-01-10 01:00:00,Zero_Mile,86,50.9,LOW,Clear,26.8,0,YELLOW,26
2024-01-10 01:00:00,Kasturchand_Park,120,41.3,LOW,Clear,29.2,0,YELLOW,42
2024-01-10 01:00:00,Variety_Sq,123,44.1,MEDIUM,Clear,28.7,0,RED,60
2024-01-10 01:00:00,LIC_Sq,206,26.1,HIGH,Clear,31.3,0,GREEN,96
2024-01-10 01:00:00,Empress_Mall_Sq,113,46.3,LOW,Clouds,32.8,0,GREEN,29
2024-01-10 02:00:00,Sitabuldi_Sq,140,40.4,MEDIUM,Clouds,32.6,0,RED,59
2024-01-10 02:00:00,Zero_Mile,76,54.7,LOW,Clear,29.1,0,GREEN,30
2024-01-10 02:00:00,Kasturchand_Park,133,42.4,MEDIUM,Clear,29.6,0,GREEN,61
2024-01-10 02:00:00,Variety_Sq,98,47.7,LOW,Clear,24.7,0,RED,39
2024-01-10 02:00:00,LIC_Sq,132,36.7,MEDIUM,Clouds,29.3,0,GREEN,65
2024-01-10 02:00:00,Empress_Mall_Sq,114,44.5,LOW,Clear,31.0,0,RED,38
2024-01-10 03:00:00,Sitabuldi_Sq,161,34.3,MEDIUM,Clear,29.0,0,YELLOW,62
2024-01-10 03:00:00,Zero_Mile,49,61.3,LOW,Clear,29.5,0,YELLOW,34
2024-01-10 03:00:00,Kasturchand_Park,21,64.2,LOW,Clear,26.5,0,GREEN,5
2024-01-10 03:00:00,Variety_Sq,61,56.7,LOW,Clouds,30.2,0,RED,34
2024-01-10 03:00:00,LIC_Sq,143,41.7,MEDIUM,Clouds,29.8,0,RED,50
2024-01-10 03:00:00,Empress_Mall_Sq,81,51.2,LOW,Clouds,30.8,0,GREEN,47
2024-01-10 04:00:00,Sitabuldi_Sq,146,33.8,MEDIUM,Clouds,28.2,0,RED,87
2024-01-10 04:00:00,Zero_Mile,121,35.6,MEDIUM,Clear,27.8,0,GREEN,54
2024-01-10 04:00:00,Kasturchand_Park,114,43.2,LOW,Clear,26.8,0.45,RED,59
2024-01-10 04:00:00,Variety_Sq,163,29.7,MEDIUM,Clouds,30.1,0.4,YELLOW,86
2024-01-10 04:00:00,LIC_Sq,173,36.5,MEDIUM,Clear,32.3,0,GREEN,65
2024-01-10 04:00:00,Empress_Mall_Sq,167,34.8,MEDIUM,Clear,32.3,0,RED,74
2024-01-10 05:00:00,Sitabuldi_Sq,128,39.3,MEDIUM,Clear,27.0,0,YELLOW,72
2024-01-10 05:00:00,Zero_Mile,99,48.5,LOW,Clear,28.9,0,RED,42
2024-01-10 05:00:00,Kasturchand_Park,125,42.8,MEDIUM,Clear,29.7,0,GREEN,47
2024-01-10 05:00:00,Variety_Sq,75,51.5,LOW,Clear,30.4,0.37,YELLOW,31
2024-01-10 05:00:00,LIC_Sq,132,41.6,MEDIUM,Clouds,28.0,0,GREEN,69
2024-01-10 05:00:00,Empress_Mall_Sq,79,58.2,LOW,Clear,27.6,0,YELLOW,33
2024-01-10 06:00:00,Sitabuldi_Sq,159,37.7,MEDIUM,Clear,29.0,0,YELLOW,80
2024-01-10 06:00:00,Zero_Mile,108,42.8,LOW,Clear,30.7,0,GREEN,75
2024-01-10 06:00:00,Kasturchand_Park,149,38.1,MEDIUM,Clouds,28.0,0,GREEN,72
2024-01-10 06:00:00,Variety_Sq,93,42.9,LOW,Clear,27.9,0,RED,37
2024-01-10 06:00:00,LIC_Sq,87,45.3,LOW,Clouds,26.2,0,RED,36
2024-01-10 06:00:00,Empress_Mall_Sq,31,59.6,LOW,Clear,28.2,0,YELLOW,25
2024-01-10 07:00:00,Sitabuldi_Sq,278,14.9,HIGH,Clear,28.6,0,GREEN,130
2024-01-10 07:00:00,Zero_Mile,272,15.7,HIGH,Clear,30.0,0,RED,131
2024-01-10 07:00:00,Kasturchand_Park,265,19.4,HIGH,Clouds,29.4,0,RED,119
2024-01-10 07:00:00,Variety_Sq,238,21.3,HIGH,Clear,28.9,0,RED,111
2024-01-10 07:00:00,LIC_Sq,221,24.5,HIGH,Rain,29.3,0.94,RED,106
2024-01-10 07:00:00,Empress_Mall_Sq,258,20.0,HIGH,Clear,31.1,0,YELLOW,113
2024-01-10 08:00:00,Sitabuldi_Sq,258,12.5,HIGH,Clear,31.3,0,GREEN,96
2024-01-10 08:00:00,Zero_Mile,248,24.3,HIGH,Clear,30.9,0,YELLOW,135
2024-01-10 08:00:00,Kasturchand_Park,271,18.4,HIGH,Rain,26.6,0.93,RED,107
2024-01-10 08:00:00,Variety_Sq,292,11.3,CRITICAL,Clouds,31.5,0,RED,129
2024-01-10 08:00:00,LIC_Sq,353,5,CRITICAL,Clouds,27.6,0,YELLOW,148
2024-01-10 08:00:00,Empress_Mall_Sq,321,6.8,CRITICAL,Clear,28.4,0,GREEN,142
2024-01-10 09:00:00,Sitabuldi_Sq,331,5,CRITICAL,Clear,33.2,0.08,YELLOW,128
2024-01-10 09:00:00,Zero_Mile,278,5,HIGH,Clear,29.6,0,RED,130
2024-01-10 09:00:00,Kasturchand_Park,242,22.9,HIGH,Clouds,30.4,0,RED,98
2024-01-10 09:00:00,Variety_Sq,251,18.9,HIGH,Clear,32.4,0,GREEN,105
2024-01-10 09:00:00,LIC_Sq,189,36.4,MEDIUM,Clear,29.4,0,RED,73
2024-01-10 09:00:00,Empress_Mall_Sq,279,10.6,HIGH,Clear,26.8,0,YELLOW,121
2024-01-10 10:00:00,Sitabuldi_Sq,109,48.4,LOW,Clouds,29.9,0,RED,59
2024-01-10 10:00:00,Zero_Mile,155,36.2,MEDIUM,Clear,30.1,0,YELLOW,59
2024-01-10 10:00:00,Kasturchand_Park,44,61.4,LOW,Clear,30.0,0,RED,8
2024-01-10 10:00:00,Variety_Sq,157,32.2,MEDIUM,Clear,28.3,0,GREEN,74
2024-01-10 10:00:00,LIC_Sq,189,31.9,MEDIUM,Clear,30.8,0,GREEN,74
2024-01-10 10:00:00,Empress_Mall_Sq,241,19.2,HIGH,Clear,29.8,0,GREEN,135
2024-01-10 11:00:00,Sitabuldi_Sq,136,36.8,MEDIUM,Clouds,31.5,0,RED,71
2024-01-10 11:00:00,Zero_Mile,77,50.8,LOW,Clear,32.5,0,RED,45
2024-01-10 11:00:00,Kasturchand_Park,151,34.3,MEDIUM,Clouds,29.4,0,GREEN,80
2024-01-10 11:00:00,Variety_Sq,126,42.4,MEDIUM,Clear,29.7,0,GREEN,50
2024-01-10 11:00:00,LIC_Sq,111,44.7,LOW,Clear,29.0,0,GREEN,21
2024-01-10 11:00:00,Empress_Mall_Sq,125,48.9,MEDIUM,Clear,28.8,0,RED,68
2024-01-10 12:00:00,Sitabuldi_Sq,127,37.8,MEDIUM,Clear,28.8,0,YELLOW,80
2024-01-10 12:00:00,Zero_Mile,133,40.0,MEDIUM,Clouds,30.5,0,RED,61
2024-01-10 12:00:00,Kasturchand_Park,134,42.6,MEDIUM,Clear,28.8,0.15,YELLOW,50
2024-01-10 12:00:00,Variety_Sq,174,35.8,MEDIUM,Clear,28.3,0,GREEN,84
2024-01-10 12:00:00,LIC_Sq,93,54.4,LOW,Clouds,28.0,0,RED,29
2024-01-10 12:00:00,Empress_Mall_Sq,165,35.2,MEDIUM,Clear,27.6,0,GREEN,65
2024-01-10 13:00:00,Sitabuldi_Sq,123,43.5,MEDIUM,Clear,31.9,0,GREEN,57
2024-01-10 13:00:00,Zero_Mile,127,41.7,MEDIUM,Clouds,30.1,0,RED,60
2024-01-10 13:00:00,Kasturchand_Park,21,62.1,LOW,Clear,28.1,0,RED,19
2024-01-10 13:00:00,Variety_Sq,30,62.4,LOW,Clear,30.9,0,YELLOW,9
2024-01-10 13:00:00,LIC_Sq,112,47.8,LOW,Clear,26.6,0,YELLOW,41
2024-01-10 13:00:00,Empress_Mall_Sq,37,58.8,LOW,Clear,26.6,0,YELLOW,24
2024-01-10 14:00:00,Sitabuldi_Sq,100,48.3,LOW,Clear,27.0,0,GREEN,62
2024-01-10 14:00:00,Zero_Mile,149,37.6,MEDIUM,Clear,27.2,0,YELLOW,74
2024-01-10 14:00:00,Kasturchand_Park,114,45.1,LOW,Clear,30.3,0,GREEN,59
2024-01-10 14:00:00,Variety_Sq,128,44.8,MEDIUM,Clear,30.6,0.34,YELLOW,56
2024-01-10 14:00:00,LIC_Sq,92,50.2,LOW,Clear,25.4,0,GREEN,31
2024-01-10 14:00:00,Empress_Mall_Sq,90,44.4,LOW,Clear,28.4,0,YELLOW,34
2024-01-10 15:00:00,Sitabuldi_Sq,74,47.2,LOW,Clear,31.1,0,RED,39
2024-01-10 15:00:00,Zero_Mile,188,33.5,MEDIUM,Clear,30.0,0,GREEN,88
2024-01-10 15:00:00,Kasturchand_Park,90,47.7,LOW,Clear,27.1,0,RED,25
2024-01-10 15:00:00,Variety_Sq,190,36.5,MEDIUM,Clear,31.9,0,GREEN,88
2024-01-10 15:00:00,LIC_Sq,136,41.1,MEDIUM,Clear,30.6,0,RED,46
2024-01-10 15:00:00,Empress_Mall_Sq,180,35.1,MEDIUM,Clear,28.9,0,RED,81
2024-01-10 16:00:00,Sitabuldi_Sq,370,5,CRITICAL,Clouds,30.9,0,GREEN,173
2024-01-10 16:00:00,Zero_Mile,319,6.1,CRITICAL,Clouds,33.5,0,GREEN,142
2024-01-10 16:00:00,Kasturchand_Park,341,9.7,CRITICAL,Clear,26.6,0,GREEN,169
2024-01-10 16:00:00,Variety_Sq,305,15.3,CRITICAL,Rain,33.3,0.78,RED,130
2024-01-10 16:00:00,LIC_Sq,358,5,CRITICAL,Clear,30.8,0,YELLOW,162
2024-01-10 16:00:00,Empress_Mall_Sq,389,5,CRITICAL,Clear,27.7,0.28,RED,162
2024-01-10 17:00:00,Sitabuldi_Sq,282,12.1,CRITICAL,Clouds,32.5,0,YELLOW,125
2024-01-10 17:00:00,Zero_Mile,325,7.6,CRITICAL,Clear,28.3,0,RED,144
2024-01-10 17:00:00,Kasturchand_Park,295,12.4,CRITICAL,Clear,29.7,0,GREEN,134
2024-01-10 17:00:00,Variety_Sq,327,8.1,CRITICAL,Clear,26.4,0,YELLOW,161
2024-01-10 17:00:00,LIC_Sq,288,15.2,CRITICAL,Clouds,31.5,0,YELLOW,111
2024-01-10 17:00:00,Empress_Mall_Sq,392,5,CRITICAL,Clouds,29.2,0,YELLOW,180
2024-01-10 18:00:00,Sitabuldi_Sq,339,5,CRITICAL,Clear,28.6,0,GREEN,153
2024-01-10 18:00:00,Zero_Mile,394,5,CRITICAL,Clear,31.8,0,RED,186
2024-01-10 18:00:00,Kasturchand_Park,344,5,CRITICAL,Clear,30.0,0,GREEN,162
2024-01-10 18:00:00,Variety_Sq,320,10.2,CRITICAL,Clouds,30.1,0,RED,146
2024-01-10 18:00:00,LIC_Sq,333,5,CRITICAL,Clear,29.1,0,GREEN,134
2024-01-10 18:00:00,Empress_Mall_Sq,229,28.6,HIGH,Clouds,32.4,0,YELLOW,95
2024-01-10 19:00:00,Sitabuldi_Sq,303,9.5,CRITICAL,Clouds,27.6,0,RED,143
2024-01-10 19:00:00,Zero_Mile,255,20.5,HIGH,Clouds,32.9,0,GREEN,101
2024-01-10 19:00:00,Kasturchand_Park,272,18.6,HIGH,Clear,33.6,0,GREEN,131
2024-01-10 19:00:00,Variety_Sq,261,17.6,HIGH,Clear,30.2,0,RED,118
2024-01-10 19:00:00,LIC_Sq,314,7.9,CRITICAL,Clear,29.7,0,GREEN,149
2024-01-10 19:00:00,Empress_Mall_Sq,369,5,CRITICAL,Clear,26.6,0,GREEN,166
2024-01-10 20:00:00,Sitabuldi_Sq,139,31.6,MEDIUM,Clear,27.0,0,GREEN,65
2024-01-10 20:00:00,Zero_Mile,139,44.4,MEDIUM,Clear,31.7,0,YELLOW,55
2024-01-10 20:00:00,Kasturchand_Park,160,33.4,MEDIUM,Clear,29.7,0,YELLOW,84
2024-01-10 20:00:00,Variety_Sq,173,28.8,MEDIUM,Clear,28.7,0,GREEN,75
2024-01-10 20:00:00,LIC_Sq,144,41.6,MEDIUM,Clouds,30.7,0,YELLOW,96
2024-01-10 20:00:00,Empress_Mall_Sq,113,36.6,LOW,Clear,27.4,0,YELLOW,63
2024-01-10 21:00:00,Sitabuldi_Sq,144,40.6,MEDIUM,Clear,27.8,0,YELLOW,55
2024-01-10 21:00:00,Zero_Mile,159,42.2,MEDIUM,Clear,28.5,0,RED,78
2024-01-10 21:00:00,Kasturchand_Park,115,45.1,LOW,Clear,27.7,0,RED,50
2024-01-10 21:00:00,Variety_Sq,55,52.9,LOW,Clear,29.0,0.2,YELLOW,33
2024-01-10 21:00:00,LIC_Sq,168,38.9,MEDIUM,Clear,29.0,0,GREEN,71
2024-01-10 21:00:00,Empress_Mall_Sq,189,29.0,MEDIUM,Clouds,29.9,0,RED,84
2024-01-10 22:00:00,Sitabuldi_Sq,120,43.3,LOW,Clear,29.5,0,YELLOW,49
2024-01-10 22:00:00,Zero_Mile,197,33.3,MEDIUM,Clear,28.9,0,RED,98
2024-01-10 22:00:00,Kasturchand_Park,170,33.3,MEDIUM,Clear,29.1,0,YELLOW,65
2024-01-10 22:00:00,Variety_Sq,177,30.9,MEDIUM,Clear,30.9,0,GREEN,91
2024-01-10 22:00:00,LIC_Sq,94,43.9,LOW,Clear,28.4,0,GREEN,39
2024-01-10 22:00:00,Empress_Mall_Sq,95,46.2,LOW,Clouds,30.2,0,GREEN,52
2024-01-10 23:00:00,Sitabuldi_Sq,100,42.6,LOW,Clouds,32.4,0,YELLOW,36
2024-01-10 23:00:00,Zero_Mile,132,40.5,MEDIUM,Clear,27.4,0,YELLOW,57
2024-01-10 23:00:00,Kasturchand_Park,125,47.5,MEDIUM,Rain,30.1,0.69,GREEN,73
2024-01-10 23:00:00,Variety_Sq,86,48.1,LOW,Clouds,26.4,0,RED,23
2024-01-10 23:00:00,LIC_Sq,161,39.2,MEDIUM,Clear,26.2,0,GREEN,76
2024-01-10 23:00:00,Empress_Mall_Sq,190,32.7,MEDIUM,Clouds,28.5,0,GREEN,76
2024-01-11 00:00:00,Sitabuldi_Sq,124,45.6,MEDIUM,Clear,31.5,0,YELLOW,52
2024-01-11 00:00:00,Zero_Mile,74,51.5,LOW,Clear,27.4,0,RED,38
2024-01-11 00:00:00,Kasturchand_Park,92,47.1,LOW,Clear,25.1,0,GREEN,42
2024-01-11 00:00:00,Variety_Sq,134,39.7,MEDIUM,Clear,29.1,0.16,RED,71
2024-01-11 00:00:00,LIC_Sq,49,60.5,LOW,Clouds,29.0,0,YELLOW,32
2024-01-11 00:00:00,Empress_Mall_Sq,116,48.2,LOW,Clouds,27.0,0.27,YELLOW,57
2024-01-11 01:00:00,Sitabuldi_Sq,122,42.0,MEDIUM,Clear,28.7,0,YELLOW,46
2024-01-11 01:00:00,Zero_Mile,124,45.9,MEDIUM,Clouds,31.3,0,RED,42
2024-01-11 01:00:00,Kasturchand_Park,167,32.2,MEDIUM,Clouds,30.8,0,RED,78
2024-01-11 01:00:00,Variety_Sq,176,34.2,MEDIUM,Clear,28.5,0,GREEN,70
2024-01-11 01:00:00,LIC_Sq,57,55.7,LOW,Clear,28.8,0,YELLOW,53
2024-01-11 01:00:00,Empress_Mall_Sq,141,45.9,MEDIUM,Clouds,27.3,0,YELLOW,61
2024-01-11 02:00:00,Sitabuldi_Sq,112,42.2,LOW,Clear,28.9,0,RED,33
2024-01-11 02:00:00,Zero_Mile,133,40.5,MEDIUM,Clear,30.9,0,GREEN,50
2024-01-11 02:00:00,Kasturchand_Park,38,55.0,LOW,Clear,30.1,0,YELLOW,25
2024-01-11 02:00:00,Variety_Sq,109,45.9,LOW,Clear,29.1,0,RED,41
2024-01-11 02:00:00,LIC_Sq,161,34.6,MEDIUM,Clear,30.1,0,GREEN,44
2024-01-11 02:00:00,Empress_Mall_Sq,185,35.5,MEDIUM,Clear,29.4,0,GREEN,73
2024-01-11 03:00:00,Sitabuldi_Sq,104,45.3,LOW,Clear,30.2,0,GREEN,43
2024-01-11 03:00:00,Zero_Mile,151,36.6,MEDIUM,Clear,29.1,0,GREEN,58
2024-01-11 03:00:00,Kasturchand_Park,135,44.0,MEDIUM,Clear,29.1,0,YELLOW,54
2024-01-11 03:00:00,Variety_Sq,129,40.0,MEDIUM,Clouds,27.3,0,GREEN,51
2024-01-11 03:00:00,LIC_Sq,149,36.4,MEDIUM,Clouds,27.6,0.34,YELLOW,64
2024-01-11 03:00:00,Empress_Mall_Sq,32,57.3,LOW,Clear,29.5,0,YELLOW,5
2024-01-11 04:00:00,Sitabuldi_Sq,119,46.8,LOW,Clear,26.8,0,GREEN,62
2024-01-11 04:00:00,Zero_Mile,83,50.6,LOW,Clear,28.1,0.08,GREEN,50
2024-01-11 04:00:00,Kasturchand_Park,134,38.6,MEDIUM,Clear,30.7,0,GREEN,51
2024-01-11 04:00:00,Variety_Sq,135,40.5,MEDIUM,Clear,26.2,0,RED,51
2024-01-11 04:00:00,LIC_Sq,83,47.5,LOW,Clear,31.8,0,YELLOW,29
2024-01-11 04:00:00,Empress_Mall_Sq,155,37.6,MEDIUM,Clouds,29.6,0,YELLOW,78
2024-01-11 05:00:00,Sitabuldi_Sq,134,38.4,MEDIUM,Clear,29.9,0,YELLOW,64
2024-01-11 05:00:00,Zero_Mile,71,50.7,LOW,Rain,26.5,1.21,YELLOW,29
2024-01-11 05:00:00,Kasturchand_Park,113,37.8,LOW,Clear,31.4,0,GREEN,60
2024-01-11 05:00:00,Variety_Sq,148,36.5,MEDIUM,Clear,28.0,0,GREEN,68
2024-01-11 05:00:00,LIC_Sq,118,48.9,LOW,Clear,30.3,0,GREEN,42
2024-01-11 05:00:00,Empress_Mall_Sq,161,35.1,MEDIUM,Clear,29.5,0,GREEN,62
2024-01-11 06:00:00,Sitabuldi_Sq,138,41.3,MEDIUM,Clear,30.4,0,GREEN,56
2024-01-11 06:00:00,Zero_Mile,149,38.3,MEDIUM,Clear,30.6,0,YELLOW,75
2024-01-11 06:00:00,Kasturchand_Park,20,57.6,LOW,Clouds,32.9,0,GREEN,10
2024-01-11 06:00:00,Variety_Sq,89,49.9,LOW,Clear,28.6,0,GREEN,52
2024-01-11 06:00:00,LIC_Sq,84,47.8,LOW,Clear,30.3,0,RED,40
2024-01-11 06:00:00,Empress_Mall_Sq,99,41.9,LOW,Clear,32.9,0,RED,32
2024-01-11 07:00:00,Sitabuldi_Sq,286,11.1,CRITICAL,Clear,28.3,0,YELLOW,118
2024-01-11 07:00:00,Zero_Mile,309,11.1,CRITICAL,Clouds,25.6,0,GREEN,152
2024-01-11 07:00:00,Kasturchand_Park,306,6.9,CRITICAL,Rain,28.9,0.6,GREEN,134
2024-01-11 07:00:00,Variety_Sq,210,31.8,HIGH,Clear,29.3,0,GREEN,103
2024-01-11 07:00:00,LIC_Sq,310,8.7,CRITICAL,Clear,32.4,0,RED,157
2024-01-11 07:00:00,Empress_Mall_Sq,308,5,CRITICAL,Clouds,29.8,0,RED,140
2024-01-11 08:00:00,Sitabuldi_Sq,304,6.0,CRITICAL,Clear,29.1,0.1,RED,113
2024-01-11 08:00:00,Zero_Mile,357,5,CRITICAL,Clear,30.7,0,YELLOW,148
2024-01-11 08:00:00,Kasturchand_Park,241,22.9,HIGH,Clouds,29.3,0,YELLOW,96
2024-01-11 08:00:00,Variety_Sq,321,5.1,CRITICAL,Clear,35.7,0,RED,141
2024-01-11 08:00:00,LIC_Sq,212,28.4,HIGH,Clear,31.4,0,YELLOW,96
2024-01-11 08:00:00,Empress_Mall_Sq,285,14.9,CRITICAL,Clear,29.5,0,YELLOW,123
2024-01-11 09:00:00,Sitabuldi_Sq,314,8.1,CRITICAL,Clear,31.3,0,RED,141
2024-01-11 09:00:00,Zero_Mile,273,13.5,HIGH,Clouds,29.0,0,RED,112
2024-01-11 09:00:00,Kasturchand_Park,289,15.7,CRITICAL,Clear,30.1,0,GREEN,118
2024-01-11 09:00:00,Variety_Sq,308,8.9,CRITICAL,Clouds,32.4,0,RED,145
2024-01-11 09:00:00,LIC_Sq,341,5,CRITICAL,Clouds,32.0,0,GREEN,163
2024-01-11 09:00:00,Empress_Mall_Sq,237,23.0,HIGH,Clear,30.1,0,YELLOW,104
2024-01-11 10:00:00,Sitabuldi_Sq,114,45.5,LOW,Clear,34.6,0,RED,70
2024-01-11 10:00:00,Zero_Mile,127,41.3,MEDIUM,Clouds,29.6,0,GREEN,52
2024-01-11 10:00:00,Kasturchand_Park,119,43.8,LOW,Clear,31.5,0,RED,41
2024-01-11 10:00:00,Variety_Sq,148,40.0,MEDIUM,Clear,31.1,0,RED,54
2024-01-11 10:00:00,LIC_Sq,151,40.2,MEDIUM,Clouds,29.1,0,YELLOW,74
2024-01-11 10:00:00,Empress_Mall_Sq,174,34.3,MEDIUM,Clear,30.6,0,YELLOW,67
2024-01-11 11:00:00,Sitabuldi_Sq,98,40.4,LOW,Clouds,27.8,0,YELLOW,53
2024-01-11 11:00:00,Zero_Mile,134,41.4,MEDIUM,Clear,31.0,0,YELLOW,57
2024-01-11 11:00:00,Kasturchand_Park,114,40.8,LOW,Clear,32.7,0,YELLOW,65
2024-01-11 11:00:00,Variety_Sq,77,50.6,LOW,Clouds,29.3,0,GREEN,53
2024-01-11 11:00:00,LIC_Sq,153,29.6,MEDIUM,Clear,29.9,0,RED,77
2024-01-11 11:00:00,Empress_Mall_Sq,111,38.9,LOW,Clear,28.5,0,YELLOW,57
2024-01-11 12:00:00,Sitabuldi_Sq,91,48.8,LOW,Clear,30.0,0,YELLOW,33
2024-01-11 12:00:00,Zero_Mile,122,49.6,MEDIUM,Clear,28.4,0,RED,41
2024-01-11 12:00:00,Kasturchand_Park,113,45.8,LOW,Clear,24.7,0,GREEN,64
2024-01-11 12:00:00,Variety_Sq,186,27.9,MEDIUM,Clear,30.7,0,RED,84
2024-01-11 12:00:00,LIC_Sq,119,42.0,LOW,Clear,31.8,0,GREEN,55
2024-01-11 12:00:00,Empress_Mall_Sq,71,51.9,LOW,Clear,28.1,0.34,RED,32
2024-01-11 13:00:00,Sitabuldi_Sq,153,42.6,MEDIUM,Clear,27.1,0,YELLOW,71
2024-01-11 13:00:00,Zero_Mile,119,50.0,LOW,Clear,27.4,0,RED,52
2024-01-11 13:00:00,Kasturchand_Park,77,49.6,LOW,Clear,26.6,0,GREEN,39
2024-01-11 13:00:00,Variety_Sq,76,54.5,LOW,Clear,28.1,0,YELLOW,26
2024-01-11 13:00:00,LIC_Sq,149,37.8,MEDIUM,Clouds,28.1,0,YELLOW,63
2024-01-11 13:00:00,Empress_Mall_Sq,120,46.6,LOW,Clear,28.1,0,GREEN,50
2024-01-11 14:00:00,Sitabuldi_Sq,151,38.7,MEDIUM,Clear,29.5,0,RED,66
2024-01-11 14:00:00,Zero_Mile,77,47.4,LOW,Clouds,28.5,0,RED,39
2024-01-11 14:00:00,Kasturchand_Park,124,44.5,MEDIUM,Clouds,31.2,0,GREEN,52
2024-01-11 14:00:00,Variety_Sq,108,44.1,LOW,Clouds,30.7,0,GREEN,67
2024-01-11 14:00:00,LIC_Sq,168,33.8,MEDIUM,Clouds,29.8,0,GREEN,74
2024-01-11 14:00:00,Empress_Mall_Sq,100,54.1,LOW,Clear,27.8,0.24,GREEN,58
2024-01-11 15:00:00,Sitabuldi_Sq,88,46.2,LOW,Clear,30.4,0,GREEN,55
2024-01-11 15:00:00,Zero_Mile,117,49.2,LOW,Clouds,29.0,0,RED,57
2024-01-11 15:00:00,Kasturchand_Park,130,40.9,MEDIUM,Clear,32.5,0,GREEN,56
2024-01-11 15:00:00,Variety_Sq,86,43.2,LOW,Clear,31.6,0,YELLOW,46
2024-01-11 15:00:00,LIC_Sq,70,56.6,LOW,Clear,30.3,0.32,YELLOW,38
2024-01-11 15:00:00,Empress_Mall_Sq,135,43.9,MEDIUM,Clouds,28.4,0,YELLOW,61
2024-01-11 16:00:00,Sitabuldi_Sq,379,5,CRITICAL,Clouds,31.8,0,GREEN,164
2024-01-11 16:00:00,Zero_Mile,300,15.4,CRITICAL,Clear,30.4,0,YELLOW,135
2024-01-11 16:00:00,Kasturchand_Park,346,5,CRITICAL,Clouds,28.7,0,YELLOW,152
2024-01-11 16:00:00,Variety_Sq,354,5,CRITICAL,Clouds,30.9,0,RED,174
2024-01-11 16:00:00,LIC_Sq,363,5,CRITICAL,Clear,30.8,0,YELLOW,174
2024-01-11 16:00:00,Empress_Mall_Sq,399,5,CRITICAL,Clear,31.7,0,RED,161
2024-01-11 17:00:00,Sitabuldi_Sq,317,5,CRITICAL,Clear,27.9,0,RED,149
2024-01-11 17:00:00,Zero_Mile,373,5,CRITICAL,Clear,29.6,0,RED,176
2024-01-11 17:00:00,Kasturchand_Park,309,10.4,CRITICAL,Clouds,28.3,0,RED,139
2024-01-11 17:00:00,Variety_Sq,266,19.2,HIGH,Clear,30.4,0,YELLOW,125
2024-01-11 17:00:00,LIC_Sq,293,11.2,CRITICAL,Clear,25.0,0,RED,133
2024-01-11 17:00:00,Empress_Mall_Sq,274,16.1,HIGH,Clear,27.2,0,GREEN,118
2024-01-11 18:00:00,Sitabuldi_Sq,330,7.2,CRITICAL,Clouds,28.0,0,RED,153
2024-01-11 18:00:00,Zero_Mile,342,5,CRITICAL,Clouds,32.9,0,GREEN,177
2024-01-11 18:00:00,Kasturchand_Park,321,5,CRITICAL,Clear,29.7,0,YELLOW,146
2024-01-11 18:00:00,Variety_Sq,310,11.6,CRITICAL,Clouds,32.2,0,YELLOW,151
2024-01-11 18:00:00,LIC_Sq,366,5,CRITICAL,Clear,31.8,0,GREEN,170
2024-01-11 18:00:00,Empress_Mall_Sq,385,5,CRITICAL,Clear,28.8,0,GREEN,169
2024-01-11 19:00:00,Sitabuldi_Sq,348,5,CRITICAL,Clear,30.2,0,RED,146
2024-01-11 19:00:00,Zero_Mile,319,9.8,CRITICAL,Clouds,28.5,0,RED,134
2024-01-11 19:00:00,Kasturchand_Park,267,15.7,HIGH,Clouds,31.8,0,RED,113
2024-01-11 19:00:00,Variety_Sq,296,5,CRITICAL,Clear,30.0,0,GREEN,117
2024-01-11 19:00:00,LIC_Sq,286,14.8,CRITICAL,Clear,28.0,0,YELLOW,138
2024-01-11 19:00:00,Empress_Mall_Sq,327,5.9,CRITICAL,Clouds,31.7,0,GREEN,164
2024-01-11 20:00:00,Sitabuldi_Sq,57,58.0,LOW,Clouds,25.9,0,RED,22
2024-01-11 20:00:00,Zero_Mile,119,46.2,LOW,Clear,29.1,0,RED,58
2024-01-11 20:00:00,Kasturchand_Park,141,37.9,MEDIUM,Clear,30.4,0,YELLOW,75
2024-01-11 20:00:00,Variety_Sq,123,46.2,MEDIUM,Clear,27.2,0,GREEN,56
2024-01-11 20:00:00,LIC_Sq,105,46.6,LOW,Clouds,29.9,0,GREEN,48
2024-01-11 20:00:00,Empress_Mall_Sq,21,64.3,LOW,Clear,31.8,0,RED,12
2024-01-11 21:00:00,Sitabuldi_Sq,171,38.9,MEDIUM,Clear,29.5,0.03,RED,73
2024-01-11 21:00:00,Zero_Mile,39,53.9,LOW,Clear,29.3,0,GREEN,25
2024-01-11 21:00:00,Kasturchand_Park,157,39.1,MEDIUM,Clear,25.1,0,RED,63
2024-01-11 21:00:00,Variety_Sq,124,47.0,MEDIUM,Clouds,28.3,0,GREEN,37
2024-01-11 21:00:00,LIC_Sq,108,44.8,LOW,Clear,30.9,0,GREEN,64
2024-01-11 21:00:00,Empress_Mall_Sq,122,41.8,MEDIUM,Clouds,27.4,0,RED,49
2024-01-11 22:00:00,Sitabuldi_Sq,124,38.6,MEDIUM,Clouds,26.6,0,RED,58
2024-01-11 22:00:00,Zero_Mile,150,35.8,MEDIUM,Clear,28.8,0,YELLOW,67
2024-01-11 22:00:00,Kasturchand_Park,169,35.8,MEDIUM,Clear,32.3,0.07,GREEN,82
2024-01-11 22:00:00,Variety_Sq,135,36.9,MEDIUM,Clear,29.9,0,RED,51
2024-01-11 22:00:00,LIC_Sq,183,31.0,MEDIUM,Clouds,26.4,0,GREEN,67
2024-01-11 22:00:00,Empress_Mall_Sq,137,40.3,MEDIUM,Clear,30.1,0,RED,56
2024-01-11 23:00:00,Sitabuldi_Sq,213,30.4,HIGH,Clear,32.1,0,RED,109
2024-01-11 23:00:00,Zero_Mile,100,47.0,LOW,Clear,27.9,0,RED,41
2024-01-11 23:00:00,Kasturchand_Park,138,37.9,MEDIUM,Clouds,32.1,0,YELLOW,68
2024-01-11 23:00:00,Variety_Sq,151,33.7,MEDIUM,Clear,31.1,0,YELLOW,57
2024-01-11 23:00:00,LIC_Sq,182,36.7,MEDIUM,Clear,29.0,0,YELLOW,76
2024-01-11 23:00:00,Empress_Mall_Sq,96,50.3,LOW,Clouds,26.7,0,RED,29
2024-01-12 00:00:00,Sitabuldi_Sq,148,42.9,MEDIUM,Clouds,32.0,0,RED,67
2024-01-12 00:00:00,Zero_Mile,78,56.8,LOW,Clouds,31.9,0,RED,26
2024-01-12 00:00:00,Kasturchand_Park,74,56.1,LOW,Clear,30.7,0,YELLOW,51
2024-01-12 00:00:00,Variety_Sq,106,55.2,LOW,Clear,26.9,0,YELLOW,27
2024-01-12 00:00:00,LIC_Sq,133,41.4,MEDIUM,Clear,29.4,0.23,GREEN,56
2024-01-12 00:00:00,Empress_Mall_Sq,185,34.5,MEDIUM,Clear,31.5,0,YELLOW,90
2024-01-12 01:00:00,Sitabuldi_Sq,106,51.7,LOW,Clear,28.0,0,RED,34
2024-01-12 01:00:00,Zero_Mile,139,38.9,MEDIUM,Clouds,33.1,0,YELLOW,61
2024-01-12 01:00:00,Kasturchand_Park,57,58.0,LOW,Clear,29.5,0,YELLOW,22
2024-01-12 01:00:00,Variety_Sq,117,45.8,LOW,Clear,32.5,0,YELLOW,56
2024-01-12 01:00:00,LIC_Sq,118,38.0,LOW,Clear,31.5,0,YELLOW,53
2024-01-12 01:00:00,Empress_Mall_Sq,128,40.9,MEDIUM,Clouds,30.7,0,GREEN,55
2024-01-12 02:00:00,Sitabuldi_Sq,141,43.3,MEDIUM,Clouds,33.2,0,RED,59
2024-01-12 02:00:00,Zero_Mile,40,59.3,LOW,Clear,31.5,0,GREEN,15
2024-01-12 02:00:00,Kasturchand_Park,118,38.8,LOW,Clouds,29.2,0,YELLOW,62
2024-01-12 02:00:00,Variety_Sq,108,47.5,LOW,Clouds,31.5,0,YELLOW,67
2024-01-12 02:00:00,LIC_Sq,103,46.9,LOW,Clear,28.7,0,YELLOW,53
2024-01-12 02:00:00,Empress_Mall_Sq,110,43.5,LOW,Clear,32.4,0,YELLOW,45
2024-01-12 03:00:00,Sitabuldi_Sq,67,54.7,LOW,Clear,29.2,0,YELLOW,22
2024-01-12 03:00:00,Zero_Mile,154,32.6,MEDIUM,Clear,32.8,0,GREEN,78
2024-01-12 03:00:00,Kasturchand_Park,162,34.1,MEDIUM,Clear,28.3,0,YELLOW,64
2024-01-12 03:00:00,Variety_Sq,81,53.2,LOW,Clear,32.9,0,GREEN,39
2024-01-12 03:00:00,LIC_Sq,144,41.9,MEDIUM,Clear,27.6,0,GREEN,83
2024-01-12 03:00:00,Empress_Mall_Sq,94,48.5,LOW,Clear,33.5,0,RED,44
2024-01-12 04:00:00,Sitabuldi_Sq,114,41.1,LOW,Clear,30.0,0,RED,67
2024-01-12 04:00:00,Zero_Mile,87,56.9,LOW,Clear,32.3,0,RED,27
2024-01-12 04:00:00,Kasturchand_Park,91,49.7,LOW,Clouds,27.5,0,RED,34
2024-01-12 04:00:00,Variety_Sq,198,24.3,MEDIUM,Clear,31.1,0,GREEN,86
2024-01-12 04:00:00,LIC_Sq,83,45.5,LOW,Clouds,30.7,0,RED,38
2024-01-12 04:00:00,Empress_Mall_Sq,96,48.2,LOW,Clear,31.0,0,GREEN,43
2024-01-12 05:00:00,Sitabuldi_Sq,151,43.3,MEDIUM,Clear,26.9,0,RED,74
2024-01-12 05:00:00,Zero_Mile,143,39.3,MEDIUM,Clouds,31.9,0,RED,71
2024-01-12 05:00:00,Kasturchand_Park,82,45.3,LOW,Clouds,29.0,0,RED,37
2024-01-12 05:00:00,Variety_Sq,98,51.8,LOW,Clear,27.7,0,RED,41
2024-01-12 05:00:00,LIC_Sq,129,37.9,MEDIUM,Clouds,25.2,0.24,RED,53
2024-01-12 05:00:00,Empress_Mall_Sq,80,55.3,LOW,Clear,27.3,0,GREEN,25
2024-01-12 06:00:00,Sitabuldi_Sq,107,45.7,LOW,Clouds,29.6,0,GREEN,52
2024-01-12 06:00:00,Zero_Mile,111,47.9,LOW,Clear,30.1,0,GREEN,47
2024-01-12 06:00:00,Kasturchand_Park,81,52.6,LOW,Clear,32.7,0,YELLOW,47
2024-01-12 06:00:00,Variety_Sq,166,31.0,MEDIUM,Clear,31.6,0,RED,75
2024-01-12 06:00:00,LIC_Sq,178,33.3,MEDIUM,Clear,28.9,0,RED,79
2024-01-12 06:00:00,Empress_Mall_Sq,100,41.8,LOW,Clear,29.8,0,GREEN,49
2024-01-12 07:00:00,Sitabuldi_Sq,276,19.0,HIGH,Clear,29.6,0,YELLOW,129
2024-01-12 07:00:00,Zero_Mile,309,7.7,CRITICAL,Clear,29.2,0,RED,136
2024-01-12 07:00:00,Kasturchand_Park,283,19.9,CRITICAL,Clouds,30.9,0,RED,119
2024-01-12 07:00:00,Variety_Sq,257,17.4,HIGH,Clear,31.3,0,GREEN,119
2024-01-12 07:00:00,LIC_Sq,313,6.3,CRITICAL,Rain,30.4,0.62,YELLOW,151
2024-01-12 07:00:00,Empress_Mall_Sq,277,12.9,HIGH,Clear,30.7,0,RED,126
2024-01-12 08:00:00,Sitabuldi_Sq,308,7.8,CRITICAL,Clear,27.2,0,YELLOW,142
2024-01-12 08:00:00,Zero_Mile,302,7.1,CRITICAL,Clear,31.6,0.11,GREEN,132
2024-01-12 08:00:00,Kasturchand_Park,207,21.5,HIGH,Rain,33.7,0.75,RED,85
2024-01-12 08:00:00,Variety_Sq,259,19.5,HIGH,Clouds,29.8,0,RED,100
2024-01-12 08:00:00,LIC_Sq,349,5,CRITICAL,Clear,24.0,0,GREEN,143
2024-01-12 08:00:00,Empress_Mall_Sq,275,14.6,HIGH,Clouds,28.6,0,YELLOW,120
2024-01-12 09:00:00,Sitabuldi_Sq,285,11.3,CRITICAL,Clear,28.6,0,RED,116
2024-01-12 09:00:00,Zero_Mile,307,9.8,CRITICAL,Clear,30.5,0,YELLOW,123
2024-01-12 09:00:00,Kasturchand_Park,268,18.7,HIGH,Clouds,31.6,0.05,YELLOW,116
2024-01-12 09:00:00,Variety_Sq,207,24.2,HIGH,Clear,31.2,0,RED,84
2024-01-12 09:00:00,LIC_Sq,267,15.1,HIGH,Clear,31.7,0,YELLOW,123
2024-01-12 09:00:00,Empress_Mall_Sq,339,5,CRITICAL,Clear,31.2,0,RED,162
2024-01-12 10:00:00,Sitabuldi_Sq,141,43.9,MEDIUM,Clear,31.5,0,RED,63
2024-01-12 10:00:00,Zero_Mile,76,55.4,LOW,Clear,30.4,0,GREEN,5
2024-01-12 10:00:00,Kasturchand_Park,175,33.5,MEDIUM,Clear,28.2,0,RED,69
2024-01-12 10:00:00,Variety_Sq,155,32.5,MEDIUM,Clear,27.5,0.31,GREEN,100
2024-01-12 10:00:00,LIC_Sq,165,31.5,MEDIUM,Clear,35.4,0,GREEN,71
2024-01-12 10:00:00,Empress_Mall_Sq,72,54.0,LOW,Clear,29.1,0.43,RED,48
2024-01-12 11:00:00,Sitabuldi_Sq,103,42.8,LOW,Clear,29.8,0,RED,46
2024-01-12 11:00:00,Zero_Mile,87,52.7,LOW,Clouds,33.3,0,YELLOW,47
2024-01-12 11:00:00,Kasturchand_Park,60,57.3,LOW,Clear,33.7,0,YELLOW,37
2024-01-12 11:00:00,Variety_Sq,113,46.8,LOW,Clear,30.1,0,RED,62
2024-01-12 11:00:00,LIC_Sq,145,41.4,MEDIUM,Clear,29.3,0,RED,60
2024-01-12 11:00:00,Empress_Mall_Sq,123,46.9,MEDIUM,Clear,30.3,0,GREEN,48
2024-01-12 12:00:00,Sitabuldi_Sq,118,39.1,LOW,Clear,30.7,0,GREEN,51
2024-01-12 12:00:00,Zero_Mile,94,46.4,LOW,Clear,34.0,0,GREEN,42
2024-01-12 12:00:00,Kasturchand_Park,174,36.0,MEDIUM,Clouds,24.7,0,GREEN,71
2024-01-12 12:00:00,Variety_Sq,98,47.5,LOW,Clear,33.1,0,YELLOW,28
2024-01-12 12:00:00,LIC_Sq,199,29.0,MEDIUM,Clear,31.8,0,GREEN,93
2024-01-12 12:00:00,Empress_Mall_Sq,108,41.6,LOW,Clear,33.0,0,GREEN,47
2024-01-12 13:00:00,Sitabuldi_Sq,109,48.3,LOW,Clear,31.4,0,YELLOW,33
2024-01-12 13:00:00,Zero_Mile,90,46.5,LOW,Clear,30.1,0,YELLOW,35
2024-01-12 13:00:00,Kasturchand_Park,120,41.9,LOW,Clear,30.9,0,RED,63
2024-01-12 13:00:00,Variety_Sq,124,44.0,MEDIUM,Clear,29.4,0,GREEN,52
2024-01-12 13:00:00,LIC_Sq,121,40.5,MEDIUM,Clouds,29.2,0,RED,46
2024-01-12 13:00:00,Empress_Mall_Sq,63,50.8,LOW,Clear,30.9,0,RED,34
2024-01-12 14:00:00,Sitabuldi_Sq,112,42.3,LOW,Clear,29.3,0,YELLOW,37
2024-01-12 14:00:00,Zero_Mile,101,51.6,LOW,Clear,29.5,0,YELLOW,40
2024-01-12 14:00:00,Kasturchand_Park,130,47.4,MEDIUM,Clear,28.9,0,YELLOW,38
2024-01-12 14:00:00,Variety_Sq,115,40.8,LOW,Clear,31.4,0,RED,62
2024-01-12 14:00:00,LIC_Sq,184,29.0,MEDIUM,Clear,29.6,0,RED,90
2024-01-12 14:00:00,Empress_Mall_Sq,86,49.9,LOW,Clear,29.7,0,RED,36
2024-01-12 15:00:00,Sitabuldi_Sq,146,35.0,MEDIUM,Clear,27.8,0.19,YELLOW,76
2024-01-12 15:00:00,Zero_Mile,183,28.9,MEDIUM,Clouds,31.9,0,GREEN,67
2024-01-12 15:00:00,Kasturchand_Park,113,45.2,LOW,Clouds,26.4,0,YELLOW,33
2024-01-12 15:00:00,Variety_Sq,148,35.3,MEDIUM,Clear,33.0,0,GREEN,75
2024-01-12 15:00:00,LIC_Sq,117,48.9,LOW,Clear,28.8,0,RED,39
2024-01-12 15:00:00,Empress_Mall_Sq,169,42.1,MEDIUM,Clear,29.7,0,GREEN,84
2024-01-12 16:00:00,Sitabuldi_Sq,327,5.3,CRITICAL,Clear,29.4,0,RED,153
2024-01-12 16:00:00,Zero_Mile,261,18.8,HIGH,Clouds,30.2,0,GREEN,108
2024-01-12 16:00:00,Kasturchand_Park,267,18.2,HIGH,Clouds,32.0,0,GREEN,127
2024-01-12 16:00:00,Variety_Sq,240,18.9,HIGH,Clouds,33.1,0,YELLOW,121
2024-01-12 16:00:00,LIC_Sq,276,13.1,HIGH,Clear,33.2,0,GREEN,124
2024-01-12 16:00:00,Empress_Mall_Sq,288,16.2,CRITICAL,Clear,29.3,0,RED,143
2024-01-12 17:00:00,Sitabuldi_Sq,301,14.6,CRITICAL,Clear,29.1,0,RED,145
2024-01-12 17:00:00,Zero_Mile,394,5,CRITICAL,Clear,27.5,0,YELLOW,176
2024-01-12 17:00:00,Kasturchand_Park,279,21.2,HIGH,Clouds,27.2,0,GREEN,130
2024-01-12 17:00:00,Variety_Sq,312,6.8,CRITICAL,Clouds,28.1,0,RED,140
2024-01-12 17:00:00,LIC_Sq,334,5,CRITICAL,Clear,29.0,0,GREEN,142
2024-01-12 17:00:00,Empress_Mall_Sq,342,5,CRITICAL,Clear,32.6,0,RED,174
2024-01-12 18:00:00,Sitabuldi_Sq,315,6.0,CRITICAL,Clear,31.9,0,GREEN,137
2024-01-12 18:00:00,Zero_Mile,287,17.9,CRITICAL,Clear,30.7,0,RED,121
2024-01-12 18:00:00,Kasturchand_Park,404,5,CRITICAL,Clouds,31.8,0,RED,185
2024-01-12 18:00:00,Variety_Sq,310,8.6,CRITICAL,Clouds,29.5,0,RED,132
2024-01-12 18:00:00,LIC_Sq,351,5,CRITICAL,Clear,28.0,0,YELLOW,166
2024-01-12 18:00:00,Empress_Mall_Sq,231,23.3,HIGH,Clear,31.1,0,YELLOW,108
2024-01-12 19:00:00,Sitabuldi_Sq,227,20.1,HIGH,Clear,33.2,0,YELLOW,96
2024-01-12 19:00:00,Zero_Mile,277,15.3,HIGH,Clear,28.4,0,RED,123
2024-01-12 19:00:00,Kasturchand_Park,347,5,CRITICAL,Clear,30.6,0,GREEN,157
2024-01-12 19:00:00,Variety_Sq,269,19.4,HIGH,Clear,28.0,0,YELLOW,112
2024-01-12 19:00:00,LIC_Sq,323,7.0,CRITICAL,Clouds,28.3,0,GREEN,162
2024-01-12 19:00:00,Empress_Mall_Sq,319,10.8,CRITICAL,Clear,27.6,0,YELLOW,132
2024-01-12 20:00:00,Sitabuldi_Sq,172,35.5,MEDIUM,Clear,29.0,0,YELLOW,69
2024-01-12 20:00:00,Zero_Mile,172,33.8,MEDIUM,Clouds,32.6,0,RED,70
2024-01-12 20:00:00,Kasturchand_Park,87,51.0,LOW,Clear,26.3,0.48,GREEN,38
2024-01-12 20:00:00,Variety_Sq,198,27.8,MEDIUM,Clear,28.7,0,GREEN,100
2024-01-12 20:00:00,LIC_Sq,114,40.6,LOW,Clear,33.3,0,GREEN,48
2024-01-12 20:00:00,Empress_Mall_Sq,79,49.3,LOW,Clear,29.1,0,YELLOW,40
2024-01-12 21:00:00,Sitabuldi_Sq,79,52.3,LOW,Clear,31.3,0,YELLOW,18
2024-01-12 21:00:00,Zero_Mile,139,41.3,MEDIUM,Clear,28.0,0,GREEN,62
2024-01-12 21:00:00,Kasturchand_Park,155,37.2,MEDIUM,Clear,32.2,0,YELLOW,85
2024-01-12 21:00:00,Variety_Sq,62,55.0,LOW,Clear,30.2,0,YELLOW,14
2024-01-12 21:00:00,LIC_Sq,159,40.6,MEDIUM,Clear,30.2,0.3,YELLOW,81
2024-01-12 21:00:00,Empress_Mall_Sq,62,53.2,LOW,Clear,30.5,0,GREEN,24
2024-01-12 22:00:00,Sitabuldi_Sq,97,45.4,LOW,Clouds,30.6,0,RED,40
2024-01-12 22:00:00,Zero_Mile,137,45.6,MEDIUM,Rain,33.3,0.66,GREEN,47
2024-01-12 22:00:00,Kasturchand_Park,88,51.4,LOW,Clear,28.8,0,GREEN,43
2024-01-12 22:00:00,Variety_Sq,166,34.4,MEDIUM,Clouds,27.8,0,RED,69
2024-01-12 22:00:00,LIC_Sq,117,41.1,LOW,Clouds,32.0,0,YELLOW,52
2024-01-12 22:00:00,Empress_Mall_Sq,100,48.8,LOW,Clear,31.6,0.36,RED,29
2024-01-12 23:00:00,Sitabuldi_Sq,166,33.5,MEDIUM,Rain,31.2,0.68,GREEN,69
2024-01-12 23:00:00,Zero_Mile,136,40.5,MEDIUM,Clear,28.7,0,RED,53
2024-01-12 23:00:00,Kasturchand_Park,109,39.0,LOW,Clouds,33.6,0,YELLOW,54
2024-01-12 23:00:00,Variety_Sq,154,41.1,MEDIUM,Clear,29.9,0,YELLOW,65
2024-01-12 23:00:00,LIC_Sq,105,50.1,LOW,Clear,30.8,0,GREEN,37
2024-01-12 23:00:00,Empress_Mall_Sq,116,38.7,LOW,Rain,31.6,0.93,RED,58
2024-01-13 00:00:00,Sitabuldi_Sq,117,41.6,LOW,Clear,31.2,0,GREEN,54
2024-01-13 00:00:00,Zero_Mile,79,51.4,LOW,Clear,29.7,0,YELLOW,44
2024-01-13 00:00:00,Kasturchand_Park,89,48.7,LOW,Clear,28.8,0,GREEN,45
2024-01-13 00:00:00,Variety_Sq,112,47.1,LOW,Clouds,34.0,0,YELLOW,48
2024-01-13 00:00:00,LIC_Sq,78,50.9,LOW,Clear,25.8,0,YELLOW,38
2024-01-13 00:00:00,Empress_Mall_Sq,41,60.7,LOW,Clear,29.6,0,GREEN,7
2024-01-13 01:00:00,Sitabuldi_Sq,111,47.6,LOW,Clear,30.4,0,YELLOW,44
2024-01-13 01:00:00,Zero_Mile,20,65.0,LOW,Clear,31.2,0,RED,13
2024-01-13 01:00:00,Kasturchand_Park,67,49.7,LOW,Clouds,28.0,0,GREEN,23
2024-01-13 01:00:00,Variety_Sq,59,56.9,LOW,Clear,32.0,0,RED,39
2024-01-13 01:00:00,LIC_Sq,29,55.8,LOW,Clear,30.4,0,GREEN,12
2024-01-13 01:00:00,Empress_Mall_Sq,96,50.0,LOW,Clear,28.0,0,YELLOW,38
2024-01-13 02:00:00,Sitabuldi_Sq,20,66.7,LOW,Clear,28.6,0,YELLOW,11
2024-01-13 02:00:00,Zero_Mile,88,42.4,LOW,Clear,27.8,0,RED,57
2024-01-13 02:00:00,Kasturchand_Park,84,46.6,LOW,Clouds,33.3,0,RED,49
2024-01-13 02:00:00,Variety_Sq,69,52.9,LOW,Clear,29.2,0,GREEN,29
2024-01-13 02:00:00,LIC_Sq,46,55.9,LOW,Clear,31.2,0,GREEN,14
2024-01-13 02:00:00,Empress_Mall_Sq,182,30.6,MEDIUM,Clear,31.6,0,GREEN,98
2024-01-13 03:00:00,Sitabuldi_Sq,93,46.5,LOW,Clear,33.3,0,GREEN,43
2024-01-13 03:00:00,Zero_Mile,32,57.8,LOW,Clear,32.4,0,YELLOW,17
2024-01-13 03:00:00,Kasturchand_Park,89,50.5,LOW,Clouds,28.8,0,YELLOW,27
2024-01-13 03:00:00,Variety_Sq,133,46.9,MEDIUM,Clear,27.0,0,RED,47
2024-01-13 03:00:00,LIC_Sq,53,61.6,LOW,Clouds,34.2,0,RED,20
2024-01-13 03:00:00,Empress_Mall_Sq,108,45.6,LOW,Clear,28.4,0,GREEN,45
2024-01-13 04:00:00,Sitabuldi_Sq,116,45.2,LOW,Clear,32.4,0,GREEN,66
2024-01-13 04:00:00,Zero_Mile,59,55.5,LOW,Clear,27.7,0,GREEN,33
2024-01-13 04:00:00,Kasturchand_Park,109,44.8,LOW,Clear,30.9,0,GREEN,45
2024-01-13 04:00:00,Variety_Sq,84,51.5,LOW,Clear,29.8,0,YELLOW,46
2024-01-13 04:00:00,LIC_Sq,122,45.6,MEDIUM,Clouds,27.2,0,YELLOW,57
2024-01-13 04:00:00,Empress_Mall_Sq,60,53.1,LOW,Clear,32.5,0,GREEN,15
2024-01-13 05:00:00,Sitabuldi_Sq,20,65.7,LOW,Clear,31.8,0,YELLOW,16
2024-01-13 05:00:00,Zero_Mile,108,43.0,LOW,Rain,29.4,0.59,RED,45
2024-01-13 05:00:00,Kasturchand_Park,20,61.7,LOW,Clear,33.9,0,GREEN,5
2024-01-13 05:00:00,Variety_Sq,83,51.7,LOW,Clouds,28.8,0,RED,37
2024-01-13 05:00:00,LIC_Sq,125,41.4,MEDIUM,Clouds,28.7,0,YELLOW,53
2024-01-13 05:00:00,Empress_Mall_Sq,33,55.0,LOW,Clouds,30.1,0,YELLOW,17
2024-01-13 06:00:00,Sitabuldi_Sq,20,58.4,LOW,Clear,28.4,0,GREEN,7
2024-01-13 06:00:00,Zero_Mile,67,48.4,LOW,Clear,28.1,0,RED,42
2024-01-13 06:00:00,Kasturchand_Park,123,38.7,MEDIUM,Clear,28.5,0,YELLOW,54
2024-01-13 06:00:00,Variety_Sq,66,54.5,LOW,Clear,26.3,0,YELLOW,46
2024-01-13 06:00:00,LIC_Sq,51,55.7,LOW,Clouds,27.9,0,RED,28
2024-01-13 06:00:00,Empress_Mall_Sq,129,47.3,MEDIUM,Clear,32.7,0,YELLOW,62
2024-01-13 07:00:00,Sitabuldi_Sq,157,32.2,MEDIUM,Clear,34.5,0,YELLOW,81
2024-01-13 07:00:00,Zero_Mile,195,29.5,MEDIUM,Clear,33.6,0,RED,79
2024-01-13 07:00:00,Kasturchand_Park,171,34.3,MEDIUM,Clear,26.6,0,YELLOW,84
2024-01-13 07:00:00,Variety_Sq,201,28.5,HIGH,Clear,26.3,0,YELLOW,103
2024-01-13 07:00:00,LIC_Sq,220,21.9,HIGH,Clear,31.6,0,RED,104
2024-01-13 07:00:00,Empress_Mall_Sq,257,15.5,HIGH,Clear,33.0,0,GREEN,124
2024-01-13 08:00:00,Sitabuldi_Sq,173,34.8,MEDIUM,Clear,31.7,0,GREEN,74
2024-01-13 08:00:00,Zero_Mile,231,19.7,HIGH,Clouds,31.9,0,RED,87
2024-01-13 08:00:00,Kasturchand_Park,134,41.9,MEDIUM,Clear,29.2,0,YELLOW,66
2024-01-13 08:00:00,Variety_Sq,211,29.5,HIGH,Clear,26.2,0,RED,128
2024-01-13 08:00:00,LIC_Sq,258,19.6,HIGH,Clear,28.7,0,YELLOW,123
2024-01-13 08:00:00,Empress_Mall_Sq,186,33.8,MEDIUM,Clear,29.9,0,GREEN,84
2024-01-13 09:00:00,Sitabuldi_Sq,188,36.9,MEDIUM,Clear,29.2,0,GREEN,50
2024-01-13 09:00:00,Zero_Mile,132,36.3,MEDIUM,Clear,32.1,0,YELLOW,80
2024-01-13 09:00:00,Kasturchand_Park,110,44.8,LOW,Clear,33.6,0,GREEN,40
2024-01-13 09:00:00,Variety_Sq,197,28.3,MEDIUM,Clouds,31.8,0,GREEN,107
2024-01-13 09:00:00,LIC_Sq,91,49.7,LOW,Rain,27.5,1.26,YELLOW,26
2024-01-13 09:00:00,Empress_Mall_Sq,147,38.9,MEDIUM,Clear,31.0,0,YELLOW,53
2024-01-13 10:00:00,Sitabuldi_Sq,151,37.0,MEDIUM,Clear,30.3,0,RED,75
2024-01-13 10:00:00,Zero_Mile,35,58.8,LOW,Clear,31.2,0,GREEN,13
2024-01-13 10:00:00,Kasturchand_Park,114,42.4,LOW,Clear,29.9,0,RED,47
2024-01-13 10:00:00,Variety_Sq,20,58.3,LOW,Clear,29.6,0,GREEN,5
2024-01-13 10:00:00,LIC_Sq,105,45.9,LOW,Clear,27.7,0,YELLOW,50
2024-01-13 10:00:00,Empress_Mall_Sq,92,45.0,LOW,Clear,27.2,0,GREEN,50
2024-01-13 11:00:00,Sitabuldi_Sq,90,48.6,LOW,Clouds,30.1,0,GREEN,27
2024-01-13 11:00:00,Zero_Mile,20,60.5,LOW,Clear,29.9,0,GREEN,5
2024-01-13 11:00:00,Kasturchand_Park,83,49.4,LOW,Clouds,33.0,0,RED,30
2024-01-13 11:00:00,Variety_Sq,20,58.1,LOW,Clouds,28.5,0,RED,15
2024-01-13 11:00:00,LIC_Sq,92,50.8,LOW,Clouds,31.0,0,RED,50
2024-01-13 11:00:00,Empress_Mall_Sq,54,56.5,LOW,Clear,32.9,0,YELLOW,23
2024-01-13 12:00:00,Sitabuldi_Sq,73,58.0,LOW,Clouds,32.4,0,GREEN,37
2024-01-13 12:00:00,Zero_Mile,125,41.7,MEDIUM,Clear,32.0,0.01,GREEN,37
2024-01-13 12:00:00,Kasturchand_Park,47,58.1,LOW,Clouds,32.6,0,GREEN,9
2024-01-13 12:00:00,Variety_Sq,145,35.7,MEDIUM,Clear,28.5,0,GREEN,69
2024-01-13 12:00:00,LIC_Sq,60,55.5,LOW,Clear,28.1,0,GREEN,40
2024-01-13 12:00:00,Empress_Mall_Sq,32,60.2,LOW,Clear,28.4,0,GREEN,19
2024-01-13 13:00:00,Sitabuldi_Sq,121,39.1,MEDIUM,Clear,30.1,0,YELLOW,75
2024-01-13 13:00:00,Zero_Mile,42,60.0,LOW,Clear,27.0,0,GREEN,25
2024-01-13 13:00:00,Kasturchand_Park,90,49.2,LOW,Clear,33.7,0,RED,26
2024-01-13 13:00:00,Variety_Sq,147,41.0,MEDIUM,Clear,26.0,0,YELLOW,76
2024-01-13 13:00:00,LIC_Sq,106,42.2,LOW,Clear,26.4,0,YELLOW,31
2024-01-13 13:00:00,Empress_Mall_Sq,68,53.6,LOW,Clouds,31.7,0,RED,40
2024-01-13 14:00:00,Sitabuldi_Sq,63,51.2,LOW,Clear,31.7,0,RED,18
2024-01-13 14:00:00,Zero_Mile,81,55.6,LOW,Clear,29.9,0,GREEN,33
2024-01-13 14:00:00,Kasturchand_Park,75,50.1,LOW,Clear,32.5,0,YELLOW,23
2024-01-13 14:00:00,Variety_Sq,27,67.8,LOW,Clear,31.0,0,YELLOW,5
2024-01-13 14:00:00,LIC_Sq,60,57.6,LOW,Clouds,27.7,0,GREEN,16
2024-01-13 14:00:00,Empress_Mall_Sq,122,49.0,MEDIUM,Clear,32.9,0,GREEN,60
2024-01-13 15:00:00,Sitabuldi_Sq,89,45.3,LOW,Clouds,28.9,0,RED,54
2024-01-13 15:00:00,Zero_Mile,107,45.8,LOW,Clear,31.5,0,GREEN,30
2024-01-13 15:00:00,Kasturchand_Park,25,64.6,LOW,Clear,31.1,0,RED,12
2024-01-13 15:00:00,Variety_Sq,51,51.5,LOW,Clear,31.5,0,RED,17
2024-01-13 15:00:00,LIC_Sq,73,52.1,LOW,Clouds,30.9,0,RED,24
2024-01-13 15:00:00,Empress_Mall_Sq,77,51.6,LOW,Clouds,29.8,0,YELLOW,31
2024-01-13 16:00:00,Sitabuldi_Sq,210,31.4,HIGH,Clouds,33.3,0,RED,108
2024-01-13 16:00:00,Zero_Mile,233,27.3,HIGH,Clouds,33.1,0,RED,100
2024-01-13 16:00:00,Kasturchand_Park,189,34.8,MEDIUM,Clear,30.8,0,GREEN,88
2024-01-13 16:00:00,Variety_Sq,156,35.7,MEDIUM,Clouds,34.6,0,GREEN,93
2024-01-13 16:00:00,LIC_Sq,239,22.7,HIGH,Clear,32.7,0.39,RED,96
2024-01-13 16:00:00,Empress_Mall_Sq,248,19.6,HIGH,Clear,29.7,0,RED,114
2024-01-13 17:00:00,Sitabuldi_Sq,226,24.8,HIGH,Clear,30.1,0,RED,101
2024-01-13 17:00:00,Zero_Mile,225,25.8,HIGH,Clouds,32.8,0,GREEN,100
2024-01-13 17:00:00,Kasturchand_Park,215,24.4,HIGH,Clouds,28.8,0,YELLOW,78
2024-01-13 17:00:00,Variety_Sq,229,20.0,HIGH,Clear,29.6,0.17,RED,102
2024-01-13 17:00:00,LIC_Sq,193,30.2,MEDIUM,Clouds,29.5,0,GREEN,71
2024-01-13 17:00:00,Empress_Mall_Sq,199,28.9,MEDIUM,Clear,30.7,0,GREEN,89
2024-01-13 18:00:00,Sitabuldi_Sq,201,28.0,HIGH,Clear,29.7,0,YELLOW,89
2024-01-13 18:00:00,Zero_Mile,180,30.7,MEDIUM,Clear,28.4,0,YELLOW,73
2024-01-13 18:00:00,Kasturchand_Park,200,37.4,MEDIUM,Clear,28.6,0,RED,81
2024-01-13 18:00:00,Variety_Sq,206,30.4,HIGH,Clouds,29.4,0,GREEN,67
2024-01-13 18:00:00,LIC_Sq,195,30.4,MEDIUM,Clear,30.4,0,YELLOW,82
2024-01-13 18:00:00,Empress_Mall_Sq,271,9.1,HIGH,Clear,32.0,0,RED,131
2024-01-13 19:00:00,Sitabuldi_Sq,158,37.4,MEDIUM,Clear,32.2,0,GREEN,67
2024-01-13 19:00:00,Zero_Mile,196,27.7,MEDIUM,Clear,30.3,0,YELLOW,94
2024-01-13 19:00:00,Kasturchand_Park,209,24.6,HIGH,Clear,26.2,0,RED,98
2024-01-13 19:00:00,Variety_Sq,206,29.5,HIGH,Clear,32.3,0,YELLOW,101
2024-01-13 19:00:00,LIC_Sq,178,34.0,MEDIUM,Clear,27.9,0,RED,97
2024-01-13 19:00:00,Empress_Mall_Sq,219,28.5,HIGH,Clouds,29.4,0,YELLOW,89
2024-01-13 20:00:00,Sitabuldi_Sq,49,51.5,LOW,Clouds,28.4,0,RED,11
2024-01-13 20:00:00,Zero_Mile,20,62.6,LOW,Clear,33.2,0,YELLOW,25
2024-01-13 20:00:00,Kasturchand_Park,22,60.2,LOW,Clouds,30.9,0.05,RED,27
2024-01-13 20:00:00,Variety_Sq,39,59.5,LOW,Clouds,28.7,0,GREEN,21
2024-01-13 20:00:00,LIC_Sq,100,42.7,LOW,Clear,33.4,0,RED,29
2024-01-13 20:00:00,Empress_Mall_Sq,87,47.6,LOW,Clear,33.5,0,YELLOW,41
2024-01-13 21:00:00,Sitabuldi_Sq,95,44.7,LOW,Clear,31.4,0,GREEN,38
2024-01-13 21:00:00,Zero_Mile,154,41.7,MEDIUM,Clouds,29.6,0,RED,74
2024-01-13 21:00:00,Kasturchand_Park,33,59.6,LOW,Clear,30.3,0,RED,5
2024-01-13 21:00:00,Variety_Sq,56,54.0,LOW,Clear,34.2,0,RED,8
2024-01-13 21:00:00,LIC_Sq,161,35.5,MEDIUM,Clear,31.0,0,GREEN,74
2024-01-13 21:00:00,Empress_Mall_Sq,149,42.7,MEDIUM,Clouds,31.3,0,GREEN,65
2024-01-13 22:00:00,Sitabuldi_Sq,20,68.2,LOW,Clear,27.3,0,RED,9
2024-01-13 22:00:00,Zero_Mile,93,46.7,LOW,Clear,29.6,0,GREEN,53
2024-01-13 22:00:00,Kasturchand_Park,105,46.8,LOW,Clouds,29.3,0,YELLOW,57
2024-01-13 22:00:00,Variety_Sq,136,40.4,MEDIUM,Clear,29.1,0,YELLOW,62
2024-01-13 22:00:00,LIC_Sq,75,54.4,LOW,Clear,30.3,0,YELLOW,48
2024-01-13 22:00:00,Empress_Mall_Sq,91,46.6,LOW,Clear,31.4,0,GREEN,27
2024-01-13 23:00:00,Sitabuldi_Sq,106,50.4,LOW,Clear,28.9,0,YELLOW,45
2024-01-13 23:00:00,Zero_Mile,165,39.1,MEDIUM,Clear,31.6,0,GREEN,88
2024-01-13 23:00:00,Kasturchand_Park,125,42.6,MEDIUM,Clouds,31.3,0,GREEN,53
2024-01-13 23:00:00,Variety_Sq,84,49.9,LOW,Clouds,31.5,0,YELLOW,18
2024-01-13 23:00:00,LIC_Sq,181,30.7,MEDIUM,Clear,28.8,0,GREEN,74
2024-01-13 23:00:00,Empress_Mall_Sq,70,50.5,LOW,Clear,30.0,0,GREEN,49
2024-01-14 00:00:00,Sitabuldi_Sq,79,52.0,LOW,Clear,33.3,0,YELLOW,42
2024-01-14 00:00:00,Zero_Mile,147,42.6,MEDIUM,Clouds,30.0,0,GREEN,57
2024-01-14 00:00:00,Kasturchand_Park,20,58.1,LOW,Clear,31.1,0.39,YELLOW,7
2024-01-14 00:00:00,Variety_Sq,139,39.2,MEDIUM,Clear,30.0,0,GREEN,58
2024-01-14 00:00:00,LIC_Sq,107,49.4,LOW,Clouds,27.9,0,RED,40
2024-01-14 00:00:00,Empress_Mall_Sq,77,53.9,LOW,Clear,30.2,0,RED,35
2024-01-14 01:00:00,Sitabuldi_Sq,78,49.9,LOW,Clear,31.9,0,RED,38
2024-01-14 01:00:00,Zero_Mile,137,42.8,MEDIUM,Clouds,30.2,0,YELLOW,60
2024-01-14 01:00:00,Kasturchand_Park,89,42.4,LOW,Clear,29.3,0,YELLOW,27
2024-01-14 01:00:00,Variety_Sq,101,44.0,LOW,Clear,30.1,0,RED,34
2024-01-14 01:00:00,LIC_Sq,20,60.0,LOW,Clear,30.4,0,RED,15
2024-01-14 01:00:00,Empress_Mall_Sq,45,61.7,LOW,Clear,32.1,0,GREEN,16
2024-01-14 02:00:00,Sitabuldi_Sq,119,47.5,LOW,Clear,29.8,0.05,RED,67
2024-01-14 02:00:00,Zero_Mile,74,49.6,LOW,Clear,31.8,0,GREEN,47
2024-01-14 02:00:00,Kasturchand_Park,156,39.4,MEDIUM,Clear,31.3,0,RED,71
2024-01-14 02:00:00,Variety_Sq,115,39.1,LOW,Clear,30.0,0,RED,58
2024-01-14 02:00:00,LIC_Sq,100,46.4,LOW,Clouds,30.9,0,RED,44
2024-01-14 02:00:00,Empress_Mall_Sq,63,49.7,LOW,Clouds,31.7,0,RED,37
2024-01-14 03:00:00,Sitabuldi_Sq,112,45.0,LOW,Clear,31.8,0,GREEN,62
2024-01-14 03:00:00,Zero_Mile,38,56.0,LOW,Clouds,29.2,0,YELLOW,25
2024-01-14 03:00:00,Kasturchand_Park,92,48.2,LOW,Clear,28.3,0,GREEN,44
2024-01-14 03:00:00,Variety_Sq,150,34.5,MEDIUM,Clouds,27.3,0,RED,51
2024-01-14 03:00:00,LIC_Sq,46,55.5,LOW,Clear,30.6,0,GREEN,25
2024-01-14 03:00:00,Empress_Mall_Sq,63,49.7,LOW,Clear,30.8,0,RED,21
2024-01-14 04:00:00,Sitabuldi_Sq,60,54.1,LOW,Clear,30.2,0,YELLOW,10
2024-01-14 04:00:00,Zero_Mile,27,59.8,LOW,Clear,32.4,0,GREEN,11
2024-01-14 04:00:00,Kasturchand_Park,99,45.1,LOW,Clear,30.5,0,RED,55
2024-01-14 04:00:00,Variety_Sq,122,42.1,MEDIUM,Clear,28.6,0,GREEN,73
2024-01-14 04:00:00,LIC_Sq,130,40.5,MEDIUM,Clouds,32.6,0,YELLOW,69
2024-01-14 04:00:00,Empress_Mall_Sq,63,58.9,LOW,Clouds,26.9,0.43,YELLOW,29
2024-01-14 05:00:00,Sitabuldi_Sq,85,47.8,LOW,Clear,28.6,0,RED,49
2024-01-14 05:00:00,Zero_Mile,76,47.5,LOW,Clouds,29.3,0,YELLOW,33
2024-01-14 05:00:00,Kasturchand_Park,109,43.5,LOW,Clear,29.2,0,RED,52
2024-01-14 05:00:00,Variety_Sq,79,48.1,LOW,Clear,29.6,0,YELLOW,22
2024-01-14 05:00:00,LIC_Sq,60,53.4,LOW,Clear,31.3,0,YELLOW,21
2024-01-14 05:00:00,Empress_Mall_Sq,50,59.5,LOW,Clear,30.8,0,GREEN,5
2024-01-14 06:00:00,Sitabuldi_Sq,79,52.9,LOW,Clouds,32.2,0,RED,36
2024-01-14 06:00:00,Zero_Mile,20,63.8,LOW,Clear,31.1,0,RED,11
2024-01-14 06:00:00,Kasturchand_Park,60,50.6,LOW,Clear,31.4,0,RED,30
2024-01-14 06:00:00,Variety_Sq,79,51.8,LOW,Clear,30.0,0,RED,33
2024-01-14 06:00:00,LIC_Sq,105,46.7,LOW,Clear,30.3,0,RED,52
2024-01-14 06:00:00,Empress_Mall_Sq,34,61.6,LOW,Clouds,28.3,0,YELLOW,22
2024-01-14 07:00:00,Sitabuldi_Sq,165,31.7,MEDIUM,Clear,32.8,0,GREEN,77
2024-01-14 07:00:00,Zero_Mile,172,35.0,MEDIUM,Clear,32.0,0,GREEN,69
2024-01-14 07:00:00,Kasturchand_Park,95,46.4,LOW,Clear,30.2,0,GREEN,34
2024-01-14 07:00:00,Variety_Sq,216,21.8,HIGH,Clear,30.2,0,YELLOW,103
2024-01-14 07:00:00,LIC_Sq,179,33.5,MEDIUM,Clear,27.9,0,GREEN,71
2024-01-14 07:00:00,Empress_Mall_Sq,212,28.8,HIGH,Clear,33.9,0,YELLOW,109
2024-01-14 08:00:00,Sitabuldi_Sq,180,26.9,MEDIUM,Clear,28.3,0,GREEN,62
2024-01-14 08:00:00,Zero_Mile,164,33.7,MEDIUM,Clouds,33.2,0,GREEN,61
2024-01-14 08:00:00,Kasturchand_Park,187,33.2,MEDIUM,Clear,29.0,0,RED,94
2024-01-14 08:00:00,Variety_Sq,236,22.1,HIGH,Clouds,31.4,0,YELLOW,116
2024-01-14 08:00:00,LIC_Sq,200,27.2,MEDIUM,Clear,27.1,0,GREEN,76
2024-01-14 08:00:00,Empress_Mall_Sq,269,14.3,HIGH,Clouds,29.6,0,GREEN,130
2024-01-14 09:00:00,Sitabuldi_Sq,143,42.4,MEDIUM,Clouds,33.5,0,YELLOW,61
2024-01-14 09:00:00,Zero_Mile,249,20.9,HIGH,Clear,31.6,0,GREEN,107
2024-01-14 09:00:00,Kasturchand_Park,223,27.8,HIGH,Clear,33.6,0,GREEN,95
2024-01-14 09:00:00,Variety_Sq,198,29.5,MEDIUM,Clear,30.6,0,RED,109
2024-01-14 09:00:00,LIC_Sq,232,23.8,HIGH,Clear,33.0,0,RED,110
2024-01-14 09:00:00,Empress_Mall_Sq,228,24.6,HIGH,Clear,31.2,0,GREEN,93
2024-01-14 10:00:00,Sitabuldi_Sq,21,54.9,LOW,Clouds,32.5,0,RED,5
2024-01-14 10:00:00,Zero_Mile,109,45.7,LOW,Clouds,31.2,0,YELLOW,43
2024-01-14 10:00:00,Kasturchand_Park,127,43.2,MEDIUM,Clear,31.8,0,YELLOW,47
2024-01-14 10:00:00,Variety_Sq,85,48.9,LOW,Clear,28.4,0,GREEN,48
2024-01-14 10:00:00,LIC_Sq,20,66.0,LOW,Clear,29.8,0,RED,5
2024-01-14 10:00:00,Empress_Mall_Sq,96,50.4,LOW,Clear,28.4,0,RED,45
2024-01-14 11:00:00,Sitabuldi_Sq,59,51.6,LOW,Clouds,31.0,0,RED,25
2024-01-14 11:00:00,Zero_Mile,51,53.2,LOW,Clear,27.3,0,YELLOW,19
2024-01-14 11:00:00,Kasturchand_Park,100,49.2,LOW,Clear,28.0,0,GREEN,32
2024-01-14 11:00:00,Variety_Sq,96,45.0,LOW,Clear,32.1,0,YELLOW,24
2024-01-14 11:00:00,LIC_Sq,80,50.8,LOW,Clouds,32.9,0,YELLOW,30
2024-01-14 11:00:00,Empress_Mall_Sq,88,45.8,LOW,Clear,28.5,0,YELLOW,56
2024-01-14 12:00:00,Sitabuldi_Sq,55,52.6,LOW,Clear,27.3,0,GREEN,17
2024-01-14 12:00:00,Zero_Mile,50,53.5,LOW,Clouds,32.4,0,YELLOW,5
2024-01-14 12:00:00,Kasturchand_Park,92,45.1,LOW,Clear,32.9,0,RED,33
2024-01-14 12:00:00,Variety_Sq,100,43.7,LOW,Rain,33.2,0.52,GREEN,49
2024-01-14 12:00:00,LIC_Sq,81,52.5,LOW,Clear,27.6,0,YELLOW,37
2024-01-14 12:00:00,Empress_Mall_Sq,27,62.8,LOW,Clear,29.6,0,YELLOW,21
2024-01-14 13:00:00,Sitabuldi_Sq,127,40.1,MEDIUM,Clear,27.7,0,RED,48
2024-01-14 13:00:00,Zero_Mile,138,41.1,MEDIUM,Clouds,31.5,0,YELLOW,54
2024-01-14 13:00:00,Kasturchand_Park,20,58.2,LOW,Clear,33.1,0,RED,5
2024-01-14 13:00:00,Variety_Sq,78,49.7,LOW,Clear,30.2,0,YELLOW,39
2024-01-14 13:00:00,LIC_Sq,116,42.6,LOW,Clouds,30.2,0,RED,44
2024-01-14 13:00:00,Empress_Mall_Sq,20,59.9,LOW,Clear,27.6,0.21,GREEN,5
2024-01-14 14:00:00,Sitabuldi_Sq,44,60.1,LOW,Clear,29.4,0,YELLOW,16
2024-01-14 14:00:00,Zero_Mile,40,57.3,LOW,Clear,29.7,0,RED,5
2024-01-14 14:00:00,Kasturchand_Park,82,50.8,LOW,Clear,29.8,0,GREEN,26
2024-01-14 14:00:00,Variety_Sq,20,62.5,LOW,Clear,32.4,0.15,RED,5
2024-01-14 14:00:00,LIC_Sq,102,47.2,LOW,Clouds,28.6,0,RED,58
2024-01-14 14:00:00,Empress_Mall_Sq,112,38.0,LOW,Clear,31.1,0.2,RED,48
2024-01-14 15:00:00,Sitabuldi_Sq,72,48.9,LOW,Clear,32.5,0,GREEN,29
2024-01-14 15:00:00,Zero_Mile,68,53.1,LOW,Clouds,27.4,0.3,RED,41
2024-01-14 15:00:00,Kasturchand_Park,36,53.0,LOW,Clear,32.8,0,YELLOW,20
2024-01-14 15:00:00,Variety_Sq,94,48.8,LOW,Clear,31.4,0,YELLOW,31
2024-01-14 15:00:00,LIC_Sq,61,55.2,LOW,Clouds,32.1,0,YELLOW,30
2024-01-14 15:00:00,Empress_Mall_Sq,95,45.7,LOW,Clouds,31.4,0,YELLOW,34
2024-01-14 16:00:00,Sitabuldi_Sq,196,35.9,MEDIUM,Rain,30.4,0.87,GREEN,78
2024-01-14 16:00:00,Zero_Mile,218,28.9,HIGH,Clear,29.3,0,YELLOW,98
2024-01-14 16:00:00,Kasturchand_Park,210,26.3,HIGH,Clear,28.3,0,GREEN,64
2024-01-14 16:00:00,Variety_Sq,217,23.9,HIGH,Clear,29.6,0,RED,93
2024-01-14 16:00:00,LIC_Sq,222,20.9,HIGH,Clouds,32.1,0,YELLOW,108
2024-01-14 16:00:00,Empress_Mall_Sq,237,21.1,HIGH,Clouds,27.1,0,YELLOW,94
2024-01-14 17:00:00,Sitabuldi_Sq,246,19.6,HIGH,Clouds,26.8,0,YELLOW,121
2024-01-14 17:00:00,Zero_Mile,184,36.9,MEDIUM,Clouds,29.8,0.05,YELLOW,87
2024-01-14 17:00:00,Kasturchand_Park,186,33.9,MEDIUM,Clear,30.6,0,YELLOW,92
2024-01-14 17:00:00,Variety_Sq,197,24.2,MEDIUM,Clear,27.5,0,YELLOW,71
2024-01-14 17:00:00,LIC_Sq,206,24.7,HIGH,Clear,28.9,0,RED,93
2024-01-14 17:00:00,Empress_Mall_Sq,179,35.7,MEDIUM,Clear,31.5,0,RED,75
2024-01-14 18:00:00,Sitabuldi_Sq,178,38.6,MEDIUM,Clouds,28.6,0,GREEN,88
2024-01-14 18:00:00,Zero_Mile,185,29.2,MEDIUM,Clear,29.5,0,RED,73
2024-01-14 18:00:00,Kasturchand_Park,196,26.1,MEDIUM,Clear,28.5,0,YELLOW,92
2024-01-14 18:00:00,Variety_Sq,130,40.3,MEDIUM,Clear,33.1,0,YELLOW,50
2024-01-14 18:00:00,LIC_Sq,265,15.8,HIGH,Clouds,30.1,0,YELLOW,119
2024-01-14 18:00:00,Empress_Mall_Sq,255,20.0,HIGH,Clear,29.1,0,RED,115
2024-01-14 19:00:00,Sitabuldi_Sq,247,23.6,HIGH,Clouds,29.3,0,RED,115
2024-01-14 19:00:00,Zero_Mile,210,30.5,HIGH,Clear,24.9,0.44,RED,116
2024-01-14 19:00:00,Kasturchand_Park,247,19.0,HIGH,Clouds,31.3,0,RED,100
2024-01-14 19:00:00,Variety_Sq,168,32.3,MEDIUM,Clouds,31.9,0,GREEN,82
2024-01-14 19:00:00,LIC_Sq,154,41.4,MEDIUM,Clear,33.9,0,RED,75
2024-01-14 19:00:00,Empress_Mall_Sq,213,27.6,HIGH,Clear,30.1,0,YELLOW,100
2024-01-14 20:00:00,Sitabuldi_Sq,85,49.2,LOW,Clouds,28.6,0,YELLOW,24
2024-01-14 20:00:00,Zero_Mile,37,57.0,LOW,Clouds,31.4,0,RED,8
2024-01-14 20:00:00,Kasturchand_Park,94,52.1,LOW,Clear,31.1,0,RED,41
2024-01-14 20:00:00,Variety_Sq,85,48.3,LOW,Clear,30.3,0,GREEN,48
2024-01-14 20:00:00,LIC_Sq,106,44.7,LOW,Clear,33.2,0,RED,47
2024-01-14 20:00:00,Empress_Mall_Sq,50,56.7,LOW,Clouds,31.4,0,RED,14
2024-01-14 21:00:00,Sitabuldi_Sq,117,39.9,LOW,Clear,33.6,0,RED,55
2024-01-14 21:00:00,Zero_Mile,89,45.4,LOW,Clear,29.2,0,YELLOW,50
2024-01-14 21:00:00,Kasturchand_Park,84,51.5,LOW,Clouds,33.6,0,RED,46
2024-01-14 21:00:00,Variety_Sq,87,51.9,LOW,Clouds,29.0,0,YELLOW,43
2024-01-14 21:00:00,LIC_Sq,151,32.5,MEDIUM,Clouds,29.2,0,YELLOW,56
2024-01-14 21:00:00,Empress_Mall_Sq,90,46.0,LOW,Clear,29.1,0,RED,48
2024-01-14 22:00:00,Sitabuldi_Sq,103,47.7,LOW,Clear,30.5,0,GREEN,55
2024-01-14 22:00:00,Zero_Mile,88,53.1,LOW,Clouds,27.8,0,RED,38
2024-01-14 22:00:00,Kasturchand_Park,33,62.9,LOW,Rain,34.0,0.6,GREEN,13
2024-01-14 22:00:00,Variety_Sq,65,51.0,LOW,Clear,30.0,0.34,GREEN,37
2024-01-14 22:00:00,LIC_Sq,82,52.8,LOW,Clouds,28.8,0,YELLOW,27
2024-01-14 22:00:00,Empress_Mall_Sq,20,63.1,LOW,Clear,32.5,0,GREEN,10
2024-01-14 23:00:00,Sitabuldi_Sq,150,37.0,MEDIUM,Clouds,29.7,0,RED,70
2024-01-14 23:00:00,Zero_Mile,29,57.1,LOW,Clear,29.6,0,RED,19
2024-01-14 23:00:00,Kasturchand_Park,142,42.6,MEDIUM,Clouds,27.5,0,GREEN,60
2024-01-14 23:00:00,Variety_Sq,77,52.8,LOW,Clouds,32.2,0,RED,27
2024-01-14 23:00:00,LIC_Sq,53,52.2,LOW,Clear,30.7,0,GREEN,31
2024-01-14 23:00:00,Empress_Mall_Sq,124,45.3,MEDIUM,Clear,31.0,0,RED,60
2024-01-15 00:00:00,Sitabuldi_Sq,58,53.1,LOW,Clear,32.1,0,YELLOW,18
2024-01-15 00:00:00,Zero_Mile,52,53.0,LOW,Clouds,29.1,0,RED,27
2024-01-15 00:00:00,Kasturchand_Park,127,42.7,MEDIUM,Clouds,36.2,0,RED,71
2024-01-15 00:00:00,Variety_Sq,95,49.6,LOW,Clouds,32.7,0,YELLOW,44
2024-01-15 00:00:00,LIC_Sq,120,40.1,LOW,Clear,27.5,0,GREEN,49
2024-01-15 00:00:00,Empress_Mall_Sq,133,42.9,MEDIUM,Clear,29.5,0,GREEN,55
2024-01-15 01:00:00,Sitabuldi_Sq,139,39.1,MEDIUM,Clear,30.7,0,GREEN,69
2024-01-15 01:00:00,Zero_Mile,104,42.4,LOW,Clear,33.9,0,YELLOW,54
2024-01-15 01:00:00,Kasturchand_Park,135,39.9,MEDIUM,Clear,30.2,0,RED,68
2024-01-15 01:00:00,Variety_Sq,134,42.5,MEDIUM,Clouds,29.8,0,GREEN,58
2024-01-15 01:00:00,LIC_Sq,89,44.8,LOW,Clear,30.2,0,RED,33
2024-01-15 01:00:00,Empress_Mall_Sq,167,33.2,MEDIUM,Clear,29.3,0,RED,74
2024-01-15 02:00:00,Sitabuldi_Sq,76,52.8,LOW,Clear,29.1,0,GREEN,23
2024-01-15 02:00:00,Zero_Mile,155,35.9,MEDIUM,Clouds,29.2,0,GREEN,60
2024-01-15 02:00:00,Kasturchand_Park,122,41.1,MEDIUM,Clouds,29.2,0,GREEN,49
2024-01-15 02:00:00,Variety_Sq,145,38.3,MEDIUM,Clouds,28.5,0,YELLOW,60
2024-01-15 02:00:00,LIC_Sq,20,57.6,LOW,Clouds,31.9,0,YELLOW,38
2024-01-15 02:00:00,Empress_Mall_Sq,105,46.2,LOW,Clear,24.9,0,GREEN,52
2024-01-15 03:00:00,Sitabuldi_Sq,84,45.1,LOW,Clear,28.6,0,RED,51
2024-01-15 03:00:00,Zero_Mile,75,49.7,LOW,Clear,33.1,0,GREEN,24
2024-01-15 03:00:00,Kasturchand_Park,82,45.3,LOW,Clear,27.8,0,GREEN,28
2024-01-15 03:00:00,Variety_Sq,121,43.8,MEDIUM,Clear,28.6,0,YELLOW,55
2024-01-15 03:00:00,LIC_Sq,132,41.2,MEDIUM,Clear,27.4,0,YELLOW,49
2024-01-15 03:00:00,Empress_Mall_Sq,131,46.6,MEDIUM,Clear,31.5,0,YELLOW,53
2024-01-15 04:00:00,Sitabuldi_Sq,83,49.3,LOW,Clouds,30.3,0,GREEN,26
2024-01-15 04:00:00,Zero_Mile,50,50.9,LOW,Clouds,28.6,0,RED,7
2024-01-15 04:00:00,Kasturchand_Park,129,40.2,MEDIUM,Clouds,29.9,0,GREEN,58
2024-01-15 04:00:00,Variety_Sq,20,62.3,LOW,Clear,32.2,0,GREEN,5
2024-01-15 04:00:00,LIC_Sq,107,49.8,LOW,Clear,31.0,0,GREEN,53
2024-01-15 04:00:00,Empress_Mall_Sq,133,41.8,MEDIUM,Clear,30.3,0,YELLOW,54
2024-01-15 05:00:00,Sitabuldi_Sq,45,49.4,LOW,Clear,31.6,0.0,YELLOW,10
2024-01-15 05:00:00,Zero_Mile,165,32.9,MEDIUM,Clouds,32.4,0.35,YELLOW,68
2024-01-15 05:00:00,Kasturchand_Park,129,42.2,MEDIUM,Clear,34.9,0,RED,58
2024-01-15 05:00:00,Variety_Sq,161,38.5,MEDIUM,Clouds,28.6,0,GREEN,64
2024-01-15 05:00:00,LIC_Sq,43,58.6,LOW,Clear,32.3,0,GREEN,33
2024-01-15 05:00:00,Empress_Mall_Sq,116,43.4,LOW,Clear,32.2,0,RED,40
2024-01-15 06:00:00,Sitabuldi_Sq,152,36.9,MEDIUM,Clear,28.3,0,RED,53
2024-01-15 06:00:00,Zero_Mile,106,44.1,LOW,Clouds,27.4,0.19,RED,51
2024-01-15 06:00:00,Kasturchand_Park,104,49.7,LOW,Clear,32.7,0,RED,43
2024-01-15 06:00:00,Variety_Sq,146,37.3,MEDIUM,Clear,30.8,0,YELLOW,53
2024-01-15 06:00:00,LIC_Sq,102,47.5,LOW,Clouds,32.6,0.18,GREEN,51
2024-01-15 06:00:00,Empress_Mall_Sq,159,31.8,MEDIUM,Clear,27.6,0,YELLOW,83
2024-01-15 07:00:00,Sitabuldi_Sq,308,7.1,CRITICAL,Clear,31.7,0,YELLOW,123
2024-01-15 07:00:00,Zero_Mile,297,10.1,CRITICAL,Clouds,31.2,0,RED,129
2024-01-15 07:00:00,Kasturchand_Park,329,10.8,CRITICAL,Clear,30.6,0,YELLOW,161
2024-01-15 07:00:00,Variety_Sq,284,14.6,CRITICAL,Clear,32.3,0,RED,128
2024-01-15 07:00:00,LIC_Sq,325,6.6,CRITICAL,Clear,31.4,0,YELLOW,135
2024-01-15 07:00:00,Empress_Mall_Sq,321,5,CRITICAL,Clear,30.1,0,YELLOW,154
2024-01-15 08:00:00,Sitabuldi_Sq,302,15.5,CRITICAL,Clear,30.3,0,RED,133
2024-01-15 08:00:00,Zero_Mile,214,25.3,HIGH,Clear,32.1,0,GREEN,98
2024-01-15 08:00:00,Kasturchand_Park,198,30.3,MEDIUM,Clouds,34.4,0,RED,79
2024-01-15 08:00:00,Variety_Sq,294,10.2,CRITICAL,Clear,30.0,0,YELLOW,153
2024-01-15 08:00:00,LIC_Sq,305,8.8,CRITICAL,Rain,30.1,0.61,RED,147
2024-01-15 08:00:00,Empress_Mall_Sq,267,17.9,HIGH,Clear,30.4,0.2,RED,108
2024-01-15 09:00:00,Sitabuldi_Sq,360,5,CRITICAL,Clear,30.0,0,YELLOW,145
2024-01-15 09:00:00,Zero_Mile,393,5,CRITICAL,Clouds,31.1,0,GREEN,191
2024-01-15 09:00:00,Kasturchand_Park,315,7.0,CRITICAL,Clouds,30.2,0,RED,135
2024-01-15 09:00:00,Variety_Sq,330,7.7,CRITICAL,Clear,30.8,0,YELLOW,147
2024-01-15 09:00:00,LIC_Sq,338,5,CRITICAL,Clear,31.6,0,RED,141
2024-01-15 09:00:00,Empress_Mall_Sq,332,5,CRITICAL,Clouds,32.7,0,GREEN,169
2024-01-15 10:00:00,Sitabuldi_Sq,111,46.1,LOW,Clear,30.2,0,RED,49
2024-01-15 10:00:00,Zero_Mile,144,37.2,MEDIUM,Clear,32.4,0,YELLOW,53
2024-01-15 10:00:00,Kasturchand_Park,116,43.9,LOW,Clear,31.2,0,RED,47
2024-01-15 10:00:00,Variety_Sq,136,39.5,MEDIUM,Clear,26.0,0,GREEN,64
2024-01-15 10:00:00,LIC_Sq,20,62.5,LOW,Clear,31.3,0,YELLOW,5
2024-01-15 10:00:00,Empress_Mall_Sq,132,39.6,MEDIUM,Clear,31.9,0,RED,68
2024-01-15 11:00:00,Sitabuldi_Sq,149,38.6,MEDIUM,Clear,31.6,0,YELLOW,66
2024-01-15 11:00:00,Zero_Mile,105,46.7,LOW,Clear,33.3,0,YELLOW,48
2024-01-15 11:00:00,Kasturchand_Park,80,46.2,LOW,Clouds,33.5,0.25,YELLOW,48
2024-01-15 11:00:00,Variety_Sq,172,32.3,MEDIUM,Clear,27.1,0,GREEN,87
2024-01-15 11:00:00,LIC_Sq,131,42.4,MEDIUM,Clear,27.0,0,YELLOW,56
2024-01-15 11:00:00,Empress_Mall_Sq,184,31.8,MEDIUM,Rain,28.9,0.59,RED,87
2024-01-15 12:00:00,Sitabuldi_Sq,89,45.9,LOW,Rain,29.9,0.93,YELLOW,54
2024-01-15 12:00:00,Zero_Mile,141,39.3,MEDIUM,Clear,30.3,0,RED,73
2024-01-15 12:00:00,Kasturchand_Park,227,23.2,HIGH,Clear,28.8,0,GREEN,111
2024-01-15 12:00:00,Variety_Sq,155,36.8,MEDIUM,Clear,29.4,0,GREEN,50
2024-01-15 12:00:00,LIC_Sq,108,46.6,LOW,Clouds,30.2,0,GREEN,57
2024-01-15 12:00:00,Empress_Mall_Sq,105,45.5,LOW,Clear,32.0,0,GREEN,49
2024-01-15 13:00:00,Sitabuldi_Sq,139,36.5,MEDIUM,Clear,27.7,0,RED,55
2024-01-15 13:00:00,Zero_Mile,152,39.4,MEDIUM,Clouds,32.0,0,RED,64
2024-01-15 13:00:00,Kasturchand_Park,118,44.7,LOW,Clouds,34.8,0,RED,63
2024-01-15 13:00:00,Variety_Sq,190,32.2,MEDIUM,Clear,29.6,0,GREEN,88
2024-01-15 13:00:00,LIC_Sq,141,40.5,MEDIUM,Clear,28.8,0,GREEN,53
2024-01-15 13:00:00,Empress_Mall_Sq,56,55.8,LOW,Clear,32.7,0,GREEN,36
2024-01-15 14:00:00,Sitabuldi_Sq,124,42.7,MEDIUM,Clear,28.8,0,GREEN,54
2024-01-15 14:00:00,Zero_Mile,90,48.9,LOW,Clear,27.9,0,RED,46
2024-01-15 14:00:00,Kasturchand_Park,97,50.1,LOW,Clouds,26.7,0,GREEN,31
2024-01-15 14:00:00,Variety_Sq,111,42.8,LOW,Clear,30.3,0,YELLOW,49
2024-01-15 14:00:00,LIC_Sq,58,56.3,LOW,Clouds,33.0,0,GREEN,21
2024-01-15 14:00:00,Empress_Mall_Sq,117,39.1,LOW,Clear,30.0,0,YELLOW,47
2024-01-15 15:00:00,Sitabuldi_Sq,147,38.6,MEDIUM,Clear,32.8,0,RED,76
2024-01-15 15:00:00,Zero_Mile,159,40.2,MEDIUM,Clear,31.3,0,YELLOW,51
2024-01-15 15:00:00,Kasturchand_Park,88,48.9,LOW,Clear,28.3,0,YELLOW,45
2024-01-15 15:00:00,Variety_Sq,174,33.8,MEDIUM,Clouds,32.7,0,GREEN,89
2024-01-15 15:00:00,LIC_Sq,120,44.5,LOW,Clear,26.7,0,RED,55
2024-01-15 15:00:00,Empress_Mall_Sq,138,41.7,MEDIUM,Clouds,31.6,0,YELLOW,64
2024-01-15 16:00:00,Sitabuldi_Sq,262,15.4,HIGH,Clouds,30.9,0,RED,130
2024-01-15 16:00:00,Zero_Mile,252,19.2,HIGH,Clouds,32.7,0,RED,116
2024-01-15 16:00:00,Kasturchand_Park,253,20.9,HIGH,Clear,35.2,0,YELLOW,126
2024-01-15 16:00:00,Variety_Sq,350,5,CRITICAL,Clear,31.3,0,GREEN,153
2024-01-15 16:00:00,LIC_Sq,347,5,CRITICAL,Clouds,28.7,0,YELLOW,162
2024-01-15 16:00:00,Empress_Mall_Sq,247,25.9,HIGH,Clear,28.7,0,YELLOW,123
2024-01-15 17:00:00,Sitabuldi_Sq,283,21.6,CRITICAL,Clear,30.5,0,GREEN,115
2024-01-15 17:00:00,Zero_Mile,292,10.5,CRITICAL,Clear,30.5,0,RED,117
2024-01-15 17:00:00,Kasturchand_Park,338,5,CRITICAL,Clear,28.9,0,RED,143
2024-01-15 17:00:00,Variety_Sq,295,9.9,CRITICAL,Clouds,30.6,0,GREEN,126
2024-01-15 17:00:00,LIC_Sq,348,5,CRITICAL,Clear,29.9,0,GREEN,154
2024-01-15 17:00:00,Empress_Mall_Sq,292,13.1,CRITICAL,Clear,34.4,0,YELLOW,135
2024-01-15 18:00:00,Sitabuldi_Sq,309,13.2,CRITICAL,Clouds,30.2,0,GREEN,141
2024-01-15 18:00:00,Zero_Mile,347,5,CRITICAL,Clear,34.9,0,GREEN,143
2024-01-15 18:00:00,Kasturchand_Park,244,26.7,HIGH,Clouds,32.9,0,YELLOW,109
2024-01-15 18:00:00,Variety_Sq,364,5,CRITICAL,Clear,27.9,0,YELLOW,152
2024-01-15 18:00:00,LIC_Sq,297,5,CRITICAL,Clear,24.2,0,GREEN,135
2024-01-15 18:00:00,Empress_Mall_Sq,354,5,CRITICAL,Clear,31.8,0,RED,155
2024-01-15 19:00:00,Sitabuldi_Sq,311,5.2,CRITICAL,Clear,32.1,0,YELLOW,154
2024-01-15 19:00:00,Zero_Mile,306,11.7,CRITICAL,Clouds,32.2,0,GREEN,151
2024-01-15 19:00:00,Kasturchand_Park,320,9.8,CRITICAL,Clouds,32.4,0,YELLOW,148
2024-01-15 19:00:00,Variety_Sq,333,5,CRITICAL,Clear,27.5,0,GREEN,135
2024-01-15 19:00:00,LIC_Sq,281,9.2,CRITICAL,Clouds,31.4,0,GREEN,134
2024-01-15 19:00:00,Empress_Mall_Sq,276,9.5,HIGH,Clouds,33.0,0,GREEN,134
2024-01-15 20:00:00,Sitabuldi_Sq,63,55.5,LOW,Clear,32.0,0,YELLOW,42
2024-01-15 20:00:00,Zero_Mile,208,25.4,HIGH,Clear,34.0,0,GREEN,80
2024-01-15 20:00:00,Kasturchand_Park,145,35.4,MEDIUM,Clouds,29.6,0,RED,59
2024-01-15 20:00:00,Variety_Sq,114,46.8,LOW,Clouds,31.1,0,RED,67
2024-01-15 20:00:00,LIC_Sq,100,52.0,LOW,Clear,29.5,0,GREEN,45
2024-01-15 20:00:00,Empress_Mall_Sq,143,38.0,MEDIUM,Clear,28.9,0,YELLOW,75
2024-01-15 21:00:00,Sitabuldi_Sq,91,49.0,LOW,Clear,29.8,0,GREEN,43
2024-01-15 21:00:00,Zero_Mile,91,44.5,LOW,Clouds,30.2,0,YELLOW,32
2024-01-15 21:00:00,Kasturchand_Park,108,47.5,LOW,Clear,31.2,0,GREEN,59
2024-01-15 21:00:00,Variety_Sq,132,44.6,MEDIUM,Clouds,33.1,0,RED,65
2024-01-15 21:00:00,LIC_Sq,154,36.6,MEDIUM,Clear,27.9,0,RED,73
2024-01-15 21:00:00,Empress_Mall_Sq,147,43.6,MEDIUM,Clear,31.0,0,YELLOW,58
2024-01-15 22:00:00,Sitabuldi_Sq,45,59.5,LOW,Clear,30.7,0,GREEN,16
2024-01-15 22:00:00,Zero_Mile,111,39.6,LOW,Clear,30.8,0,YELLOW,47
2024-01-15 22:00:00,Kasturchand_Park,109,45.3,LOW,Clear,27.7,0,YELLOW,43
2024-01-15 22:00:00,Variety_Sq,175,30.4,MEDIUM,Clouds,27.7,0,YELLOW,83
2024-01-15 22:00:00,LIC_Sq,69,50.2,LOW,Clear,30.0,0,RED,41
2024-01-15 22:00:00,Empress_Mall_Sq,180,27.3,MEDIUM,Clear,30.4,0,GREEN,69
2024-01-15 23:00:00,Sitabuldi_Sq,117,43.8,LOW,Clouds,30.3,0,RED,47
2024-01-15 23:00:00,Zero_Mile,150,37.6,MEDIUM,Clear,28.8,0,RED,71
2024-01-15 23:00:00,Kasturchand_Park,20,60.7,LOW,Clouds,30.0,0,YELLOW,11
2024-01-15 23:00:00,Variety_Sq,111,45.6,LOW,Clouds,29.8,0,YELLOW,33
2024-01-15 23:00:00,LIC_Sq,162,33.1,MEDIUM,Clear,30.9,0,YELLOW,77
2024-01-15 23:00:00,Empress_Mall_Sq,22,61.5,LOW,Clouds,31.1,0,YELLOW,17
2024-01-16 00:00:00,Sitabuldi_Sq,147,41.3,MEDIUM,Clouds,32.3,0,YELLOW,60
2024-01-16 00:00:00,Zero_Mile,98,50.6,LOW,Clear,34.9,0,GREEN,34
2024-01-16 00:00:00,Kasturchand_Park,116,43.0,LOW,Clouds,30.4,0,YELLOW,66
2024-01-16 00:00:00,Variety_Sq,144,37.0,MEDIUM,Clear,27.7,0,RED,60
2024-01-16 00:00:00,LIC_Sq,90,50.0,LOW,Clear,31.8,0,YELLOW,29
2024-01-16 00:00:00,Empress_Mall_Sq,167,33.7,MEDIUM,Clouds,30.9,0,RED,72
2024-01-16 01:00:00,Sitabuldi_Sq,122,40.8,MEDIUM,Clear,36.0,0,GREEN,54
2024-01-16 01:00:00,Zero_Mile,52,57.7,LOW,Clear,33.8,0,GREEN,17
2024-01-16 01:00:00,Kasturchand_Park,113,51.0,LOW,Clear,29.4,0.42,RED,55
2024-01-16 01:00:00,Variety_Sq,151,35.1,MEDIUM,Clouds,32.9,0,GREEN,64
2024-01-16 01:00:00,LIC_Sq,115,41.4,LOW,Clear,28.3,0,RED,47
2024-01-16 01:00:00,Empress_Mall_Sq,116,42.5,LOW,Clear,28.2,0,RED,42
2024-01-16 02:00:00,Sitabuldi_Sq,114,43.5,LOW,Clouds,31.4,0,RED,45
2024-01-16 02:00:00,Zero_Mile,136,44.0,MEDIUM,Clear,27.0,0,GREEN,67
2024-01-16 02:00:00,Kasturchand_Park,52,59.0,LOW,Clear,32.1,0,YELLOW,26
2024-01-16 02:00:00,Variety_Sq,71,54.4,LOW,Clouds,30.3,0,YELLOW,21
2024-01-16 02:00:00,LIC_Sq,107,47.7,LOW,Clear,33.5,0,YELLOW,34
2024-01-16 02:00:00,Empress_Mall_Sq,123,39.4,MEDIUM,Clear,36.5,0,YELLOW,66
2024-01-16 03:00:00,Sitabuldi_Sq,66,57.3,LOW,Clear,27.4,0.37,GREEN,46
2024-01-16 03:00:00,Zero_Mile,89,47.6,LOW,Clear,28.4,0,GREEN,46
2024-01-16 03:00:00,Kasturchand_Park,121,46.1,MEDIUM,Clouds,27.5,0,YELLOW,57
2024-01-16 03:00:00,Variety_Sq,166,38.4,MEDIUM,Clouds,30.4,0,RED,75
2024-01-16 03:00:00,LIC_Sq,91,46.9,LOW,Clear,31.2,0,YELLOW,38
2024-01-16 03:00:00,Empress_Mall_Sq,86,46.5,LOW,Clear,31.8,0,RED,43
2024-01-16 04:00:00,Sitabuldi_Sq,147,35.1,MEDIUM,Clear,30.6,0,GREEN,55
2024-01-16 04:00:00,Zero_Mile,82,48.0,LOW,Clear,32.5,0,GREEN,41
2024-01-16 04:00:00,Kasturchand_Park,119,44.4,LOW,Clear,30.5,0,RED,56
2024-01-16 04:00:00,Variety_Sq,115,40.7,LOW,Clear,28.0,0,YELLOW,43
2024-01-16 04:00:00,LIC_Sq,146,43.1,MEDIUM,Rain,31.4,0.6,GREEN,78
2024-01-16 04:00:00,Empress_Mall_Sq,208,24.9,HIGH,Clear,31.0,0,RED,91
2024-01-16 05:00:00,Sitabuldi_Sq,132,40.4,MEDIUM,Clear,30.9,0,RED,57
2024-01-16 05:00:00,Zero_Mile,145,38.1,MEDIUM,Clear,33.8,0,GREEN,60
2024-01-16 05:00:00,Kasturchand_Park,139,36.7,MEDIUM,Clear,31.6,0,RED,74
2024-01-16 05:00:00,Variety_Sq,124,38.4,MEDIUM,Clouds,31.4,0,YELLOW,61
2024-01-16 05:00:00,LIC_Sq,139,39.6,MEDIUM,Clear,29.7,0,GREEN,74
2024-01-16 05:00:00,Empress_Mall_Sq,103,48.3,LOW,Clear,33.4,0,RED,29
2024-01-16 06:00:00,Sitabuldi_Sq,147,39.2,MEDIUM,Rain,28.3,0.57,YELLOW,60
2024-01-16 06:00:00,Zero_Mile,81,56.0,LOW,Clear,31.0,0,RED,33
2024-01-16 06:00:00,Kasturchand_Park,112,44.4,LOW,Rain,31.8,1.55,YELLOW,49
2024-01-16 06:00:00,Variety_Sq,134,38.0,MEDIUM,Clear,28.4,0,YELLOW,52
2024-01-16 06:00:00,LIC_Sq,85,48.4,LOW,Clear,30.9,0,YELLOW,30
2024-01-16 06:00:00,Empress_Mall_Sq,118,39.3,LOW,Clear,30.8,0,YELLOW,63
2024-01-16 07:00:00,Sitabuldi_Sq,335,5,CRITICAL,Clear,33.8,0,YELLOW,152
2024-01-16 07:00:00,Zero_Mile,284,16.8,CRITICAL,Clear,28.9,0,GREEN,147
2024-01-16 07:00:00,Kasturchand_Park,255,21.2,HIGH,Clouds,33.7,0,RED,131
2024-01-16 07:00:00,Variety_Sq,361,5,CRITICAL,Clear,28.6,0,GREEN,160
2024-01-16 07:00:00,LIC_Sq,263,18.6,HIGH,Clear,31.0,0,YELLOW,118
2024-01-16 07:00:00,Empress_Mall_Sq,245,21.5,HIGH,Clear,33.3,0,YELLOW,122
2024-01-16 08:00:00,Sitabuldi_Sq,248,24.5,HIGH,Clear,33.8,0,RED,130
2024-01-16 08:00:00,Zero_Mile,271,22.3,HIGH,Clear,29.5,0.48,RED,133
2024-01-16 08:00:00,Kasturchand_Park,351,5,CRITICAL,Clear,31.0,0,GREEN,147
2024-01-16 08:00:00,Variety_Sq,251,20.8,HIGH,Clear,31.0,0,GREEN,103
2024-01-16 08:00:00,LIC_Sq,304,9.3,CRITICAL,Clear,27.2,0,YELLOW,149
2024-01-16 08:00:00,Empress_Mall_Sq,234,21.8,HIGH,Clouds,32.2,0,RED,114
2024-01-16 09:00:00,Sitabuldi_Sq,222,22.9,HIGH,Clear,30.2,0,GREEN,85
2024-01-16 09:00:00,Zero_Mile,276,18.8,HIGH,Clear,27.6,0,YELLOW,139
2024-01-16 09:00:00,Kasturchand_Park,280,11.9,HIGH,Clouds,31.4,0,RED,143
2024-01-16 09:00:00,Variety_Sq,305,8.9,CRITICAL,Clear,30.5,0,GREEN,123
2024-01-16 09:00:00,LIC_Sq,371,5,CRITICAL,Clear,30.8,0,YELLOW,165
2024-01-16 09:00:00,Empress_Mall_Sq,312,13.2,CRITICAL,Clear,32.0,0,GREEN,143
2024-01-16 10:00:00,Sitabuldi_Sq,187,26.1,MEDIUM,Clear,28.8,0,RED,78
2024-01-16 10:00:00,Zero_Mile,95,44.1,LOW,Clouds,31.5,0,YELLOW,62
2024-01-16 10:00:00,Kasturchand_Park,90,43.9,LOW,Clear,32.8,0,GREEN,33
2024-01-16 10:00:00,Variety_Sq,162,35.7,MEDIUM,Clear,28.2,0,GREEN,70
2024-01-16 10:00:00,LIC_Sq,128,35.6,MEDIUM,Clear,28.7,0.02,YELLOW,55
2024-01-16 10:00:00,Empress_Mall_Sq,105,45.9,LOW,Clear,31.0,0,RED,53
2024-01-16 11:00:00,Sitabuldi_Sq,62,59.2,LOW,Clear,31.9,0,GREEN,49
2024-01-16 11:00:00,Zero_Mile,93,48.7,LOW,Clouds,34.9,0,GREEN,41
2024-01-16 11:00:00,Kasturchand_Park,139,40.0,MEDIUM,Clear,30.6,0,GREEN,55
2024-01-16 11:00:00,Variety_Sq,70,53.2,LOW,Clear,32.5,0,YELLOW,30
2024-01-16 11:00:00,LIC_Sq,87,48.6,LOW,Clear,27.9,0,GREEN,30
2024-01-16 11:00:00,Empress_Mall_Sq,145,41.2,MEDIUM,Clouds,25.2,0,GREEN,72
2024-01-16 12:00:00,Sitabuldi_Sq,119,41.2,LOW,Clear,27.1,0,YELLOW,73
2024-01-16 12:00:00,Zero_Mile,81,51.6,LOW,Clouds,27.7,0,GREEN,42
2024-01-16 12:00:00,Kasturchand_Park,122,47.6,MEDIUM,Clear,27.6,0,YELLOW,60
2024-01-16 12:00:00,Variety_Sq,135,43.5,MEDIUM,Clear,29.7,0,YELLOW,69
2024-01-16 12:00:00,LIC_Sq,58,52.8,LOW,Clear,29.6,0,GREEN,34
2024-01-16 12:00:00,Empress_Mall_Sq,84,51.0,LOW,Clear,29.5,0,RED,44
2024-01-16 13:00:00,Sitabuldi_Sq,125,43.1,MEDIUM,Clear,30.4,0,YELLOW,54
2024-01-16 13:00:00,Zero_Mile,78,52.3,LOW,Clouds,30.1,0,RED,42
2024-01-16 13:00:00,Kasturchand_Park,84,44.5,LOW,Clouds,30.1,0,GREEN,38
2024-01-16 13:00:00,Variety_Sq,81,55.4,LOW,Clear,32.5,0,RED,33
2024-01-16 13:00:00,LIC_Sq,140,37.9,MEDIUM,Clear,27.9,0,YELLOW,88
2024-01-16 13:00:00,Empress_Mall_Sq,115,48.2,LOW,Clouds,30.3,0,YELLOW,39
2024-01-16 14:00:00,Sitabuldi_Sq,153,40.4,MEDIUM,Clear,33.8,0,YELLOW,65
2024-01-16 14:00:00,Zero_Mile,124,40.3,MEDIUM,Clear,28.1,0,GREEN,61
2024-01-16 14:00:00,Kasturchand_Park,139,39.5,MEDIUM,Clear,34.0,0,YELLOW,53
2024-01-16 14:00:00,Variety_Sq,112,40.5,LOW,Clear,25.3,0,YELLOW,43
2024-01-16 14:00:00,LIC_Sq,176,32.5,MEDIUM,Clear,29.7,0,YELLOW,92
2024-01-16 14:00:00,Empress_Mall_Sq,80,47.5,LOW,Clear,30.1,0,GREEN,46
2024-01-16 15:00:00,Sitabuldi_Sq,105,43.1,LOW,Clear,29.8,0,RED,52
2024-01-16 15:00:00,Zero_Mile,70,52.9,LOW,Clear,31.8,0,RED,30
2024-01-16 15:00:00,Kasturchand_Park,139,32.4,MEDIUM,Clear,33.1,0,YELLOW,68
2024-01-16 15:00:00,Variety_Sq,70,52.6,LOW,Clear,32.2,0,GREEN,21
2024-01-16 15:00:00,LIC_Sq,130,40.3,MEDIUM,Clouds,29.2,0,YELLOW,57
2024-01-16 15:00:00,Empress_Mall_Sq,60,53.3,LOW,Clear,33.4,0,RED,27
2024-01-16 16:00:00,Sitabuldi_Sq,340,5,CRITICAL,Clear,34.7,0,RED,156
2024-01-16 16:00:00,Zero_Mile,304,7.6,CRITICAL,Clouds,30.0,0,YELLOW,137
2024-01-16 16:00:00,Kasturchand_Park,339,8.4,CRITICAL,Clear,31.5,0,RED,146
2024-01-16 16:00:00,Variety_Sq,288,12.1,CRITICAL,Clear,28.3,0,YELLOW,144
2024-01-16 16:00:00,LIC_Sq,367,5,CRITICAL,Clear,30.3,0,GREEN,145
2024-01-16 16:00:00,Empress_Mall_Sq,327,5,CRITICAL,Clear,35.0,0,GREEN,141
2024-01-16 17:00:00,Sitabuldi_Sq,305,14.6,CRITICAL,Clear,31.7,0,RED,134
2024-01-16 17:00:00,Zero_Mile,352,8.1,CRITICAL,Clear,26.5,0,GREEN,175
2024-01-16 17:00:00,Kasturchand_Park,329,5,CRITICAL,Clouds,27.1,0,YELLOW,144
2024-01-16 17:00:00,Variety_Sq,359,5,CRITICAL,Clear,30.2,0,RED,163
2024-01-16 17:00:00,LIC_Sq,358,5,CRITICAL,Clear,32.3,0,RED,161
2024-01-16 17:00:00,Empress_Mall_Sq,314,10.4,CRITICAL,Clear,29.9,0,YELLOW,137
2024-01-16 18:00:00,Sitabuldi_Sq,377,5,CRITICAL,Clouds,32.9,0,YELLOW,162
2024-01-16 18:00:00,Zero_Mile,295,13.8,CRITICAL,Clear,30.8,0,GREEN,128
2024-01-16 18:00:00,Kasturchand_Park,289,15.9,CRITICAL,Clear,29.7,0.39,RED,116
2024-01-16 18:00:00,Variety_Sq,372,5,CRITICAL,Clouds,31.1,0,GREEN,149
2024-01-16 18:00:00,LIC_Sq,344,7.2,CRITICAL,Clouds,30.8,0,RED,166
2024-01-16 18:00:00,Empress_Mall_Sq,255,24.2,HIGH,Clear,29.5,0,GREEN,123
2024-01-16 19:00:00,Sitabuldi_Sq,293,8.8,CRITICAL,Clear,28.0,0,GREEN,126
2024-01-16 19:00:00,Zero_Mile,307,11.3,CRITICAL,Clear,31.9,0,GREEN,128
2024-01-16 19:00:00,Kasturchand_Park,382,5,CRITICAL,Clear,26.4,0,RED,164
2024-01-16 19:00:00,Variety_Sq,344,5,CRITICAL,Clouds,27.7,0,GREEN,163
2024-01-16 19:00:00,LIC_Sq,350,5.6,CRITICAL,Clouds,24.8,0,YELLOW,155
2024-01-16 19:00:00,Empress_Mall_Sq,281,17.8,CRITICAL,Clear,34.0,0,YELLOW,122
2024-01-16 20:00:00,Sitabuldi_Sq,108,49.0,LOW,Rain,29.6,0.65,RED,61
2024-01-16 20:00:00,Zero_Mile,150,44.9,MEDIUM,Clear,31.3,0.28,YELLOW,68
2024-01-16 20:00:00,Kasturchand_Park,127,46.4,MEDIUM,Rain,31.1,1.25,GREEN,72
2024-01-16 20:00:00,Variety_Sq,62,55.7,LOW,Clouds,26.7,0.46,GREEN,28
2024-01-16 20:00:00,LIC_Sq,91,46.3,LOW,Clouds,30.3,0,YELLOW,25
2024-01-16 20:00:00,Empress_Mall_Sq,81,50.0,LOW,Clear,25.0,0,YELLOW,19
2024-01-16 21:00:00,Sitabuldi_Sq,148,38.2,MEDIUM,Clear,27.9,0,YELLOW,71
2024-01-16 21:00:00,Zero_Mile,63,56.2,LOW,Clear,33.2,0,RED,42
2024-01-16 21:00:00,Kasturchand_Park,96,54.8,LOW,Clear,31.8,0,GREEN,46
2024-01-16 21:00:00,Variety_Sq,117,42.0,LOW,Clear,31.8,0.13,GREEN,61
2024-01-16 21:00:00,LIC_Sq,121,47.8,MEDIUM,Clear,31.7,0,GREEN,44
2024-01-16 21:00:00,Empress_Mall_Sq,143,38.6,MEDIUM,Clear,28.4,0.29,GREEN,74
2024-01-16 22:00:00,Sitabuldi_Sq,107,44.1,LOW,Clouds,31.3,0,RED,56
2024-01-16 22:00:00,Zero_Mile,90,47.9,LOW,Clouds,31.3,0,GREEN,44
2024-01-16 22:00:00,Kasturchand_Park,84,47.4,LOW,Clear,31.0,0,YELLOW,23
2024-01-16 22:00:00,Variety_Sq,121,44.6,MEDIUM,Clear,34.4,0,YELLOW,61
2024-01-16 22:00:00,LIC_Sq,105,46.3,LOW,Clear,30.0,0,YELLOW,41
2024-01-16 22:00:00,Empress_Mall_Sq,61,47.5,LOW,Clouds,35.0,0,YELLOW,21
2024-01-16 23:00:00,Sitabuldi_Sq,204,26.5,HIGH,Clouds,31.0,0,RED,101
2024-01-16 23:00:00,Zero_Mile,137,36.2,MEDIUM,Clear,28.1,0,GREEN,54
2024-01-16 23:00:00,Kasturchand_Park,148,36.8,MEDIUM,Clear,27.2,0,YELLOW,86
2024-01-16 23:00:00,Variety_Sq,134,44.5,MEDIUM,Clear,29.8,0,YELLOW,70
2024-01-16 23:00:00,LIC_Sq,118,40.3,LOW,Clouds,31.6,0,RED,61
2024-01-16 23:00:00,Empress_Mall_Sq,117,46.2,LOW,Clear,31.8,0,GREEN,36
2024-01-17 00:00:00,Sitabuldi_Sq,162,33.3,MEDIUM,Clear,32.2,0,RED,67
2024-01-17 00:00:00,Zero_Mile,128,42.1,MEDIUM,Clear,35.0,0,RED,52
2024-01-17 00:00:00,Kasturchand_Park,120,42.0,LOW,Rain,27.2,1.15,YELLOW,46
2024-01-17 00:00:00,Variety_Sq,120,45.1,LOW,Clear,32.0,0,GREEN,39
2024-01-17 00:00:00,LIC_Sq,162,34.1,MEDIUM,Clouds,30.4,0,YELLOW,60
2024-01-17 00:00:00,Empress_Mall_Sq,101,49.5,LOW,Clear,29.1,0,YELLOW,41
2024-01-17 01:00:00,Sitabuldi_Sq,142,38.4,MEDIUM,Clear,26.7,0,GREEN,64
2024-01-17 01:00:00,Zero_Mile,169,36.6,MEDIUM,Clear,26.4,0,RED,77
2024-01-17 01:00:00,Kasturchand_Park,121,43.5,MEDIUM,Clear,32.7,0,RED,46
2024-01-17 01:00:00,Variety_Sq,189,33.3,MEDIUM,Clear,31.4,0,GREEN,90
2024-01-17 01:00:00,LIC_Sq,142,39.7,MEDIUM,Clear,27.6,0,RED,55
2024-01-17 01:00:00,Empress_Mall_Sq,110,44.1,LOW,Clear,31.2,0,GREEN,57
2024-01-17 02:00:00,Sitabuldi_Sq,99,45.9,LOW,Clouds,32.8,0,YELLOW,44
2024-01-17 02:00:00,Zero_Mile,65,53.3,LOW,Clear,32.2,0,GREEN,35
2024-01-17 02:00:00,Kasturchand_Park,125,43.9,MEDIUM,Clear,29.5,0,YELLOW,41
2024-01-17 02:00:00,Variety_Sq,132,42.4,MEDIUM,Clear,31.1,0,GREEN,76
2024-01-17 02:00:00,LIC_Sq,173,37.3,MEDIUM,Clear,32.9,0,RED,65
2024-01-17 02:00:00,Empress_Mall_Sq,42,59.3,LOW,Clear,30.2,0,RED,31
2024-01-17 03:00:00,Sitabuldi_Sq,132,39.7,MEDIUM,Clear,31.7,0.31,RED,72
2024-01-17 03:00:00,Zero_Mile,123,41.5,MEDIUM,Clouds,30.9,0,YELLOW,59
2024-01-17 03:00:00,Kasturchand_Park,61,47.3,LOW,Clear,30.0,0,YELLOW,24
2024-01-17 03:00:00,Variety_Sq,139,39.6,MEDIUM,Clear,31.7,0,RED,59
2024-01-17 03:00:00,LIC_Sq,83,49.0,LOW,Clear,27.0,0,GREEN,22
2024-01-17 03:00:00,Empress_Mall_Sq,108,41.8,LOW,Clear,28.8,0,GREEN,62
2024-01-17 04:00:00,Sitabuldi_Sq,125,45.8,MEDIUM,Clear,31.5,0,YELLOW,61
2024-01-17 04:00:00,Zero_Mile,97,49.4,LOW,Clear,31.9,0,GREEN,56
2024-01-17 04:00:00,Kasturchand_Park,75,53.7,LOW,Clear,32.5,0.49,YELLOW,43
2024-01-17 04:00:00,Variety_Sq,105,46.1,LOW,Clear,30.1,0,RED,45
2024-01-17 04:00:00,LIC_Sq,72,53.8,LOW,Clear,29.8,0,GREEN,35
2024-01-17 04:00:00,Empress_Mall_Sq,102,48.6,LOW,Clear,33.2,0,GREEN,31
2024-01-17 05:00:00,Sitabuldi_Sq,95,42.2,LOW,Clear,31.4,0.04,YELLOW,63
2024-01-17 05:00:00,Zero_Mile,63,57.3,LOW,Clear,29.3,0,RED,27
2024-01-17 05:00:00,Kasturchand_Park,133,36.7,MEDIUM,Clouds,28.9,0,RED,73
2024-01-17 05:00:00,Variety_Sq,39,56.6,LOW,Clouds,30.8,0,YELLOW,13
2024-01-17 05:00:00,LIC_Sq,127,43.5,MEDIUM,Clouds,31.1,0,YELLOW,61
2024-01-17 05:00:00,Empress_Mall_Sq,189,32.0,MEDIUM,Clouds,28.3,0,GREEN,95
2024-01-17 06:00:00,Sitabuldi_Sq,109,45.8,LOW,Clear,31.6,0,GREEN,49
2024-01-17 06:00:00,Zero_Mile,125,43.1,MEDIUM,Clear,29.7,0,GREEN,29
2024-01-17 06:00:00,Kasturchand_Park,79,50.6,LOW,Clear,31.3,0,GREEN,37
2024-01-17 06:00:00,Variety_Sq,132,39.0,MEDIUM,Clouds,35.6,0,RED,54
2024-01-17 06:00:00,LIC_Sq,148,42.5,MEDIUM,Clear,33.3,0,YELLOW,68
2024-01-17 06:00:00,Empress_Mall_Sq,100,44.1,LOW,Clouds,29.9,0,YELLOW,32
2024-01-17 07:00:00,Sitabuldi_Sq,306,10.0,CRITICAL,Clear,28.8,0,RED,119
2024-01-17 07:00:00,Zero_Mile,347,5,CRITICAL,Clear,32.4,0,GREEN,162
2024-01-17 07:00:00,Kasturchand_Park,291,11.6,CRITICAL,Rain,28.6,0.5,RED,129
2024-01-17 07:00:00,Variety_Sq,363,5,CRITICAL,Clouds,30.4,0,RED,152
2024-01-17 07:00:00,LIC_Sq,295,13.5,CRITICAL,Clear,31.8,0,YELLOW,121
2024-01-17 07:00:00,Empress_Mall_Sq,337,6.3,CRITICAL,Clouds,30.9,0,GREEN,131
2024-01-17 08:00:00,Sitabuldi_Sq,256,23.0,HIGH,Clouds,30.3,0,YELLOW,106
2024-01-17 08:00:00,Zero_Mile,207,27.7,HIGH,Clear,29.6,0,RED,111
2024-01-17 08:00:00,Kasturchand_Park,290,9.2,CRITICAL,Clear,29.3,0.02,RED,125
2024-01-17 08:00:00,Variety_Sq,287,10.5,CRITICAL,Clear,32.4,0,GREEN,125
2024-01-17 08:00:00,LIC_Sq,292,5.1,CRITICAL,Clear,31.2,0,RED,131
2024-01-17 08:00:00,Empress_Mall_Sq,355,5,CRITICAL,Clear,31.3,0,YELLOW,152
2024-01-17 09:00:00,Sitabuldi_Sq,262,26.3,HIGH,Clouds,27.3,0,GREEN,112
2024-01-17 09:00:00,Zero_Mile,194,34.4,MEDIUM,Clouds,28.1,0,RED,88
2024-01-17 09:00:00,Kasturchand_Park,292,14.0,CRITICAL,Clouds,28.5,0,YELLOW,136
2024-01-17 09:00:00,Variety_Sq,287,11.1,CRITICAL,Clouds,28.3,0,YELLOW,141
2024-01-17 09:00:00,LIC_Sq,210,32.2,HIGH,Clear,29.5,0,YELLOW,94
2024-01-17 09:00:00,Empress_Mall_Sq,227,14.7,HIGH,Clear,30.5,0,RED,105
2024-01-17 10:00:00,Sitabuldi_Sq,109,50.1,LOW,Clear,30.0,0,YELLOW,71
2024-01-17 10:00:00,Zero_Mile,99,52.6,LOW,Clouds,31.4,0,YELLOW,41
2024-01-17 10:00:00,Kasturchand_Park,163,39.5,MEDIUM,Clear,26.8,0,GREEN,79
2024-01-17 10:00:00,Variety_Sq,81,49.0,LOW,Clouds,28.6,0,GREEN,39
2024-01-17 10:00:00,LIC_Sq,91,46.3,LOW,Clear,31.6,0,YELLOW,43
2024-01-17 10:00:00,Empress_Mall_Sq,143,42.7,MEDIUM,Clouds,32.1,0,RED,60
2024-01-17 11:00:00,Sitabuldi_Sq,95,44.3,LOW,Clear,31.4,0,GREEN,29
2024-01-17 11:00:00,Zero_Mile,54,56.4,LOW,Clear,24.2,0,YELLOW,6
2024-01-17 11:00:00,Kasturchand_Park,131,41.7,MEDIUM,Clear,28.8,0,YELLOW,71
2024-01-17 11:00:00,Variety_Sq,86,50.8,LOW,Clouds,34.8,0,RED,44
2024-01-17 11:00:00,LIC_Sq,86,44.7,LOW,Clear,29.4,0,RED,36
2024-01-17 11:00:00,Empress_Mall_Sq,50,53.1,LOW,Clear,29.2,0,YELLOW,10
2024-01-17 12:00:00,Sitabuldi_Sq,175,31.4,MEDIUM,Clouds,30.2,0,RED,92
2024-01-17 12:00:00,Zero_Mile,158,35.3,MEDIUM,Clear,30.5,0,GREEN,83
2024-01-17 12:00:00,Kasturchand_Park,102,46.1,LOW,Clear,34.2,0,YELLOW,67
2024-01-17 12:00:00,Variety_Sq,78,53.0,LOW,Clear,32.4,0,GREEN,43
2024-01-17 12:00:00,LIC_Sq,115,47.3,LOW,Clear,30.2,0,GREEN,61
2024-01-17 12:00:00,Empress_Mall_Sq,116,49.1,LOW,Clear,30.5,0,GREEN,39
2024-01-17 13:00:00,Sitabuldi_Sq,145,39.9,MEDIUM,Clouds,31.1,0,GREEN,90
2024-01-17 13:00:00,Zero_Mile,41,54.5,LOW,Clear,33.3,0,YELLOW,38
2024-01-17 13:00:00,Kasturchand_Park,119,41.8,LOW,Clear,31.5,0,GREEN,59
2024-01-17 13:00:00,Variety_Sq,120,45.6,LOW,Clouds,31.1,0,GREEN,44
2024-01-17 13:00:00,LIC_Sq,185,34.1,MEDIUM,Clear,29.7,0,YELLOW,75
2024-01-17 13:00:00,Empress_Mall_Sq,120,45.5,LOW,Clouds,31.7,0.14,YELLOW,61
2024-01-17 14:00:00,Sitabuldi_Sq,53,58.4,LOW,Clear,27.5,0,GREEN,26
2024-01-17 14:00:00,Zero_Mile,122,41.5,MEDIUM,Clear,30.6,0,YELLOW,67
2024-01-17 14:00:00,Kasturchand_Park,35,57.0,LOW,Clouds,32.7,0,RED,15
2024-01-17 14:00:00,Variety_Sq,147,39.7,MEDIUM,Clear,24.2,0,YELLOW,62
2024-01-17 14:00:00,LIC_Sq,135,43.5,MEDIUM,Clear,29.6,0,YELLOW,66
2024-01-17 14:00:00,Empress_Mall_Sq,130,39.5,MEDIUM,Clear,32.7,0,YELLOW,56
2024-01-17 15:00:00,Sitabuldi_Sq,94,49.8,LOW,Clouds,31.4,0,RED,39
2024-01-17 15:00:00,Zero_Mile,124,41.8,MEDIUM,Clouds,31.5,0,YELLOW,59
2024-01-17 15:00:00,Kasturchand_Park,145,29.4,MEDIUM,Clouds,30.8,0,GREEN,88
2024-01-17 15:00:00,Variety_Sq,134,41.4,MEDIUM,Clear,30.4,0,YELLOW,57
2024-01-17 15:00:00,LIC_Sq,129,39.9,MEDIUM,Clouds,29.9,0,YELLOW,67
2024-01-17 15:00:00,Empress_Mall_Sq,88,47.9,LOW,Clouds,29.1,0,GREEN,32
2024-01-17 16:00:00,Sitabuldi_Sq,266,14.7,HIGH,Clouds,35.8,0,YELLOW,151
2024-01-17 16:00:00,Zero_Mile,240,25.3,HIGH,Clear,28.1,0,GREEN,97
2024-01-17 16:00:00,Kasturchand_Park,328,5,CRITICAL,Clear,32.6,0,RED,155
2024-01-17 16:00:00,Variety_Sq,295,8.7,CRITICAL,Clouds,30.9,0,RED,109
2024-01-17 16:00:00,LIC_Sq,340,5.7,CRITICAL,Clear,30.4,0,RED,146
2024-01-17 16:00:00,Empress_Mall_Sq,323,6.7,CRITICAL,Clouds,32.8,0,RED,133
2024-01-17 17:00:00,Sitabuldi_Sq,258,18.3,HIGH,Clear,30.1,0,GREEN,110
2024-01-17 17:00:00,Zero_Mile,291,19.6,CRITICAL,Clear,31.0,0,GREEN,135
2024-01-17 17:00:00,Kasturchand_Park,325,11.7,CRITICAL,Clear,29.9,0,RED,142
2024-01-17 17:00:00,Variety_Sq,267,18.7,HIGH,Clouds,32.0,0.2,GREEN,120
2024-01-17 17:00:00,LIC_Sq,383,5,CRITICAL,Clear,32.9,0,YELLOW,157
2024-01-17 17:00:00,Empress_Mall_Sq,299,11.9,CRITICAL,Clear,31.1,0,YELLOW,124
2024-01-17 18:00:00,Sitabuldi_Sq,305,6.3,CRITICAL,Clouds,30.8,0,RED,118
2024-01-17 18:00:00,Zero_Mile,271,11.3,HIGH,Clear,31.9,0.17,RED,111
2024-01-17 18:00:00,Kasturchand_Park,330,5,CRITICAL,Clouds,29.4,0,RED,151
2024-01-17 18:00:00,Variety_Sq,333,5.7,CRITICAL,Clouds,34.1,0,RED,142
2024-01-17 18:00:00,LIC_Sq,353,5,CRITICAL,Clear,28.9,0,RED,161
2024-01-17 18:00:00,Empress_Mall_Sq,287,15.1,CRITICAL,Clouds,30.3,0,RED,115
2024-01-17 19:00:00,Sitabuldi_Sq,337,5,CRITICAL,Clear,30.8,0,RED,143
2024-01-17 19:00:00,Zero_Mile,324,5.9,CRITICAL,Clear,32.9,0,GREEN,148
2024-01-17 19:00:00,Kasturchand_Park,296,13.4,CRITICAL,Clear,30.3,0,YELLOW,134
2024-01-17 19:00:00,Variety_Sq,255,18.7,HIGH,Clear,28.4,0,RED,125
2024-01-17 19:00:00,LIC_Sq,305,10.3,CRITICAL,Clear,29.2,0,GREEN,136
2024-01-17 19:00:00,Empress_Mall_Sq,263,19.7,HIGH,Clear,34.2,0,RED,127
2024-01-17 20:00:00,Sitabuldi_Sq,42,56.5,LOW,Clear,27.9,0.39,GREEN,7
2024-01-17 20:00:00,Zero_Mile,134,38.8,MEDIUM,Clear,30.4,0,GREEN,53
2024-01-17 20:00:00,Kasturchand_Park,97,50.9,LOW,Clear,31.5,0,GREEN,36
2024-01-17 20:00:00,Variety_Sq,124,42.4,MEDIUM,Clear,33.2,0,YELLOW,40
2024-01-17 20:00:00,LIC_Sq,193,32.8,MEDIUM,Clouds,28.5,0,RED,91
2024-01-17 20:00:00,Empress_Mall_Sq,106,47.4,LOW,Clouds,30.6,0,RED,69
2024-01-17 21:00:00,Sitabuldi_Sq,166,36.3,MEDIUM,Clear,32.5,0,YELLOW,56
2024-01-17 21:00:00,Zero_Mile,132,45.8,MEDIUM,Clear,30.4,0,YELLOW,58
2024-01-17 21:00:00,Kasturchand_Park,105,44.2,LOW,Clear,29.8,0,YELLOW,44
2024-01-17 21:00:00,Variety_Sq,118,47.5,LOW,Clear,28.6,0,YELLOW,62
2024-01-17 21:00:00,LIC_Sq,96,47.6,LOW,Clear,33.0,0,GREEN,38
2024-01-17 21:00:00,Empress_Mall_Sq,168,35.5,MEDIUM,Clear,29.9,0,GREEN,75
2024-01-17 22:00:00,Sitabuldi_Sq,149,43.9,MEDIUM,Clear,26.2,0,GREEN,65
2024-01-17 22:00:00,Zero_Mile,95,52.6,LOW,Clear,28.6,0,YELLOW,46
2024-01-17 22:00:00,Kasturchand_Park,145,39.4,MEDIUM,Clouds,29.6,0,GREEN,55
2024-01-17 22:00:00,Variety_Sq,168,33.4,MEDIUM,Clouds,33.1,0,YELLOW,74
2024-01-17 22:00:00,LIC_Sq,94,47.4,LOW,Clouds,31.1,0.12,GREEN,42
2024-01-17 22:00:00,Empress_Mall_Sq,122,42.0,MEDIUM,Clouds,28.9,0,YELLOW,64
2024-01-17 23:00:00,Sitabuldi_Sq,94,43.1,LOW,Clear,28.4,0,YELLOW,41
2024-01-17 23:00:00,Zero_Mile,100,49.2,LOW,Clear,31.6,0,GREEN,39
2024-01-17 23:00:00,Kasturchand_Park,206,29.9,HIGH,Clouds,29.7,0,GREEN,105
2024-01-17 23:00:00,Variety_Sq,101,47.4,LOW,Clear,29.2,0,RED,40
2024-01-17 23:00:00,LIC_Sq,113,42.5,LOW,Clear,34.5,0,GREEN,51
2024-01-17 23:00:00,Empress_Mall_Sq,109,44.4,LOW,Clear,24.3,0,RED,49
2024-01-18 00:00:00,Sitabuldi_Sq,118,50.7,LOW,Clear,29.2,0,YELLOW,54
2024-01-18 00:00:00,Zero_Mile,123,45.9,MEDIUM,Clear,31.5,0,YELLOW,54
2024-01-18 00:00:00,Kasturchand_Park,135,38.4,MEDIUM,Clear,32.1,0,GREEN,54
2024-01-18 00:00:00,Variety_Sq,39,58.1,LOW,Clear,30.9,0,YELLOW,5
2024-01-18 00:00:00,LIC_Sq,163,35.2,MEDIUM,Clear,33.6,0,GREEN,67
2024-01-18 00:00:00,Empress_Mall_Sq,74,53.3,LOW,Clear,30.6,0,YELLOW,38
2024-01-18 01:00:00,Sitabuldi_Sq,87,51.0,LOW,Clear,30.5,0,YELLOW,39
2024-01-18 01:00:00,Zero_Mile,63,53.1,LOW,Clear,32.7,0,YELLOW,36
2024-01-18 01:00:00,Kasturchand_Park,128,42.3,MEDIUM,Clear,31.6,0,YELLOW,47
2024-01-18 01:00:00,Variety_Sq,82,51.1,LOW,Clouds,30.4,0,RED,22
2024-01-18 01:00:00,LIC_Sq,145,31.5,MEDIUM,Clear,32.3,0,RED,72
2024-01-18 01:00:00,Empress_Mall_Sq,91,52.4,LOW,Rain,30.5,1.0,RED,33
2024-01-18 02:00:00,Sitabuldi_Sq,207,24.9,HIGH,Clear,31.3,0,GREEN,83
2024-01-18 02:00:00,Zero_Mile,77,52.0,LOW,Clouds,30.1,0,GREEN,20
2024-01-18 02:00:00,Kasturchand_Park,78,45.8,LOW,Clouds,30.0,0,RED,48
2024-01-18 02:00:00,Variety_Sq,154,40.3,MEDIUM,Clouds,30.1,0,YELLOW,77
2024-01-18 02:00:00,LIC_Sq,107,46.6,LOW,Clear,31.2,0,RED,60
2024-01-18 02:00:00,Empress_Mall_Sq,77,51.0,LOW,Clear,31.9,0,GREEN,31
2024-01-18 03:00:00,Sitabuldi_Sq,164,33.3,MEDIUM,Clear,34.0,0.16,RED,69
2024-01-18 03:00:00,Zero_Mile,119,43.6,LOW,Clear,26.7,0,RED,56
2024-01-18 03:00:00,Kasturchand_Park,181,26.2,MEDIUM,Clouds,33.5,0,RED,94
2024-01-18 03:00:00,Variety_Sq,178,36.5,MEDIUM,Clear,30.8,0,RED,95
2024-01-18 03:00:00,LIC_Sq,65,54.6,LOW,Clear,30.9,0,YELLOW,31
2024-01-18 03:00:00,Empress_Mall_Sq,96,47.5,LOW,Clear,33.1,0.19,YELLOW,43
2024-01-18 04:00:00,Sitabuldi_Sq,183,29.6,MEDIUM,Clear,29.3,0.41,GREEN,68
2024-01-18 04:00:00,Zero_Mile,96,51.0,LOW,Clear,32.3,0,GREEN,54
2024-01-18 04:00:00,Kasturchand_Park,50,60.4,LOW,Clear,30.5,0,RED,22
2024-01-18 04:00:00,Variety_Sq,108,46.3,LOW,Clouds,34.5,0,GREEN,42
2024-01-18 04:00:00,LIC_Sq,108,40.2,LOW,Clear,31.7,0,YELLOW,60
2024-01-18 04:00:00,Empress_Mall_Sq,121,45.3,MEDIUM,Clear,28.3,0,YELLOW,48
2024-01-18 05:00:00,Sitabuldi_Sq,178,31.5,MEDIUM,Clear,34.4,0,YELLOW,75
2024-01-18 05:00:00,Zero_Mile,138,45.9,MEDIUM,Clear,29.4,0,GREEN,73
2024-01-18 05:00:00,Kasturchand_Park,64,56.0,LOW,Clouds,34.3,0,RED,24
2024-01-18 05:00:00,Variety_Sq,130,44.1,MEDIUM,Clear,29.5,0,GREEN,56
2024-01-18 05:00:00,LIC_Sq,119,44.5,LOW,Clouds,29.4,0,GREEN,63
2024-01-18 05:00:00,Empress_Mall_Sq,196,32.4,MEDIUM,Clear,31.8,0,RED,108
2024-01-18 06:00:00,Sitabuldi_Sq,38,57.2,LOW,Clear,31.1,0,RED,37
2024-01-18 06:00:00,Zero_Mile,191,24.3,MEDIUM,Clear,27.8,0,GREEN,92
2024-01-18 06:00:00,Kasturchand_Park,254,18.6,HIGH,Clear,34.5,0,GREEN,99
2024-01-18 06:00:00,Variety_Sq,108,47.5,LOW,Clear,34.0,0,RED,40
2024-01-18 06:00:00,LIC_Sq,162,33.9,MEDIUM,Clear,30.6,0,YELLOW,75
2024-01-18 06:00:00,Empress_Mall_Sq,155,38.0,MEDIUM,Clear,29.5,0,GREEN,63
2024-01-18 07:00:00,Sitabuldi_Sq,220,23.5,HIGH,Clear,31.4,0,RED,99
2024-01-18 07:00:00,Zero_Mile,316,10.3,CRITICAL,Clear,29.9,0,GREEN,126
2024-01-18 07:00:00,Kasturchand_Park,293,13.0,CRITICAL,Clouds,33.7,0,YELLOW,142
2024-01-18 07:00:00,Variety_Sq,315,8.6,CRITICAL,Clouds,29.6,0,YELLOW,164
2024-01-18 07:00:00,LIC_Sq,305,13.9,CRITICAL,Clear,28.6,0,RED,144
2024-01-18 07:00:00,Empress_Mall_Sq,274,14.5,HIGH,Clouds,30.9,0.02,YELLOW,115
2024-01-18 08:00:00,Sitabuldi_Sq,293,7.5,CRITICAL,Rain,34.9,0.54,YELLOW,118
2024-01-18 08:00:00,Zero_Mile,294,11.5,CRITICAL,Clouds,32.0,0,RED,136
2024-01-18 08:00:00,Kasturchand_Park,337,5,CRITICAL,Clear,30.3,0,GREEN,144
2024-01-18 08:00:00,Variety_Sq,268,17.1,HIGH,Clouds,31.4,0,GREEN,116
2024-01-18 08:00:00,LIC_Sq,230,24.5,HIGH,Clear,33.7,0,GREEN,96
2024-01-18 08:00:00,Empress_Mall_Sq,330,5,CRITICAL,Clouds,31.2,0,YELLOW,145
2024-01-18 09:00:00,Sitabuldi_Sq,203,23.0,HIGH,Clear,30.9,0,GREEN,89
2024-01-18 09:00:00,Zero_Mile,276,16.9,HIGH,Clear,32.2,0.07,GREEN,132
2024-01-18 09:00:00,Kasturchand_Park,274,11.6,HIGH,Clear,30.1,0,YELLOW,132
2024-01-18 09:00:00,Variety_Sq,277,13.8,HIGH,Clear,30.1,0,YELLOW,124
2024-01-18 09:00:00,LIC_Sq,192,28.9,MEDIUM,Clouds,30.4,0,YELLOW,110
2024-01-18 09:00:00,Empress_Mall_Sq,317,8.4,CRITICAL,Clear,30.8,0,YELLOW,132
2024-01-18 10:00:00,Sitabuldi_Sq,166,36.5,MEDIUM,Clear,30.4,0,RED,75
2024-01-18 10:00:00,Zero_Mile,165,34.8,MEDIUM,Clouds,29.9,0,RED,80
2024-01-18 10:00:00,Kasturchand_Park,192,23.7,MEDIUM,Clouds,28.4,0,RED,98
2024-01-18 10:00:00,Variety_Sq,120,43.7,LOW,Clouds,27.0,0,GREEN,58
2024-01-18 10:00:00,LIC_Sq,151,39.7,MEDIUM,Clouds,31.5,0,GREEN,73
2024-01-18 10:00:00,Empress_Mall_Sq,104,44.1,LOW,Clear,31.3,0,GREEN,39
2024-01-18 11:00:00,Sitabuldi_Sq,75,51.9,LOW,Clouds,32.3,0,YELLOW,51
2024-01-18 11:00:00,Zero_Mile,126,48.5,MEDIUM,Clear,31.9,0,YELLOW,56
2024-01-18 11:00:00,Kasturchand_Park,123,39.9,MEDIUM,Clouds,30.2,0,RED,59
2024-01-18 11:00:00,Variety_Sq,106,44.3,LOW,Clear,31.8,0.37,RED,44
2024-01-18 11:00:00,LIC_Sq,78,56.3,LOW,Clear,27.6,0,YELLOW,28
2024-01-18 11:00:00,Empress_Mall_Sq,130,40.6,MEDIUM,Clouds,28.7,0,GREEN,51
2024-01-18 12:00:00,Sitabuldi_Sq,129,47.5,MEDIUM,Clouds,27.7,0,YELLOW,66
2024-01-18 12:00:00,Zero_Mile,144,41.3,MEDIUM,Clear,30.1,0,GREEN,64
2024-01-18 12:00:00,Kasturchand_Park,112,43.4,LOW,Clear,31.7,0,GREEN,47
2024-01-18 12:00:00,Variety_Sq,108,41.9,LOW,Clouds,31.8,0,YELLOW,58
2024-01-18 12:00:00,LIC_Sq,116,42.3,LOW,Clear,28.2,0,RED,69
2024-01-18 12:00:00,Empress_Mall_Sq,109,40.9,LOW,Clear,28.9,0,GREEN,44
2024-01-18 13:00:00,Sitabuldi_Sq,84,49.3,LOW,Clear,27.8,0,RED,32
2024-01-18 13:00:00,Zero_Mile,103,43.3,LOW,Clouds,30.6,0,GREEN,42
2024-01-18 13:00:00,Kasturchand_Park,120,38.2,LOW,Clear,32.9,0,GREEN,48
2024-01-18 13:00:00,Variety_Sq,221,28.6,HIGH,Clear,30.0,0,GREEN,95
2024-01-18 13:00:00,LIC_Sq,130,39.3,MEDIUM,Clouds,32.6,0,RED,52
2024-01-18 13:00:00,Empress_Mall_Sq,117,44.5,LOW,Clear,31.5,0,GREEN,39
2024-01-18 14:00:00,Sitabuldi_Sq,107,50.5,LOW,Clear,34.5,0.34,YELLOW,52
2024-01-18 14:00:00,Zero_Mile,125,44.0,MEDIUM,Clear,30.9,0,YELLOW,65
2024-01-18 14:00:00,Kasturchand_Park,109,44.2,LOW,Clear,27.9,0,YELLOW,48
2024-01-18 14:00:00,Variety_Sq,99,47.4,LOW,Clear,31.5,0,YELLOW,45
2024-01-18 14:00:00,LIC_Sq,140,37.2,MEDIUM,Clear,31.6,0,GREEN,70
2024-01-18 14:00:00,Empress_Mall_Sq,143,44.3,MEDIUM,Clouds,31.8,0.38,RED,69
2024-01-18 15:00:00,Sitabuldi_Sq,117,44.1,LOW,Clear,31.6,0,RED,52
2024-01-18 15:00:00,Zero_Mile,83,50.8,LOW,Clouds,31.6,0,GREEN,34
2024-01-18 15:00:00,Kasturchand_Park,96,43.7,LOW,Clear,31.8,0,YELLOW,42
2024-01-18 15:00:00,Variety_Sq,150,39.1,MEDIUM,Clear,31.3,0,YELLOW,65
2024-01-18 15:00:00,LIC_Sq,139,47.0,MEDIUM,Clear,32.4,0,RED,63
2024-01-18 15:00:00,Empress_Mall_Sq,156,38.1,MEDIUM,Clouds,32.2,0,GREEN,81
2024-01-18 16:00:00,Sitabuldi_Sq,304,10.5,CRITICAL,Clear,32.8,0,RED,140
2024-01-18 16:00:00,Zero_Mile,357,5,CRITICAL,Clear,27.6,0,YELLOW,164
2024-01-18 16:00:00,Kasturchand_Park,291,13.7,CRITICAL,Clouds,27.6,0,YELLOW,123
2024-01-18 16:00:00,Variety_Sq,294,17.0,CRITICAL,Clear,30.8,0,GREEN,146
2024-01-18 16:00:00,LIC_Sq,288,9.4,CRITICAL,Clouds,31.4,0,YELLOW,136
2024-01-18 16:00:00,Empress_Mall_Sq,290,11.7,CRITICAL,Clear,32.3,0,GREEN,148
2024-01-18 17:00:00,Sitabuldi_Sq,399,5,CRITICAL,Clear,30.8,0,YELLOW,197
2024-01-18 17:00:00,Zero_Mile,277,18.8,HIGH,Clear,30.4,0,YELLOW,117
2024-01-18 17:00:00,Kasturchand_Park,244,15.4,HIGH,Clear,28.6,0,YELLOW,107
2024-01-18 17:00:00,Variety_Sq,355,5,CRITICAL,Clear,28.5,0,YELLOW,167
2024-01-18 17:00:00,LIC_Sq,356,5,CRITICAL,Clear,30.2,0,GREEN,153
2024-01-18 17:00:00,Empress_Mall_Sq,358,5,CRITICAL,Clear,32.5,0,RED,159
2024-01-18 18:00:00,Sitabuldi_Sq,290,10.3,CRITICAL,Clear,31.0,0,GREEN,137
2024-01-18 18:00:00,Zero_Mile,320,5.3,CRITICAL,Clear,34.2,0,RED,152
2024-01-18 18:00:00,Kasturchand_Park,420,5,CRITICAL,Clear,30.5,0,YELLOW,208
2024-01-18 18:00:00,Variety_Sq,280,13.7,HIGH,Clear,29.8,0,RED,135
2024-01-18 18:00:00,LIC_Sq,293,5.2,CRITICAL,Clear,32.4,0,RED,127
2024-01-18 18:00:00,Empress_Mall_Sq,278,17.4,HIGH,Clear,32.1,0,YELLOW,117
2024-01-18 19:00:00,Sitabuldi_Sq,256,22.6,HIGH,Clouds,26.9,0.46,YELLOW,114
2024-01-18 19:00:00,Zero_Mile,318,11.0,CRITICAL,Clear,29.5,0,GREEN,150
2024-01-18 19:00:00,Kasturchand_Park,292,13.2,CRITICAL,Clouds,29.7,0,RED,133
2024-01-18 19:00:00,Variety_Sq,272,11.4,HIGH,Clear,33.2,0,RED,123
2024-01-18 19:00:00,LIC_Sq,353,5,CRITICAL,Clear,32.3,0,RED,157
2024-01-18 19:00:00,Empress_Mall_Sq,349,6.4,CRITICAL,Clear,31.8,0,GREEN,163
2024-01-18 20:00:00,Sitabuldi_Sq,186,36.7,MEDIUM,Clear,29.5,0,GREEN,77
2024-01-18 20:00:00,Zero_Mile,179,29.8,MEDIUM,Clear,31.5,0,GREEN,97
2024-01-18 20:00:00,Kasturchand_Park,173,38.1,MEDIUM,Clear,31.4,0,GREEN,68
2024-01-18 20:00:00,Variety_Sq,112,45.8,LOW,Clear,31.7,0,RED,69
2024-01-18 20:00:00,LIC_Sq,170,33.5,MEDIUM,Clear,32.1,0,YELLOW,76
2024-01-18 20:00:00,Empress_Mall_Sq,95,48.6,LOW,Clear,29.4,0,RED,41
2024-01-18 21:00:00,Sitabuldi_Sq,108,48.2,LOW,Clear,35.7,0,RED,41
2024-01-18 21:00:00,Zero_Mile,65,55.1,LOW,Clouds,27.0,0,YELLOW,18
2024-01-18 21:00:00,Kasturchand_Park,134,36.8,MEDIUM,Clouds,32.2,0,GREEN,68
2024-01-18 21:00:00,Variety_Sq,120,42.8,LOW,Clear,30.4,0,YELLOW,61
2024-01-18 21:00:00,LIC_Sq,52,62.0,LOW,Clear,32.6,0,GREEN,21
2024-01-18 21:00:00,Empress_Mall_Sq,109,48.4,LOW,Clear,29.8,0,RED,54
2024-01-18 22:00:00,Sitabuldi_Sq,130,37.8,MEDIUM,Clear,26.8,0.42,YELLOW,59
2024-01-18 22:00:00,Zero_Mile,137,35.4,MEDIUM,Clear,31.3,0,RED,71
2024-01-18 22:00:00,Kasturchand_Park,207,27.5,HIGH,Clear,31.3,0,GREEN,99
2024-01-18 22:00:00,Variety_Sq,80,50.3,LOW,Clear,31.3,0,YELLOW,34
2024-01-18 22:00:00,LIC_Sq,163,31.5,MEDIUM,Clear,29.1,0,YELLOW,86
2024-01-18 22:00:00,Empress_Mall_Sq,84,43.9,LOW,Clear,31.6,0,GREEN,42
2024-01-18 23:00:00,Sitabuldi_Sq,111,43.2,LOW,Clear,28.2,0,GREEN,34
2024-01-18 23:00:00,Zero_Mile,130,42.0,MEDIUM,Clear,29.5,0,RED,31
2024-01-18 23:00:00,Kasturchand_Park,115,39.1,LOW,Clear,33.5,0,RED,41
2024-01-18 23:00:00,Variety_Sq,117,44.3,LOW,Clouds,29.9,0,GREEN,58
2024-01-18 23:00:00,LIC_Sq,88,50.7,LOW,Clear,31.0,0,YELLOW,50
2024-01-18 23:00:00,Empress_Mall_Sq,58,55.9,LOW,Clear,35.9,0,RED,27
2024-01-19 00:00:00,Sitabuldi_Sq,135,37.8,MEDIUM,Clear,27.7,0,RED,59
2024-01-19 00:00:00,Zero_Mile,199,26.5,MEDIUM,Clouds,31.3,0,GREEN,96
2024-01-19 00:00:00,Kasturchand_Park,222,33.5,HIGH,Clouds,30.4,0.42,GREEN,113
2024-01-19 00:00:00,Variety_Sq,120,40.9,LOW,Clear,32.9,0,YELLOW,53
2024-01-19 00:00:00,LIC_Sq,161,40.6,MEDIUM,Clear,33.9,0,RED,71
2024-01-19 00:00:00,Empress_Mall_Sq,87,51.0,LOW,Clouds,32.2,0,YELLOW,26
2024-01-19 01:00:00,Sitabuldi_Sq,157,37.6,MEDIUM,Clear,32.5,0,GREEN,58
2024-01-19 01:00:00,Zero_Mile,172,35.8,MEDIUM,Clear,29.5,0,GREEN,75
2024-01-19 01:00:00,Kasturchand_Park,122,42.7,MEDIUM,Clear,30.3,0,GREEN,48
2024-01-19 01:00:00,Variety_Sq,99,45.0,LOW,Clear,34.0,0,RED,45
2024-01-19 01:00:00,LIC_Sq,94,45.0,LOW,Clear,30.6,0,YELLOW,52
2024-01-19 01:00:00,Empress_Mall_Sq,110,46.0,LOW,Clear,30.6,0,YELLOW,33
2024-01-19 02:00:00,Sitabuldi_Sq,90,47.3,LOW,Clear,29.4,0,YELLOW,52
2024-01-19 02:00:00,Zero_Mile,142,37.7,MEDIUM,Clear,32.8,0.2,YELLOW,62
2024-01-19 02:00:00,Kasturchand_Park,173,33.5,MEDIUM,Clouds,28.8,0,GREEN,81
2024-01-19 02:00:00,Variety_Sq,122,42.5,MEDIUM,Clouds,33.7,0,YELLOW,78
2024-01-19 02:00:00,LIC_Sq,98,47.4,LOW,Clouds,30.4,0,YELLOW,44
2024-01-19 02:00:00,Empress_Mall_Sq,183,29.0,MEDIUM,Clear,32.5,0,GREEN,71
2024-01-19 03:00:00,Sitabuldi_Sq,100,49.8,LOW,Clouds,32.0,0,GREEN,53
2024-01-19 03:00:00,Zero_Mile,20,64.3,LOW,Clouds,33.2,0,YELLOW,23
2024-01-19 03:00:00,Kasturchand_Park,104,43.0,LOW,Clear,30.6,0,YELLOW,59
2024-01-19 03:00:00,Variety_Sq,41,55.1,LOW,Clear,27.1,0,RED,21
2024-01-19 03:00:00,LIC_Sq,131,40.5,MEDIUM,Clear,32.2,0,GREEN,62
2024-01-19 03:00:00,Empress_Mall_Sq,64,53.7,LOW,Clear,32.2,0,RED,27
2024-01-19 04:00:00,Sitabuldi_Sq,126,39.4,MEDIUM,Clear,31.2,0,RED,34
2024-01-19 04:00:00,Zero_Mile,144,40.0,MEDIUM,Rain,31.1,0.55,RED,62
2024-01-19 04:00:00,Kasturchand_Park,98,51.5,LOW,Clear,29.2,0,RED,48
2024-01-19 04:00:00,Variety_Sq,132,40.4,MEDIUM,Clear,31.8,0,GREEN,50
2024-01-19 04:00:00,LIC_Sq,118,46.4,LOW,Clouds,32.5,0,GREEN,54
2024-01-19 04:00:00,Empress_Mall_Sq,183,33.2,MEDIUM,Clear,33.6,0,RED,80
2024-01-19 05:00:00,Sitabuldi_Sq,192,33.4,MEDIUM,Clear,29.3,0,RED,82
2024-01-19 05:00:00,Zero_Mile,136,45.0,MEDIUM,Clear,28.4,0,GREEN,52
2024-01-19 05:00:00,Kasturchand_Park,76,50.7,LOW,Clouds,30.1,0,RED,24
2024-01-19 05:00:00,Variety_Sq,52,51.3,LOW,Clear,29.2,0,RED,14
2024-01-19 05:00:00,LIC_Sq,101,48.8,LOW,Clear,30.2,0,RED,39
2024-01-19 05:00:00,Empress_Mall_Sq,118,41.2,LOW,Clear,31.0,0,RED,56
2024-01-19 06:00:00,Sitabuldi_Sq,70,50.7,LOW,Clear,31.1,0,RED,45
2024-01-19 06:00:00,Zero_Mile,112,48.1,LOW,Clouds,31.7,0,YELLOW,70
2024-01-19 06:00:00,Kasturchand_Park,124,37.0,MEDIUM,Clear,30.7,0,YELLOW,49
2024-01-19 06:00:00,Variety_Sq,72,54.0,LOW,Clear,26.4,0,YELLOW,35
2024-01-19 06:00:00,LIC_Sq,68,47.9,LOW,Clouds,27.0,0,YELLOW,64
2024-01-19 06:00:00,Empress_Mall_Sq,91,47.6,LOW,Clear,31.3,0,RED,41
2024-01-19 07:00:00,Sitabuldi_Sq,234,25.8,HIGH,Clear,29.6,0,RED,107
2024-01-19 07:00:00,Zero_Mile,242,21.9,HIGH,Clouds,30.0,0,YELLOW,117
2024-01-19 07:00:00,Kasturchand_Park,282,11.9,CRITICAL,Clouds,31.7,0,GREEN,116
2024-01-19 07:00:00,Variety_Sq,246,23.8,HIGH,Clouds,33.6,0,RED,122
2024-01-19 07:00:00,LIC_Sq,322,5.5,CRITICAL,Clear,32.8,0,RED,137
2024-01-19 07:00:00,Empress_Mall_Sq,302,6.7,CRITICAL,Clear,28.3,0,YELLOW,119
2024-01-19 08:00:00,Sitabuldi_Sq,310,5,CRITICAL,Clear,28.0,0,RED,137
2024-01-19 08:00:00,Zero_Mile,309,7.7,CRITICAL,Rain,31.9,0.58,GREEN,133
2024-01-19 08:00:00,Kasturchand_Park,305,8.4,CRITICAL,Clear,32.6,0,GREEN,154
2024-01-19 08:00:00,Variety_Sq,309,9.9,CRITICAL,Clouds,30.4,0,GREEN,146
2024-01-19 08:00:00,LIC_Sq,308,9.8,CRITICAL,Clear,28.5,0,YELLOW,142
2024-01-19 08:00:00,Empress_Mall_Sq,220,28.8,HIGH,Clear,31.3,0,YELLOW,96
2024-01-19 09:00:00,Sitabuldi_Sq,255,23.4,HIGH,Clear,33.6,0,GREEN,130
2024-01-19 09:00:00,Zero_Mile,321,11.7,CRITICAL,Clear,33.5,0,GREEN,152
2024-01-19 09:00:00,Kasturchand_Park,254,19.7,HIGH,Clouds,32.4,0,YELLOW,115
2024-01-19 09:00:00,Variety_Sq,300,5.5,CRITICAL,Clear,32.2,0,RED,133
2024-01-19 09:00:00,LIC_Sq,247,21.8,HIGH,Clear,29.3,0,GREEN,114
2024-01-19 09:00:00,Empress_Mall_Sq,286,15.0,CRITICAL,Clouds,33.8,0,GREEN,128
2024-01-19 10:00:00,Sitabuldi_Sq,94,51.5,LOW,Clouds,32.1,0.21,RED,45
2024-01-19 10:00:00,Zero_Mile,158,40.8,MEDIUM,Clear,32.3,0,GREEN,48
2024-01-19 10:00:00,Kasturchand_Park,145,36.0,MEDIUM,Clear,31.9,0,GREEN,54
2024-01-19 10:00:00,Variety_Sq,180,33.4,MEDIUM,Clear,30.6,0,GREEN,103
2024-01-19 10:00:00,LIC_Sq,152,41.8,MEDIUM,Clouds,29.3,0,GREEN,61
2024-01-19 10:00:00,Empress_Mall_Sq,122,42.2,MEDIUM,Clouds,35.5,0,YELLOW,44
2024-01-19 11:00:00,Sitabuldi_Sq,108,47.5,LOW,Clouds,27.7,0,GREEN,42
2024-01-19 11:00:00,Zero_Mile,126,41.5,MEDIUM,Clear,30.1,0,RED,64
2024-01-19 11:00:00,Kasturchand_Park,146,37.6,MEDIUM,Clouds,32.7,0,RED,58
2024-01-19 11:00:00,Variety_Sq,81,46.8,LOW,Clear,30.4,0.35,RED,20
2024-01-19 11:00:00,LIC_Sq,72,54.7,LOW,Clear,31.6,0,YELLOW,37
2024-01-19 11:00:00,Empress_Mall_Sq,108,43.9,LOW,Clear,31.3,0,GREEN,52
2024-01-19 12:00:00,Sitabuldi_Sq,151,39.1,MEDIUM,Clear,28.5,0,RED,68
2024-01-19 12:00:00,Zero_Mile,87,53.5,LOW,Clouds,29.4,0.01,YELLOW,46
2024-01-19 12:00:00,Kasturchand_Park,121,42.0,MEDIUM,Clouds,31.5,0.24,GREEN,28
2024-01-19 12:00:00,Variety_Sq,99,47.4,LOW,Clear,32.9,0,YELLOW,56
2024-01-19 12:00:00,LIC_Sq,92,55.5,LOW,Rain,28.3,0.61,RED,25
2024-01-19 12:00:00,Empress_Mall_Sq,117,44.7,LOW,Clouds,30.1,0,YELLOW,47
2024-01-19 13:00:00,Sitabuldi_Sq,74,48.6,LOW,Clear,31.8,0,RED,41
2024-01-19 13:00:00,Zero_Mile,139,41.1,MEDIUM,Clouds,35.0,0,YELLOW,49
2024-01-19 13:00:00,Kasturchand_Park,97,48.0,LOW,Clear,30.0,0.32,RED,37
2024-01-19 13:00:00,Variety_Sq,144,35.4,MEDIUM,Clouds,29.5,0,YELLOW,70
2024-01-19 13:00:00,LIC_Sq,181,30.5,MEDIUM,Clouds,30.7,0,GREEN,61
2024-01-19 13:00:00,Empress_Mall_Sq,150,36.1,MEDIUM,Clear,34.7,0,RED,68
2024-01-19 14:00:00,Sitabuldi_Sq,117,45.7,LOW,Clear,31.2,0,RED,44
2024-01-19 14:00:00,Zero_Mile,153,42.1,MEDIUM,Clear,32.5,0,YELLOW,61
2024-01-19 14:00:00,Kasturchand_Park,129,44.3,MEDIUM,Clouds,29.9,0,RED,70
2024-01-19 14:00:00,Variety_Sq,102,44.6,LOW,Clear,31.9,0,RED,43
2024-01-19 14:00:00,LIC_Sq,142,38.9,MEDIUM,Clouds,30.9,0,YELLOW,71
2024-01-19 14:00:00,Empress_Mall_Sq,158,39.8,MEDIUM,Clouds,26.9,0,GREEN,60
2024-01-19 15:00:00,Sitabuldi_Sq,84,55.3,LOW,Clear,32.9,0,YELLOW,31
2024-01-19 15:00:00,Zero_Mile,174,31.1,MEDIUM,Clear,32.3,0,YELLOW,84
2024-01-19 15:00:00,Kasturchand_Park,153,36.7,MEDIUM,Clouds,28.1,0,RED,62
2024-01-19 15:00:00,Variety_Sq,145,38.4,MEDIUM,Clear,30.7,0,GREEN,70
2024-01-19 15:00:00,LIC_Sq,180,29.7,MEDIUM,Clear,28.3,0,YELLOW,93
2024-01-19 15:00:00,Empress_Mall_Sq,128,41.1,MEDIUM,Clear,30.3,0,GREEN,52
2024-01-19 16:00:00,Sitabuldi_Sq,317,5.1,CRITICAL,Clear,30.2,0,YELLOW,156
2024-01-19 16:00:00,Zero_Mile,334,7.5,CRITICAL,Clear,29.0,0,GREEN,156
2024-01-19 16:00:00,Kasturchand_Park,311,7.6,CRITICAL,Rain,29.9,0.56,GREEN,136
2024-01-19 16:00:00,Variety_Sq,341,6.0,CRITICAL,Clear,28.5,0,RED,161
2024-01-19 16:00:00,LIC_Sq,264,18.8,HIGH,Clear,31.1,0,RED,127
2024-01-19 16:00:00,Empress_Mall_Sq,288,11.3,CRITICAL,Clouds,33.3,0,RED,117
2024-01-19 17:00:00,Sitabuldi_Sq,305,8.0,CRITICAL,Clear,30.5,0,GREEN,139
2024-01-19 17:00:00,Zero_Mile,286,14.6,CRITICAL,Clear,32.6,0,GREEN,142
2024-01-19 17:00:00,Kasturchand_Park,300,14.4,CRITICAL,Clear,26.9,0,GREEN,133
2024-01-19 17:00:00,Variety_Sq,377,5,CRITICAL,Clear,27.5,0,YELLOW,175
2024-01-19 17:00:00,LIC_Sq,299,15.7,CRITICAL,Clouds,32.0,0,YELLOW,137
2024-01-19 17:00:00,Empress_Mall_Sq,337,5,CRITICAL,Clear,29.2,0,YELLOW,155
2024-01-19 18:00:00,Sitabuldi_Sq,314,8.5,CRITICAL,Clouds,34.1,0,RED,134
2024-01-19 18:00:00,Zero_Mile,316,9.4,CRITICAL,Clouds,30.8,0,YELLOW,144
2024-01-19 18:00:00,Kasturchand_Park,350,5,CRITICAL,Clear,32.9,0,YELLOW,157
2024-01-19 18:00:00,Variety_Sq,343,7.8,CRITICAL,Clear,31.1,0,RED,150
2024-01-19 18:00:00,LIC_Sq,332,8.1,CRITICAL,Clear,29.7,0,GREEN,152
2024-01-19 18:00:00,Empress_Mall_Sq,344,5,CRITICAL,Clouds,33.4,0,RED,145
2024-01-19 19:00:00,Sitabuldi_Sq,254,22.0,HIGH,Clear,28.2,0,RED,113
2024-01-19 19:00:00,Zero_Mile,329,8.7,CRITICAL,Clouds,31.1,0,GREEN,160
2024-01-19 19:00:00,Kasturchand_Park,331,9.5,CRITICAL,Clear,31.4,0,GREEN,142
2024-01-19 19:00:00,Variety_Sq,273,10.7,HIGH,Clear,30.9,0,YELLOW,115
2024-01-19 19:00:00,LIC_Sq,308,8.5,CRITICAL,Clear,27.9,0,GREEN,140
2024-01-19 19:00:00,Empress_Mall_Sq,239,25.5,HIGH,Clear,30.2,0.01,GREEN,104
2024-01-19 20:00:00,Sitabuldi_Sq,46,63.1,LOW,Clouds,31.2,0,GREEN,16
2024-01-19 20:00:00,Zero_Mile,94,45.6,LOW,Clear,29.5,0,GREEN,30
2024-01-19 20:00:00,Kasturchand_Park,131,39.0,MEDIUM,Clear,33.2,0,RED,59
2024-01-19 20:00:00,Variety_Sq,181,31.4,MEDIUM,Clear,30.0,0,RED,83
2024-01-19 20:00:00,LIC_Sq,99,43.9,LOW,Clear,33.2,0,RED,45
2024-01-19 20:00:00,Empress_Mall_Sq,65,52.1,LOW,Clouds,30.6,0,GREEN,19
2024-01-19 21:00:00,Sitabuldi_Sq,84,48.7,LOW,Clear,32.2,0,YELLOW,26
2024-01-19 21:00:00,Zero_Mile,68,52.3,LOW,Clouds,32.1,0,YELLOW,29
2024-01-19 21:00:00,Kasturchand_Park,165,31.9,MEDIUM,Clouds,32.5,0,RED,61
2024-01-19 21:00:00,Variety_Sq,141,39.9,MEDIUM,Clear,31.1,0,YELLOW,58
2024-01-19 21:00:00,LIC_Sq,76,48.8,LOW,Clear,33.3,0,YELLOW,44
2024-01-19 21:00:00,Empress_Mall_Sq,141,41.5,MEDIUM,Clear,27.4,0,YELLOW,65
2024-01-19 22:00:00,Sitabuldi_Sq,97,50.1,LOW,Clear,27.9,0,RED,45
2024-01-19 22:00:00,Zero_Mile,71,52.1,LOW,Clear,31.3,0,GREEN,21
2024-01-19 22:00:00,Kasturchand_Park,116,43.3,LOW,Clear,32.1,0,RED,55
2024-01-19 22:00:00,Variety_Sq,138,43.1,MEDIUM,Clear,31.5,0,RED,74
2024-01-19 22:00:00,LIC_Sq,125,40.3,MEDIUM,Clear,30.7,0,YELLOW,76
2024-01-19 22:00:00,Empress_Mall_Sq,120,37.7,LOW,Clear,29.7,0,YELLOW,47
2024-01-19 23:00:00,Sitabuldi_Sq,189,31.3,MEDIUM,Clear,33.7,0,RED,84
2024-01-19 23:00:00,Zero_Mile,101,41.6,LOW,Clear,33.1,0.49,GREEN,40
2024-01-19 23:00:00,Kasturchand_Park,146,39.3,MEDIUM,Clear,29.7,0,YELLOW,51
2024-01-19 23:00:00,Variety_Sq,173,30.5,MEDIUM,Clear,30.2,0,RED,83
2024-01-19 23:00:00,LIC_Sq,106,49.6,LOW,Clear,31.2,0,RED,41
2024-01-19 23:00:00,Empress_Mall_Sq,72,53.7,LOW,Clouds,28.8,0,GREEN,32
2024-01-20 00:00:00,Sitabuldi_Sq,54,54.9,LOW,Clear,33.8,0,YELLOW,27
2024-01-20 00:00:00,Zero_Mile,115,45.9,LOW,Clear,32.2,0,YELLOW,56
2024-01-20 00:00:00,Kasturchand_Park,73,54.6,LOW,Clear,30.5,0,RED,13
2024-01-20 00:00:00,Variety_Sq,118,45.0,LOW,Clouds,29.5,0,GREEN,64
2024-01-20 00:00:00,LIC_Sq,131,40.2,MEDIUM,Clear,32.9,0,GREEN,74
2024-01-20 00:00:00,Empress_Mall_Sq,148,40.7,MEDIUM,Clear,34.8,0.37,YELLOW,66
2024-01-20 01:00:00,Sitabuldi_Sq,54,52.6,LOW,Clear,33.5,0,YELLOW,26
2024-01-20 01:00:00,Zero_Mile,61,59.1,LOW,Clouds,30.2,0,GREEN,32
2024-01-20 01:00:00,Kasturchand_Park,44,56.5,LOW,Clear,30.4,0.01,YELLOW,17
2024-01-20 01:00:00,Variety_Sq,93,51.3,LOW,Clear,27.4,0,GREEN,31
2024-01-20 01:00:00,LIC_Sq,91,48.1,LOW,Clear,30.7,0,YELLOW,29
2024-01-20 01:00:00,Empress_Mall_Sq,123,42.2,MEDIUM,Clear,29.8,0,YELLOW,58
2024-01-20 02:00:00,Sitabuldi_Sq,57,56.9,LOW,Clear,30.1,0,RED,14
2024-01-20 02:00:00,Zero_Mile,114,49.5,LOW,Rain,33.7,0.76,RED,60
2024-01-20 02:00:00,Kasturchand_Park,109,44.5,LOW,Clear,31.8,0,GREEN,51
2024-01-20 02:00:00,Variety_Sq,42,60.5,LOW,Clouds,31.1,0,RED,29
2024-01-20 02:00:00,LIC_Sq,53,53.3,LOW,Clear,32.6,0,YELLOW,32
2024-01-20 02:00:00,Empress_Mall_Sq,56,60.4,LOW,Clear,31.8,0,YELLOW,21
2024-01-20 03:00:00,Sitabuldi_Sq,47,57.1,LOW,Clouds,32.8,0,GREEN,18
2024-01-20 03:00:00,Zero_Mile,77,52.6,LOW,Clouds,32.2,0.18,YELLOW,19
2024-01-20 03:00:00,Kasturchand_Park,24,60.1,LOW,Clear,33.2,0,GREEN,32
2024-01-20 03:00:00,Variety_Sq,97,44.0,LOW,Clouds,30.5,0,RED,48
2024-01-20 03:00:00,LIC_Sq,97,44.7,LOW,Clear,30.9,0,RED,46
2024-01-20 03:00:00,Empress_Mall_Sq,20,64.5,LOW,Clear,31.6,0,YELLOW,17
2024-01-20 04:00:00,Sitabuldi_Sq,123,44.0,MEDIUM,Clouds,32.4,0,RED,48
2024-01-20 04:00:00,Zero_Mile,109,42.8,LOW,Clouds,31.0,0,RED,38
2024-01-20 04:00:00,Kasturchand_Park,65,52.7,LOW,Clear,30.7,0,YELLOW,35
2024-01-20 04:00:00,Variety_Sq,76,54.2,LOW,Clouds,31.6,0,YELLOW,26
2024-01-20 04:00:00,LIC_Sq,20,59.0,LOW,Clear,30.9,0,RED,5
2024-01-20 04:00:00,Empress_Mall_Sq,79,51.3,LOW,Clear,34.4,0,GREEN,25
2024-01-20 05:00:00,Sitabuldi_Sq,63,50.1,LOW,Clouds,29.2,0,RED,34
2024-01-20 05:00:00,Zero_Mile,27,63.3,LOW,Clear,28.8,0,YELLOW,11
2024-01-20 05:00:00,Kasturchand_Park,44,54.9,LOW,Clear,30.4,0,RED,24
2024-01-20 05:00:00,Variety_Sq,48,60.5,LOW,Clear,29.8,0,YELLOW,31
2024-01-20 05:00:00,LIC_Sq,99,47.7,LOW,Clear,28.7,0,YELLOW,49
2024-01-20 05:00:00,Empress_Mall_Sq,121,38.5,MEDIUM,Clear,31.9,0,RED,46
2024-01-20 06:00:00,Sitabuldi_Sq,113,42.7,LOW,Clear,34.2,0,RED,43
2024-01-20 06:00:00,Zero_Mile,143,36.8,MEDIUM,Clear,32.1,0,GREEN,47
2024-01-20 06:00:00,Kasturchand_Park,38,57.7,LOW,Clear,30.4,0,GREEN,16
2024-01-20 06:00:00,Variety_Sq,41,57.1,LOW,Clear,28.9,0,YELLOW,23
2024-01-20 06:00:00,LIC_Sq,124,42.4,MEDIUM,Clear,29.7,0,GREEN,53
2024-01-20 06:00:00,Empress_Mall_Sq,73,47.7,LOW,Clear,35.7,0,GREEN,19
2024-01-20 07:00:00,Sitabuldi_Sq,203,25.6,HIGH,Clear,29.5,0,GREEN,103
2024-01-20 07:00:00,Zero_Mile,157,38.0,MEDIUM,Clear,29.5,0,GREEN,70
2024-01-20 07:00:00,Kasturchand_Park,132,41.3,MEDIUM,Clear,29.0,0,YELLOW,56
2024-01-20 07:00:00,Variety_Sq,158,32.6,MEDIUM,Clouds,33.2,0,GREEN,63
2024-01-20 07:00:00,LIC_Sq,229,22.8,HIGH,Clear,34.7,0,RED,79
2024-01-20 07:00:00,Empress_Mall_Sq,164,37.3,MEDIUM,Clear,28.9,0,YELLOW,79
2024-01-20 08:00:00,Sitabuldi_Sq,205,22.5,HIGH,Clear,31.1,0,RED,89
2024-01-20 08:00:00,Zero_Mile,192,33.7,MEDIUM,Clear,27.7,0,YELLOW,99
2024-01-20 08:00:00,Kasturchand_Park,142,39.5,MEDIUM,Rain,27.6,0.64,YELLOW,59
2024-01-20 08:00:00,Variety_Sq,137,38.5,MEDIUM,Clear,32.1,0,RED,62
2024-01-20 08:00:00,LIC_Sq,183,24.2,MEDIUM,Clear,29.7,0,RED,73
2024-01-20 08:00:00,Empress_Mall_Sq,198,27.2,MEDIUM,Clear,31.7,0,RED,92
2024-01-20 09:00:00,Sitabuldi_Sq,155,34.5,MEDIUM,Clouds,30.4,0,YELLOW,64
2024-01-20 09:00:00,Zero_Mile,202,25.3,HIGH,Clear,29.3,0,GREEN,84
2024-01-20 09:00:00,Kasturchand_Park,186,33.8,MEDIUM,Clear,29.2,0,GREEN,83
2024-01-20 09:00:00,Variety_Sq,184,30.9,MEDIUM,Clouds,33.5,0,RED,96
2024-01-20 09:00:00,LIC_Sq,208,33.2,HIGH,Clear,33.2,0,GREEN,102
2024-01-20 09:00:00,Empress_Mall_Sq,172,31.0,MEDIUM,Clouds,34.7,0,RED,78
2024-01-20 10:00:00,Sitabuldi_Sq,67,53.7,LOW,Clear,31.1,0,GREEN,48
2024-01-20 10:00:00,Zero_Mile,162,35.5,MEDIUM,Clouds,33.5,0,RED,85
2024-01-20 10:00:00,Kasturchand_Park,20,58.4,LOW,Clear,29.0,0,GREEN,5
2024-01-20 10:00:00,Variety_Sq,52,59.2,LOW,Clouds,30.0,0,YELLOW,15
2024-01-20 10:00:00,LIC_Sq,78,53.6,LOW,Clouds,29.1,0,RED,40
2024-01-20 10:00:00,Empress_Mall_Sq,120,46.7,LOW,Clear,30.3,0,YELLOW,54
2024-01-20 11:00:00,Sitabuldi_Sq,40,58.3,LOW,Clear,35.0,0,GREEN,5
2024-01-20 11:00:00,Zero_Mile,100,41.0,LOW,Rain,32.4,0.89,YELLOW,41
2024-01-20 11:00:00,Kasturchand_Park,148,37.9,MEDIUM,Clear,31.4,0,GREEN,47
2024-01-20 11:00:00,Variety_Sq,106,52.9,LOW,Clear,28.4,0,GREEN,38
2024-01-20 11:00:00,LIC_Sq,36,57.5,LOW,Clouds,31.1,0,RED,5
2024-01-20 11:00:00,Empress_Mall_Sq,68,56.1,LOW,Clouds,32.7,0,GREEN,31
2024-01-20 12:00:00,Sitabuldi_Sq,63,52.6,LOW,Clear,32.5,0,GREEN,26
2024-01-20 12:00:00,Zero_Mile,86,51.0,LOW,Clouds,32.3,0,RED,44
2024-01-20 12:00:00,Kasturchand_Park,148,40.8,MEDIUM,Clouds,32.2,0,GREEN,60
2024-01-20 12:00:00,Variety_Sq,42,62.5,LOW,Rain,31.4,0.72,YELLOW,24
2024-01-20 12:00:00,LIC_Sq,25,58.0,LOW,Clear,32.3,0,GREEN,15
2024-01-20 12:00:00,Empress_Mall_Sq,108,41.9,LOW,Clouds,33.4,0,YELLOW,52
2024-01-20 13:00:00,Sitabuldi_Sq,97,46.8,LOW,Rain,30.4,1.21,GREEN,42
2024-01-20 13:00:00,Zero_Mile,27,59.8,LOW,Clear,25.5,0,GREEN,13
2024-01-20 13:00:00,Kasturchand_Park,101,52.6,LOW,Clouds,31.0,0,YELLOW,64
2024-01-20 13:00:00,Variety_Sq,84,48.6,LOW,Clouds,30.1,0,GREEN,39
2024-01-20 13:00:00,LIC_Sq,66,51.9,LOW,Clouds,33.5,0,YELLOW,31
2024-01-20 13:00:00,Empress_Mall_Sq,28,62.7,LOW,Clouds,33.5,0,YELLOW,33
2024-01-20 14:00:00,Sitabuldi_Sq,41,62.2,LOW,Clouds,28.4,0,RED,29
2024-01-20 14:00:00,Zero_Mile,111,52.2,LOW,Clear,31.0,0,GREEN,49
2024-01-20 14:00:00,Kasturchand_Park,121,44.5,MEDIUM,Clouds,34.5,0,RED,73
2024-01-20 14:00:00,Variety_Sq,87,52.6,LOW,Clouds,32.5,0,GREEN,55
2024-01-20 14:00:00,LIC_Sq,116,46.5,LOW,Clear,30.8,0,YELLOW,54
2024-01-20 14:00:00,Empress_Mall_Sq,60,55.3,LOW,Clear,33.8,0,YELLOW,39
2024-01-20 15:00:00,Sitabuldi_Sq,87,44.4,LOW,Clouds,33.1,0,RED,48
2024-01-20 15:00:00,Zero_Mile,20,63.1,LOW,Clear,29.3,0,GREEN,14
2024-01-20 15:00:00,Kasturchand_Park,75,51.7,LOW,Clear,29.5,0,YELLOW,36
2024-01-20 15:00:00,Variety_Sq,98,46.0,LOW,Clear,31.9,0,YELLOW,43
2024-01-20 15:00:00,LIC_Sq,94,51.9,LOW,Clear,29.7,0,RED,58
2024-01-20 15:00:00,Empress_Mall_Sq,106,44.0,LOW,Clear,34.2,0,RED,49
2024-01-20 16:00:00,Sitabuldi_Sq,276,19.1,HIGH,Clear,30.4,0,YELLOW,124
2024-01-20 16:00:00,Zero_Mile,101,44.0,LOW,Clear,30.5,0,YELLOW,38
2024-01-20 16:00:00,Kasturchand_Park,182,31.9,MEDIUM,Clouds,32.1,0,YELLOW,82
2024-01-20 16:00:00,Variety_Sq,134,38.1,MEDIUM,Clear,32.2,0,YELLOW,69
2024-01-20 16:00:00,LIC_Sq,188,35.2,MEDIUM,Clear,29.2,0,YELLOW,82
2024-01-20 16:00:00,Empress_Mall_Sq,191,29.2,MEDIUM,Clear,23.9,0,RED,94
2024-01-20 17:00:00,Sitabuldi_Sq,189,33.1,MEDIUM,Clear,29.8,0,GREEN,84
2024-01-20 17:00:00,Zero_Mile,220,25.2,HIGH,Clouds,32.8,0,RED,100
2024-01-20 17:00:00,Kasturchand_Park,196,30.6,MEDIUM,Clear,28.3,0,GREEN,81
2024-01-20 17:00:00,Variety_Sq,120,48.2,LOW,Clear,28.5,0,RED,40
2024-01-20 17:00:00,LIC_Sq,154,36.4,MEDIUM,Rain,30.6,1.19,YELLOW,73
2024-01-20 17:00:00,Empress_Mall_Sq,224,22.6,HIGH,Clear,32.1,0,GREEN,104
2024-01-20 18:00:00,Sitabuldi_Sq,201,30.3,HIGH,Clear,34.3,0,RED,96
2024-01-20 18:00:00,Zero_Mile,172,36.1,MEDIUM,Clouds,31.2,0,GREEN,89
2024-01-20 18:00:00,Kasturchand_Park,206,29.2,HIGH,Clear,28.0,0,GREEN,81
2024-01-20 18:00:00,Variety_Sq,170,30.5,MEDIUM,Clear,30.9,0,GREEN,80
2024-01-20 18:00:00,LIC_Sq,214,33.9,HIGH,Clear,31.9,0,GREEN,96
2024-01-20 18:00:00,Empress_Mall_Sq,144,41.3,MEDIUM,Clear,33.0,0,YELLOW,54
2024-01-20 19:00:00,Sitabuldi_Sq,176,32.6,MEDIUM,Clear,28.0,0,RED,63
2024-01-20 19:00:00,Zero_Mile,184,26.3,MEDIUM,Rain,30.2,0.67,RED,65
2024-01-20 19:00:00,Kasturchand_Park,170,34.7,MEDIUM,Clear,31.2,0,YELLOW,79
2024-01-20 19:00:00,Variety_Sq,140,39.4,MEDIUM,Clear,31.2,0.25,GREEN,66
2024-01-20 19:00:00,LIC_Sq,196,28.5,MEDIUM,Clear,31.1,0,RED,79
2024-01-20 19:00:00,Empress_Mall_Sq,133,41.0,MEDIUM,Clouds,32.9,0,RED,57
2024-01-20 20:00:00,Sitabuldi_Sq,98,43.2,LOW,Clouds,32.4,0,RED,46
2024-01-20 20:00:00,Zero_Mile,112,45.3,LOW,Clear,33.8,0,YELLOW,45
2024-01-20 20:00:00,Kasturchand_Park,72,55.1,LOW,Clear,28.2,0.28,GREEN,30
2024-01-20 20:00:00,Variety_Sq,135,42.4,MEDIUM,Clouds,28.3,0,YELLOW,38
2024-01-20 20:00:00,LIC_Sq,74,52.2,LOW,Clouds,33.4,0,RED,58
2024-01-20 20:00:00,Empress_Mall_Sq,78,53.3,LOW,Clouds,33.1,0,GREEN,34
2024-01-20 21:00:00,Sitabuldi_Sq,113,39.5,LOW,Clear,31.9,0,GREEN,45
2024-01-20 21:00:00,Zero_Mile,90,47.0,LOW,Rain,33.0,0.59,YELLOW,47
2024-01-20 21:00:00,Kasturchand_Park,126,41.2,MEDIUM,Clear,30.0,0,YELLOW,67
2024-01-20 21:00:00,Variety_Sq,103,50.3,LOW,Clear,30.0,0,RED,57
2024-01-20 21:00:00,LIC_Sq,85,50.2,LOW,Clear,30.0,0.07,YELLOW,42
2024-01-20 21:00:00,Empress_Mall_Sq,80,50.7,LOW,Rain,32.3,0.87,GREEN,46
2024-01-20 22:00:00,Sitabuldi_Sq,104,52.5,LOW,Clouds,25.7,0,GREEN,34
2024-01-20 22:00:00,Zero_Mile,119,46.7,LOW,Clear,31.0,0,RED,65
2024-01-20 22:00:00,Kasturchand_Park,45,58.0,LOW,Clear,34.5,0,RED,15
2024-01-20 22:00:00,Variety_Sq,53,59.9,LOW,Clouds,32.9,0,RED,22
2024-01-20 22:00:00,LIC_Sq,53,56.5,LOW,Clouds,29.9,0,GREEN,16
2024-01-20 22:00:00,Empress_Mall_Sq,75,51.8,LOW,Clouds,27.9,0,YELLOW,33
2024-01-20 23:00:00,Sitabuldi_Sq,49,61.6,LOW,Clouds,31.1,0,RED,31
2024-01-20 23:00:00,Zero_Mile,54,54.9,LOW,Clear,30.8,0,YELLOW,28
2024-01-20 23:00:00,Kasturchand_Park,116,43.2,LOW,Clear,33.6,0,RED,51
2024-01-20 23:00:00,Variety_Sq,163,32.9,MEDIUM,Clouds,32.2,0,GREEN,49
2024-01-20 23:00:00,LIC_Sq,131,40.3,MEDIUM,Clear,24.7,0,RED,71
2024-01-20 23:00:00,Empress_Mall_Sq,86,47.1,LOW,Clouds,30.4,0,GREEN,39
2024-01-21 00:00:00,Sitabuldi_Sq,70,53.0,LOW,Clear,32.3,0,RED,30
2024-01-21 00:00:00,Zero_Mile,185,31.4,MEDIUM,Clouds,32.6,0,GREEN,89
2024-01-21 00:00:00,Kasturchand_Park,63,56.6,LOW,Clouds,31.2,0,GREEN,18
2024-01-21 00:00:00,Variety_Sq,48,60.0,LOW,Clouds,32.9,0,RED,10
2024-01-21 00:00:00,LIC_Sq,56,54.1,LOW,Clouds,34.3,0,GREEN,22
2024-01-21 00:00:00,Empress_Mall_Sq,79,49.4,LOW,Clear,30.8,0,YELLOW,24
2024-01-21 01:00:00,Sitabuldi_Sq,96,49.5,LOW,Clear,32.7,0,YELLOW,34
2024-01-21 01:00:00,Zero_Mile,89,45.6,LOW,Clear,33.8,0,RED,26
2024-01-21 01:00:00,Kasturchand_Park,42,55.8,LOW,Clear,33.4,0,RED,20
2024-01-21 01:00:00,Variety_Sq,120,38.9,LOW,Clear,32.6,0,RED,53
2024-01-21 01:00:00,LIC_Sq,100,51.7,LOW,Clouds,34.2,0,YELLOW,52
2024-01-21 01:00:00,Empress_Mall_Sq,49,57.7,LOW,Clear,31.3,0,YELLOW,17
2024-01-21 02:00:00,Sitabuldi_Sq,78,48.7,LOW,Clear,29.5,0.28,GREEN,37
2024-01-21 02:00:00,Zero_Mile,112,46.8,LOW,Clouds,32.7,0,GREEN,38
2024-01-21 02:00:00,Kasturchand_Park,81,49.7,LOW,Clear,33.1,0,GREEN,37
2024-01-21 02:00:00,Variety_Sq,125,45.4,MEDIUM,Clear,31.3,0,RED,42
2024-01-21 02:00:00,LIC_Sq,141,41.0,MEDIUM,Clouds,33.9,0,RED,52
2024-01-21 02:00:00,Empress_Mall_Sq,55,51.3,LOW,Clouds,31.4,0,YELLOW,21
2024-01-21 03:00:00,Sitabuldi_Sq,53,63.6,LOW,Clear,29.0,0,YELLOW,26
2024-01-21 03:00:00,Zero_Mile,97,48.9,LOW,Clear,30.1,0,GREEN,46
2024-01-21 03:00:00,Kasturchand_Park,54,55.6,LOW,Clear,27.4,0,RED,20
2024-01-21 03:00:00,Variety_Sq,107,48.3,LOW,Clear,31.6,0,GREEN,32
2024-01-21 03:00:00,LIC_Sq,32,60.9,LOW,Clear,27.9,0,GREEN,13
2024-01-21 03:00:00,Empress_Mall_Sq,125,39.7,MEDIUM,Clouds,33.3,0,RED,47
2024-01-21 04:00:00,Sitabuldi_Sq,85,46.0,LOW,Clear,27.6,0.09,GREEN,33
2024-01-21 04:00:00,Zero_Mile,71,53.2,LOW,Clear,32.9,0,RED,19
2024-01-21 04:00:00,Kasturchand_Park,109,42.8,LOW,Clouds,34.3,0,GREEN,50
2024-01-21 04:00:00,Variety_Sq,87,52.3,LOW,Rain,33.4,1.22,RED,23
2024-01-21 04:00:00,LIC_Sq,42,53.4,LOW,Clear,29.3,0,GREEN,18
2024-01-21 04:00:00,Empress_Mall_Sq,137,37.9,MEDIUM,Clouds,32.8,0,YELLOW,57
2024-01-21 05:00:00,Sitabuldi_Sq,64,57.4,LOW,Clear,27.8,0,RED,32
2024-01-21 05:00:00,Zero_Mile,62,55.2,LOW,Clouds,31.7,0,RED,30
2024-01-21 05:00:00,Kasturchand_Park,90,50.7,LOW,Clear,30.8,0,RED,54
2024-01-21 05:00:00,Variety_Sq,61,55.4,LOW,Clear,30.6,0,GREEN,22
2024-01-21 05:00:00,LIC_Sq,25,58.3,LOW,Clear,30.6,0,GREEN,11
2024-01-21 05:00:00,Empress_Mall_Sq,83,49.8,LOW,Clear,28.7,0,GREEN,34
2024-01-21 06:00:00,Sitabuldi_Sq,104,51.6,LOW,Clear,34.0,0,RED,48
2024-01-21 06:00:00,Zero_Mile,20,60.4,LOW,Clouds,29.4,0,RED,18
2024-01-21 06:00:00,Kasturchand_Park,37,58.8,LOW,Clear,33.9,0,RED,33
2024-01-21 06:00:00,Variety_Sq,113,43.0,LOW,Clear,31.5,0,RED,45
2024-01-21 06:00:00,LIC_Sq,90,47.6,LOW,Clear,28.9,0,GREEN,42
2024-01-21 06:00:00,Empress_Mall_Sq,122,46.9,MEDIUM,Clouds,35.0,0,GREEN,42
2024-01-21 07:00:00,Sitabuldi_Sq,125,39.7,MEDIUM,Clouds,30.5,0,YELLOW,56
2024-01-21 07:00:00,Zero_Mile,239,23.2,HIGH,Clouds,30.4,0,RED,104
2024-01-21 07:00:00,Kasturchand_Park,191,27.5,MEDIUM,Clear,30.9,0,RED,55
2024-01-21 07:00:00,Variety_Sq,171,34.4,MEDIUM,Clouds,32.2,0,YELLOW,78
2024-01-21 07:00:00,LIC_Sq,145,39.5,MEDIUM,Clear,32.5,0,GREEN,49
2024-01-21 07:00:00,Empress_Mall_Sq,118,44.3,LOW,Clouds,31.9,0,GREEN,64
2024-01-21 08:00:00,Sitabuldi_Sq,195,23.7,MEDIUM,Clear,31.2,0,YELLOW,91
2024-01-21 08:00:00,Zero_Mile,157,37.2,MEDIUM,Clear,33.8,0,RED,74
2024-01-21 08:00:00,Kasturchand_Park,165,32.5,MEDIUM,Clear,32.7,0,GREEN,83
2024-01-21 08:00:00,Variety_Sq,141,40.6,MEDIUM,Clear,32.8,0,GREEN,71
2024-01-21 08:00:00,LIC_Sq,167,35.1,MEDIUM,Clear,32.1,0,RED,69
2024-01-21 08:00:00,Empress_Mall_Sq,121,43.9,MEDIUM,Clear,30.7,0,YELLOW,58
2024-01-21 09:00:00,Sitabuldi_Sq,210,23.7,HIGH,Clouds,28.9,0.41,RED,105
2024-01-21 09:00:00,Zero_Mile,158,34.7,MEDIUM,Clouds,30.6,0,GREEN,79
2024-01-21 09:00:00,Kasturchand_Park,176,33.9,MEDIUM,Clear,27.6,0,YELLOW,76
2024-01-21 09:00:00,Variety_Sq,167,35.6,MEDIUM,Clear,33.6,0,GREEN,67
2024-01-21 09:00:00,LIC_Sq,158,40.7,MEDIUM,Clear,31.2,0,YELLOW,61
2024-01-21 09:00:00,Empress_Mall_Sq,156,35.7,MEDIUM,Clouds,32.7,0,YELLOW,69
2024-01-21 10:00:00,Sitabuldi_Sq,68,52.4,LOW,Clear,35.2,0,YELLOW,30
2024-01-21 10:00:00,Zero_Mile,56,55.2,LOW,Clear,32.1,0,GREEN,28
2024-01-21 10:00:00,Kasturchand_Park,92,51.3,LOW,Clear,28.1,0,GREEN,20
2024-01-21 10:00:00,Variety_Sq,20,60.5,LOW,Clear,31.7,0,RED,5
2024-01-21 10:00:00,LIC_Sq,72,53.6,LOW,Clouds,29.6,0,RED,34
2024-01-21 10:00:00,Empress_Mall_Sq,94,48.4,LOW,Clear,31.3,0,YELLOW,50
2024-01-21 11:00:00,Sitabuldi_Sq,156,30.4,MEDIUM,Clear,34.0,0,RED,93
2024-01-21 11:00:00,Zero_Mile,140,41.0,MEDIUM,Clouds,33.2,0,GREEN,61
2024-01-21 11:00:00,Kasturchand_Park,82,44.3,LOW,Clear,32.6,0,GREEN,38
2024-01-21 11:00:00,Variety_Sq,62,48.9,LOW,Clear,32.5,0,GREEN,35
2024-01-21 11:00:00,LIC_Sq,66,53.9,LOW,Clouds,33.4,0,GREEN,27
2024-01-21 11:00:00,Empress_Mall_Sq,129,43.9,MEDIUM,Clear,29.7,0,YELLOW,51
2024-01-21 12:00:00,Sitabuldi_Sq,90,50.9,LOW,Clear,31.4,0,GREEN,40
2024-01-21 12:00:00,Zero_Mile,42,59.0,LOW,Clear,32.9,0,YELLOW,14
2024-01-21 12:00:00,Kasturchand_Park,72,52.8,LOW,Clear,34.0,0,YELLOW,5
2024-01-21 12:00:00,Variety_Sq,93,46.9,LOW,Clear,28.0,0,RED,33
2024-01-21 12:00:00,LIC_Sq,128,41.4,MEDIUM,Clear,30.4,0,RED,59
2024-01-21 12:00:00,Empress_Mall_Sq,32,54.8,LOW,Clear,30.2,0,GREEN,16
2024-01-21 13:00:00,Sitabuldi_Sq,51,54.6,LOW,Clear,31.4,0,RED,10
2024-01-21 13:00:00,Zero_Mile,76,52.6,LOW,Clear,29.5,0,GREEN,16
2024-01-21 13:00:00,Kasturchand_Park,120,43.8,LOW,Clouds,31.5,0,YELLOW,72
2024-01-21 13:00:00,Variety_Sq,58,56.4,LOW,Clouds,31.7,0,GREEN,39
2024-01-21 13:00:00,LIC_Sq,54,53.6,LOW,Clouds,27.1,0,GREEN,18
2024-01-21 13:00:00,Empress_Mall_Sq,62,55.4,LOW,Clear,31.4,0,GREEN,29
2024-01-21 14:00:00,Sitabuldi_Sq,99,49.6,LOW,Clouds,30.3,0,YELLOW,37
2024-01-21 14:00:00,Zero_Mile,99,45.8,LOW,Clear,30.4,0,GREEN,52
2024-01-21 14:00:00,Kasturchand_Park,110,42.1,LOW,Clear,32.8,0,YELLOW,32
2024-01-21 14:00:00,Variety_Sq,101,51.7,LOW,Clear,31.8,0,GREEN,51
2024-01-21 14:00:00,LIC_Sq,60,53.3,LOW,Clear,31.6,0,YELLOW,24
2024-01-21 14:00:00,Empress_Mall_Sq,80,52.1,LOW,Clouds,32.9,0,YELLOW,34
2024-01-21 15:00:00,Sitabuldi_Sq,143,41.1,MEDIUM,Clear,31.4,0,YELLOW,54
2024-01-21 15:00:00,Zero_Mile,87,50.1,LOW,Clouds,34.6,0,RED,59
2024-01-21 15:00:00,Kasturchand_Park,64,56.2,LOW,Clear,33.7,0,RED,47
2024-01-21 15:00:00,Variety_Sq,45,53.9,LOW,Clouds,32.9,0,GREEN,14
2024-01-21 15:00:00,LIC_Sq,96,50.7,LOW,Clear,31.1,0,GREEN,38
2024-01-21 15:00:00,Empress_Mall_Sq,151,35.8,MEDIUM,Clear,31.1,0,RED,76
2024-01-21 16:00:00,Sitabuldi_Sq,200,30.4,MEDIUM,Clear,34.0,0,RED,81
2024-01-21 16:00:00,Zero_Mile,211,25.0,HIGH,Clear,34.1,0,RED,95
2024-01-21 16:00:00,Kasturchand_Park,192,31.9,MEDIUM,Clear,32.5,0.11,GREEN,87
2024-01-21 16:00:00,Variety_Sq,236,21.5,HIGH,Clouds,32.8,0,GREEN,102
2024-01-21 16:00:00,LIC_Sq,191,30.1,MEDIUM,Clear,30.8,0,RED,73
2024-01-21 16:00:00,Empress_Mall_Sq,170,26.5,MEDIUM,Clear,32.5,0,GREEN,80
2024-01-21 17:00:00,Sitabuldi_Sq,183,29.9,MEDIUM,Clear,31.4,0,YELLOW,75
2024-01-21 17:00:00,Zero_Mile,145,39.9,MEDIUM,Clear,28.8,0,RED,61
2024-01-21 17:00:00,Kasturchand_Park,248,23.7,HIGH,Clear,32.0,0,GREEN,131
2024-01-21 17:00:00,Variety_Sq,181,25.0,MEDIUM,Clouds,28.3,0,GREEN,98
2024-01-21 17:00:00,LIC_Sq,132,38.7,MEDIUM,Clear,34.1,0,RED,56
2024-01-21 17:00:00,Empress_Mall_Sq,282,10.8,CRITICAL,Clear,28.7,0,GREEN,132
2024-01-21 18:00:00,Sitabuldi_Sq,262,20.4,HIGH,Clear,31.1,0,GREEN,129
2024-01-21 18:00:00,Zero_Mile,253,19.3,HIGH,Clear,29.8,0,GREEN,115
2024-01-21 18:00:00,Kasturchand_Park,163,38.4,MEDIUM,Clear,29.2,0,YELLOW,75
2024-01-21 18:00:00,Variety_Sq,162,36.9,MEDIUM,Clear,32.4,0,YELLOW,63
2024-01-21 18:00:00,LIC_Sq,193,33.1,MEDIUM,Clear,30.6,0,GREEN,74
2024-01-21 18:00:00,Empress_Mall_Sq,217,24.0,HIGH,Clouds,30.6,0,GREEN,101
2024-01-21 19:00:00,Sitabuldi_Sq,181,32.5,MEDIUM,Clear,33.0,0,YELLOW,66
2024-01-21 19:00:00,Zero_Mile,161,35.1,MEDIUM,Clear,29.4,0,GREEN,82
2024-01-21 19:00:00,Kasturchand_Park,211,26.6,HIGH,Clear,35.1,0,GREEN,104
2024-01-21 19:00:00,Variety_Sq,192,31.8,MEDIUM,Clouds,33.5,0,GREEN,83
2024-01-21 19:00:00,LIC_Sq,146,38.6,MEDIUM,Clear,30.5,0,GREEN,69
2024-01-21 19:00:00,Empress_Mall_Sq,253,22.5,HIGH,Clear,34.6,0.34,YELLOW,111
2024-01-21 20:00:00,Sitabuldi_Sq,177,35.4,MEDIUM,Clouds,32.4,0,RED,77
2024-01-21 20:00:00,Zero_Mile,74,53.1,LOW,Clear,30.5,0,RED,23
2024-01-21 20:00:00,Kasturchand_Park,105,43.9,LOW,Clouds,31.9,0,YELLOW,59
2024-01-21 20:00:00,Variety_Sq,57,57.7,LOW,Clear,32.0,0,GREEN,35
2024-01-21 20:00:00,LIC_Sq,115,40.8,LOW,Clear,32.5,0,GREEN,71
2024-01-21 20:00:00,Empress_Mall_Sq,33,54.9,LOW,Clouds,31.2,0,GREEN,30
2024-01-21 21:00:00,Sitabuldi_Sq,69,49.7,LOW,Rain,30.8,0.91,RED,30
2024-01-21 21:00:00,Zero_Mile,33,52.8,LOW,Clear,32.2,0,GREEN,5
2024-01-21 21:00:00,Kasturchand_Park,121,39.2,MEDIUM,Clear,32.8,0,RED,65
2024-01-21 21:00:00,Variety_Sq,176,37.3,MEDIUM,Clear,28.9,0,GREEN,89
2024-01-21 21:00:00,LIC_Sq,107,51.4,LOW,Clear,31.3,0,GREEN,51
2024-01-21 21:00:00,Empress_Mall_Sq,109,47.1,LOW,Clear,31.7,0,RED,48
2024-01-21 22:00:00,Sitabuldi_Sq,109,46.5,LOW,Clear,32.8,0,YELLOW,55
2024-01-21 22:00:00,Zero_Mile,148,38.2,MEDIUM,Clouds,34.0,0,RED,78
2024-01-21 22:00:00,Kasturchand_Park,29,59.7,LOW,Clear,29.4,0,RED,5
2024-01-21 22:00:00,Variety_Sq,64,55.2,LOW,Clouds,33.5,0,GREEN,12
2024-01-21 22:00:00,LIC_Sq,20,59.6,LOW,Clear,30.6,0,RED,5
2024-01-21 22:00:00,Empress_Mall_Sq,138,41.5,MEDIUM,Clear,33.1,0,GREEN,60
2024-01-21 23:00:00,Sitabuldi_Sq,74,49.8,LOW,Clouds,30.7,0,YELLOW,25
2024-01-21 23:00:00,Zero_Mile,93,45.0,LOW,Clear,28.9,0,RED,53
2024-01-21 23:00:00,Kasturchand_Park,64,53.7,LOW,Clouds,32.0,0,RED,29
2024-01-21 23:00:00,Variety_Sq,20,63.1,LOW,Clear,30.3,0,GREEN,5
2024-01-21 23:00:00,LIC_Sq,42,51.8,LOW,Clear,34.0,0,YELLOW,13
2024-01-21 23:00:00,Empress_Mall_Sq,102,49.1,LOW,Clear,32.4,0,RED,49
2024-01-22 00:00:00,Sitabuldi_Sq,122,38.5,MEDIUM,Clouds,32.0,0,GREEN,56
2024-01-22 00:00:00,Zero_Mile,86,48.1,LOW,Clear,28.8,0,RED,36
2024-01-22 00:00:00,Kasturchand_Park,148,38.4,MEDIUM,Clouds,29.4,0,RED,63
2024-01-22 00:00:00,Variety_Sq,78,49.1,LOW,Clouds,30.7,0,RED,36
2024-01-22 00:00:00,LIC_Sq,50,57.0,LOW,Clear,33.6,0,RED,5
2024-01-22 00:00:00,Empress_Mall_Sq,160,39.9,MEDIUM,Clear,30.0,0,YELLOW,73
2024-01-22 01:00:00,Sitabuldi_Sq,76,48.6,LOW,Clear,31.5,0,RED,18
2024-01-22 01:00:00,Zero_Mile,76,49.3,LOW,Clear,31.8,0,YELLOW,40
2024-01-22 01:00:00,Kasturchand_Park,63,49.4,LOW,Clear,28.9,0,YELLOW,47
2024-01-22 01:00:00,Variety_Sq,131,41.1,MEDIUM,Clear,31.9,0,YELLOW,71
2024-01-22 01:00:00,LIC_Sq,177,30.9,MEDIUM,Clear,32.0,0,RED,78
2024-01-22 01:00:00,Empress_Mall_Sq,104,45.0,LOW,Clouds,29.6,0,RED,55
2024-01-22 02:00:00,Sitabuldi_Sq,62,54.2,LOW,Clear,28.9,0,YELLOW,34
2024-01-22 02:00:00,Zero_Mile,122,38.6,MEDIUM,Clear,29.9,0,YELLOW,48
2024-01-22 02:00:00,Kasturchand_Park,74,54.8,LOW,Clear,30.6,0,GREEN,24
2024-01-22 02:00:00,Variety_Sq,194,30.4,MEDIUM,Clear,30.1,0,RED,64
2024-01-22 02:00:00,LIC_Sq,101,45.6,LOW,Clear,30.5,0,YELLOW,42
2024-01-22 02:00:00,Empress_Mall_Sq,97,43.4,LOW,Clear,32.4,0,RED,42
2024-01-22 03:00:00,Sitabuldi_Sq,97,43.6,LOW,Clear,31.2,0,RED,39
2024-01-22 03:00:00,Zero_Mile,20,64.4,LOW,Clear,30.9,0,GREEN,6
2024-01-22 03:00:00,Kasturchand_Park,150,38.0,MEDIUM,Clouds,30.6,0,YELLOW,63
2024-01-22 03:00:00,Variety_Sq,118,41.3,LOW,Clear,32.4,0,YELLOW,35
2024-01-22 03:00:00,LIC_Sq,91,44.2,LOW,Clear,29.1,0,GREEN,43
2024-01-22 03:00:00,Empress_Mall_Sq,90,50.7,LOW,Clear,29.7,0,YELLOW,29
2024-01-22 04:00:00,Sitabuldi_Sq,41,56.6,LOW,Clear,31.8,0,YELLOW,18
2024-01-22 04:00:00,Zero_Mile,188,27.6,MEDIUM,Clouds,27.9,0,GREEN,108
2024-01-22 04:00:00,Kasturchand_Park,120,44.2,LOW,Clouds,32.0,0,GREEN,51
2024-01-22 04:00:00,Variety_Sq,111,46.1,LOW,Clear,33.8,0,GREEN,70
2024-01-22 04:00:00,LIC_Sq,59,51.5,LOW,Clear,32.1,0,RED,21
2024-01-22 04:00:00,Empress_Mall_Sq,132,44.1,MEDIUM,Clear,28.2,0,GREEN,58
2024-01-22 05:00:00,Sitabuldi_Sq,113,40.3,LOW,Clear,31.2,0,YELLOW,56
2024-01-22 05:00:00,Zero_Mile,172,33.8,MEDIUM,Clear,32.3,0,YELLOW,73
2024-01-22 05:00:00,Kasturchand_Park,109,47.6,LOW,Clouds,30.2,0.16,YELLOW,39
2024-01-22 05:00:00,Variety_Sq,140,40.1,MEDIUM,Clear,34.3,0,GREEN,64
2024-01-22 05:00:00,LIC_Sq,161,35.9,MEDIUM,Clouds,29.6,0,YELLOW,54
2024-01-22 05:00:00,Empress_Mall_Sq,77,54.1,LOW,Clear,30.4,0,RED,27
2024-01-22 06:00:00,Sitabuldi_Sq,133,40.3,MEDIUM,Clear,34.8,0,GREEN,60
2024-01-22 06:00:00,Zero_Mile,102,50.8,LOW,Clouds,30.1,0.36,RED,68
2024-01-22 06:00:00,Kasturchand_Park,75,51.2,LOW,Clouds,31.7,0,YELLOW,16
2024-01-22 06:00:00,Variety_Sq,142,43.3,MEDIUM,Clear,32.5,0,GREEN,75
2024-01-22 06:00:00,LIC_Sq,169,33.4,MEDIUM,Clear,32.3,0,YELLOW,85
2024-01-22 06:00:00,Empress_Mall_Sq,129,42.0,MEDIUM,Clear,30.0,0,RED,65
2024-01-22 07:00:00,Sitabuldi_Sq,215,22.9,HIGH,Clear,26.7,0,YELLOW,93
2024-01-22 07:00:00,Zero_Mile,361,5,CRITICAL,Clear,31.2,0,RED,170
2024-01-22 07:00:00,Kasturchand_Park,279,14.0,HIGH,Clear,34.7,0,GREEN,132
2024-01-22 07:00:00,Variety_Sq,272,12.0,HIGH,Clear,34.0,0,GREEN,114
2024-01-22 07:00:00,LIC_Sq,274,18.4,HIGH,Clear,33.5,0,GREEN,141
2024-01-22 07:00:00,Empress_Mall_Sq,235,23.3,HIGH,Clear,32.0,0,RED,101
2024-01-22 08:00:00,Sitabuldi_Sq,295,10.4,CRITICAL,Clear,31.1,0,YELLOW,156
2024-01-22 08:00:00,Zero_Mile,259,16.8,HIGH,Clear,30.9,0,YELLOW,138
2024-01-22 08:00:00,Kasturchand_Park,271,15.3,HIGH,Clear,30.6,0,GREEN,133
2024-01-22 08:00:00,Variety_Sq,264,15.8,HIGH,Clear,33.8,0,RED,108
2024-01-22 08:00:00,LIC_Sq,264,15.6,HIGH,Clear,31.9,0,YELLOW,116
2024-01-22 08:00:00,Empress_Mall_Sq,308,11.3,CRITICAL,Clouds,33.7,0,RED,132
2024-01-22 09:00:00,Sitabuldi_Sq,261,19.2,HIGH,Clear,33.9,0,RED,143
2024-01-22 09:00:00,Zero_Mile,342,5,CRITICAL,Clear,31.5,0,RED,167
2024-01-22 09:00:00,Kasturchand_Park,300,10.3,CRITICAL,Clear,29.1,0,GREEN,134
2024-01-22 09:00:00,Variety_Sq,221,28.6,HIGH,Clouds,29.2,0,YELLOW,104
2024-01-22 09:00:00,LIC_Sq,298,9.6,CRITICAL,Clear,31.6,0,YELLOW,143
2024-01-22 09:00:00,Empress_Mall_Sq,319,5.1,CRITICAL,Clouds,32.2,0,YELLOW,142
2024-01-22 10:00:00,Sitabuldi_Sq,60,58.5,LOW,Clear,34.8,0,GREEN,24
2024-01-22 10:00:00,Zero_Mile,109,46.0,LOW,Rain,35.3,1.44,RED,36
2024-01-22 10:00:00,Kasturchand_Park,64,50.1,LOW,Clear,30.4,0,YELLOW,23
2024-01-22 10:00:00,Variety_Sq,189,28.9,MEDIUM,Clear,26.4,0,RED,77
2024-01-22 10:00:00,LIC_Sq,102,47.6,LOW,Clear,33.8,0,GREEN,46
2024-01-22 10:00:00,Empress_Mall_Sq,81,51.4,LOW,Clear,33.5,0,GREEN,43
2024-01-22 11:00:00,Sitabuldi_Sq,122,38.7,MEDIUM,Clear,31.0,0,RED,29
2024-01-22 11:00:00,Zero_Mile,121,50.3,MEDIUM,Clouds,30.5,0,GREEN,54
2024-01-22 11:00:00,Kasturchand_Park,94,45.2,LOW,Clouds,28.7,0,GREEN,35
2024-01-22 11:00:00,Variety_Sq,121,51.4,MEDIUM,Clouds,34.3,0,YELLOW,65
2024-01-22 11:00:00,LIC_Sq,146,39.1,MEDIUM,Clear,32.1,0,YELLOW,65
2024-01-22 11:00:00,Empress_Mall_Sq,67,54.7,LOW,Clouds,32.1,0,GREEN,38
2024-01-22 12:00:00,Sitabuldi_Sq,128,44.1,MEDIUM,Clear,27.9,0,RED,54
2024-01-22 12:00:00,Zero_Mile,173,33.2,MEDIUM,Clear,31.6,0,RED,89
2024-01-22 12:00:00,Kasturchand_Park,68,59.5,LOW,Clear,31.2,0,YELLOW,21
2024-01-22 12:00:00,Variety_Sq,126,45.4,MEDIUM,Rain,32.5,0.56,RED,50
2024-01-22 12:00:00,LIC_Sq,172,36.5,MEDIUM,Clear,32.7,0,RED,75
2024-01-22 12:00:00,Empress_Mall_Sq,104,47.9,LOW,Rain,31.4,0.68,RED,50
2024-01-22 13:00:00,Sitabuldi_Sq,74,48.9,LOW,Clear,34.2,0,RED,25
2024-01-22 13:00:00,Zero_Mile,188,30.4,MEDIUM,Clear,35.1,0,RED,80
2024-01-22 13:00:00,Kasturchand_Park,108,48.9,LOW,Clouds,32.2,0,GREEN,56
2024-01-22 13:00:00,Variety_Sq,122,42.5,MEDIUM,Clear,29.8,0,GREEN,86
2024-01-22 13:00:00,LIC_Sq,107,41.5,LOW,Clouds,29.4,0,GREEN,48
2024-01-22 13:00:00,Empress_Mall_Sq,111,42.5,LOW,Clear,30.5,0,RED,49
2024-01-22 14:00:00,Sitabuldi_Sq,90,52.0,LOW,Clear,30.3,0,GREEN,29
2024-01-22 14:00:00,Zero_Mile,75,49.5,LOW,Clear,29.4,0,GREEN,37
2024-01-22 14:00:00,Kasturchand_Park,158,36.0,MEDIUM,Clouds,30.4,0,GREEN,56
2024-01-22 14:00:00,Variety_Sq,97,50.1,LOW,Clear,33.0,0,RED,65
2024-01-22 14:00:00,LIC_Sq,147,35.7,MEDIUM,Clear,30.9,0,GREEN,65
2024-01-22 14:00:00,Empress_Mall_Sq,20,61.1,LOW,Clouds,25.7,0,YELLOW,24
2024-01-22 15:00:00,Sitabuldi_Sq,111,44.6,LOW,Clear,30.7,0,GREEN,30
2024-01-22 15:00:00,Zero_Mile,39,59.7,LOW,Clouds,32.2,0,RED,14
2024-01-22 15:00:00,Kasturchand_Park,131,37.7,MEDIUM,Clear,30.9,0,YELLOW,61
2024-01-22 15:00:00,Variety_Sq,91,51.6,LOW,Clouds,33.4,0,GREEN,26
2024-01-22 15:00:00,LIC_Sq,136,42.1,MEDIUM,Clear,32.9,0,RED,72
2024-01-22 15:00:00,Empress_Mall_Sq,122,41.5,MEDIUM,Clear,32.8,0,YELLOW,59
2024-01-22 16:00:00,Sitabuldi_Sq,232,27.3,HIGH,Clear,29.4,0,RED,119
2024-01-22 16:00:00,Zero_Mile,342,5,CRITICAL,Clear,32.0,0,RED,154
2024-01-22 16:00:00,Kasturchand_Park,341,7.1,CRITICAL,Clear,24.9,0,YELLOW,157
2024-01-22 16:00:00,Variety_Sq,307,9.9,CRITICAL,Clouds,31.6,0,YELLOW,139
2024-01-22 16:00:00,LIC_Sq,303,12.0,CRITICAL,Clouds,29.0,0,RED,137
2024-01-22 16:00:00,Empress_Mall_Sq,297,11.4,CRITICAL,Clear,32.1,0,GREEN,132
2024-01-22 17:00:00,Sitabuldi_Sq,305,10.3,CRITICAL,Clouds,34.7,0,YELLOW,141
2024-01-22 17:00:00,Zero_Mile,241,24.1,HIGH,Clouds,29.6,0,GREEN,113
2024-01-22 17:00:00,Kasturchand_Park,315,12.9,CRITICAL,Clouds,32.7,0,RED,150
2024-01-22 17:00:00,Variety_Sq,351,5,CRITICAL,Clear,32.7,0,RED,143
2024-01-22 17:00:00,LIC_Sq,284,14.1,CRITICAL,Clouds,32.5,0,YELLOW,125
2024-01-22 17:00:00,Empress_Mall_Sq,317,7.1,CRITICAL,Clear,31.4,0,RED,163
2024-01-22 18:00:00,Sitabuldi_Sq,261,16.8,HIGH,Clear,30.2,0,RED,120
2024-01-22 18:00:00,Zero_Mile,306,9.8,CRITICAL,Clouds,26.4,0,GREEN,131
2024-01-22 18:00:00,Kasturchand_Park,352,5,CRITICAL,Clear,30.5,0,YELLOW,155
2024-01-22 18:00:00,Variety_Sq,330,11.7,CRITICAL,Clear,33.4,0,GREEN,134
2024-01-22 18:00:00,LIC_Sq,260,15.6,HIGH,Clear,32.9,0,RED,126
2024-01-22 18:00:00,Empress_Mall_Sq,288,14.7,CRITICAL,Clouds,31.9,0,YELLOW,125
2024-01-22 19:00:00,Sitabuldi_Sq,271,17.7,HIGH,Clear,30.4,0,RED,141
2024-01-22 19:00:00,Zero_Mile,336,5,CRITICAL,Clouds,31.8,0,RED,147
2024-01-22 19:00:00,Kasturchand_Park,368,5,CRITICAL,Clear,32.9,0,RED,168
2024-01-22 19:00:00,Variety_Sq,292,12.5,CRITICAL,Clouds,29.9,0,GREEN,135
2024-01-22 19:00:00,LIC_Sq,324,9.0,CRITICAL,Clear,32.2,0,GREEN,158
2024-01-22 19:00:00,Empress_Mall_Sq,283,6.4,CRITICAL,Clear,31.3,0,RED,117
2024-01-22 20:00:00,Sitabuldi_Sq,20,59.1,LOW,Clear,30.7,0,YELLOW,7
2024-01-22 20:00:00,Zero_Mile,52,53.2,LOW,Clear,29.7,0,YELLOW,18
2024-01-22 20:00:00,Kasturchand_Park,180,33.2,MEDIUM,Clear,33.3,0,YELLOW,83
2024-01-22 20:00:00,Variety_Sq,153,33.2,MEDIUM,Clear,31.6,0,RED,78
2024-01-22 20:00:00,LIC_Sq,109,47.2,LOW,Clear,31.9,0,YELLOW,37
2024-01-22 20:00:00,Empress_Mall_Sq,126,44.3,MEDIUM,Clear,32.4,0,GREEN,61
2024-01-22 21:00:00,Sitabuldi_Sq,135,38.2,MEDIUM,Clouds,30.2,0,YELLOW,67
2024-01-22 21:00:00,Zero_Mile,64,52.8,LOW,Clouds,30.2,0,RED,38
2024-01-22 21:00:00,Kasturchand_Park,119,49.4,LOW,Clear,32.5,0,RED,55
2024-01-22 21:00:00,Variety_Sq,46,52.5,LOW,Clouds,34.3,0,YELLOW,5
2024-01-22 21:00:00,LIC_Sq,153,39.1,MEDIUM,Clear,31.1,0,GREEN,67
2024-01-22 21:00:00,Empress_Mall_Sq,109,45.1,LOW,Clear,31.2,0,GREEN,48
2024-01-22 22:00:00,Sitabuldi_Sq,129,47.1,MEDIUM,Clouds,29.9,0,YELLOW,57
2024-01-22 22:00:00,Zero_Mile,168,36.5,MEDIUM,Clear,33.2,0,RED,86
2024-01-22 22:00:00,Kasturchand_Park,143,37.2,MEDIUM,Clouds,31.3,0,RED,73
2024-01-22 22:00:00,Variety_Sq,96,51.2,LOW,Clouds,31.0,0,GREEN,40
2024-01-22 22:00:00,LIC_Sq,195,30.0,MEDIUM,Clouds,32.9,0,RED,59
2024-01-22 22:00:00,Empress_Mall_Sq,184,31.7,MEDIUM,Clear,32.1,0,GREEN,87
2024-01-22 23:00:00,Sitabuldi_Sq,158,35.4,MEDIUM,Clear,31.1,0,GREEN,85
2024-01-22 23:00:00,Zero_Mile,91,51.5,LOW,Clear,30.6,0,RED,42
2024-01-22 23:00:00,Kasturchand_Park,191,29.2,MEDIUM,Clear,30.7,0,GREEN,83
2024-01-22 23:00:00,Variety_Sq,107,42.4,LOW,Clouds,28.8,0,YELLOW,54
2024-01-22 23:00:00,LIC_Sq,100,45.1,LOW,Clear,29.8,0,GREEN,50
2024-01-22 23:00:00,Empress_Mall_Sq,158,31.8,MEDIUM,Clear,34.8,0,GREEN,81
2024-01-23 00:00:00,Sitabuldi_Sq,184,31.4,MEDIUM,Clear,30.4,0,RED,70
2024-01-23 00:00:00,Zero_Mile,66,57.1,LOW,Clear,29.3,0,RED,27
2024-01-23 00:00:00,Kasturchand_Park,162,32.3,MEDIUM,Clear,30.1,0,YELLOW,75
2024-01-23 00:00:00,Variety_Sq,172,31.9,MEDIUM,Clear,28.7,0,GREEN,84
2024-01-23 00:00:00,LIC_Sq,74,51.4,LOW,Clouds,36.1,0,RED,31
2024-01-23 00:00:00,Empress_Mall_Sq,36,61.0,LOW,Clear,31.8,0,RED,22
2024-01-23 01:00:00,Sitabuldi_Sq,152,37.2,MEDIUM,Clear,32.7,0,GREEN,67
2024-01-23 01:00:00,Zero_Mile,159,40.2,MEDIUM,Clear,33.6,0,YELLOW,57
2024-01-23 01:00:00,Kasturchand_Park,107,46.7,LOW,Clear,31.0,0,GREEN,44
2024-01-23 01:00:00,Variety_Sq,145,38.3,MEDIUM,Clear,30.5,0,GREEN,85
2024-01-23 01:00:00,LIC_Sq,113,49.3,LOW,Clear,29.7,0,GREEN,46
2024-01-23 01:00:00,Empress_Mall_Sq,164,38.7,MEDIUM,Clear,27.6,0,RED,62
2024-01-23 02:00:00,Sitabuldi_Sq,131,44.7,MEDIUM,Clouds,32.6,0,YELLOW,65
2024-01-23 02:00:00,Zero_Mile,114,41.8,LOW,Clouds,29.4,0,RED,28
2024-01-23 02:00:00,Kasturchand_Park,80,50.2,LOW,Clouds,34.6,0,YELLOW,43
2024-01-23 02:00:00,Variety_Sq,96,49.6,LOW,Clear,31.7,0,RED,30
2024-01-23 02:00:00,LIC_Sq,68,55.9,LOW,Clouds,30.7,0,RED,40
2024-01-23 02:00:00,Empress_Mall_Sq,141,43.8,MEDIUM,Clear,31.7,0,GREEN,64
2024-01-23 03:00:00,Sitabuldi_Sq,141,44.8,MEDIUM,Clouds,34.1,0,GREEN,67
2024-01-23 03:00:00,Zero_Mile,104,47.3,LOW,Clear,33.1,0,YELLOW,51
2024-01-23 03:00:00,Kasturchand_Park,21,60.9,LOW,Clear,30.3,0,RED,22
2024-01-23 03:00:00,Variety_Sq,120,40.6,LOW,Clouds,30.8,0,RED,54
2024-01-23 03:00:00,LIC_Sq,119,43.9,LOW,Clear,30.1,0,YELLOW,60
2024-01-23 03:00:00,Empress_Mall_Sq,140,37.8,MEDIUM,Clouds,32.4,0,GREEN,64
2024-01-23 04:00:00,Sitabuldi_Sq,167,40.1,MEDIUM,Clear,32.7,0,RED,69
2024-01-23 04:00:00,Zero_Mile,123,42.7,MEDIUM,Clear,32.9,0,YELLOW,37
2024-01-23 04:00:00,Kasturchand_Park,127,42.1,MEDIUM,Clear,32.3,0,YELLOW,38
2024-01-23 04:00:00,Variety_Sq,127,42.4,MEDIUM,Clouds,31.7,0,RED,63
2024-01-23 04:00:00,LIC_Sq,135,42.4,MEDIUM,Clear,31.3,0,YELLOW,59
2024-01-23 04:00:00,Empress_Mall_Sq,70,51.7,LOW,Clear,31.6,0,YELLOW,31
2024-01-23 05:00:00,Sitabuldi_Sq,92,44.9,LOW,Clouds,30.4,0,YELLOW,30
2024-01-23 05:00:00,Zero_Mile,86,50.7,LOW,Clear,30.9,0,RED,34
2024-01-23 05:00:00,Kasturchand_Park,113,42.8,LOW,Clouds,32.7,0,RED,53
2024-01-23 05:00:00,Variety_Sq,120,39.9,LOW,Clear,37.1,0,YELLOW,38
2024-01-23 05:00:00,LIC_Sq,43,57.3,LOW,Clear,32.1,0,YELLOW,19
2024-01-23 05:00:00,Empress_Mall_Sq,107,45.9,LOW,Clouds,31.7,0,GREEN,60
2024-01-23 06:00:00,Sitabuldi_Sq,184,34.4,MEDIUM,Clear,26.7,0,YELLOW,88
2024-01-23 06:00:00,Zero_Mile,116,43.0,LOW,Clouds,35.5,0.16,GREEN,60
2024-01-23 06:00:00,Kasturchand_Park,80,49.3,LOW,Clear,30.1,0,RED,38
2024-01-23 06:00:00,Variety_Sq,138,39.8,MEDIUM,Clouds,30.8,0,YELLOW,73
2024-01-23 06:00:00,LIC_Sq,96,47.5,LOW,Clear,34.1,0,RED,43
2024-01-23 06:00:00,Empress_Mall_Sq,131,37.9,MEDIUM,Clouds,29.8,0,RED,66
2024-01-23 07:00:00,Sitabuldi_Sq,311,12.7,CRITICAL,Clear,32.7,0,RED,166
2024-01-23 07:00:00,Zero_Mile,273,13.0,HIGH,Clear,30.5,0,RED,117
2024-01-23 07:00:00,Kasturchand_Park,304,9.4,CRITICAL,Clear,33.0,0,GREEN,128
2024-01-23 07:00:00,Variety_Sq,295,10.2,CRITICAL,Clouds,36.0,0,GREEN,141
2024-01-23 07:00:00,LIC_Sq,196,26.3,MEDIUM,Clouds,32.2,0,RED,81
2024-01-23 07:00:00,Empress_Mall_Sq,305,7.2,CRITICAL,Clear,30.9,0,GREEN,158
2024-01-23 08:00:00,Sitabuldi_Sq,242,24.7,HIGH,Clear,34.1,0,YELLOW,97
2024-01-23 08:00:00,Zero_Mile,294,13.8,CRITICAL,Clear,31.9,0,YELLOW,133
2024-01-23 08:00:00,Kasturchand_Park,267,18.9,HIGH,Clear,28.6,0,YELLOW,131
2024-01-23 08:00:00,Variety_Sq,234,22.2,HIGH,Clouds,31.2,0,RED,94
2024-01-23 08:00:00,LIC_Sq,289,12.6,CRITICAL,Clear,31.0,0,YELLOW,127
2024-01-23 08:00:00,Empress_Mall_Sq,304,15.2,CRITICAL,Clear,33.4,0,YELLOW,129
2024-01-23 09:00:00,Sitabuldi_Sq,209,28.3,HIGH,Clouds,34.0,0,YELLOW,90
2024-01-23 09:00:00,Zero_Mile,280,13.4,HIGH,Clear,34.0,0,YELLOW,118
2024-01-23 09:00:00,Kasturchand_Park,305,10.7,CRITICAL,Clear,33.2,0,GREEN,117
2024-01-23 09:00:00,Variety_Sq,267,15.7,HIGH,Clear,29.8,0,YELLOW,117
2024-01-23 09:00:00,LIC_Sq,257,19.7,HIGH,Clear,29.1,0,YELLOW,133
2024-01-23 09:00:00,Empress_Mall_Sq,323,12.4,CRITICAL,Clear,34.4,0,GREEN,133
2024-01-23 10:00:00,Sitabuldi_Sq,59,52.8,LOW,Clear,31.6,0,RED,5
2024-01-23 10:00:00,Zero_Mile,126,41.1,MEDIUM,Clear,27.9,0,GREEN,69
2024-01-23 10:00:00,Kasturchand_Park,135,39.0,MEDIUM,Clear,31.8,0,RED,55
2024-01-23 10:00:00,Variety_Sq,101,49.8,LOW,Clear,30.4,0,GREEN,38
2024-01-23 10:00:00,LIC_Sq,201,28.9,HIGH,Clear,33.4,0,YELLOW,80
2024-01-23 10:00:00,Empress_Mall_Sq,117,45.2,LOW,Clouds,27.8,0,RED,46
2024-01-23 11:00:00,Sitabuldi_Sq,154,32.7,MEDIUM,Clear,32.9,0,GREEN,58
2024-01-23 11:00:00,Zero_Mile,50,54.8,LOW,Clear,33.3,0.24,GREEN,15
2024-01-23 11:00:00,Kasturchand_Park,84,53.2,LOW,Clear,29.0,0,YELLOW,35
2024-01-23 11:00:00,Variety_Sq,108,51.1,LOW,Clear,31.6,0,GREEN,57
2024-01-23 11:00:00,LIC_Sq,154,36.8,MEDIUM,Rain,30.9,0.54,GREEN,73
2024-01-23 11:00:00,Empress_Mall_Sq,111,52.6,LOW,Clear,29.5,0,RED,53
2024-01-23 12:00:00,Sitabuldi_Sq,166,38.3,MEDIUM,Clear,33.5,0,GREEN,70
2024-01-23 12:00:00,Zero_Mile,116,41.3,LOW,Clear,30.6,0,GREEN,32
2024-01-23 12:00:00,Kasturchand_Park,100,47.9,LOW,Clear,37.1,0,RED,37
2024-01-23 12:00:00,Variety_Sq,157,33.9,MEDIUM,Clouds,32.9,0,RED,71
2024-01-23 12:00:00,LIC_Sq,91,48.1,LOW,Clouds,29.6,0,YELLOW,19
2024-01-23 12:00:00,Empress_Mall_Sq,159,35.5,MEDIUM,Clear,33.0,0,RED,77
2024-01-23 13:00:00,Sitabuldi_Sq,92,45.3,LOW,Clear,34.0,0,GREEN,34
2024-01-23 13:00:00,Zero_Mile,68,55.1,LOW,Clear,32.9,0,GREEN,29
2024-01-23 13:00:00,Kasturchand_Park,98,46.0,LOW,Clear,33.4,0,GREEN,53
2024-01-23 13:00:00,Variety_Sq,183,32.7,MEDIUM,Clear,32.5,0,YELLOW,90
2024-01-23 13:00:00,LIC_Sq,135,40.6,MEDIUM,Clear,33.2,0,RED,81
2024-01-23 13:00:00,Empress_Mall_Sq,91,47.9,LOW,Clouds,33.6,0,YELLOW,43
2024-01-23 14:00:00,Sitabuldi_Sq,138,38.3,MEDIUM,Clouds,30.3,0,YELLOW,56
2024-01-23 14:00:00,Zero_Mile,97,48.4,LOW,Clouds,32.2,0.3,YELLOW,44
2024-01-23 14:00:00,Kasturchand_Park,99,44.6,LOW,Clear,29.0,0,GREEN,39
2024-01-23 14:00:00,Variety_Sq,129,46.8,MEDIUM,Clear,33.3,0,YELLOW,45
2024-01-23 14:00:00,LIC_Sq,57,51.8,LOW,Clouds,32.4,0,GREEN,36
2024-01-23 14:00:00,Empress_Mall_Sq,66,50.5,LOW,Clear,33.1,0,GREEN,36
2024-01-23 15:00:00,Sitabuldi_Sq,121,42.5,MEDIUM,Clear,34.7,0,YELLOW,75
2024-01-23 15:00:00,Zero_Mile,183,33.0,MEDIUM,Clear,29.0,0,GREEN,74
2024-01-23 15:00:00,Kasturchand_Park,82,51.9,LOW,Clear,34.1,0,GREEN,48
2024-01-23 15:00:00,Variety_Sq,257,18.8,HIGH,Clear,31.6,0,GREEN,93
2024-01-23 15:00:00,LIC_Sq,171,38.6,MEDIUM,Clouds,33.8,0,YELLOW,87
2024-01-23 15:00:00,Empress_Mall_Sq,105,45.8,LOW,Clear,34.9,0,RED,46
2024-01-23 16:00:00,Sitabuldi_Sq,254,19.6,HIGH,Clouds,34.0,0,GREEN,115
2024-01-23 16:00:00,Zero_Mile,288,11.3,CRITICAL,Clouds,30.4,0.23,GREEN,130
2024-01-23 16:00:00,Kasturchand_Park,389,5,CRITICAL,Clear,32.7,0,RED,167
2024-01-23 16:00:00,Variety_Sq,385,5,CRITICAL,Clear,30.8,0,YELLOW,178
2024-01-23 16:00:00,LIC_Sq,330,5,CRITICAL,Clear,30.0,0,RED,159
2024-01-23 16:00:00,Empress_Mall_Sq,274,14.2,HIGH,Clear,31.1,0,GREEN,108
2024-01-23 17:00:00,Sitabuldi_Sq,368,5,CRITICAL,Clear,32.3,0,RED,170
2024-01-23 17:00:00,Zero_Mile,239,23.9,HIGH,Clear,31.7,0,RED,103
2024-01-23 17:00:00,Kasturchand_Park,199,30.4,MEDIUM,Clear,27.2,0,YELLOW,83
2024-01-23 17:00:00,Variety_Sq,312,8.9,CRITICAL,Clouds,31.8,0,RED,141
2024-01-23 17:00:00,LIC_Sq,340,5,CRITICAL,Clear,34.9,0,GREEN,139
2024-01-23 17:00:00,Empress_Mall_Sq,315,9.1,CRITICAL,Clear,32.4,0,YELLOW,130
2024-01-23 18:00:00,Sitabuldi_Sq,322,8.0,CRITICAL,Clear,30.5,0,RED,137
2024-01-23 18:00:00,Zero_Mile,311,12.5,CRITICAL,Clear,30.9,0,RED,141
2024-01-23 18:00:00,Kasturchand_Park,295,11.9,CRITICAL,Clouds,31.3,0,GREEN,120
2024-01-23 18:00:00,Variety_Sq,279,13.5,HIGH,Clear,33.1,0,GREEN,122
2024-01-23 18:00:00,LIC_Sq,244,15.8,HIGH,Clear,35.3,0.08,YELLOW,124
2024-01-23 18:00:00,Empress_Mall_Sq,326,5,CRITICAL,Clear,31.4,0.07,YELLOW,127
2024-01-23 19:00:00,Sitabuldi_Sq,308,9.4,CRITICAL,Clouds,34.1,0,YELLOW,124
2024-01-23 19:00:00,Zero_Mile,395,5,CRITICAL,Rain,33.1,0.74,GREEN,184
2024-01-23 19:00:00,Kasturchand_Park,315,9.7,CRITICAL,Clear,33.9,0,YELLOW,138
2024-01-23 19:00:00,Variety_Sq,276,18.0,HIGH,Clouds,31.9,0,GREEN,123
2024-01-23 19:00:00,LIC_Sq,292,15.5,CRITICAL,Clear,32.0,0,YELLOW,138
2024-01-23 19:00:00,Empress_Mall_Sq,321,8.3,CRITICAL,Clear,33.0,0,YELLOW,136
2024-01-23 20:00:00,Sitabuldi_Sq,133,42.3,MEDIUM,Clouds,32.1,0,YELLOW,61
2024-01-23 20:00:00,Zero_Mile,160,39.4,MEDIUM,Clouds,33.6,0,YELLOW,74
2024-01-23 20:00:00,Kasturchand_Park,115,39.3,LOW,Clear,32.3,0,GREEN,47
2024-01-23 20:00:00,Variety_Sq,123,44.2,MEDIUM,Clear,31.9,0,GREEN,61
2024-01-23 20:00:00,LIC_Sq,126,40.6,MEDIUM,Clear,31.5,0,RED,49
2024-01-23 20:00:00,Empress_Mall_Sq,106,47.7,LOW,Clouds,32.5,0,RED,56
2024-01-23 21:00:00,Sitabuldi_Sq,116,44.3,LOW,Clouds,31.5,0,YELLOW,64
2024-01-23 21:00:00,Zero_Mile,188,33.0,MEDIUM,Clear,33.1,0,RED,82
2024-01-23 21:00:00,Kasturchand_Park,63,49.4,LOW,Clear,31.8,0,GREEN,43
2024-01-23 21:00:00,Variety_Sq,65,49.4,LOW,Rain,29.3,0.75,RED,16
2024-01-23 21:00:00,LIC_Sq,20,59.5,LOW,Clouds,33.0,0,GREEN,9
2024-01-23 21:00:00,Empress_Mall_Sq,80,49.1,LOW,Clouds,32.8,0,GREEN,44
2024-01-23 22:00:00,Sitabuldi_Sq,99,46.6,LOW,Clouds,35.2,0,GREEN,53
2024-01-23 22:00:00,Zero_Mile,69,51.8,LOW,Clouds,33.8,0,RED,32
2024-01-23 22:00:00,Kasturchand_Park,77,49.8,LOW,Clear,30.1,0,YELLOW,31
2024-01-23 22:00:00,Variety_Sq,81,53.3,LOW,Clear,29.9,0,YELLOW,40
2024-01-23 22:00:00,LIC_Sq,142,39.5,MEDIUM,Clouds,29.7,0,GREEN,72
2024-01-23 22:00:00,Empress_Mall_Sq,147,34.8,MEDIUM,Clear,28.6,0,GREEN,70
2024-01-23 23:00:00,Sitabuldi_Sq,172,33.1,MEDIUM,Clear,32.9,0,GREEN,69
2024-01-23 23:00:00,Zero_Mile,178,32.6,MEDIUM,Clear,31.3,0,RED,71
2024-01-23 23:00:00,Kasturchand_Park,111,43.2,LOW,Clear,30.9,0,RED,35
2024-01-23 23:00:00,Variety_Sq,103,51.4,LOW,Clear,34.0,0,YELLOW,63
2024-01-23 23:00:00,LIC_Sq,170,31.8,MEDIUM,Clouds,29.1,0.02,GREEN,88
2024-01-23 23:00:00,Empress_Mall_Sq,87,51.7,LOW,Rain,33.6,0.81,RED,49
2024-01-24 00:00:00,Sitabuldi_Sq,147,41.5,MEDIUM,Clouds,27.2,0,RED,74
2024-01-24 00:00:00,Zero_Mile,96,46.4,LOW,Clear,31.4,0,RED,37
2024-01-24 00:00:00,Kasturchand_Park,135,41.4,MEDIUM,Clear,29.7,0,YELLOW,69
2024-01-24 00:00:00,Variety_Sq,63,56.6,LOW,Clear,35.2,0,YELLOW,33
2024-01-24 00:00:00,LIC_Sq,190,32.1,MEDIUM,Clear,32.5,0,GREEN,67
2024-01-24 00:00:00,Empress_Mall_Sq,74,52.9,LOW,Clear,35.5,0,GREEN,46
2024-01-24 01:00:00,Sitabuldi_Sq,148,35.4,MEDIUM,Clouds,29.4,0,RED,53
2024-01-24 01:00:00,Zero_Mile,133,41.7,MEDIUM,Clear,31.8,0,GREEN,61
2024-01-24 01:00:00,Kasturchand_Park,147,45.9,MEDIUM,Clouds,32.9,0,RED,80
2024-01-24 01:00:00,Variety_Sq,124,40.5,MEDIUM,Clear,29.3,0,RED,58
2024-01-24 01:00:00,LIC_Sq,147,40.0,MEDIUM,Clear,36.2,0,RED,73
2024-01-24 01:00:00,Empress_Mall_Sq,24,59.3,LOW,Clouds,31.7,0,YELLOW,5
2024-01-24 02:00:00,Sitabuldi_Sq,134,41.3,MEDIUM,Clear,29.4,0.27,RED,63
2024-01-24 02:00:00,Zero_Mile,110,47.6,LOW,Clear,32.0,0,GREEN,40
2024-01-24 02:00:00,Kasturchand_Park,62,56.4,LOW,Clear,29.5,0,RED,39
2024-01-24 02:00:00,Variety_Sq,131,45.6,MEDIUM,Clear,28.2,0,YELLOW,84
2024-01-24 02:00:00,LIC_Sq,141,37.8,MEDIUM,Rain,31.0,0.82,RED,58
2024-01-24 02:00:00,Empress_Mall_Sq,54,55.2,LOW,Clear,30.6,0,GREEN,35
2024-01-24 03:00:00,Sitabuldi_Sq,113,45.7,LOW,Clouds,34.0,0,YELLOW,55
2024-01-24 03:00:00,Zero_Mile,192,34.4,MEDIUM,Clouds,31.3,0,YELLOW,89
2024-01-24 03:00:00,Kasturchand_Park,172,30.5,MEDIUM,Clouds,34.9,0,YELLOW,91
2024-01-24 03:00:00,Variety_Sq,91,54.0,LOW,Clear,32.9,0,GREEN,41
2024-01-24 03:00:00,LIC_Sq,169,40.5,MEDIUM,Clouds,29.1,0,YELLOW,71
2024-01-24 03:00:00,Empress_Mall_Sq,65,54.4,LOW,Clouds,30.1,0,YELLOW,49
2024-01-24 04:00:00,Sitabuldi_Sq,129,44.9,MEDIUM,Clear,33.0,0,GREEN,50
2024-01-24 04:00:00,Zero_Mile,96,46.4,LOW,Clear,32.1,0,YELLOW,39
2024-01-24 04:00:00,Kasturchand_Park,177,32.3,MEDIUM,Clouds,29.3,0,YELLOW,91
2024-01-24 04:00:00,Variety_Sq,141,41.9,MEDIUM,Clear,32.4,0,GREEN,60
2024-01-24 04:00:00,LIC_Sq,99,49.9,LOW,Clouds,29.2,0,YELLOW,22
2024-01-24 04:00:00,Empress_Mall_Sq,119,46.3,LOW,Clear,32.7,0,RED,61
2024-01-24 05:00:00,Sitabuldi_Sq,121,43.1,MEDIUM,Clouds,30.8,0,YELLOW,48
2024-01-24 05:00:00,Zero_Mile,71,53.0,LOW,Clear,31.4,0,RED,24
2024-01-24 05:00:00,Kasturchand_Park,94,49.6,LOW,Clouds,27.4,0,RED,31
2024-01-24 05:00:00,Variety_Sq,215,31.9,HIGH,Clear,31.3,0,RED,88
2024-01-24 05:00:00,LIC_Sq,129,44.5,MEDIUM,Clouds,27.7,0,YELLOW,57
2024-01-24 05:00:00,Empress_Mall_Sq,112,41.6,LOW,Clear,31.0,0,GREEN,53
2024-01-24 06:00:00,Sitabuldi_Sq,115,50.4,LOW,Clear,28.9,0.11,GREEN,47
2024-01-24 06:00:00,Zero_Mile,93,53.8,LOW,Clear,32.0,0,GREEN,36
2024-01-24 06:00:00,Kasturchand_Park,132,42.1,MEDIUM,Clouds,29.5,0,RED,85
2024-01-24 06:00:00,Variety_Sq,123,39.4,MEDIUM,Clear,33.3,0,GREEN,56
2024-01-24 06:00:00,LIC_Sq,102,46.3,LOW,Clouds,31.8,0,YELLOW,44
2024-01-24 06:00:00,Empress_Mall_Sq,99,48.3,LOW,Clouds,33.1,0,YELLOW,36
2024-01-24 07:00:00,Sitabuldi_Sq,268,16.3,HIGH,Clouds,33.6,0,RED,133
2024-01-24 07:00:00,Zero_Mile,279,17.1,HIGH,Clear,32.2,0.0,GREEN,117
2024-01-24 07:00:00,Kasturchand_Park,291,18.9,CRITICAL,Clear,32.7,0,RED,133
2024-01-24 07:00:00,Variety_Sq,315,15.7,CRITICAL,Clear,36.2,0,YELLOW,133
2024-01-24 07:00:00,LIC_Sq,330,9.7,CRITICAL,Clear,32.4,0,YELLOW,135
2024-01-24 07:00:00,Empress_Mall_Sq,193,34.3,MEDIUM,Clouds,31.5,0,GREEN,95
2024-01-24 08:00:00,Sitabuldi_Sq,315,10.8,CRITICAL,Clear,32.1,0,RED,139
2024-01-24 08:00:00,Zero_Mile,245,23.3,HIGH,Clear,32.7,0,YELLOW,88
2024-01-24 08:00:00,Kasturchand_Park,274,15.4,HIGH,Clear,34.1,0,YELLOW,121
2024-01-24 08:00:00,Variety_Sq,224,25.9,HIGH,Clear,32.0,0,GREEN,99
2024-01-24 08:00:00,LIC_Sq,274,15.8,HIGH,Clear,29.5,0,GREEN,137
2024-01-24 08:00:00,Empress_Mall_Sq,268,12.9,HIGH,Clear,32.4,0.22,YELLOW,126
2024-01-24 09:00:00,Sitabuldi_Sq,315,6.5,CRITICAL,Clear,35.8,0,YELLOW,132
2024-01-24 09:00:00,Zero_Mile,353,5,CRITICAL,Clear,27.1,0,YELLOW,150
2024-01-24 09:00:00,Kasturchand_Park,224,22.6,HIGH,Clear,35.2,0,GREEN,103
2024-01-24 09:00:00,Variety_Sq,307,6.2,CRITICAL,Clear,29.3,0,GREEN,144
2024-01-24 09:00:00,LIC_Sq,208,26.9,HIGH,Clear,30.1,0,RED,97
2024-01-24 09:00:00,Empress_Mall_Sq,251,20.4,HIGH,Clouds,31.9,0,RED,103
2024-01-24 10:00:00,Sitabuldi_Sq,145,41.3,MEDIUM,Clouds,33.7,0,YELLOW,60
2024-01-24 10:00:00,Zero_Mile,155,38.1,MEDIUM,Clear,30.3,0,YELLOW,60
2024-01-24 10:00:00,Kasturchand_Park,76,48.5,LOW,Clear,32.8,0,RED,27
2024-01-24 10:00:00,Variety_Sq,136,39.1,MEDIUM,Clear,33.0,0,GREEN,43
2024-01-24 10:00:00,LIC_Sq,116,37.7,LOW,Clouds,32.6,0.38,RED,65
2024-01-24 10:00:00,Empress_Mall_Sq,150,40.1,MEDIUM,Clear,33.0,0,RED,60
2024-01-24 11:00:00,Sitabuldi_Sq,98,46.4,LOW,Clear,33.3,0,YELLOW,29
2024-01-24 11:00:00,Zero_Mile,170,34.6,MEDIUM,Clear,31.5,0,GREEN,107
2024-01-24 11:00:00,Kasturchand_Park,170,34.7,MEDIUM,Clear,33.0,0,GREEN,74
2024-01-24 11:00:00,Variety_Sq,144,40.6,MEDIUM,Clear,30.4,0,RED,57
2024-01-24 11:00:00,LIC_Sq,115,49.9,LOW,Clear,32.3,0,YELLOW,64
2024-01-24 11:00:00,Empress_Mall_Sq,85,51.2,LOW,Clear,32.5,0,GREEN,23
2024-01-24 12:00:00,Sitabuldi_Sq,75,50.5,LOW,Clear,33.8,0,GREEN,41
2024-01-24 12:00:00,Zero_Mile,98,41.9,LOW,Clouds,29.5,0,RED,56
2024-01-24 12:00:00,Kasturchand_Park,61,54.3,LOW,Clouds,32.9,0,YELLOW,31
2024-01-24 12:00:00,Variety_Sq,194,30.6,MEDIUM,Clear,32.4,0,GREEN,83
2024-01-24 12:00:00,LIC_Sq,139,36.1,MEDIUM,Clouds,33.3,0,YELLOW,55
2024-01-24 12:00:00,Empress_Mall_Sq,128,46.0,MEDIUM,Clouds,32.5,0.09,RED,53
2024-01-24 13:00:00,Sitabuldi_Sq,64,54.8,LOW,Clear,32.5,0,RED,27
2024-01-24 13:00:00,Zero_Mile,88,53.7,LOW,Clear,33.1,0,YELLOW,50
2024-01-24 13:00:00,Kasturchand_Park,120,44.0,LOW,Clear,30.8,0.13,GREEN,45
2024-01-24 13:00:00,Variety_Sq,139,41.6,MEDIUM,Clear,34.7,0,YELLOW,59
2024-01-24 13:00:00,LIC_Sq,123,40.4,MEDIUM,Clouds,30.3,0,GREEN,62
2024-01-24 13:00:00,Empress_Mall_Sq,124,41.2,MEDIUM,Clear,30.9,0,GREEN,71
2024-01-24 14:00:00,Sitabuldi_Sq,172,31.9,MEDIUM,Clear,33.9,0,GREEN,75
2024-01-24 14:00:00,Zero_Mile,87,53.0,LOW,Clouds,29.8,0,YELLOW,27
2024-01-24 14:00:00,Kasturchand_Park,96,45.7,LOW,Clear,30.0,0,GREEN,27
2024-01-24 14:00:00,Variety_Sq,130,42.4,MEDIUM,Clear,33.6,0,GREEN,65
2024-01-24 14:00:00,LIC_Sq,63,57.3,LOW,Clouds,30.9,0,YELLOW,23
2024-01-24 14:00:00,Empress_Mall_Sq,70,52.7,LOW,Clear,31.2,0,YELLOW,23
2024-01-24 15:00:00,Sitabuldi_Sq,116,42.7,LOW,Clouds,32.9,0,GREEN,59
2024-01-24 15:00:00,Zero_Mile,74,52.4,LOW,Clear,31.9,0,YELLOW,21
2024-01-24 15:00:00,Kasturchand_Park,194,30.1,MEDIUM,Clear,29.3,0,GREEN,86
2024-01-24 15:00:00,Variety_Sq,105,45.9,LOW,Clear,33.7,0,GREEN,37
2024-01-24 15:00:00,LIC_Sq,157,41.7,MEDIUM,Clouds,31.2,0,YELLOW,57
2024-01-24 15:00:00,Empress_Mall_Sq,122,40.3,MEDIUM,Rain,31.9,1.06,YELLOW,52
2024-01-24 16:00:00,Sitabuldi_Sq,321,8.2,CRITICAL,Clear,32.4,0,RED,135
2024-01-24 16:00:00,Zero_Mile,359,5,CRITICAL,Clear,33.9,0,GREEN,168
2024-01-24 16:00:00,Kasturchand_Park,282,5,CRITICAL,Clear,32.3,0,RED,148
2024-01-24 16:00:00,Variety_Sq,289,15.7,CRITICAL,Clear,31.3,0,RED,121
2024-01-24 16:00:00,LIC_Sq,339,5,CRITICAL,Clear,34.0,0,YELLOW,161
2024-01-24 16:00:00,Empress_Mall_Sq,373,5,CRITICAL,Clear,33.7,0,RED,180
2024-01-24 17:00:00,Sitabuldi_Sq,216,22.3,HIGH,Clear,30.1,0,GREEN,101
2024-01-24 17:00:00,Zero_Mile,315,7.4,CRITICAL,Clear,30.9,0,RED,144
2024-01-24 17:00:00,Kasturchand_Park,351,8.3,CRITICAL,Clear,31.7,0,GREEN,142
2024-01-24 17:00:00,Variety_Sq,306,16.1,CRITICAL,Clear,32.4,0,YELLOW,134
2024-01-24 17:00:00,LIC_Sq,307,9.9,CRITICAL,Clear,32.7,0,YELLOW,143
2024-01-24 17:00:00,Empress_Mall_Sq,366,5,CRITICAL,Clear,31.8,0,YELLOW,163
2024-01-24 18:00:00,Sitabuldi_Sq,237,19.9,HIGH,Clear,32.5,0,GREEN,110
2024-01-24 18:00:00,Zero_Mile,283,14.6,CRITICAL,Clear,30.4,0,GREEN,117
2024-01-24 18:00:00,Kasturchand_Park,222,25.3,HIGH,Clear,30.6,0,YELLOW,91
2024-01-24 18:00:00,Variety_Sq,224,23.9,HIGH,Clear,30.2,0,GREEN,87
2024-01-24 18:00:00,LIC_Sq,347,5,CRITICAL,Clouds,33.1,0,YELLOW,174
2024-01-24 18:00:00,Empress_Mall_Sq,225,24.2,HIGH,Rain,31.9,0.57,GREEN,114
2024-01-24 19:00:00,Sitabuldi_Sq,406,5,CRITICAL,Clouds,35.8,0,RED,189
2024-01-24 19:00:00,Zero_Mile,361,5,CRITICAL,Clear,32.4,0,GREEN,142
2024-01-24 19:00:00,Kasturchand_Park,271,17.8,HIGH,Clouds,31.5,0,YELLOW,120
2024-01-24 19:00:00,Variety_Sq,270,15.6,HIGH,Clear,31.4,0,RED,107
2024-01-24 19:00:00,LIC_Sq,290,11.0,CRITICAL,Clear,35.5,0,GREEN,120
2024-01-24 19:00:00,Empress_Mall_Sq,274,14.6,HIGH,Clouds,29.6,0,GREEN,129
2024-01-24 20:00:00,Sitabuldi_Sq,154,40.6,MEDIUM,Clouds,31.9,0,GREEN,64
2024-01-24 20:00:00,Zero_Mile,167,27.9,MEDIUM,Clouds,32.4,0,GREEN,72
2024-01-24 20:00:00,Kasturchand_Park,50,56.8,LOW,Clouds,28.8,0,GREEN,19
2024-01-24 20:00:00,Variety_Sq,130,45.2,MEDIUM,Clouds,29.0,0,RED,57
2024-01-24 20:00:00,LIC_Sq,110,44.4,LOW,Clear,33.2,0,YELLOW,52
2024-01-24 20:00:00,Empress_Mall_Sq,87,53.2,LOW,Clouds,32.5,0,YELLOW,33
2024-01-24 21:00:00,Sitabuldi_Sq,92,45.7,LOW,Clouds,30.1,0.12,RED,38
2024-01-24 21:00:00,Zero_Mile,105,43.5,LOW,Clouds,31.7,0,RED,53
2024-01-24 21:00:00,Kasturchand_Park,83,57.5,LOW,Clouds,33.0,0,GREEN,15
2024-01-24 21:00:00,Variety_Sq,140,36.4,MEDIUM,Clear,33.4,0,RED,67
2024-01-24 21:00:00,LIC_Sq,179,35.2,MEDIUM,Clear,32.9,0,GREEN,88
2024-01-24 21:00:00,Empress_Mall_Sq,20,64.8,LOW,Clear,33.2,0,YELLOW,5
2024-01-24 22:00:00,Sitabuldi_Sq,171,34.8,MEDIUM,Clear,33.1,0,GREEN,85
2024-01-24 22:00:00,Zero_Mile,129,37.6,MEDIUM,Clouds,36.7,0,YELLOW,50
2024-01-24 22:00:00,Kasturchand_Park,159,34.8,MEDIUM,Clear,33.3,0,GREEN,72
2024-01-24 22:00:00,Variety_Sq,218,22.2,HIGH,Clouds,30.6,0,GREEN,103
2024-01-24 22:00:00,LIC_Sq,154,42.7,MEDIUM,Clear,34.3,0,YELLOW,83
2024-01-24 22:00:00,Empress_Mall_Sq,136,43.2,MEDIUM,Clear,27.6,0,GREEN,61
2024-01-24 23:00:00,Sitabuldi_Sq,117,49.2,LOW,Clouds,32.0,0,RED,55
2024-01-24 23:00:00,Zero_Mile,97,44.1,LOW,Clouds,32.9,0,YELLOW,52
2024-01-24 23:00:00,Kasturchand_Park,136,40.1,MEDIUM,Clear,30.7,0,GREEN,58
2024-01-24 23:00:00,Variety_Sq,170,34.5,MEDIUM,Clear,33.8,0,YELLOW,81
2024-01-24 23:00:00,LIC_Sq,110,47.5,LOW,Clouds,29.5,0,RED,62
2024-01-24 23:00:00,Empress_Mall_Sq,62,54.7,LOW,Clear,29.7,0,YELLOW,43
2024-01-25 00:00:00,Sitabuldi_Sq,174,33.0,MEDIUM,Clear,33.7,0,GREEN,68
2024-01-25 00:00:00,Zero_Mile,119,43.8,LOW,Clouds,31.3,0,YELLOW,70
2024-01-25 00:00:00,Kasturchand_Park,153,38.5,MEDIUM,Clouds,31.2,0,GREEN,71
2024-01-25 00:00:00,Variety_Sq,178,30.4,MEDIUM,Clear,34.4,0,YELLOW,69
2024-01-25 00:00:00,LIC_Sq,134,43.5,MEDIUM,Clear,29.0,0,RED,54
2024-01-25 00:00:00,Empress_Mall_Sq,72,54.3,LOW,Clear,33.2,0,RED,18
2024-01-25 01:00:00,Sitabuldi_Sq,160,35.0,MEDIUM,Clear,34.6,0,RED,76
2024-01-25 01:00:00,Zero_Mile,99,51.3,LOW,Clouds,32.3,0,GREEN,48
2024-01-25 01:00:00,Kasturchand_Park,90,51.7,LOW,Clouds,31.8,0,YELLOW,34
2024-01-25 01:00:00,Variety_Sq,126,44.7,MEDIUM,Clear,35.5,0,GREEN,57
2024-01-25 01:00:00,LIC_Sq,175,30.8,MEDIUM,Clear,32.5,0,RED,63
2024-01-25 01:00:00,Empress_Mall_Sq,152,33.4,MEDIUM,Clear,32.1,0.37,GREEN,63
2024-01-25 02:00:00,Sitabuldi_Sq,158,37.4,MEDIUM,Clear,32.6,0,YELLOW,77
2024-01-25 02:00:00,Zero_Mile,147,37.6,MEDIUM,Clear,29.1,0,GREEN,49
2024-01-25 02:00:00,Kasturchand_Park,73,52.3,LOW,Clouds,33.6,0,GREEN,28
2024-01-25 02:00:00,Variety_Sq,120,46.4,LOW,Clouds,33.6,0,YELLOW,53
2024-01-25 02:00:00,LIC_Sq,149,35.1,MEDIUM,Clear,31.9,0,GREEN,63
2024-01-25 02:00:00,Empress_Mall_Sq,93,50.3,LOW,Clear,32.2,0,RED,35
2024-01-25 03:00:00,Sitabuldi_Sq,50,54.5,LOW,Clear,32.5,0,YELLOW,14
2024-01-25 03:00:00,Zero_Mile,112,52.1,LOW,Clouds,28.6,0,YELLOW,68
2024-01-25 03:00:00,Kasturchand_Park,121,46.5,MEDIUM,Clouds,30.0,0,YELLOW,50
2024-01-25 03:00:00,Variety_Sq,118,38.5,LOW,Clear,30.9,0,GREEN,65
2024-01-25 03:00:00,LIC_Sq,140,36.7,MEDIUM,Clouds,35.8,0,YELLOW,79
2024-01-25 03:00:00,Empress_Mall_Sq,111,43.1,LOW,Clear,32.4,0,RED,71
2024-01-25 04:00:00,Sitabuldi_Sq,64,50.5,LOW,Clouds,34.9,0,YELLOW,26
2024-01-25 04:00:00,Zero_Mile,67,54.7,LOW,Clouds,29.6,0,RED,31
2024-01-25 04:00:00,Kasturchand_Park,149,35.2,MEDIUM,Clouds,34.4,0,YELLOW,70
2024-01-25 04:00:00,Variety_Sq,133,40.7,MEDIUM,Clear,27.4,0,GREEN,53
2024-01-25 04:00:00,LIC_Sq,99,45.7,LOW,Clear,34.8,0,GREEN,37
2024-01-25 04:00:00,Empress_Mall_Sq,121,46.3,MEDIUM,Rain,34.2,0.98,GREEN,55
2024-01-25 05:00:00,Sitabuldi_Sq,103,45.0,LOW,Rain,30.1,0.6,YELLOW,30
2024-01-25 05:00:00,Zero_Mile,105,49.2,LOW,Clouds,31.5,0,RED,39
2024-01-25 05:00:00,Kasturchand_Park,143,38.1,MEDIUM,Clear,36.0,0,YELLOW,54
2024-01-25 05:00:00,Variety_Sq,32,59.7,LOW,Clear,30.5,0,YELLOW,26
2024-01-25 05:00:00,LIC_Sq,96,39.4,LOW,Clear,31.9,0,YELLOW,40
2024-01-25 05:00:00,Empress_Mall_Sq,94,49.1,LOW,Clouds,35.3,0,YELLOW,42
2024-01-25 06:00:00,Sitabuldi_Sq,178,36.3,MEDIUM,Clear,29.3,0.34,YELLOW,62
2024-01-25 06:00:00,Zero_Mile,171,28.9,MEDIUM,Clear,31.3,0,YELLOW,65
2024-01-25 06:00:00,Kasturchand_Park,140,39.5,MEDIUM,Clear,31.6,0,RED,65
2024-01-25 06:00:00,Variety_Sq,63,55.3,LOW,Clear,31.5,0,YELLOW,17
2024-01-25 06:00:00,LIC_Sq,139,36.1,MEDIUM,Clear,31.8,0,RED,43
2024-01-25 06:00:00,Empress_Mall_Sq,178,34.8,MEDIUM,Clear,34.2,0,GREEN,74
2024-01-25 07:00:00,Sitabuldi_Sq,177,29.3,MEDIUM,Clear,32.6,0,RED,74
2024-01-25 07:00:00,Zero_Mile,275,13.0,HIGH,Clear,30.4,0,RED,114
2024-01-25 07:00:00,Kasturchand_Park,251,25.5,HIGH,Clear,32.6,0,GREEN,112
2024-01-25 07:00:00,Variety_Sq,271,22.2,HIGH,Clouds,30.0,0,RED,122
2024-01-25 07:00:00,LIC_Sq,260,16.4,HIGH,Clouds,34.2,0,RED,122
2024-01-25 07:00:00,Empress_Mall_Sq,232,25.1,HIGH,Clouds,30.6,0,RED,103
2024-01-25 08:00:00,Sitabuldi_Sq,268,16.6,HIGH,Clear,33.3,0,YELLOW,123
2024-01-25 08:00:00,Zero_Mile,309,7.0,CRITICAL,Clear,30.2,0,GREEN,124
2024-01-25 08:00:00,Kasturchand_Park,283,11.0,CRITICAL,Clear,30.0,0,GREEN,131
2024-01-25 08:00:00,Variety_Sq,282,14.0,CRITICAL,Clear,32.3,0,GREEN,118
2024-01-25 08:00:00,LIC_Sq,246,13.6,HIGH,Clear,29.7,0,GREEN,92
2024-01-25 08:00:00,Empress_Mall_Sq,388,5,CRITICAL,Clear,33.3,0,GREEN,173
2024-01-25 09:00:00,Sitabuldi_Sq,274,16.1,HIGH,Clear,31.8,0,RED,128
2024-01-25 09:00:00,Zero_Mile,282,15.7,CRITICAL,Clear,27.8,0,RED,125
2024-01-25 09:00:00,Kasturchand_Park,352,5,CRITICAL,Clear,33.7,0,RED,173
2024-01-25 09:00:00,Variety_Sq,277,9.9,HIGH,Clear,32.1,0,YELLOW,118
2024-01-25 09:00:00,LIC_Sq,317,7.2,CRITICAL,Clouds,29.1,0,RED,152
2024-01-25 09:00:00,Empress_Mall_Sq,235,21.8,HIGH,Clear,32.8,0,RED,119
2024-01-25 10:00:00,Sitabuldi_Sq,112,45.8,LOW,Clear,30.5,0,RED,57
2024-01-25 10:00:00,Zero_Mile,70,57.2,LOW,Clouds,33.1,0,RED,47
2024-01-25 10:00:00,Kasturchand_Park,47,54.3,LOW,Clear,29.6,0,YELLOW,5
2024-01-25 10:00:00,Variety_Sq,142,42.1,MEDIUM,Clouds,29.9,0,RED,64
2024-01-25 10:00:00,LIC_Sq,120,44.1,LOW,Clear,30.9,0,YELLOW,44
2024-01-25 10:00:00,Empress_Mall_Sq,146,37.3,MEDIUM,Clear,34.3,0,YELLOW,83
2024-01-25 11:00:00,Sitabuldi_Sq,134,46.4,MEDIUM,Clear,32.0,0,YELLOW,67
2024-01-25 11:00:00,Zero_Mile,90,43.2,LOW,Clear,32.4,0,GREEN,40
2024-01-25 11:00:00,Kasturchand_Park,78,54.6,LOW,Clouds,30.0,0,GREEN,28
2024-01-25 11:00:00,Variety_Sq,145,39.5,MEDIUM,Clouds,34.8,0,GREEN,91
2024-01-25 11:00:00,LIC_Sq,105,43.0,LOW,Clear,34.0,0,RED,41
2024-01-25 11:00:00,Empress_Mall_Sq,172,30.1,MEDIUM,Clear,27.4,0,RED,76
2024-01-25 12:00:00,Sitabuldi_Sq,85,48.7,LOW,Clear,30.2,0,RED,50
2024-01-25 12:00:00,Zero_Mile,128,41.9,MEDIUM,Clear,33.0,0,GREEN,69
2024-01-25 12:00:00,Kasturchand_Park,148,40.9,MEDIUM,Clouds,31.7,0,GREEN,81
2024-01-25 12:00:00,Variety_Sq,120,39.2,LOW,Clear,32.9,0,GREEN,58
2024-01-25 12:00:00,LIC_Sq,109,43.2,LOW,Clear,29.8,0,RED,43
2024-01-25 12:00:00,Empress_Mall_Sq,134,41.6,MEDIUM,Clear,31.0,0,RED,75
2024-01-25 13:00:00,Sitabuldi_Sq,79,51.5,LOW,Clouds,32.4,0,RED,41
2024-01-25 13:00:00,Zero_Mile,179,31.2,MEDIUM,Clouds,33.5,0,YELLOW,72
2024-01-25 13:00:00,Kasturchand_Park,145,35.1,MEDIUM,Clear,30.5,0,RED,73
2024-01-25 13:00:00,Variety_Sq,102,44.9,LOW,Clear,34.8,0,RED,55
2024-01-25 13:00:00,LIC_Sq,100,49.3,LOW,Clouds,35.6,0,GREEN,35
2024-01-25 13:00:00,Empress_Mall_Sq,134,43.4,MEDIUM,Clear,29.6,0,YELLOW,46
2024-01-25 14:00:00,Sitabuldi_Sq,149,39.8,MEDIUM,Clouds,33.8,0,YELLOW,56
2024-01-25 14:00:00,Zero_Mile,141,45.6,MEDIUM,Clear,35.7,0,GREEN,77
2024-01-25 14:00:00,Kasturchand_Park,124,40.7,MEDIUM,Clear,32.7,0,YELLOW,74
2024-01-25 14:00:00,Variety_Sq,129,35.8,MEDIUM,Clear,29.2,0,YELLOW,66
2024-01-25 14:00:00,LIC_Sq,133,39.1,MEDIUM,Clouds,34.4,0,YELLOW,69
2024-01-25 14:00:00,Empress_Mall_Sq,39,57.4,LOW,Clouds,29.9,0,RED,25
2024-01-25 15:00:00,Sitabuldi_Sq,179,33.9,MEDIUM,Clear,28.3,0,RED,88
2024-01-25 15:00:00,Zero_Mile,110,46.0,LOW,Clouds,31.3,0,GREEN,57
2024-01-25 15:00:00,Kasturchand_Park,163,33.3,MEDIUM,Clouds,33.1,0,GREEN,80
2024-01-25 15:00:00,Variety_Sq,177,33.2,MEDIUM,Clear,33.1,0,YELLOW,75
2024-01-25 15:00:00,LIC_Sq,137,44.7,MEDIUM,Clouds,33.3,0,GREEN,59
2024-01-25 15:00:00,Empress_Mall_Sq,150,33.3,MEDIUM,Clouds,31.6,0,GREEN,74
2024-01-25 16:00:00,Sitabuldi_Sq,284,17.3,CRITICAL,Clear,30.0,0,YELLOW,117
2024-01-25 16:00:00,Zero_Mile,286,11.9,CRITICAL,Clear,30.6,0,RED,139
2024-01-25 16:00:00,Kasturchand_Park,349,5,CRITICAL,Clear,30.8,0,GREEN,167
2024-01-25 16:00:00,Variety_Sq,327,5,CRITICAL,Clear,31.8,0,RED,136
2024-01-25 16:00:00,LIC_Sq,317,12.1,CRITICAL,Clear,33.5,0,GREEN,153
2024-01-25 16:00:00,Empress_Mall_Sq,319,5,CRITICAL,Clear,31.1,0,RED,133
2024-01-25 17:00:00,Sitabuldi_Sq,341,6.4,CRITICAL,Clear,31.9,0,YELLOW,153
2024-01-25 17:00:00,Zero_Mile,305,5,CRITICAL,Clouds,35.5,0.49,GREEN,154
2024-01-25 17:00:00,Kasturchand_Park,332,10.4,CRITICAL,Clear,32.1,0,YELLOW,149
2024-01-25 17:00:00,Variety_Sq,356,5,CRITICAL,Clear,32.3,0,RED,164
2024-01-25 17:00:00,LIC_Sq,293,9.0,CRITICAL,Clouds,32.0,0,YELLOW,133
2024-01-25 17:00:00,Empress_Mall_Sq,278,16.0,HIGH,Clear,28.6,0,YELLOW,116
2024-01-25 18:00:00,Sitabuldi_Sq,319,11.9,CRITICAL,Clouds,33.3,0.15,GREEN,131
2024-01-25 18:00:00,Zero_Mile,367,5,CRITICAL,Clear,30.9,0,RED,162
2024-01-25 18:00:00,Kasturchand_Park,337,5,CRITICAL,Clouds,32.7,0,YELLOW,161
2024-01-25 18:00:00,Variety_Sq,338,6.8,CRITICAL,Clear,35.1,0,GREEN,151
2024-01-25 18:00:00,LIC_Sq,249,23.5,HIGH,Clear,30.0,0,GREEN,107
2024-01-25 18:00:00,Empress_Mall_Sq,288,13.5,CRITICAL,Clouds,34.6,0,GREEN,140
2024-01-25 19:00:00,Sitabuldi_Sq,292,12.1,CRITICAL,Clear,29.3,0,RED,127
2024-01-25 19:00:00,Zero_Mile,254,18.4,HIGH,Clear,32.1,0.26,GREEN,119
2024-01-25 19:00:00,Kasturchand_Park,396,5,CRITICAL,Clear,30.0,0,GREEN,181
2024-01-25 19:00:00,Variety_Sq,326,5,CRITICAL,Clear,32.9,0,YELLOW,139
2024-01-25 19:00:00,LIC_Sq,263,21.4,HIGH,Clouds,34.0,0,RED,112
2024-01-25 19:00:00,Empress_Mall_Sq,280,11.6,HIGH,Clear,33.1,0,GREEN,122
2024-01-25 20:00:00,Sitabuldi_Sq,132,37.9,MEDIUM,Clear,32.7,0,YELLOW,57
2024-01-25 20:00:00,Zero_Mile,101,43.7,LOW,Clear,32.0,0,GREEN,51
2024-01-25 20:00:00,Kasturchand_Park,116,39.0,LOW,Clear,29.5,0,RED,63
2024-01-25 20:00:00,Variety_Sq,102,48.2,LOW,Clear,34.1,0,RED,53
2024-01-25 20:00:00,LIC_Sq,125,41.7,MEDIUM,Clear,31.8,0,RED,49
2024-01-25 20:00:00,Empress_Mall_Sq,69,45.9,LOW,Clouds,30.9,0,RED,47
2024-01-25 21:00:00,Sitabuldi_Sq,127,44.2,MEDIUM,Rain,31.1,0.72,YELLOW,40
2024-01-25 21:00:00,Zero_Mile,138,38.9,MEDIUM,Clouds,34.7,0.24,RED,73
2024-01-25 21:00:00,Kasturchand_Park,185,31.4,MEDIUM,Clouds,33.2,0,RED,105
2024-01-25 21:00:00,Variety_Sq,90,50.7,LOW,Clear,34.0,0,GREEN,39
2024-01-25 21:00:00,LIC_Sq,130,45.3,MEDIUM,Clear,32.3,0,YELLOW,44
2024-01-25 21:00:00,Empress_Mall_Sq,124,43.4,MEDIUM,Clouds,35.2,0,YELLOW,40
2024-01-25 22:00:00,Sitabuldi_Sq,210,32.2,HIGH,Clear,31.0,0,RED,105
2024-01-25 22:00:00,Zero_Mile,157,39.4,MEDIUM,Clouds,31.2,0,RED,78
2024-01-25 22:00:00,Kasturchand_Park,128,41.8,MEDIUM,Clouds,29.0,0,GREEN,52
2024-01-25 22:00:00,Variety_Sq,126,42.0,MEDIUM,Clouds,33.0,0,RED,68
2024-01-25 22:00:00,LIC_Sq,160,32.8,MEDIUM,Clear,28.8,0,YELLOW,56
2024-01-25 22:00:00,Empress_Mall_Sq,109,43.1,LOW,Clear,31.8,0,YELLOW,39
2024-01-25 23:00:00,Sitabuldi_Sq,98,49.0,LOW,Clouds,32.4,0,RED,49
2024-01-25 23:00:00,Zero_Mile,142,41.7,MEDIUM,Clear,26.3,0,GREEN,52
2024-01-25 23:00:00,Kasturchand_Park,103,52.8,LOW,Clear,31.9,0.3,YELLOW,49
2024-01-25 23:00:00,Variety_Sq,89,54.5,LOW,Clouds,33.7,0,RED,45
2024-01-25 23:00:00,LIC_Sq,157,36.4,MEDIUM,Clear,29.8,0,GREEN,85
2024-01-25 23:00:00,Empress_Mall_Sq,90,50.1,LOW,Clouds,30.1,0,YELLOW,46
2024-01-26 00:00:00,Sitabuldi_Sq,134,39.1,MEDIUM,Clear,34.1,0,GREEN,47
2024-01-26 00:00:00,Zero_Mile,33,64.3,LOW,Clear,32.5,0,GREEN,17
2024-01-26 00:00:00,Kasturchand_Park,77,51.1,LOW,Clouds,30.9,0,RED,34
2024-01-26 00:00:00,Variety_Sq,140,48.3,MEDIUM,Clouds,33.7,0,RED,84
2024-01-26 00:00:00,LIC_Sq,83,47.7,LOW,Clear,32.1,0,YELLOW,40
2024-01-26 00:00:00,Empress_Mall_Sq,135,38.8,MEDIUM,Clear,30.9,0,RED,48
2024-01-26 01:00:00,Sitabuldi_Sq,83,50.0,LOW,Clear,27.6,0,YELLOW,49
2024-01-26 01:00:00,Zero_Mile,48,54.7,LOW,Clouds,34.4,0,YELLOW,37
2024-01-26 01:00:00,Kasturchand_Park,169,40.0,MEDIUM,Clear,32.9,0,YELLOW,88
2024-01-26 01:00:00,Variety_Sq,142,41.0,MEDIUM,Clear,34.5,0,RED,75
2024-01-26 01:00:00,LIC_Sq,47,59.5,LOW,Clear,28.7,0,GREEN,33
2024-01-26 01:00:00,Empress_Mall_Sq,158,35.7,MEDIUM,Clear,30.2,0,RED,61
2024-01-26 02:00:00,Sitabuldi_Sq,108,46.6,LOW,Clouds,33.1,0,RED,65
2024-01-26 02:00:00,Zero_Mile,66,56.4,LOW,Clear,32.0,0,RED,28
2024-01-26 02:00:00,Kasturchand_Park,55,54.4,LOW,Clear,32.6,0,YELLOW,10
2024-01-26 02:00:00,Variety_Sq,91,54.4,LOW,Clear,30.2,0,GREEN,35
2024-01-26 02:00:00,LIC_Sq,58,52.7,LOW,Clear,31.2,0,YELLOW,27
2024-01-26 02:00:00,Empress_Mall_Sq,94,54.5,LOW,Clear,30.6,0,YELLOW,48
2024-01-26 03:00:00,Sitabuldi_Sq,131,34.5,MEDIUM,Clear,33.0,0,GREEN,66
2024-01-26 03:00:00,Zero_Mile,154,35.1,MEDIUM,Clouds,27.0,0,GREEN,73
2024-01-26 03:00:00,Kasturchand_Park,138,39.5,MEDIUM,Clear,27.4,0,GREEN,48
2024-01-26 03:00:00,Variety_Sq,125,41.5,MEDIUM,Clear,31.5,0,RED,49
2024-01-26 03:00:00,LIC_Sq,134,40.1,MEDIUM,Clouds,29.4,0,RED,56
2024-01-26 03:00:00,Empress_Mall_Sq,123,39.1,MEDIUM,Clouds,32.9,0,YELLOW,50
2024-01-26 04:00:00,Sitabuldi_Sq,106,51.3,LOW,Clear,32.2,0,RED,46
2024-01-26 04:00:00,Zero_Mile,91,41.9,LOW,Clouds,34.6,0,RED,51
2024-01-26 04:00:00,Kasturchand_Park,92,49.6,LOW,Clear,30.2,0,YELLOW,45
2024-01-26 04:00:00,Variety_Sq,166,36.9,MEDIUM,Clear,32.7,0,RED,87
2024-01-26 04:00:00,LIC_Sq,180,32.3,MEDIUM,Clear,30.5,0,GREEN,72
2024-01-26 04:00:00,Empress_Mall_Sq,83,45.2,LOW,Clear,34.8,0,RED,43
2024-01-26 05:00:00,Sitabuldi_Sq,141,43.2,MEDIUM,Clouds,32.7,0,RED,63
2024-01-26 05:00:00,Zero_Mile,109,42.3,LOW,Clear,28.4,0,YELLOW,17
2024-01-26 05:00:00,Kasturchand_Park,103,48.2,LOW,Clouds,30.2,0.43,GREEN,54
2024-01-26 05:00:00,Variety_Sq,57,54.3,LOW,Clouds,31.9,0,YELLOW,27
2024-01-26 05:00:00,LIC_Sq,99,46.0,LOW,Clear,31.3,0,RED,47
2024-01-26 05:00:00,Empress_Mall_Sq,97,48.6,LOW,Clear,31.4,0,RED,55
2024-01-26 06:00:00,Sitabuldi_Sq,129,44.6,MEDIUM,Clear,35.2,0,RED,51
2024-01-26 06:00:00,Zero_Mile,114,40.9,LOW,Clouds,32.5,0,YELLOW,41
2024-01-26 06:00:00,Kasturchand_Park,83,48.9,LOW,Clouds,31.4,0,RED,33
2024-01-26 06:00:00,Variety_Sq,141,45.0,MEDIUM,Clear,36.1,0,YELLOW,66
2024-01-26 06:00:00,LIC_Sq,57,49.5,LOW,Clear,34.3,0,RED,5
2024-01-26 06:00:00,Empress_Mall_Sq,164,30.5,MEDIUM,Clear,32.2,0,RED,84
2024-01-26 07:00:00,Sitabuldi_Sq,274,17.7,HIGH,Clear,29.1,0,RED,111
2024-01-26 07:00:00,Zero_Mile,210,28.6,HIGH,Clear,32.0,0,RED,94
2024-01-26 07:00:00,Kasturchand_Park,272,19.8,HIGH,Clouds,33.5,0,YELLOW,120
2024-01-26 07:00:00,Variety_Sq,248,18.4,HIGH,Clear,28.5,0,YELLOW,129
2024-01-26 07:00:00,LIC_Sq,241,20.0,HIGH,Clear,31.4,0,GREEN,111
2024-01-26 07:00:00,Empress_Mall_Sq,335,5,CRITICAL,Clear,31.6,0,GREEN,152
2024-01-26 08:00:00,Sitabuldi_Sq,369,5,CRITICAL,Clear,32.7,0,RED,177
2024-01-26 08:00:00,Zero_Mile,311,10.8,CRITICAL,Clouds,33.2,0,RED,130
2024-01-26 08:00:00,Kasturchand_Park,337,6.6,CRITICAL,Clear,31.8,0.05,YELLOW,148
2024-01-26 08:00:00,Variety_Sq,329,5,CRITICAL,Clear,30.9,0,RED,133
2024-01-26 08:00:00,LIC_Sq,341,5,CRITICAL,Clear,31.4,0,GREEN,150
2024-01-26 08:00:00,Empress_Mall_Sq,346,5,CRITICAL,Clear,29.4,0,RED,157
2024-01-26 09:00:00,Sitabuldi_Sq,252,19.0,HIGH,Clear,33.2,0,RED,127
2024-01-26 09:00:00,Zero_Mile,238,27.3,HIGH,Clouds,33.8,0,RED,101
2024-01-26 09:00:00,Kasturchand_Park,317,13.5,CRITICAL,Clear,31.2,0,RED,139
2024-01-26 09:00:00,Variety_Sq,252,27.3,HIGH,Clouds,26.8,0,YELLOW,99
2024-01-26 09:00:00,LIC_Sq,332,6.4,CRITICAL,Clear,32.1,0,GREEN,141
2024-01-26 09:00:00,Empress_Mall_Sq,276,15.5,HIGH,Clouds,30.1,0,RED,117
2024-01-26 10:00:00,Sitabuldi_Sq,143,40.1,MEDIUM,Clouds,35.3,0.12,YELLOW,45
2024-01-26 10:00:00,Zero_Mile,72,50.1,LOW,Clouds,35.3,0,RED,41
2024-01-26 10:00:00,Kasturchand_Park,90,46.0,LOW,Clear,29.2,0,RED,56
2024-01-26 10:00:00,Variety_Sq,53,54.7,LOW,Clouds,33.5,0,GREEN,25
2024-01-26 10:00:00,LIC_Sq,119,41.5,LOW,Clouds,31.6,0,YELLOW,61
2024-01-26 10:00:00,Empress_Mall_Sq,127,39.3,MEDIUM,Clouds,32.1,0,RED,63
2024-01-26 11:00:00,Sitabuldi_Sq,113,41.7,LOW,Clear,32.9,0,GREEN,59
2024-01-26 11:00:00,Zero_Mile,94,51.4,LOW,Clear,28.6,0,GREEN,22
2024-01-26 11:00:00,Kasturchand_Park,140,36.9,MEDIUM,Clear,28.4,0,GREEN,54
2024-01-26 11:00:00,Variety_Sq,131,35.0,MEDIUM,Clear,31.9,0,RED,47
2024-01-26 11:00:00,LIC_Sq,123,48.7,MEDIUM,Clear,31.3,0,YELLOW,41
2024-01-26 11:00:00,Empress_Mall_Sq,42,57.1,LOW,Clouds,31.1,0,GREEN,18
2024-01-26 12:00:00,Sitabuldi_Sq,49,61.3,LOW,Clear,31.4,0,RED,14
2024-01-26 12:00:00,Zero_Mile,108,46.0,LOW,Clear,31.9,0,RED,43
2024-01-26 12:00:00,Kasturchand_Park,147,37.0,MEDIUM,Clear,33.5,0.02,GREEN,49
2024-01-26 12:00:00,Variety_Sq,169,36.0,MEDIUM,Clear,32.9,0,RED,74
2024-01-26 12:00:00,LIC_Sq,48,52.5,LOW,Clear,34.1,0,YELLOW,20
2024-01-26 12:00:00,Empress_Mall_Sq,83,55.4,LOW,Clear,31.8,0,GREEN,37
2024-01-26 13:00:00,Sitabuldi_Sq,219,26.6,HIGH,Clear,31.4,0,YELLOW,83
2024-01-26 13:00:00,Zero_Mile,54,55.8,LOW,Clear,28.2,0,GREEN,28
2024-01-26 13:00:00,Kasturchand_Park,179,34.9,MEDIUM,Clear,33.2,0,RED,68
2024-01-26 13:00:00,Variety_Sq,167,36.8,MEDIUM,Clear,32.4,0,RED,63
2024-01-26 13:00:00,LIC_Sq,137,40.3,MEDIUM,Clear,35.5,0,RED,74
2024-01-26 13:00:00,Empress_Mall_Sq,127,39.8,MEDIUM,Clear,30.6,0,GREEN,61
2024-01-26 14:00:00,Sitabuldi_Sq,52,55.3,LOW,Clear,30.2,0.31,YELLOW,22
2024-01-26 14:00:00,Zero_Mile,79,47.7,LOW,Clear,29.3,0,RED,35
2024-01-26 14:00:00,Kasturchand_Park,113,44.0,LOW,Clear,30.3,0,YELLOW,42
2024-01-26 14:00:00,Variety_Sq,154,41.6,MEDIUM,Clear,33.5,0,YELLOW,75
2024-01-26 14:00:00,LIC_Sq,120,44.6,LOW,Clouds,34.1,0,GREEN,51
2024-01-26 14:00:00,Empress_Mall_Sq,165,33.1,MEDIUM,Clouds,30.7,0,GREEN,77
2024-01-26 15:00:00,Sitabuldi_Sq,125,39.6,MEDIUM,Clear,31.8,0,YELLOW,60
2024-01-26 15:00:00,Zero_Mile,99,48.4,LOW,Clear,30.9,0,RED,50
2024-01-26 15:00:00,Kasturchand_Park,158,36.7,MEDIUM,Clouds,32.0,0,YELLOW,89
2024-01-26 15:00:00,Variety_Sq,175,34.8,MEDIUM,Clear,31.3,0,RED,71
2024-01-26 15:00:00,LIC_Sq,123,46.6,MEDIUM,Clear,32.0,0,RED,61
2024-01-26 15:00:00,Empress_Mall_Sq,88,47.8,LOW,Clear,32.3,0.14,GREEN,48
2024-01-26 16:00:00,Sitabuldi_Sq,347,5,CRITICAL,Clear,31.1,0,RED,161
2024-01-26 16:00:00,Zero_Mile,294,11.8,CRITICAL,Clear,32.9,0,YELLOW,145
2024-01-26 16:00:00,Kasturchand_Park,319,8.9,CRITICAL,Clear,30.5,0,GREEN,140
2024-01-26 16:00:00,Variety_Sq,327,5,CRITICAL,Clear,31.3,0,YELLOW,132
2024-01-26 16:00:00,LIC_Sq,345,5,CRITICAL,Clouds,33.5,0,RED,137
2024-01-26 16:00:00,Empress_Mall_Sq,278,18.4,HIGH,Clear,32.5,0,RED,131
2024-01-26 17:00:00,Sitabuldi_Sq,212,25.3,HIGH,Clear,35.7,0,GREEN,106
2024-01-26 17:00:00,Zero_Mile,324,6.4,CRITICAL,Clear,32.1,0,GREEN,155
2024-01-26 17:00:00,Kasturchand_Park,301,12.4,CRITICAL,Clear,30.6,0,GREEN,116
2024-01-26 17:00:00,Variety_Sq,386,5,CRITICAL,Clouds,33.9,0,GREEN,169
2024-01-26 17:00:00,LIC_Sq,351,5,CRITICAL,Clear,38.0,0,YELLOW,159
2024-01-26 17:00:00,Empress_Mall_Sq,325,5.3,CRITICAL,Clouds,33.2,0.33,RED,148
2024-01-26 18:00:00,Sitabuldi_Sq,297,14.7,CRITICAL,Clouds,29.3,0,RED,150
2024-01-26 18:00:00,Zero_Mile,309,7.5,CRITICAL,Clear,31.1,0,RED,123
2024-01-26 18:00:00,Kasturchand_Park,352,5,CRITICAL,Clear,35.8,0,GREEN,167
2024-01-26 18:00:00,Variety_Sq,344,5,CRITICAL,Clear,31.6,0,GREEN,161
2024-01-26 18:00:00,LIC_Sq,292,14.9,CRITICAL,Clouds,32.8,0,RED,120
2024-01-26 18:00:00,Empress_Mall_Sq,397,5,CRITICAL,Clear,32.1,0,GREEN,150
2024-01-26 19:00:00,Sitabuldi_Sq,372,5,CRITICAL,Clouds,33.8,0,YELLOW,154
2024-01-26 19:00:00,Zero_Mile,309,14.8,CRITICAL,Clear,33.9,0,GREEN,147
2024-01-26 19:00:00,Kasturchand_Park,319,8.6,CRITICAL,Clouds,32.9,0,RED,134
2024-01-26 19:00:00,Variety_Sq,336,5,CRITICAL,Clear,31.3,0,RED,155
2024-01-26 19:00:00,LIC_Sq,226,21.2,HIGH,Clouds,32.3,0,YELLOW,102
2024-01-26 19:00:00,Empress_Mall_Sq,327,5,CRITICAL,Clear,34.8,0,YELLOW,141
2024-01-26 20:00:00,Sitabuldi_Sq,111,44.3,LOW,Clear,32.5,0.27,YELLOW,31
2024-01-26 20:00:00,Zero_Mile,137,38.5,MEDIUM,Clear,34.1,0.22,GREEN,49
2024-01-26 20:00:00,Kasturchand_Park,106,45.1,LOW,Clear,30.0,0,YELLOW,66
2024-01-26 20:00:00,Variety_Sq,173,30.3,MEDIUM,Clear,36.7,0,RED,81
2024-01-26 20:00:00,LIC_Sq,158,36.9,MEDIUM,Clear,32.1,0,RED,73
2024-01-26 20:00:00,Empress_Mall_Sq,189,31.4,MEDIUM,Clear,34.6,0,RED,67
2024-01-26 21:00:00,Sitabuldi_Sq,100,43.2,LOW,Rain,30.4,0.67,YELLOW,54
2024-01-26 21:00:00,Zero_Mile,78,48.6,LOW,Clear,31.3,0,RED,36
2024-01-26 21:00:00,Kasturchand_Park,137,37.6,MEDIUM,Clouds,35.5,0,YELLOW,50
2024-01-26 21:00:00,Variety_Sq,115,47.2,LOW,Clear,31.2,0,YELLOW,44
2024-01-26 21:00:00,LIC_Sq,36,56.9,LOW,Clear,31.1,0,GREEN,29
2024-01-26 21:00:00,Empress_Mall_Sq,138,40.5,MEDIUM,Rain,31.8,0.66,GREEN,71
2024-01-26 22:00:00,Sitabuldi_Sq,114,44.3,LOW,Clear,31.5,0,GREEN,69
2024-01-26 22:00:00,Zero_Mile,121,39.1,MEDIUM,Clear,32.3,0,YELLOW,56
2024-01-26 22:00:00,Kasturchand_Park,114,54.2,LOW,Clouds,27.0,0,GREEN,35
2024-01-26 22:00:00,Variety_Sq,169,33.4,MEDIUM,Clouds,31.2,0,YELLOW,88
2024-01-26 22:00:00,LIC_Sq,108,38.1,LOW,Clear,32.4,0,GREEN,59
2024-01-26 22:00:00,Empress_Mall_Sq,159,35.6,MEDIUM,Clear,32.3,0,GREEN,74
2024-01-26 23:00:00,Sitabuldi_Sq,98,44.9,LOW,Clear,34.7,0,RED,44
2024-01-26 23:00:00,Zero_Mile,139,36.6,MEDIUM,Clear,32.7,0,GREEN,43
2024-01-26 23:00:00,Kasturchand_Park,99,46.2,LOW,Clouds,32.9,0,GREEN,21
2024-01-26 23:00:00,Variety_Sq,96,47.4,LOW,Clear,32.1,0,GREEN,43
2024-01-26 23:00:00,LIC_Sq,120,45.5,LOW,Clear,30.0,0,RED,58
2024-01-26 23:00:00,Empress_Mall_Sq,88,44.0,LOW,Clouds,30.1,0,RED,40
2024-01-27 00:00:00,Sitabuldi_Sq,65,58.6,LOW,Clear,33.4,0,YELLOW,55
2024-01-27 00:00:00,Zero_Mile,55,55.4,LOW,Rain,32.7,0.71,YELLOW,5
2024-01-27 00:00:00,Kasturchand_Park,89,49.6,LOW,Clear,30.6,0,YELLOW,36
2024-01-27 00:00:00,Variety_Sq,33,57.1,LOW,Clouds,27.3,0,YELLOW,5
2024-01-27 00:00:00,LIC_Sq,20,65.5,LOW,Clouds,34.2,0,YELLOW,5
2024-01-27 00:00:00,Empress_Mall_Sq,37,54.0,LOW,Clouds,30.8,0,RED,9
2024-01-27 01:00:00,Sitabuldi_Sq,56,57.0,LOW,Clear,32.7,0,YELLOW,7
2024-01-27 01:00:00,Zero_Mile,37,60.4,LOW,Rain,28.1,0.52,GREEN,21
2024-01-27 01:00:00,Kasturchand_Park,29,57.7,LOW,Clear,34.2,0,GREEN,7
2024-01-27 01:00:00,Variety_Sq,93,52.5,LOW,Clear,34.0,0,GREEN,54
2024-01-27 01:00:00,LIC_Sq,152,39.3,MEDIUM,Clear,33.5,0,GREEN,63
2024-01-27 01:00:00,Empress_Mall_Sq,133,38.0,MEDIUM,Clear,32.6,0,YELLOW,47
2024-01-27 02:00:00,Sitabuldi_Sq,93,48.6,LOW,Clouds,30.7,0,YELLOW,48
2024-01-27 02:00:00,Zero_Mile,162,41.6,MEDIUM,Clouds,32.4,0,YELLOW,72
2024-01-27 02:00:00,Kasturchand_Park,39,50.9,LOW,Clear,35.8,0,GREEN,13
2024-01-27 02:00:00,Variety_Sq,106,43.7,LOW,Clouds,34.5,0,RED,56
2024-01-27 02:00:00,LIC_Sq,48,61.4,LOW,Clear,30.8,0,RED,18
2024-01-27 02:00:00,Empress_Mall_Sq,78,50.9,LOW,Clear,30.3,0,YELLOW,32
2024-01-27 03:00:00,Sitabuldi_Sq,67,51.2,LOW,Clear,29.4,0,YELLOW,16
2024-01-27 03:00:00,Zero_Mile,97,49.6,LOW,Clouds,34.3,0,RED,61
2024-01-27 03:00:00,Kasturchand_Park,120,48.1,LOW,Clear,31.7,0,GREEN,46
2024-01-27 03:00:00,Variety_Sq,35,57.2,LOW,Clear,30.4,0,GREEN,20
2024-01-27 03:00:00,LIC_Sq,90,47.0,LOW,Clear,33.0,0,YELLOW,35
2024-01-27 03:00:00,Empress_Mall_Sq,53,52.9,LOW,Clear,33.7,0,GREEN,33
2024-01-27 04:00:00,Sitabuldi_Sq,20,58.2,LOW,Clear,28.7,0,RED,6
2024-01-27 04:00:00,Zero_Mile,68,52.0,LOW,Clear,32.9,0,YELLOW,25
2024-01-27 04:00:00,Kasturchand_Park,145,39.4,MEDIUM,Clear,30.5,0,YELLOW,63
2024-01-27 04:00:00,Variety_Sq,127,42.4,MEDIUM,Clear,29.0,0,RED,51
2024-01-27 04:00:00,LIC_Sq,39,55.4,LOW,Clear,33.0,0,RED,19
2024-01-27 04:00:00,Empress_Mall_Sq,79,49.4,LOW,Clear,34.9,0,RED,30
2024-01-27 05:00:00,Sitabuldi_Sq,51,51.5,LOW,Rain,31.7,0.57,GREEN,9
2024-01-27 05:00:00,Zero_Mile,139,38.5,MEDIUM,Clear,33.1,0,RED,55
2024-01-27 05:00:00,Kasturchand_Park,20,65.5,LOW,Clear,32.6,0,RED,28
2024-01-27 05:00:00,Variety_Sq,20,63.4,LOW,Clear,31.8,0,RED,5
2024-01-27 05:00:00,LIC_Sq,50,56.6,LOW,Clouds,31.1,0,YELLOW,47
2024-01-27 05:00:00,Empress_Mall_Sq,74,55.4,LOW,Clear,33.6,0,RED,40
2024-01-27 06:00:00,Sitabuldi_Sq,62,54.7,LOW,Clear,30.7,0,GREEN,39
2024-01-27 06:00:00,Zero_Mile,49,57.8,LOW,Clear,31.0,0,GREEN,13
2024-01-27 06:00:00,Kasturchand_Park,109,42.5,LOW,Clear,34.1,0,RED,49
2024-01-27 06:00:00,Variety_Sq,20,57.4,LOW,Clear,32.6,0,RED,5
2024-01-27 06:00:00,LIC_Sq,77,56.2,LOW,Clear,33.3,0,GREEN,33
2024-01-27 06:00:00,Empress_Mall_Sq,135,38.8,MEDIUM,Clear,33.1,0,GREEN,68
2024-01-27 07:00:00,Sitabuldi_Sq,174,32.6,MEDIUM,Clear,34.5,0,YELLOW,89
2024-01-27 07:00:00,Zero_Mile,181,36.4,MEDIUM,Clear,34.2,0,YELLOW,78
2024-01-27 07:00:00,Kasturchand_Park,110,45.3,LOW,Clear,34.0,0,YELLOW,20
2024-01-27 07:00:00,Variety_Sq,125,41.7,MEDIUM,Clear,30.0,0,GREEN,52
2024-01-27 07:00:00,LIC_Sq,193,32.3,MEDIUM,Clear,35.8,0.41,YELLOW,91
2024-01-27 07:00:00,Empress_Mall_Sq,220,21.2,HIGH,Clear,31.8,0,YELLOW,100
2024-01-27 08:00:00,Sitabuldi_Sq,180,33.4,MEDIUM,Clear,29.3,0,RED,76
2024-01-27 08:00:00,Zero_Mile,164,32.7,MEDIUM,Clear,32.1,0,GREEN,69
2024-01-27 08:00:00,Kasturchand_Park,146,34.3,MEDIUM,Clouds,34.2,0,GREEN,60
2024-01-27 08:00:00,Variety_Sq,193,26.9,MEDIUM,Clear,32.6,0,YELLOW,107
2024-01-27 08:00:00,LIC_Sq,143,41.2,MEDIUM,Clouds,31.3,0,GREEN,65
2024-01-27 08:00:00,Empress_Mall_Sq,210,26.8,HIGH,Clouds,31.8,0,RED,98
2024-01-27 09:00:00,Sitabuldi_Sq,202,32.4,HIGH,Clear,33.8,0,YELLOW,86
2024-01-27 09:00:00,Zero_Mile,187,34.4,MEDIUM,Clear,31.7,0,YELLOW,77
2024-01-27 09:00:00,Kasturchand_Park,123,45.5,MEDIUM,Clear,36.0,0,GREEN,39
2024-01-27 09:00:00,Variety_Sq,159,30.7,MEDIUM,Clear,32.6,0,YELLOW,68
2024-01-27 09:00:00,LIC_Sq,110,42.6,LOW,Clear,33.1,0,RED,55
2024-01-27 09:00:00,Empress_Mall_Sq,185,35.6,MEDIUM,Clear,38.0,0,RED,70
2024-01-27 10:00:00,Sitabuldi_Sq,87,47.9,LOW,Clear,28.9,0,YELLOW,38
2024-01-27 10:00:00,Zero_Mile,135,44.0,MEDIUM,Clouds,30.0,0,RED,38
2024-01-27 10:00:00,Kasturchand_Park,61,52.7,LOW,Clouds,34.7,0,YELLOW,13
2024-01-27 10:00:00,Variety_Sq,81,51.0,LOW,Clear,31.3,0,RED,26
2024-01-27 10:00:00,LIC_Sq,180,30.4,MEDIUM,Clear,32.8,0,RED,76
2024-01-27 10:00:00,Empress_Mall_Sq,97,46.5,LOW,Clouds,30.7,0,YELLOW,25
2024-01-27 11:00:00,Sitabuldi_Sq,68,47.0,LOW,Clear,31.5,0,GREEN,35
2024-01-27 11:00:00,Zero_Mile,165,34.7,MEDIUM,Clouds,32.3,0,YELLOW,60
2024-01-27 11:00:00,Kasturchand_Park,59,57.6,LOW,Clear,33.9,0,GREEN,18
2024-01-27 11:00:00,Variety_Sq,92,42.2,LOW,Clear,31.3,0,GREEN,40
2024-01-27 11:00:00,LIC_Sq,137,41.5,MEDIUM,Clouds,32.5,0,GREEN,61
2024-01-27 11:00:00,Empress_Mall_Sq,109,46.6,LOW,Clear,31.8,0,GREEN,50
2024-01-27 12:00:00,Sitabuldi_Sq,74,45.5,LOW,Clouds,32.1,0,YELLOW,35
2024-01-27 12:00:00,Zero_Mile,71,55.4,LOW,Clear,32.5,0,RED,39
2024-01-27 12:00:00,Kasturchand_Park,72,48.5,LOW,Clear,34.6,0,GREEN,23
2024-01-27 12:00:00,Variety_Sq,27,58.9,LOW,Clear,31.4,0.24,YELLOW,18
2024-01-27 12:00:00,LIC_Sq,67,53.5,LOW,Clouds,31.6,0,GREEN,41
2024-01-27 12:00:00,Empress_Mall_Sq,123,39.9,MEDIUM,Clear,31.1,0,YELLOW,60
2024-01-27 13:00:00,Sitabuldi_Sq,47,57.6,LOW,Clear,31.6,0,YELLOW,18
2024-01-27 13:00:00,Zero_Mile,51,61.0,LOW,Clear,32.8,0,YELLOW,35
2024-01-27 13:00:00,Kasturchand_Park,88,49.2,LOW,Clouds,29.4,0,YELLOW,53
2024-01-27 13:00:00,Variety_Sq,20,64.6,LOW,Clear,31.8,0,YELLOW,5
2024-01-27 13:00:00,LIC_Sq,110,47.0,LOW,Clouds,29.8,0,RED,45
2024-01-27 13:00:00,Empress_Mall_Sq,124,49.5,MEDIUM,Clear,33.0,0,YELLOW,54
2024-01-27 14:00:00,Sitabuldi_Sq,130,46.3,MEDIUM,Clouds,34.3,0,GREEN,44
2024-01-27 14:00:00,Zero_Mile,108,42.2,LOW,Clouds,31.6,0,YELLOW,68
2024-01-27 14:00:00,Kasturchand_Park,83,50.6,LOW,Clouds,35.7,0,YELLOW,28
2024-01-27 14:00:00,Variety_Sq,77,53.4,LOW,Clear,29.9,0,GREEN,40
2024-01-27 14:00:00,LIC_Sq,41,58.0,LOW,Clear,32.3,0,GREEN,31
2024-01-27 14:00:00,Empress_Mall_Sq,101,47.1,LOW,Clouds,32.9,0,YELLOW,46
2024-01-27 15:00:00,Sitabuldi_Sq,78,52.2,LOW,Clear,31.2,0,YELLOW,45
2024-01-27 15:00:00,Zero_Mile,20,58.1,LOW,Clouds,30.5,0,RED,23
2024-01-27 15:00:00,Kasturchand_Park,118,45.5,LOW,Clear,32.8,0,GREEN,53
2024-01-27 15:00:00,Variety_Sq,104,44.7,LOW,Clouds,35.3,0,GREEN,62
2024-01-27 15:00:00,LIC_Sq,107,45.2,LOW,Clear,33.6,0,GREEN,32
2024-01-27 15:00:00,Empress_Mall_Sq,80,53.6,LOW,Clear,32.1,0,RED,52
2024-01-27 16:00:00,Sitabuldi_Sq,143,40.2,MEDIUM,Clear,32.5,0,YELLOW,63
2024-01-27 16:00:00,Zero_Mile,251,14.0,HIGH,Clear,33.0,0,GREEN,102
2024-01-27 16:00:00,Kasturchand_Park,171,31.6,MEDIUM,Clear,32.5,0,RED,84
2024-01-27 16:00:00,Variety_Sq,200,24.2,MEDIUM,Clear,28.1,0,RED,96
2024-01-27 16:00:00,LIC_Sq,237,22.2,HIGH,Clear,32.6,0,GREEN,98
2024-01-27 16:00:00,Empress_Mall_Sq,147,36.1,MEDIUM,Clouds,35.5,0,GREEN,64
2024-01-27 17:00:00,Sitabuldi_Sq,240,21.6,HIGH,Clouds,34.7,0,YELLOW,92
2024-01-27 17:00:00,Zero_Mile,210,23.3,HIGH,Clouds,35.8,0,RED,87
2024-01-27 17:00:00,Kasturchand_Park,183,32.8,MEDIUM,Clear,34.1,0,RED,89
2024-01-27 17:00:00,Variety_Sq,228,22.0,HIGH,Clouds,31.5,0,YELLOW,94
2024-01-27 17:00:00,LIC_Sq,206,26.3,HIGH,Clear,30.3,0,YELLOW,101
2024-01-27 17:00:00,Empress_Mall_Sq,227,24.5,HIGH,Clear,34.7,0,RED,102
2024-01-27 18:00:00,Sitabuldi_Sq,200,28.5,MEDIUM,Clouds,29.4,0,YELLOW,96
2024-01-27 18:00:00,Zero_Mile,192,27.4,MEDIUM,Clear,32.5,0,GREEN,91
2024-01-27 18:00:00,Kasturchand_Park,144,34.9,MEDIUM,Clear,35.4,0,GREEN,50
2024-01-27 18:00:00,Variety_Sq,202,26.6,HIGH,Clouds,28.9,0,YELLOW,84
2024-01-27 18:00:00,LIC_Sq,206,30.3,HIGH,Clear,28.1,0.04,GREEN,89
2024-01-27 18:00:00,Empress_Mall_Sq,221,25.1,HIGH,Clear,30.4,0,RED,95
2024-01-27 19:00:00,Sitabuldi_Sq,117,42.3,LOW,Clouds,33.8,0,GREEN,48
2024-01-27 19:00:00,Zero_Mile,222,25.6,HIGH,Clear,28.9,0,RED,84
2024-01-27 19:00:00,Kasturchand_Park,234,17.1,HIGH,Clear,34.8,0,RED,84
2024-01-27 19:00:00,Variety_Sq,185,27.3,MEDIUM,Clouds,35.1,0,RED,83
2024-01-27 19:00:00,LIC_Sq,162,35.1,MEDIUM,Clear,32.8,0,GREEN,73
2024-01-27 19:00:00,Empress_Mall_Sq,264,20.4,HIGH,Clouds,32.7,0,RED,128
2024-01-27 20:00:00,Sitabuldi_Sq,44,52.0,LOW,Clouds,31.6,0,YELLOW,33
2024-01-27 20:00:00,Zero_Mile,64,54.0,LOW,Clear,30.8,0,GREEN,38
2024-01-27 20:00:00,Kasturchand_Park,50,52.4,LOW,Clear,37.2,0,GREEN,31
2024-01-27 20:00:00,Variety_Sq,71,46.3,LOW,Clear,32.8,0,RED,24
2024-01-27 20:00:00,LIC_Sq,44,58.9,LOW,Clear,32.5,0,GREEN,23
2024-01-27 20:00:00,Empress_Mall_Sq,92,49.1,LOW,Clear,32.1,0,RED,39
2024-01-27 21:00:00,Sitabuldi_Sq,43,63.9,LOW,Clear,31.3,0,RED,12
2024-01-27 21:00:00,Zero_Mile,35,53.9,LOW,Clear,30.9,0,YELLOW,5
2024-01-27 21:00:00,Kasturchand_Park,79,55.6,LOW,Clear,34.0,0,GREEN,37
2024-01-27 21:00:00,Variety_Sq,54,50.9,LOW,Clear,32.8,0,GREEN,17
2024-01-27 21:00:00,LIC_Sq,90,45.4,LOW,Clouds,31.7,0,YELLOW,43
2024-01-27 21:00:00,Empress_Mall_Sq,83,47.3,LOW,Clouds,32.5,0.26,YELLOW,35
2024-01-27 22:00:00,Sitabuldi_Sq,76,51.1,LOW,Clear,31.9,0,GREEN,22
2024-01-27 22:00:00,Zero_Mile,38,60.4,LOW,Clouds,30.2,0,RED,7
2024-01-27 22:00:00,Kasturchand_Park,60,55.1,LOW,Clouds,29.5,0.15,YELLOW,34
2024-01-27 22:00:00,Variety_Sq,131,39.1,MEDIUM,Clouds,32.8,0,YELLOW,58
2024-01-27 22:00:00,LIC_Sq,64,55.8,LOW,Clear,31.3,0,YELLOW,31
2024-01-27 22:00:00,Empress_Mall_Sq,52,59.1,LOW,Clear,31.8,0,YELLOW,20
2024-01-27 23:00:00,Sitabuldi_Sq,52,55.5,LOW,Clear,32.0,0.33,YELLOW,27
2024-01-27 23:00:00,Zero_Mile,90,50.1,LOW,Clear,30.8,0,YELLOW,41
2024-01-27 23:00:00,Kasturchand_Park,123,45.4,MEDIUM,Clear,34.2,0,RED,55
2024-01-27 23:00:00,Variety_Sq,20,57.7,LOW,Clear,31.3,0,YELLOW,9
2024-01-27 23:00:00,LIC_Sq,91,49.7,LOW,Clouds,30.0,0,GREEN,36
2024-01-27 23:00:00,Empress_Mall_Sq,48,48.7,LOW,Clear,32.2,0,GREEN,21
2024-01-28 00:00:00,Sitabuldi_Sq,79,46.8,LOW,Clear,29.8,0,RED,55
2024-01-28 00:00:00,Zero_Mile,44,57.5,LOW,Clear,31.7,0,YELLOW,17
2024-01-28 00:00:00,Kasturchand_Park,64,53.8,LOW,Clear,32.8,0,GREEN,36
2024-01-28 00:00:00,Variety_Sq,64,61.2,LOW,Clouds,32.3,0,YELLOW,35
2024-01-28 00:00:00,LIC_Sq,20,58.9,LOW,Clouds,33.5,0,GREEN,15
2024-01-28 00:00:00,Empress_Mall_Sq,64,55.4,LOW,Clear,35.1,0,GREEN,42
2024-01-28 01:00:00,Sitabuldi_Sq,45,57.2,LOW,Clear,29.6,0,RED,28
2024-01-28 01:00:00,Zero_Mile,136,41.4,MEDIUM,Clear,34.1,0,YELLOW,54
2024-01-28 01:00:00,Kasturchand_Park,158,32.5,MEDIUM,Clear,32.6,0,YELLOW,87
2024-01-28 01:00:00,Variety_Sq,133,42.3,MEDIUM,Clear,31.3,0,YELLOW,65
2024-01-28 01:00:00,LIC_Sq,84,55.1,LOW,Clear,33.5,0,RED,46
2024-01-28 01:00:00,Empress_Mall_Sq,81,44.5,LOW,Clear,33.2,0,GREEN,34
2024-01-28 02:00:00,Sitabuldi_Sq,27,57.6,LOW,Clouds,31.2,0,GREEN,5
2024-01-28 02:00:00,Zero_Mile,94,44.3,LOW,Clear,34.2,0,GREEN,47
2024-01-28 02:00:00,Kasturchand_Park,100,48.9,LOW,Clouds,31.8,0,RED,41
2024-01-28 02:00:00,Variety_Sq,68,56.5,LOW,Clear,31.2,0.36,GREEN,35
2024-01-28 02:00:00,LIC_Sq,96,47.2,LOW,Clear,28.9,0,RED,47
2024-01-28 02:00:00,Empress_Mall_Sq,20,61.7,LOW,Rain,27.8,0.63,RED,12
2024-01-28 03:00:00,Sitabuldi_Sq,79,53.7,LOW,Clear,34.4,0,RED,13
2024-01-28 03:00:00,Zero_Mile,20,59.0,LOW,Clear,33.0,0,YELLOW,9
2024-01-28 03:00:00,Kasturchand_Park,149,38.5,MEDIUM,Clear,29.7,0,GREEN,55
2024-01-28 03:00:00,Variety_Sq,83,52.3,LOW,Clear,32.3,0,GREEN,45
2024-01-28 03:00:00,LIC_Sq,137,40.2,MEDIUM,Clear,30.2,0,GREEN,77
2024-01-28 03:00:00,Empress_Mall_Sq,82,49.8,LOW,Clear,32.3,0.17,RED,36
2024-01-28 04:00:00,Sitabuldi_Sq,20,64.7,LOW,Clear,31.4,0,YELLOW,5
2024-01-28 04:00:00,Zero_Mile,68,50.2,LOW,Clouds,32.1,0,GREEN,27
2024-01-28 04:00:00,Kasturchand_Park,117,46.9,LOW,Clear,29.9,0,RED,43
2024-01-28 04:00:00,Variety_Sq,147,36.9,MEDIUM,Clear,32.2,0,GREEN,79
2024-01-28 04:00:00,LIC_Sq,61,51.2,LOW,Clear,34.2,0,YELLOW,28
2024-01-28 04:00:00,Empress_Mall_Sq,124,38.7,MEDIUM,Clear,32.0,0,RED,50
2024-01-28 05:00:00,Sitabuldi_Sq,48,57.0,LOW,Clouds,33.2,0,RED,10
2024-01-28 05:00:00,Zero_Mile,82,53.0,LOW,Clouds,29.9,0,GREEN,23
2024-01-28 05:00:00,Kasturchand_Park,61,54.7,LOW,Clouds,33.2,0,YELLOW,34
2024-01-28 05:00:00,Variety_Sq,42,56.2,LOW,Clouds,32.0,0,RED,40
2024-01-28 05:00:00,LIC_Sq,102,48.8,LOW,Clear,32.9,0.1,RED,47
2024-01-28 05:00:00,Empress_Mall_Sq,111,44.2,LOW,Clear,32.9,0,YELLOW,47
2024-01-28 06:00:00,Sitabuldi_Sq,91,48.6,LOW,Clear,34.9,0,RED,58
2024-01-28 06:00:00,Zero_Mile,65,54.0,LOW,Clear,31.5,0,GREEN,26
2024-01-28 06:00:00,Kasturchand_Park,57,58.0,LOW,Clouds,34.3,0,GREEN,5
2024-01-28 06:00:00,Variety_Sq,119,39.0,LOW,Clear,32.0,0,YELLOW,32
2024-01-28 06:00:00,LIC_Sq,88,53.7,LOW,Clouds,31.3,0,YELLOW,34
2024-01-28 06:00:00,Empress_Mall_Sq,91,47.6,LOW,Clear,31.1,0,GREEN,22
2024-01-28 07:00:00,Sitabuldi_Sq,213,24.8,HIGH,Clear,32.8,0,RED,89
2024-01-28 07:00:00,Zero_Mile,175,33.8,MEDIUM,Clear,32.7,0,GREEN,73
2024-01-28 07:00:00,Kasturchand_Park,143,33.9,MEDIUM,Clouds,30.2,0,GREEN,46
2024-01-28 07:00:00,Variety_Sq,251,20.1,HIGH,Clouds,27.9,0,GREEN,119
2024-01-28 07:00:00,LIC_Sq,161,39.6,MEDIUM,Clear,29.7,0,RED,84
2024-01-28 07:00:00,Empress_Mall_Sq,166,35.4,MEDIUM,Clouds,33.0,0,YELLOW,81
2024-01-28 08:00:00,Sitabuldi_Sq,247,21.9,HIGH,Clear,33.1,0,RED,111
2024-01-28 08:00:00,Zero_Mile,173,28.1,MEDIUM,Clear,32.2,0,YELLOW,64
2024-01-28 08:00:00,Kasturchand_Park,135,39.4,MEDIUM,Clear,32.9,0,GREEN,68
2024-01-28 08:00:00,Variety_Sq,159,37.9,MEDIUM,Clear,30.5,0,YELLOW,70
2024-01-28 08:00:00,LIC_Sq,152,40.6,MEDIUM,Clouds,30.6,0,RED,47
2024-01-28 08:00:00,Empress_Mall_Sq,141,36.4,MEDIUM,Clear,27.8,0,GREEN,84
2024-01-28 09:00:00,Sitabuldi_Sq,163,36.9,MEDIUM,Clear,34.7,0,GREEN,75
2024-01-28 09:00:00,Zero_Mile,163,27.2,MEDIUM,Clear,34.7,0,YELLOW,82
2024-01-28 09:00:00,Kasturchand_Park,191,32.6,MEDIUM,Clear,32.2,0,YELLOW,86
2024-01-28 09:00:00,Variety_Sq,201,21.4,HIGH,Clear,33.1,0,YELLOW,107
2024-01-28 09:00:00,LIC_Sq,185,27.7,MEDIUM,Clear,34.4,0,RED,82
2024-01-28 09:00:00,Empress_Mall_Sq,160,34.9,MEDIUM,Clouds,31.7,0,GREEN,72
2024-01-28 10:00:00,Sitabuldi_Sq,114,43.5,LOW,Clear,30.4,0,RED,50
2024-01-28 10:00:00,Zero_Mile,84,43.6,LOW,Clear,34.0,0,YELLOW,42
2024-01-28 10:00:00,Kasturchand_Park,98,42.0,LOW,Clouds,32.9,0,GREEN,52
2024-01-28 10:00:00,Variety_Sq,128,39.8,MEDIUM,Rain,33.6,1.12,RED,66
2024-01-28 10:00:00,LIC_Sq,85,45.1,LOW,Clear,33.9,0,GREEN,34
2024-01-28 10:00:00,Empress_Mall_Sq,34,60.9,LOW,Clear,32.6,0,GREEN,5
2024-01-28 11:00:00,Sitabuldi_Sq,84,50.6,LOW,Clear,31.7,0,GREEN,48
2024-01-28 11:00:00,Zero_Mile,142,39.4,MEDIUM,Clear,33.2,0,YELLOW,61
2024-01-28 11:00:00,Kasturchand_Park,112,47.4,LOW,Clouds,33.1,0,YELLOW,66
2024-01-28 11:00:00,Variety_Sq,75,45.3,LOW,Clear,30.7,0,GREEN,19
2024-01-28 11:00:00,LIC_Sq,79,47.4,LOW,Clouds,32.2,0,RED,37
2024-01-28 11:00:00,Empress_Mall_Sq,104,46.3,LOW,Clouds,33.9,0,RED,39
2024-01-28 12:00:00,Sitabuldi_Sq,61,55.4,LOW,Clear,33.9,0,RED,5
2024-01-28 12:00:00,Zero_Mile,83,57.3,LOW,Clear,36.3,0,RED,34
2024-01-28 12:00:00,Kasturchand_Park,107,48.1,LOW,Clear,34.8,0,GREEN,30
2024-01-28 12:00:00,Variety_Sq,68,53.8,LOW,Clear,33.4,0,GREEN,36
2024-01-28 12:00:00,LIC_Sq,86,51.6,LOW,Clouds,32.8,0,GREEN,30
2024-01-28 12:00:00,Empress_Mall_Sq,108,46.0,LOW,Clear,33.2,0,YELLOW,56
2024-01-28 13:00:00,Sitabuldi_Sq,86,50.6,LOW,Clear,31.5,0,RED,42
2024-01-28 13:00:00,Zero_Mile,79,46.5,LOW,Clear,33.8,0,YELLOW,36
2024-01-28 13:00:00,Kasturchand_Park,98,42.5,LOW,Clear,31.4,0,GREEN,35
2024-01-28 13:00:00,Variety_Sq,58,52.3,LOW,Clear,33.4,0,RED,34
2024-01-28 13:00:00,LIC_Sq,20,60.8,LOW,Clear,33.6,0.12,RED,5
2024-01-28 13:00:00,Empress_Mall_Sq,20,60.1,LOW,Clouds,32.8,0,GREEN,12
2024-01-28 14:00:00,Sitabuldi_Sq,74,52.5,LOW,Clear,36.1,0,GREEN,26
2024-01-28 14:00:00,Zero_Mile,64,50.7,LOW,Clouds,30.5,0.45,YELLOW,41
2024-01-28 14:00:00,Kasturchand_Park,124,42.4,MEDIUM,Clear,32.4,0,YELLOW,78
2024-01-28 14:00:00,Variety_Sq,20,59.4,LOW,Clear,34.3,0,YELLOW,5
2024-01-28 14:00:00,LIC_Sq,39,64.7,LOW,Clear,35.4,0,YELLOW,5
2024-01-28 14:00:00,Empress_Mall_Sq,82,50.7,LOW,Clouds,30.9,0,GREEN,40
2024-01-28 15:00:00,Sitabuldi_Sq,86,48.1,LOW,Clear,32.4,0,RED,32
2024-01-28 15:00:00,Zero_Mile,52,59.7,LOW,Clear,31.0,0,YELLOW,38
2024-01-28 15:00:00,Kasturchand_Park,132,43.8,MEDIUM,Clear,32.5,0,GREEN,59
2024-01-28 15:00:00,Variety_Sq,108,39.5,LOW,Clear,30.9,0,GREEN,51
2024-01-28 15:00:00,LIC_Sq,102,47.5,LOW,Clear,32.2,0,RED,63
2024-01-28 15:00:00,Empress_Mall_Sq,20,62.6,LOW,Clear,33.5,0,GREEN,16
2024-01-28 16:00:00,Sitabuldi_Sq,170,35.1,MEDIUM,Clouds,33.2,0,YELLOW,95
2024-01-28 16:00:00,Zero_Mile,162,32.9,MEDIUM,Clouds,34.6,0,YELLOW,70
2024-01-28 16:00:00,Kasturchand_Park,223,26.2,HIGH,Clouds,32.4,0,YELLOW,63
2024-01-28 16:00:00,Variety_Sq,173,35.3,MEDIUM,Clear,34.5,0,RED,78
2024-01-28 16:00:00,LIC_Sq,144,44.8,MEDIUM,Clear,31.7,0,RED,52
2024-01-28 16:00:00,Empress_Mall_Sq,204,32.8,HIGH,Clear,32.9,0,RED,92
2024-01-28 17:00:00,Sitabuldi_Sq,181,37.5,MEDIUM,Clear,33.2,0.31,RED,89
2024-01-28 17:00:00,Zero_Mile,205,31.0,HIGH,Clear,31.9,0,YELLOW,81
2024-01-28 17:00:00,Kasturchand_Park,240,23.4,HIGH,Clear,30.0,0,GREEN,87
2024-01-28 17:00:00,Variety_Sq,218,24.6,HIGH,Clear,33.0,0,GREEN,87
2024-01-28 17:00:00,LIC_Sq,213,19.8,HIGH,Clouds,34.2,0,RED,82
2024-01-28 17:00:00,Empress_Mall_Sq,207,23.2,HIGH,Clear,30.4,0,GREEN,88
2024-01-28 18:00:00,Sitabuldi_Sq,207,24.1,HIGH,Clear,33.4,0,GREEN,101
2024-01-28 18:00:00,Zero_Mile,199,29.8,MEDIUM,Clouds,33.3,0,YELLOW,98
2024-01-28 18:00:00,Kasturchand_Park,194,27.9,MEDIUM,Clear,33.2,0,YELLOW,72
2024-01-28 18:00:00,Variety_Sq,193,26.4,MEDIUM,Clear,34.2,0,RED,90
2024-01-28 18:00:00,LIC_Sq,316,8.2,CRITICAL,Clouds,32.0,0,GREEN,142
2024-01-28 18:00:00,Empress_Mall_Sq,203,26.7,HIGH,Clouds,35.3,0,GREEN,71
2024-01-28 19:00:00,Sitabuldi_Sq,121,42.3,MEDIUM,Clear,29.4,0,GREEN,47
2024-01-28 19:00:00,Zero_Mile,165,37.4,MEDIUM,Clear,32.4,0,RED,54
2024-01-28 19:00:00,Kasturchand_Park,239,17.2,HIGH,Clear,32.4,0,RED,112
2024-01-28 19:00:00,Variety_Sq,130,43.3,MEDIUM,Clear,30.9,0,RED,61
2024-01-28 19:00:00,LIC_Sq,181,30.8,MEDIUM,Clouds,30.8,0,GREEN,72
2024-01-28 19:00:00,Empress_Mall_Sq,83,49.8,LOW,Clear,33.8,0.11,GREEN,15
2024-01-28 20:00:00,Sitabuldi_Sq,43,58.5,LOW,Clear,31.6,0,RED,17
2024-01-28 20:00:00,Zero_Mile,62,52.9,LOW,Clear,32.1,0,YELLOW,18
2024-01-28 20:00:00,Kasturchand_Park,53,54.8,LOW,Clear,34.9,0,YELLOW,12
2024-01-28 20:00:00,Variety_Sq,25,59.6,LOW,Clear,37.2,0,RED,13
2024-01-28 20:00:00,LIC_Sq,75,51.7,LOW,Clear,34.4,0,RED,24
2024-01-28 20:00:00,Empress_Mall_Sq,39,50.0,LOW,Clear,31.5,0,GREEN,5
2024-01-28 21:00:00,Sitabuldi_Sq,64,54.7,LOW,Clear,33.9,0,GREEN,16
2024-01-28 21:00:00,Zero_Mile,67,53.6,LOW,Clear,33.3,0,YELLOW,31
2024-01-28 21:00:00,Kasturchand_Park,79,49.8,LOW,Clear,33.4,0,RED,25
2024-01-28 21:00:00,Variety_Sq,88,51.3,LOW,Clear,32.4,0,GREEN,56
2024-01-28 21:00:00,LIC_Sq,152,35.7,MEDIUM,Clouds,35.5,0,GREEN,68
2024-01-28 21:00:00,Empress_Mall_Sq,44,56.6,LOW,Clear,36.2,0,YELLOW,16
2024-01-28 22:00:00,Sitabuldi_Sq,162,33.8,MEDIUM,Clouds,34.1,0,GREEN,55
2024-01-28 22:00:00,Zero_Mile,106,47.0,LOW,Clear,32.4,0,RED,52
2024-01-28 22:00:00,Kasturchand_Park,106,45.2,LOW,Clear,36.4,0,YELLOW,46
2024-01-28 22:00:00,Variety_Sq,30,61.6,LOW,Clear,33.0,0,GREEN,16
2024-01-28 22:00:00,LIC_Sq,105,46.4,LOW,Clouds,35.3,0,RED,55
2024-01-28 22:00:00,Empress_Mall_Sq,35,61.5,LOW,Clouds,30.3,0,RED,5
2024-01-28 23:00:00,Sitabuldi_Sq,76,52.8,LOW,Clouds,30.6,0,YELLOW,24
2024-01-28 23:00:00,Zero_Mile,66,52.4,LOW,Clouds,33.7,0,GREEN,31
2024-01-28 23:00:00,Kasturchand_Park,129,40.7,MEDIUM,Clear,29.3,0,GREEN,71
2024-01-28 23:00:00,Variety_Sq,144,42.3,MEDIUM,Clear,30.6,0,YELLOW,72
2024-01-28 23:00:00,LIC_Sq,101,47.1,LOW,Clear,35.1,0,GREEN,36
2024-01-28 23:00:00,Empress_Mall_Sq,149,35.7,MEDIUM,Clouds,36.5,0,GREEN,63
2024-01-29 00:00:00,Sitabuldi_Sq,165,36.9,MEDIUM,Clear,29.5,0,GREEN,62
2024-01-29 00:00:00,Zero_Mile,107,50.4,LOW,Clouds,34.2,0,YELLOW,47
2024-01-29 00:00:00,Kasturchand_Park,174,37.5,MEDIUM,Clear,33.0,0,YELLOW,74
2024-01-29 00:00:00,Variety_Sq,153,35.0,MEDIUM,Clear,30.0,0,RED,66
2024-01-29 00:00:00,LIC_Sq,97,40.8,LOW,Rain,31.8,0.58,YELLOW,37
2024-01-29 00:00:00,Empress_Mall_Sq,156,40.8,MEDIUM,Clouds,32.4,0,RED,80
2024-01-29 01:00:00,Sitabuldi_Sq,147,42.9,MEDIUM,Clouds,30.1,0,YELLOW,75
2024-01-29 01:00:00,Zero_Mile,105,49.7,LOW,Clear,35.4,0,YELLOW,47
2024-01-29 01:00:00,Kasturchand_Park,162,34.8,MEDIUM,Clear,32.9,0,YELLOW,83
2024-01-29 01:00:00,Variety_Sq,173,26.7,MEDIUM,Clear,33.7,0,YELLOW,70
2024-01-29 01:00:00,LIC_Sq,132,39.1,MEDIUM,Clear,29.7,0.23,RED,61
2024-01-29 01:00:00,Empress_Mall_Sq,158,41.3,MEDIUM,Clear,32.9,0,RED,59
2024-01-29 02:00:00,Sitabuldi_Sq,156,38.3,MEDIUM,Clouds,33.4,0,GREEN,74
2024-01-29 02:00:00,Zero_Mile,98,48.4,LOW,Clear,30.2,0,YELLOW,67
2024-01-29 02:00:00,Kasturchand_Park,139,44.7,MEDIUM,Clear,36.7,0,GREEN,51
2024-01-29 02:00:00,Variety_Sq,102,52.2,LOW,Clouds,31.7,0,YELLOW,57
2024-01-29 02:00:00,LIC_Sq,80,49.4,LOW,Clouds,32.5,0,RED,27
2024-01-29 02:00:00,Empress_Mall_Sq,136,38.9,MEDIUM,Clear,32.3,0.12,GREEN,63
2024-01-29 03:00:00,Sitabuldi_Sq,99,46.7,LOW,Clear,28.9,0.18,RED,51
2024-01-29 03:00:00,Zero_Mile,166,35.3,MEDIUM,Clouds,31.3,0,RED,63
2024-01-29 03:00:00,Kasturchand_Park,74,49.4,LOW,Rain,35.3,1.0,GREEN,27
2024-01-29 03:00:00,Variety_Sq,64,53.1,LOW,Clouds,31.3,0,GREEN,12
2024-01-29 03:00:00,LIC_Sq,123,43.8,MEDIUM,Clouds,32.7,0,RED,56
2024-01-29 03:00:00,Empress_Mall_Sq,184,33.1,MEDIUM,Clear,32.5,0,YELLOW,82
2024-01-29 04:00:00,Sitabuldi_Sq,166,39.4,MEDIUM,Clouds,31.6,0,GREEN,107
2024-01-29 04:00:00,Zero_Mile,187,30.7,MEDIUM,Rain,35.8,0.97,YELLOW,68
2024-01-29 04:00:00,Kasturchand_Park,69,51.4,LOW,Clear,33.3,0,RED,16
2024-01-29 04:00:00,Variety_Sq,70,52.0,LOW,Clear,30.9,0,RED,31
2024-01-29 04:00:00,LIC_Sq,152,38.2,MEDIUM,Clouds,32.8,0,YELLOW,76
2024-01-29 04:00:00,Empress_Mall_Sq,88,48.4,LOW,Clear,32.4,0,GREEN,48
2024-01-29 05:00:00,Sitabuldi_Sq,142,36.7,MEDIUM,Clear,31.6,0,GREEN,56
2024-01-29 05:00:00,Zero_Mile,102,45.0,LOW,Clear,34.0,0,YELLOW,34
2024-01-29 05:00:00,Kasturchand_Park,64,55.9,LOW,Clear,32.8,0,RED,23
2024-01-29 05:00:00,Variety_Sq,136,42.4,MEDIUM,Clear,34.2,0,RED,73
2024-01-29 05:00:00,LIC_Sq,69,52.5,LOW,Clouds,35.5,0,RED,29
2024-01-29 05:00:00,Empress_Mall_Sq,113,37.2,LOW,Clouds,33.6,0,RED,43
2024-01-29 06:00:00,Sitabuldi_Sq,118,39.3,LOW,Clouds,32.1,0,RED,50
2024-01-29 06:00:00,Zero_Mile,140,37.9,MEDIUM,Clear,35.4,0,GREEN,59
2024-01-29 06:00:00,Kasturchand_Park,71,50.5,LOW,Clouds,33.5,0,GREEN,9
2024-01-29 06:00:00,Variety_Sq,64,53.3,LOW,Clear,37.8,0,YELLOW,29
2024-01-29 06:00:00,LIC_Sq,115,38.7,LOW,Clear,33.3,0,GREEN,56
2024-01-29 06:00:00,Empress_Mall_Sq,92,52.5,LOW,Clear,38.2,0,RED,34
2024-01-29 07:00:00,Sitabuldi_Sq,334,5,CRITICAL,Clouds,31.0,0,RED,149
2024-01-29 07:00:00,Zero_Mile,242,18.4,HIGH,Clear,33.4,0,RED,121
2024-01-29 07:00:00,Kasturchand_Park,311,14.4,CRITICAL,Clear,32.4,0,GREEN,140
2024-01-29 07:00:00,Variety_Sq,235,20.6,HIGH,Clear,33.2,0,YELLOW,114
2024-01-29 07:00:00,LIC_Sq,300,5.3,CRITICAL,Clear,30.8,0,GREEN,111
2024-01-29 07:00:00,Empress_Mall_Sq,301,14.0,CRITICAL,Clouds,30.6,0,YELLOW,136
2024-01-29 08:00:00,Sitabuldi_Sq,253,14.3,HIGH,Clear,32.2,0.28,YELLOW,110
2024-01-29 08:00:00,Zero_Mile,279,13.2,HIGH,Clear,30.0,0,GREEN,124
2024-01-29 08:00:00,Kasturchand_Park,399,5,CRITICAL,Clouds,30.6,0.01,YELLOW,179
2024-01-29 08:00:00,Variety_Sq,356,5,CRITICAL,Clear,30.4,0,RED,163
2024-01-29 08:00:00,LIC_Sq,293,9.9,CRITICAL,Clear,28.2,0,RED,134
2024-01-29 08:00:00,Empress_Mall_Sq,327,6.1,CRITICAL,Clear,28.5,0,YELLOW,152
2024-01-29 09:00:00,Sitabuldi_Sq,310,12.9,CRITICAL,Clear,32.0,0,RED,132
2024-01-29 09:00:00,Zero_Mile,238,23.4,HIGH,Clear,27.4,0,YELLOW,127
2024-01-29 09:00:00,Kasturchand_Park,307,10.0,CRITICAL,Clear,32.6,0,YELLOW,117
2024-01-29 09:00:00,Variety_Sq,205,26.7,HIGH,Clear,31.3,0,RED,104
2024-01-29 09:00:00,LIC_Sq,245,19.9,HIGH,Clouds,36.5,0,RED,122
2024-01-29 09:00:00,Empress_Mall_Sq,317,11.2,CRITICAL,Clear,34.1,0,RED,138
2024-01-29 10:00:00,Sitabuldi_Sq,139,39.9,MEDIUM,Clouds,29.0,0,YELLOW,77
2024-01-29 10:00:00,Zero_Mile,92,45.5,LOW,Clear,34.8,0,YELLOW,35
2024-01-29 10:00:00,Kasturchand_Park,117,40.6,LOW,Clear,29.9,0,RED,41
2024-01-29 10:00:00,Variety_Sq,56,56.5,LOW,Clear,34.7,0,YELLOW,19
2024-01-29 10:00:00,LIC_Sq,160,37.7,MEDIUM,Clear,31.3,0,RED,89
2024-01-29 10:00:00,Empress_Mall_Sq,153,33.6,MEDIUM,Clear,34.7,0,RED,72
2024-01-29 11:00:00,Sitabuldi_Sq,81,51.1,LOW,Clear,34.9,0,GREEN,26
2024-01-29 11:00:00,Zero_Mile,118,43.6,LOW,Clouds,31.2,0,GREEN,52
2024-01-29 11:00:00,Kasturchand_Park,109,41.9,LOW,Clear,32.3,0,YELLOW,56
2024-01-29 11:00:00,Variety_Sq,66,59.4,LOW,Clouds,30.9,0,GREEN,44
2024-01-29 11:00:00,LIC_Sq,174,31.7,MEDIUM,Clear,31.6,0,YELLOW,82
2024-01-29 11:00:00,Empress_Mall_Sq,102,41.3,LOW,Clear,32.2,0,GREEN,56
2024-01-29 12:00:00,Sitabuldi_Sq,133,42.3,MEDIUM,Clear,32.4,0,RED,71
2024-01-29 12:00:00,Zero_Mile,160,33.6,MEDIUM,Clear,32.2,0,GREEN,63
2024-01-29 12:00:00,Kasturchand_Park,139,39.1,MEDIUM,Clouds,33.6,0,RED,63
2024-01-29 12:00:00,Variety_Sq,110,52.1,LOW,Clear,31.6,0,GREEN,55
2024-01-29 12:00:00,LIC_Sq,160,38.6,MEDIUM,Clouds,35.1,0,YELLOW,66
2024-01-29 12:00:00,Empress_Mall_Sq,112,39.6,LOW,Clear,33.6,0,GREEN,42
2024-01-29 13:00:00,Sitabuldi_Sq,131,42.9,MEDIUM,Clear,35.5,0,RED,56
2024-01-29 13:00:00,Zero_Mile,95,49.5,LOW,Clear,30.9,0,RED,39
2024-01-29 13:00:00,Kasturchand_Park,70,56.4,LOW,Clear,31.7,0.38,RED,28
2024-01-29 13:00:00,Variety_Sq,79,45.7,LOW,Clear,32.7,0,YELLOW,41
2024-01-29 13:00:00,LIC_Sq,106,47.9,LOW,Clear,34.2,0,RED,41
2024-01-29 13:00:00,Empress_Mall_Sq,101,50.4,LOW,Clear,33.2,0,YELLOW,37
2024-01-29 14:00:00,Sitabuldi_Sq,142,45.1,MEDIUM,Clear,32.2,0,YELLOW,65
2024-01-29 14:00:00,Zero_Mile,116,44.6,LOW,Clear,33.3,0,RED,47
2024-01-29 14:00:00,Kasturchand_Park,83,50.2,LOW,Clear,32.1,0,RED,53
2024-01-29 14:00:00,Variety_Sq,129,41.0,MEDIUM,Clear,31.5,0,GREEN,54
2024-01-29 14:00:00,LIC_Sq,67,54.0,LOW,Clear,36.1,0,YELLOW,16
2024-01-29 14:00:00,Empress_Mall_Sq,83,46.4,LOW,Clear,32.7,0,GREEN,18
2024-01-29 15:00:00,Sitabuldi_Sq,118,42.0,LOW,Clouds,35.7,0,RED,44
2024-01-29 15:00:00,Zero_Mile,127,45.5,MEDIUM,Rain,35.1,0.95,GREEN,69
2024-01-29 15:00:00,Kasturchand_Park,137,36.0,MEDIUM,Clouds,32.4,0,RED,58
2024-01-29 15:00:00,Variety_Sq,123,40.9,MEDIUM,Clear,31.4,0,YELLOW,49
2024-01-29 15:00:00,LIC_Sq,128,42.9,MEDIUM,Clouds,32.3,0,YELLOW,47
2024-01-29 15:00:00,Empress_Mall_Sq,56,54.6,LOW,Clouds,27.6,0,RED,37
2024-01-29 16:00:00,Sitabuldi_Sq,302,10.4,CRITICAL,Clear,35.8,0,RED,149
2024-01-29 16:00:00,Zero_Mile,372,5,CRITICAL,Clear,34.7,0,RED,177
2024-01-29 16:00:00,Kasturchand_Park,315,5,CRITICAL,Clear,33.8,0,GREEN,136
2024-01-29 16:00:00,Variety_Sq,341,5,CRITICAL,Clear,33.3,0,RED,159
2024-01-29 16:00:00,LIC_Sq,292,17.1,CRITICAL,Clear,32.7,0,GREEN,120
2024-01-29 16:00:00,Empress_Mall_Sq,315,9.6,CRITICAL,Clear,32.6,0,GREEN,122
2024-01-29 17:00:00,Sitabuldi_Sq,248,18.7,HIGH,Clear,32.3,0,GREEN,123
2024-01-29 17:00:00,Zero_Mile,363,5,CRITICAL,Clouds,30.7,0,GREEN,155
2024-01-29 17:00:00,Kasturchand_Park,336,5,CRITICAL,Clouds,29.8,0,RED,151
2024-01-29 17:00:00,Variety_Sq,304,7.3,CRITICAL,Clear,29.1,0,RED,130
2024-01-29 17:00:00,LIC_Sq,279,18.6,HIGH,Clouds,32.1,0,GREEN,113
2024-01-29 17:00:00,Empress_Mall_Sq,320,11.1,CRITICAL,Clouds,30.3,0,RED,141
2024-01-29 18:00:00,Sitabuldi_Sq,282,13.1,CRITICAL,Clear,31.2,0,YELLOW,138
2024-01-29 18:00:00,Zero_Mile,337,5,CRITICAL,Clouds,32.1,0,GREEN,160
2024-01-29 18:00:00,Kasturchand_Park,285,8.8,CRITICAL,Clear,31.7,0,GREEN,117
2024-01-29 18:00:00,Variety_Sq,252,20.2,HIGH,Clouds,32.5,0,GREEN,110
2024-01-29 18:00:00,LIC_Sq,327,14.2,CRITICAL,Clear,29.8,0,GREEN,139
2024-01-29 18:00:00,Empress_Mall_Sq,290,10.8,CRITICAL,Clouds,33.2,0,YELLOW,132
2024-01-29 19:00:00,Sitabuldi_Sq,321,6.8,CRITICAL,Clear,29.0,0,GREEN,148
2024-01-29 19:00:00,Zero_Mile,309,8.9,CRITICAL,Clear,34.4,0,YELLOW,141
2024-01-29 19:00:00,Kasturchand_Park,314,5,CRITICAL,Clouds,31.8,0,RED,134
2024-01-29 19:00:00,Variety_Sq,260,15.4,HIGH,Clouds,34.7,0,YELLOW,102
2024-01-29 19:00:00,LIC_Sq,325,8.2,CRITICAL,Clear,31.2,0,RED,137
2024-01-29 19:00:00,Empress_Mall_Sq,382,5,CRITICAL,Clear,31.1,0,YELLOW,160
2024-01-29 20:00:00,Sitabuldi_Sq,160,36.4,MEDIUM,Clouds,31.1,0,RED,79
2024-01-29 20:00:00,Zero_Mile,136,40.9,MEDIUM,Clear,31.3,0,GREEN,65
2024-01-29 20:00:00,Kasturchand_Park,44,65.1,LOW,Clear,28.8,0,RED,36
2024-01-29 20:00:00,Variety_Sq,112,46.2,LOW,Clear,29.2,0,RED,53
2024-01-29 20:00:00,LIC_Sq,66,48.3,LOW,Clear,31.9,0,RED,41
2024-01-29 20:00:00,Empress_Mall_Sq,121,41.9,MEDIUM,Clear,32.7,0,YELLOW,44
2024-01-29 21:00:00,Sitabuldi_Sq,60,52.8,LOW,Clouds,35.7,0,YELLOW,25
2024-01-29 21:00:00,Zero_Mile,174,40.7,MEDIUM,Clear,34.4,0,YELLOW,86
2024-01-29 21:00:00,Kasturchand_Park,177,31.7,MEDIUM,Clear,33.8,0,GREEN,70
2024-01-29 21:00:00,Variety_Sq,99,46.9,LOW,Clear,36.0,0,GREEN,44
2024-01-29 21:00:00,LIC_Sq,100,53.5,LOW,Clear,35.4,0,YELLOW,51
2024-01-29 21:00:00,Empress_Mall_Sq,44,57.1,LOW,Clear,35.6,0,YELLOW,11
2024-01-29 22:00:00,Sitabuldi_Sq,63,54.0,LOW,Clear,33.8,0,GREEN,18
2024-01-29 22:00:00,Zero_Mile,144,43.2,MEDIUM,Clouds,33.6,0,YELLOW,61
2024-01-29 22:00:00,Kasturchand_Park,212,31.9,HIGH,Clouds,32.8,0,RED,100
2024-01-29 22:00:00,Variety_Sq,95,42.5,LOW,Clouds,29.4,0,YELLOW,38
2024-01-29 22:00:00,LIC_Sq,150,40.6,MEDIUM,Clear,29.3,0,GREEN,49
2024-01-29 22:00:00,Empress_Mall_Sq,126,42.0,MEDIUM,Clear,31.6,0.02,RED,48
2024-01-29 23:00:00,Sitabuldi_Sq,81,48.1,LOW,Clear,30.8,0,RED,39
2024-01-29 23:00:00,Zero_Mile,164,34.6,MEDIUM,Clear,31.2,0,GREEN,71
2024-01-29 23:00:00,Kasturchand_Park,157,38.3,MEDIUM,Clear,30.4,0,RED,73
2024-01-29 23:00:00,Variety_Sq,137,36.4,MEDIUM,Clear,34.3,0,YELLOW,55
2024-01-29 23:00:00,LIC_Sq,162,34.1,MEDIUM,Clear,30.7,0,RED,63
2024-01-29 23:00:00,Empress_Mall_Sq,104,48.4,LOW,Clear,28.5,0,GREEN,45
2024-01-30 00:00:00,Sitabuldi_Sq,116,45.6,LOW,Clear,27.8,0,YELLOW,31
2024-01-30 00:00:00,Zero_Mile,161,35.7,MEDIUM,Clear,32.9,0,GREEN,71
2024-01-30 00:00:00,Kasturchand_Park,107,43.2,LOW,Clouds,38.7,0,GREEN,46
2024-01-30 00:00:00,Variety_Sq,110,45.1,LOW,Clouds,33.7,0,RED,56
2024-01-30 00:00:00,LIC_Sq,90,49.1,LOW,Clear,32.2,0,GREEN,25
2024-01-30 00:00:00,Empress_Mall_Sq,160,35.8,MEDIUM,Clear,33.1,0,RED,74
2024-01-30 01:00:00,Sitabuldi_Sq,109,48.5,LOW,Clear,33.2,0,GREEN,66
2024-01-30 01:00:00,Zero_Mile,41,56.5,LOW,Clouds,33.5,0,GREEN,12
2024-01-30 01:00:00,Kasturchand_Park,172,27.5,MEDIUM,Clear,34.6,0,RED,96
2024-01-30 01:00:00,Variety_Sq,157,38.0,MEDIUM,Clear,31.8,0,RED,64
2024-01-30 01:00:00,LIC_Sq,125,43.5,MEDIUM,Clear,33.2,0,GREEN,68
2024-01-30 01:00:00,Empress_Mall_Sq,124,39.4,MEDIUM,Clouds,32.0,0,YELLOW,52
2024-01-30 02:00:00,Sitabuldi_Sq,129,43.8,MEDIUM,Clear,31.5,0,RED,52
2024-01-30 02:00:00,Zero_Mile,136,37.9,MEDIUM,Clear,36.1,0.27,YELLOW,58
2024-01-30 02:00:00,Kasturchand_Park,83,49.7,LOW,Clear,33.9,0,RED,40
2024-01-30 02:00:00,Variety_Sq,109,45.7,LOW,Clear,36.2,0,YELLOW,40
2024-01-30 02:00:00,LIC_Sq,66,50.0,LOW,Clear,33.9,0,YELLOW,40
2024-01-30 02:00:00,Empress_Mall_Sq,163,35.5,MEDIUM,Clear,33.9,0,YELLOW,74
2024-01-30 03:00:00,Sitabuldi_Sq,147,42.2,MEDIUM,Clear,28.7,0,GREEN,70
2024-01-30 03:00:00,Zero_Mile,99,49.0,LOW,Clear,32.1,0,RED,36
2024-01-30 03:00:00,Kasturchand_Park,132,45.7,MEDIUM,Clouds,31.4,0,RED,74
2024-01-30 03:00:00,Variety_Sq,98,48.0,LOW,Clear,33.8,0,GREEN,51
2024-01-30 03:00:00,LIC_Sq,125,35.9,MEDIUM,Clouds,32.6,0,YELLOW,53
2024-01-30 03:00:00,Empress_Mall_Sq,225,26.4,HIGH,Clear,32.8,0,YELLOW,99
2024-01-30 04:00:00,Sitabuldi_Sq,176,32.3,MEDIUM,Clear,30.6,0,RED,84
2024-01-30 04:00:00,Zero_Mile,174,28.9,MEDIUM,Clear,32.8,0,YELLOW,85
2024-01-30 04:00:00,Kasturchand_Park,95,46.8,LOW,Clear,36.0,0,GREEN,36
2024-01-30 04:00:00,Variety_Sq,137,42.8,MEDIUM,Clear,34.7,0,GREEN,56
2024-01-30 04:00:00,LIC_Sq,122,42.2,MEDIUM,Clouds,32.6,0,RED,49
2024-01-30 04:00:00,Empress_Mall_Sq,56,54.3,LOW,Clear,32.4,0,RED,18
2024-01-30 05:00:00,Sitabuldi_Sq,100,45.0,LOW,Clear,34.6,0,GREEN,51
2024-01-30 05:00:00,Zero_Mile,86,52.6,LOW,Clear,30.2,0,GREEN,23
2024-01-30 05:00:00,Kasturchand_Park,44,56.1,LOW,Clouds,34.6,0,RED,19
2024-01-30 05:00:00,Variety_Sq,28,59.3,LOW,Clouds,32.5,0,GREEN,27
2024-01-30 05:00:00,LIC_Sq,106,41.8,LOW,Clear,35.6,0,RED,54
2024-01-30 05:00:00,Empress_Mall_Sq,32,57.8,LOW,Clear,32.5,0,GREEN,14
2024-01-30 06:00:00,Sitabuldi_Sq,106,43.8,LOW,Clouds,31.3,0,GREEN,65
2024-01-30 06:00:00,Zero_Mile,111,45.4,LOW,Clouds,30.4,0,GREEN,57
2024-01-30 06:00:00,Kasturchand_Park,163,39.1,MEDIUM,Clouds,33.6,0,GREEN,97
2024-01-30 06:00:00,Variety_Sq,125,49.7,MEDIUM,Clear,28.8,0,GREEN,56
2024-01-30 06:00:00,LIC_Sq,88,52.1,LOW,Clear,36.8,0,GREEN,46
2024-01-30 06:00:00,Empress_Mall_Sq,112,44.7,LOW,Clouds,35.5,0,GREEN,62
2024-01-30 07:00:00,Sitabuldi_Sq,259,21.3,HIGH,Clear,34.8,0,RED,127
2024-01-30 07:00:00,Zero_Mile,311,10.2,CRITICAL,Clear,30.8,0,YELLOW,149
2024-01-30 07:00:00,Kasturchand_Park,331,5,CRITICAL,Clear,31.3,0,YELLOW,173
2024-01-30 07:00:00,Variety_Sq,253,21.5,HIGH,Clear,34.2,0,RED,108
2024-01-30 07:00:00,LIC_Sq,321,10.7,CRITICAL,Clear,33.6,0,RED,146
2024-01-30 07:00:00,Empress_Mall_Sq,320,5.1,CRITICAL,Clouds,29.4,0,YELLOW,127
2024-01-30 08:00:00,Sitabuldi_Sq,297,10.5,CRITICAL,Clear,37.1,0,YELLOW,123
2024-01-30 08:00:00,Zero_Mile,303,10.2,CRITICAL,Clear,32.9,0,YELLOW,126
2024-01-30 08:00:00,Kasturchand_Park,262,16.4,HIGH,Clear,31.5,0,RED,138
2024-01-30 08:00:00,Variety_Sq,322,11.4,CRITICAL,Clear,36.3,0.23,RED,146
2024-01-30 08:00:00,LIC_Sq,197,30.6,MEDIUM,Clouds,35.1,0,YELLOW,94
2024-01-30 08:00:00,Empress_Mall_Sq,272,12.2,HIGH,Clear,35.8,0,RED,126
2024-01-30 09:00:00,Sitabuldi_Sq,216,27.9,HIGH,Clouds,31.6,0,GREEN,102
2024-01-30 09:00:00,Zero_Mile,345,5,CRITICAL,Clear,36.5,0,GREEN,170
2024-01-30 09:00:00,Kasturchand_Park,318,10.6,CRITICAL,Clear,28.9,0,RED,148
2024-01-30 09:00:00,Variety_Sq,319,6.7,CRITICAL,Rain,32.4,0.51,RED,138
2024-01-30 09:00:00,LIC_Sq,340,6.6,CRITICAL,Clear,30.4,0,GREEN,135
2024-01-30 09:00:00,Empress_Mall_Sq,229,22.4,HIGH,Clear,36.1,0,YELLOW,98
2024-01-30 10:00:00,Sitabuldi_Sq,150,37.7,MEDIUM,Clouds,30.9,0,YELLOW,69
2024-01-30 10:00:00,Zero_Mile,64,55.0,LOW,Clouds,34.8,0,GREEN,20
2024-01-30 10:00:00,Kasturchand_Park,121,44.3,MEDIUM,Clear,33.5,0.11,GREEN,58
2024-01-30 10:00:00,Variety_Sq,20,61.2,LOW,Clear,34.4,0,GREEN,11
2024-01-30 10:00:00,LIC_Sq,47,51.6,LOW,Clouds,35.2,0,RED,25
2024-01-30 10:00:00,Empress_Mall_Sq,105,43.8,LOW,Clouds,32.0,0,YELLOW,52
2024-01-30 11:00:00,Sitabuldi_Sq,127,41.5,MEDIUM,Clear,34.5,0,YELLOW,69
2024-01-30 11:00:00,Zero_Mile,111,40.4,LOW,Clear,37.0,0,YELLOW,64
2024-01-30 11:00:00,Kasturchand_Park,109,46.0,LOW,Clear,31.4,0,RED,70
2024-01-30 11:00:00,Variety_Sq,188,34.2,MEDIUM,Clear,33.3,0,YELLOW,96
2024-01-30 11:00:00,LIC_Sq,132,37.9,MEDIUM,Clouds,36.4,0.2,GREEN,61
2024-01-30 11:00:00,Empress_Mall_Sq,142,38.7,MEDIUM,Clear,36.3,0,YELLOW,67
2024-01-30 12:00:00,Sitabuldi_Sq,115,41.4,LOW,Clear,33.1,0,GREEN,41
2024-01-30 12:00:00,Zero_Mile,70,57.0,LOW,Clear,31.4,0,GREEN,33
2024-01-30 12:00:00,Kasturchand_Park,126,42.8,MEDIUM,Clear,33.6,0,GREEN,67
2024-01-30 12:00:00,Variety_Sq,74,46.9,LOW,Clear,32.7,0,RED,16
2024-01-30 12:00:00,LIC_Sq,225,23.3,HIGH,Clear,36.0,0,GREEN,96
2024-01-30 12:00:00,Empress_Mall_Sq,157,37.9,MEDIUM,Clouds,32.5,0,YELLOW,71
2024-01-30 13:00:00,Sitabuldi_Sq,188,25.2,MEDIUM,Clouds,30.6,0,GREEN,92
2024-01-30 13:00:00,Zero_Mile,128,45.2,MEDIUM,Clear,33.7,0,GREEN,58
2024-01-30 13:00:00,Kasturchand_Park,130,37.7,MEDIUM,Clear,33.3,0,GREEN,55
2024-01-30 13:00:00,Variety_Sq,120,45.5,LOW,Clear,32.9,0,YELLOW,56
2024-01-30 13:00:00,LIC_Sq,125,40.0,MEDIUM,Clouds,34.6,0,YELLOW,47
2024-01-30 13:00:00,Empress_Mall_Sq,141,42.6,MEDIUM,Clouds,32.6,0,YELLOW,62
2024-01-30 14:00:00,Sitabuldi_Sq,141,37.5,MEDIUM,Clear,29.8,0,RED,59
2024-01-30 14:00:00,Zero_Mile,118,40.9,LOW,Clouds,33.8,0,YELLOW,53
2024-01-30 14:00:00,Kasturchand_Park,186,30.1,MEDIUM,Clouds,37.2,0,GREEN,78
2024-01-30 14:00:00,Variety_Sq,74,53.3,LOW,Clear,34.9,0,YELLOW,26
2024-01-30 14:00:00,LIC_Sq,134,39.2,MEDIUM,Clear,35.1,0,YELLOW,51
2024-01-30 14:00:00,Empress_Mall_Sq,142,38.3,MEDIUM,Clear,34.7,0,RED,62
2024-01-30 15:00:00,Sitabuldi_Sq,24,62.5,LOW,Clouds,33.6,0,RED,6
2024-01-30 15:00:00,Zero_Mile,131,40.4,MEDIUM,Clear,33.8,0,RED,65
2024-01-30 15:00:00,Kasturchand_Park,146,40.1,MEDIUM,Clouds,32.8,0,GREEN,68
2024-01-30 15:00:00,Variety_Sq,83,45.5,LOW,Clear,31.9,0,YELLOW,40
2024-01-30 15:00:00,LIC_Sq,110,44.2,LOW,Clouds,33.4,0,GREEN,52
2024-01-30 15:00:00,Empress_Mall_Sq,156,35.1,MEDIUM,Clouds,32.7,0,YELLOW,65
2024-01-30 16:00:00,Sitabuldi_Sq,341,5,CRITICAL,Clouds,38.1,0,RED,132
2024-01-30 16:00:00,Zero_Mile,373,5,CRITICAL,Clear,32.7,0,RED,171
2024-01-30 16:00:00,Kasturchand_Park,286,15.5,CRITICAL,Clouds,33.6,0,YELLOW,146
2024-01-30 16:00:00,Variety_Sq,260,26.7,HIGH,Clear,33.9,0,GREEN,109
2024-01-30 16:00:00,LIC_Sq,310,9.6,CRITICAL,Clear,35.1,0,GREEN,146
2024-01-30 16:00:00,Empress_Mall_Sq,287,13.4,CRITICAL,Clear,33.2,0,RED,141
2024-01-30 17:00:00,Sitabuldi_Sq,286,9.3,CRITICAL,Clear,30.9,0,GREEN,115
2024-01-30 17:00:00,Zero_Mile,271,18.6,HIGH,Clear,29.9,0,RED,118
2024-01-30 17:00:00,Kasturchand_Park,339,5,CRITICAL,Clouds,36.3,0,YELLOW,154
2024-01-30 17:00:00,Variety_Sq,296,10.9,CRITICAL,Clouds,31.0,0,RED,139
2024-01-30 17:00:00,LIC_Sq,376,5,CRITICAL,Clouds,30.2,0,YELLOW,174
2024-01-30 17:00:00,Empress_Mall_Sq,258,17.7,HIGH,Clear,36.8,0,GREEN,131
2024-01-30 18:00:00,Sitabuldi_Sq,322,9.6,CRITICAL,Clear,28.5,0,RED,136
2024-01-30 18:00:00,Zero_Mile,364,5,CRITICAL,Clouds,30.3,0,RED,163
2024-01-30 18:00:00,Kasturchand_Park,267,15.4,HIGH,Clear,36.4,0,RED,104
2024-01-30 18:00:00,Variety_Sq,319,8.5,CRITICAL,Clear,31.9,0,YELLOW,148
2024-01-30 18:00:00,LIC_Sq,306,14.7,CRITICAL,Clouds,30.1,0,RED,144
2024-01-30 18:00:00,Empress_Mall_Sq,308,5.3,CRITICAL,Clear,33.5,0,YELLOW,132
2024-01-30 19:00:00,Sitabuldi_Sq,295,14.2,CRITICAL,Clouds,34.2,0,YELLOW,136
2024-01-30 19:00:00,Zero_Mile,337,5,CRITICAL,Rain,32.6,0.94,GREEN,146
2024-01-30 19:00:00,Kasturchand_Park,315,8.6,CRITICAL,Clear,28.3,0,RED,138
2024-01-30 19:00:00,Variety_Sq,367,5,CRITICAL,Clouds,33.2,0,YELLOW,160
2024-01-30 19:00:00,LIC_Sq,458,5,CRITICAL,Clear,34.3,0,YELLOW,213
2024-01-30 19:00:00,Empress_Mall_Sq,365,5,CRITICAL,Clear,29.9,0,YELLOW,184
2024-01-30 20:00:00,Sitabuldi_Sq,228,24.6,HIGH,Clear,34.1,0,RED,93
2024-01-30 20:00:00,Zero_Mile,126,40.2,MEDIUM,Clear,30.6,0,RED,61
2024-01-30 20:00:00,Kasturchand_Park,126,39.2,MEDIUM,Clear,34.8,0,YELLOW,61
2024-01-30 20:00:00,Variety_Sq,87,52.7,LOW,Clear,35.1,0,GREEN,55
2024-01-30 20:00:00,LIC_Sq,43,55.6,LOW,Clouds,30.6,0,YELLOW,19
2024-01-30 20:00:00,Empress_Mall_Sq,117,42.6,LOW,Clouds,32.3,0,RED,59
2024-01-30 21:00:00,Sitabuldi_Sq,107,45.5,LOW,Clouds,32.0,0,YELLOW,42
2024-01-30 21:00:00,Zero_Mile,50,57.4,LOW,Clear,34.4,0,YELLOW,37
2024-01-30 21:00:00,Kasturchand_Park,143,35.1,MEDIUM,Clear,36.2,0,GREEN,54
2024-01-30 21:00:00,Variety_Sq,130,55.9,MEDIUM,Clear,30.2,0,YELLOW,35
2024-01-30 21:00:00,LIC_Sq,116,44.1,LOW,Clouds,30.3,0.13,GREEN,52
2024-01-30 21:00:00,Empress_Mall_Sq,156,39.7,MEDIUM,Clear,35.6,0,GREEN,96
2024-01-30 22:00:00,Sitabuldi_Sq,140,36.6,MEDIUM,Clear,34.2,0,GREEN,57
2024-01-30 22:00:00,Zero_Mile,84,51.8,LOW,Clear,34.5,0,YELLOW,31
2024-01-30 22:00:00,Kasturchand_Park,111,43.3,LOW,Clear,31.3,0,GREEN,65
2024-01-30 22:00:00,Variety_Sq,187,30.5,MEDIUM,Clear,33.1,0,GREEN,84
2024-01-30 22:00:00,LIC_Sq,152,33.3,MEDIUM,Clouds,33.0,0,YELLOW,64
2024-01-30 22:00:00,Empress_Mall_Sq,118,38.9,LOW,Clear,32.5,0,YELLOW,36
2024-01-30 23:00:00,Sitabuldi_Sq,148,38.5,MEDIUM,Clear,33.3,0,YELLOW,63
2024-01-30 23:00:00,Zero_Mile,69,52.9,LOW,Clear,35.1,0,RED,26
2024-01-30 23:00:00,Kasturchand_Park,76,45.5,LOW,Clouds,31.8,0,RED,31
2024-01-30 23:00:00,Variety_Sq,127,43.5,MEDIUM,Clear,29.9,0,RED,54
2024-01-30 23:00:00,LIC_Sq,139,36.4,MEDIUM,Clouds,34.6,0,YELLOW,59
2024-01-30 23:00:00,Empress_Mall_Sq,113,48.0,LOW,Clouds,30.5,0,RED,66
2024-01-31 00:00:00,Sitabuldi_Sq,126,37.3,MEDIUM,Clear,34.9,0,GREEN,60
2024-01-31 00:00:00,Zero_Mile,139,40.5,MEDIUM,Clear,32.8,0,RED,47
2024-01-31 00:00:00,Kasturchand_Park,147,37.9,MEDIUM,Clear,37.3,0,RED,67
2024-01-31 00:00:00,Variety_Sq,121,37.7,MEDIUM,Clear,33.0,0,RED,51
2024-01-31 00:00:00,LIC_Sq,97,47.4,LOW,Clear,34.3,0,GREEN,52
2024-01-31 00:00:00,Empress_Mall_Sq,91,51.8,LOW,Clouds,30.1,0,YELLOW,42
2024-01-31 01:00:00,Sitabuldi_Sq,143,33.8,MEDIUM,Clear,34.4,0,GREEN,57
2024-01-31 01:00:00,Zero_Mile,136,43.8,MEDIUM,Rain,33.7,1.56,RED,52
2024-01-31 01:00:00,Kasturchand_Park,112,48.8,LOW,Clear,37.0,0,GREEN,65
2024-01-31 01:00:00,Variety_Sq,73,50.0,LOW,Clear,33.0,0,GREEN,38
2024-01-31 01:00:00,LIC_Sq,137,39.2,MEDIUM,Clear,29.3,0,YELLOW,73
2024-01-31 01:00:00,Empress_Mall_Sq,136,38.9,MEDIUM,Clear,35.6,0,RED,64
2024-01-31 02:00:00,Sitabuldi_Sq,161,36.7,MEDIUM,Clear,34.3,0,YELLOW,64
2024-01-31 02:00:00,Zero_Mile,83,50.7,LOW,Clear,34.5,0,RED,45
2024-01-31 02:00:00,Kasturchand_Park,138,43.4,MEDIUM,Clear,31.2,0,YELLOW,64
2024-01-31 02:00:00,Variety_Sq,95,45.7,LOW,Clear,35.7,0,YELLOW,36
2024-01-31 02:00:00,LIC_Sq,114,44.8,LOW,Clear,35.7,0,RED,49
2024-01-31 02:00:00,Empress_Mall_Sq,97,52.1,LOW,Clear,32.6,0,GREEN,39
2024-01-31 03:00:00,Sitabuldi_Sq,62,54.9,LOW,Clouds,32.5,0,RED,28
2024-01-31 03:00:00,Zero_Mile,153,45.0,MEDIUM,Clear,35.0,0,RED,66
2024-01-31 03:00:00,Kasturchand_Park,116,42.5,LOW,Clouds,34.3,0,YELLOW,51
2024-01-31 03:00:00,Variety_Sq,35,60.5,LOW,Clear,28.6,0,YELLOW,20
2024-01-31 03:00:00,LIC_Sq,134,45.4,MEDIUM,Clear,34.1,0,YELLOW,61
2024-01-31 03:00:00,Empress_Mall_Sq,138,37.4,MEDIUM,Clear,31.9,0.39,RED,70
2024-01-31 04:00:00,Sitabuldi_Sq,126,36.7,MEDIUM,Clear,34.5,0,RED,45
2024-01-31 04:00:00,Zero_Mile,67,51.6,LOW,Clear,31.8,0,YELLOW,37
2024-01-31 04:00:00,Kasturchand_Park,138,36.9,MEDIUM,Clear,31.8,0,YELLOW,53
2024-01-31 04:00:00,Variety_Sq,162,39.5,MEDIUM,Clouds,33.0,0,GREEN,66
2024-01-31 04:00:00,LIC_Sq,124,40.9,MEDIUM,Clear,35.2,0,YELLOW,49
2024-01-31 04:00:00,Empress_Mall_Sq,129,43.9,MEDIUM,Clear,32.8,0,GREEN,65
2024-01-31 05:00:00,Sitabuldi_Sq,103,43.9,LOW,Clouds,32.3,0,YELLOW,35
2024-01-31 05:00:00,Zero_Mile,172,33.2,MEDIUM,Clouds,33.5,0,GREEN,77
2024-01-31 05:00:00,Kasturchand_Park,142,39.6,MEDIUM,Clear,33.7,0,GREEN,53
2024-01-31 05:00:00,Variety_Sq,76,44.0,LOW,Clouds,31.8,0,YELLOW,42
2024-01-31 05:00:00,LIC_Sq,131,39.8,MEDIUM,Clouds,32.7,0,GREEN,50
2024-01-31 05:00:00,Empress_Mall_Sq,108,44.9,LOW,Clouds,32.8,0,YELLOW,41
2024-01-31 06:00:00,Sitabuldi_Sq,99,42.8,LOW,Clear,34.3,0,GREEN,49
2024-01-31 06:00:00,Zero_Mile,196,27.5,MEDIUM,Clear,33.8,0,YELLOW,76
2024-01-31 06:00:00,Kasturchand_Park,101,47.9,LOW,Clear,35.1,0,RED,49
2024-01-31 06:00:00,Variety_Sq,113,46.1,LOW,Clouds,29.6,0,RED,52
2024-01-31 06:00:00,LIC_Sq,137,38.5,MEDIUM,Clear,37.5,0,GREEN,53
2024-01-31 06:00:00,Empress_Mall_Sq,80,49.5,LOW,Clear,36.2,0,RED,13
2024-01-31 07:00:00,Sitabuldi_Sq,330,5.5,CRITICAL,Clear,35.3,0,YELLOW,149
2024-01-31 07:00:00,Zero_Mile,322,10.7,CRITICAL,Clear,30.7,0,YELLOW,139
2024-01-31 07:00:00,Kasturchand_Park,321,9.9,CRITICAL,Clear,33.3,0,YELLOW,149
2024-01-31 07:00:00,Variety_Sq,293,13.0,CRITICAL,Clouds,31.3,0,YELLOW,115
2024-01-31 07:00:00,LIC_Sq,268,17.0,HIGH,Clouds,35.1,0,YELLOW,138
2024-01-31 07:00:00,Empress_Mall_Sq,299,10.3,CRITICAL,Clouds,34.2,0.24,GREEN,141
2024-01-31 08:00:00,Sitabuldi_Sq,228,23.7,HIGH,Clear,30.4,0,YELLOW,94
2024-01-31 08:00:00,Zero_Mile,326,12.3,CRITICAL,Clear,31.7,0,YELLOW,166
2024-01-31 08:00:00,Kasturchand_Park,214,35.4,HIGH,Clouds,33.3,0,GREEN,100
2024-01-31 08:00:00,Variety_Sq,265,17.3,HIGH,Clear,32.3,0,YELLOW,118
2024-01-31 08:00:00,LIC_Sq,269,19.6,HIGH,Clear,35.1,0,RED,120
2024-01-31 08:00:00,Empress_Mall_Sq,312,8.5,CRITICAL,Clear,30.3,0,GREEN,134
2024-01-31 09:00:00,Sitabuldi_Sq,291,13.0,CRITICAL,Clear,32.4,0,RED,135
2024-01-31 09:00:00,Zero_Mile,242,25.2,HIGH,Clear,32.6,0,YELLOW,112
2024-01-31 09:00:00,Kasturchand_Park,273,16.6,HIGH,Clear,32.6,0,GREEN,117
2024-01-31 09:00:00,Variety_Sq,329,6.1,CRITICAL,Clear,34.0,0,GREEN,147
2024-01-31 09:00:00,LIC_Sq,278,12.4,HIGH,Clear,32.8,0.2,RED,120
2024-01-31 09:00:00,Empress_Mall_Sq,296,15.1,CRITICAL,Rain,36.2,0.63,RED,136
2024-01-31 10:00:00,Sitabuldi_Sq,150,38.8,MEDIUM,Clear,32.2,0,YELLOW,58
2024-01-31 10:00:00,Zero_Mile,105,47.6,LOW,Clear,30.4,0,YELLOW,63
2024-01-31 10:00:00,Kasturchand_Park,178,33.6,MEDIUM,Clear,31.0,0,YELLOW,66
2024-01-31 10:00:00,Variety_Sq,92,49.2,LOW,Clear,31.6,0,YELLOW,30
2024-01-31 10:00:00,LIC_Sq,137,36.9,MEDIUM,Clear,33.0,0,GREEN,57
2024-01-31 10:00:00,Empress_Mall_Sq,105,44.8,LOW,Clear,29.7,0,RED,67
2024-01-31 11:00:00,Sitabuldi_Sq,65,60.0,LOW,Clear,33.4,0,GREEN,51
2024-01-31 11:00:00,Zero_Mile,171,34.7,MEDIUM,Clouds,34.0,0,GREEN,61
2024-01-31 11:00:00,Kasturchand_Park,201,22.2,HIGH,Clouds,31.1,0,GREEN,78
2024-01-31 11:00:00,Variety_Sq,37,53.9,LOW,Clear,33.4,0,RED,8
2024-01-31 11:00:00,LIC_Sq,158,38.4,MEDIUM,Clear,34.7,0,GREEN,83
2024-01-31 11:00:00,Empress_Mall_Sq,157,41.1,MEDIUM,Clear,31.0,0,RED,57
2024-01-31 12:00:00,Sitabuldi_Sq,47,51.8,LOW,Clear,30.9,0,GREEN,16
2024-01-31 12:00:00,Zero_Mile,121,45.6,MEDIUM,Clouds,34.4,0,YELLOW,58
2024-01-31 12:00:00,Kasturchand_Park,130,44.6,MEDIUM,Clouds,35.1,0,GREEN,50
2024-01-31 12:00:00,Variety_Sq,50,56.6,LOW,Clear,34.1,0,YELLOW,10
2024-01-31 12:00:00,LIC_Sq,117,44.8,LOW,Clouds,32.6,0,RED,57
2024-01-31 12:00:00,Empress_Mall_Sq,48,53.3,LOW,Clear,31.4,0,GREEN,39
2024-01-31 13:00:00,Sitabuldi_Sq,118,47.2,LOW,Clear,30.8,0,RED,42
2024-01-31 13:00:00,Zero_Mile,148,36.6,MEDIUM,Clouds,34.4,0.1,RED,69
2024-01-31 13:00:00,Kasturchand_Park,140,39.9,MEDIUM,Clear,33.7,0,GREEN,46
2024-01-31 13:00:00,Variety_Sq,118,48.7,LOW,Clear,34.3,0,YELLOW,35
2024-01-31 13:00:00,LIC_Sq,53,51.3,LOW,Clouds,32.8,0,RED,41
2024-01-31 13:00:00,Empress_Mall_Sq,91,47.7,LOW,Clouds,31.2,0,YELLOW,37
2024-01-31 14:00:00,Sitabuldi_Sq,144,34.5,MEDIUM,Clear,35.0,0,RED,60
2024-01-31 14:00:00,Zero_Mile,78,47.7,LOW,Clear,34.5,0,YELLOW,16
2024-01-31 14:00:00,Kasturchand_Park,98,45.4,LOW,Clouds,31.0,0.2,YELLOW,43
2024-01-31 14:00:00,Variety_Sq,101,44.7,LOW,Clear,30.0,0,RED,63
2024-01-31 14:00:00,LIC_Sq,153,42.7,MEDIUM,Clear,31.7,0,RED,56
2024-01-31 14:00:00,Empress_Mall_Sq,55,51.3,LOW,Clear,33.4,0,YELLOW,36
2024-01-31 15:00:00,Sitabuldi_Sq,110,48.2,LOW,Clouds,32.7,0,RED,44
2024-01-31 15:00:00,Zero_Mile,38,57.7,LOW,Clear,32.8,0,RED,6
2024-01-31 15:00:00,Kasturchand_Park,155,38.3,MEDIUM,Clear,32.7,0,RED,71
2024-01-31 15:00:00,Variety_Sq,70,54.3,LOW,Clouds,33.0,0,YELLOW,35
2024-01-31 15:00:00,LIC_Sq,82,46.7,LOW,Clear,31.4,0,RED,33
2024-01-31 15:00:00,Empress_Mall_Sq,103,42.3,LOW,Clear,35.6,0,RED,44
2024-01-31 16:00:00,Sitabuldi_Sq,332,6.8,CRITICAL,Rain,30.8,1.01,RED,161
2024-01-31 16:00:00,Zero_Mile,325,8.0,CRITICAL,Clear,33.3,0,GREEN,151
2024-01-31 16:00:00,Kasturchand_Park,345,5,CRITICAL,Clear,34.9,0,GREEN,138
2024-01-31 16:00:00,Variety_Sq,291,13.0,CRITICAL,Clouds,33.6,0,RED,130
2024-01-31 16:00:00,LIC_Sq,381,5,CRITICAL,Clouds,31.3,0,RED,186
2024-01-31 16:00:00,Empress_Mall_Sq,281,16.7,CRITICAL,Clouds,30.5,0,GREEN,148
2024-01-31 17:00:00,Sitabuldi_Sq,311,10.6,CRITICAL,Clear,32.7,0,YELLOW,134
2024-01-31 17:00:00,Zero_Mile,305,12.4,CRITICAL,Clouds,32.8,0,YELLOW,121
2024-01-31 17:00:00,Kasturchand_Park,299,10.3,CRITICAL,Clear,35.3,0,YELLOW,120
2024-01-31 17:00:00,Variety_Sq,320,12.0,CRITICAL,Clear,33.3,0,RED,137
2024-01-31 17:00:00,LIC_Sq,267,14.9,HIGH,Clouds,32.3,0,GREEN,112
2024-01-31 17:00:00,Empress_Mall_Sq,265,18.9,HIGH,Clear,33.1,0,YELLOW,126
2024-01-31 18:00:00,Sitabuldi_Sq,349,5,CRITICAL,Clear,30.0,0,YELLOW,156
2024-01-31 18:00:00,Zero_Mile,251,23.8,HIGH,Clear,34.0,0,YELLOW,121
2024-01-31 18:00:00,Kasturchand_Park,311,5.8,CRITICAL,Clear,33.3,0,RED,148
2024-01-31 18:00:00,Variety_Sq,323,5,CRITICAL,Clear,34.3,0,YELLOW,137
2024-01-31 18:00:00,LIC_Sq,331,5,CRITICAL,Clouds,32.9,0,RED,117
2024-01-31 18:00:00,Empress_Mall_Sq,302,12.5,CRITICAL,Clear,32.1,0,GREEN,150
2024-01-31 19:00:00,Sitabuldi_Sq,298,8.8,CRITICAL,Clouds,32.3,0,YELLOW,125
2024-01-31 19:00:00,Zero_Mile,348,5.3,CRITICAL,Clear,37.7,0,RED,146
2024-01-31 19:00:00,Kasturchand_Park,326,10.4,CRITICAL,Clear,31.3,0,YELLOW,154
2024-01-31 19:00:00,Variety_Sq,303,9.3,CRITICAL,Clear,30.7,0,GREEN,133
2024-01-31 19:00:00,LIC_Sq,379,5,CRITICAL,Clear,33.9,0,GREEN,192
2024-01-31 19:00:00,Empress_Mall_Sq,263,21.3,HIGH,Clouds,33.6,0,RED,122
2024-01-31 20:00:00,Sitabuldi_Sq,97,40.6,LOW,Clear,32.7,0,GREEN,68
2024-01-31 20:00:00,Zero_Mile,159,36.7,MEDIUM,Clear,32.7,0.4,RED,52
2024-01-31 20:00:00,Kasturchand_Park,66,52.4,LOW,Clouds,31.3,0,RED,18
2024-01-31 20:00:00,Variety_Sq,89,50.2,LOW,Clouds,33.5,0,YELLOW,48
2024-01-31 20:00:00,LIC_Sq,44,58.7,LOW,Clear,32.4,0,GREEN,22
2024-01-31 20:00:00,Empress_Mall_Sq,121,43.1,MEDIUM,Clouds,29.4,0,YELLOW,44
2024-01-31 21:00:00,Sitabuldi_Sq,92,47.3,LOW,Clear,29.9,0,YELLOW,30
2024-01-31 21:00:00,Zero_Mile,73,46.1,LOW,Clear,32.8,0,GREEN,64
2024-01-31 21:00:00,Kasturchand_Park,77,54.1,LOW,Clear,34.7,0,GREEN,36
2024-01-31 21:00:00,Variety_Sq,161,32.5,MEDIUM,Clear,32.7,0,GREEN,79
2024-01-31 21:00:00,LIC_Sq,111,46.1,LOW,Clear,34.0,0,RED,28
2024-01-31 21:00:00,Empress_Mall_Sq,87,52.6,LOW,Clear,33.1,0,YELLOW,36
2024-01-31 22:00:00,Sitabuldi_Sq,38,58.8,LOW,Clear,34.9,0,GREEN,15
2024-01-31 22:00:00,Zero_Mile,73,49.8,LOW,Clear,33.3,0,GREEN,42
2024-01-31 22:00:00,Kasturchand_Park,115,52.1,LOW,Clear,33.1,0,GREEN,68
2024-01-31 22:00:00,Variety_Sq,226,30.0,HIGH,Clear,36.5,0,GREEN,110
2024-01-31 22:00:00,LIC_Sq,157,39.0,MEDIUM,Clear,31.1,0,RED,53
2024-01-31 22:00:00,Empress_Mall_Sq,128,43.5,MEDIUM,Clear,34.1,0,RED,58
2024-01-31 23:00:00,Sitabuldi_Sq,125,42.0,MEDIUM,Clear,31.1,0,GREEN,42
2024-01-31 23:00:00,Zero_Mile,94,50.5,LOW,Clouds,31.7,0,GREEN,40
2024-01-31 23:00:00,Kasturchand_Park,156,38.6,MEDIUM,Clouds,33.7,0,YELLOW,82
2024-01-31 23:00:00,Variety_Sq,119,42.5,LOW,Clouds,37.0,0,RED,45
2024-01-31 23:00:00,LIC_Sq,115,43.3,LOW,Clouds,33.9,0,RED,63
2024-01-31 23:00:00,Empress_Mall_Sq,72,50.8,LOW,Clouds,32.6,0,GREEN,17
2024-02-01 00:00:00,Sitabuldi_Sq,96,48.3,LOW,Clouds,31.6,0,YELLOW,37
2024-02-01 00:00:00,Zero_Mile,60,52.5,LOW,Clear,34.6,0,RED,20
2024-02-01 00:00:00,Kasturchand_Park,92,50.5,LOW,Clear,35.5,0,RED,47
2024-02-01 00:00:00,Variety_Sq,107,47.3,LOW,Clear,36.0,0,YELLOW,37
2024-02-01 00:00:00,LIC_Sq,123,39.4,MEDIUM,Clear,33.2,0,RED,51
2024-02-01 00:00:00,Empress_Mall_Sq,114,46.4,LOW,Clear,33.9,0,YELLOW,54
2024-02-01 01:00:00,Sitabuldi_Sq,192,34.2,MEDIUM,Clouds,33.5,0,GREEN,75
2024-02-01 01:00:00,Zero_Mile,139,41.4,MEDIUM,Clouds,35.6,0.37,GREEN,44
2024-02-01 01:00:00,Kasturchand_Park,135,40.9,MEDIUM,Clear,33.2,0,RED,65
2024-02-01 01:00:00,Variety_Sq,106,50.8,LOW,Clear,31.8,0,RED,51
2024-02-01 01:00:00,LIC_Sq,174,33.5,MEDIUM,Clear,36.5,0,RED,88
2024-02-01 01:00:00,Empress_Mall_Sq,134,34.4,MEDIUM,Clear,33.1,0,YELLOW,71
2024-02-01 02:00:00,Sitabuldi_Sq,178,32.4,MEDIUM,Clear,32.3,0,YELLOW,78
2024-02-01 02:00:00,Zero_Mile,115,43.7,LOW,Clear,28.6,0,RED,58
2024-02-01 02:00:00,Kasturchand_Park,20,63.9,LOW,Clouds,31.4,0,RED,11
2024-02-01 02:00:00,Variety_Sq,143,39.6,MEDIUM,Clear,34.3,0,GREEN,54
2024-02-01 02:00:00,LIC_Sq,102,51.9,LOW,Clear,30.4,0,RED,37
2024-02-01 02:00:00,Empress_Mall_Sq,62,50.9,LOW,Clouds,35.4,0,GREEN,35
2024-02-01 03:00:00,Sitabuldi_Sq,88,51.2,LOW,Clouds,34.3,0,GREEN,54
2024-02-01 03:00:00,Zero_Mile,106,44.6,LOW,Clear,32.2,0,YELLOW,53
2024-02-01 03:00:00,Kasturchand_Park,71,50.3,LOW,Clear,35.1,0,GREEN,27
2024-02-01 03:00:00,Variety_Sq,81,55.3,LOW,Clear,33.8,0,RED,39
2024-02-01 03:00:00,LIC_Sq,155,40.5,MEDIUM,Clear,32.9,0,YELLOW,53
2024-02-01 03:00:00,Empress_Mall_Sq,79,58.9,LOW,Clouds,29.9,0,GREEN,29
2024-02-01 04:00:00,Sitabuldi_Sq,120,45.2,LOW,Clear,34.7,0,YELLOW,60
2024-02-01 04:00:00,Zero_Mile,42,52.7,LOW,Clear,35.6,0,RED,5
2024-02-01 04:00:00,Kasturchand_Park,142,35.4,MEDIUM,Clear,30.6,0,YELLOW,63
2024-02-01 04:00:00,Variety_Sq,82,51.0,LOW,Clear,31.7,0,YELLOW,46
2024-02-01 04:00:00,LIC_Sq,76,49.8,LOW,Clouds,31.9,0,GREEN,20
2024-02-01 04:00:00,Empress_Mall_Sq,121,41.0,MEDIUM,Clear,32.5,0,YELLOW,37
2024-02-01 05:00:00,Sitabuldi_Sq,168,32.8,MEDIUM,Clouds,31.8,0,GREEN,82
2024-02-01 05:00:00,Zero_Mile,126,38.9,MEDIUM,Clear,34.5,0,RED,57
2024-02-01 05:00:00,Kasturchand_Park,166,33.3,MEDIUM,Clear,34.1,0,RED,87
2024-02-01 05:00:00,Variety_Sq,168,34.2,MEDIUM,Clear,32.6,0,RED,67
2024-02-01 05:00:00,LIC_Sq,146,46.3,MEDIUM,Clear,33.7,0,YELLOW,69
2024-02-01 05:00:00,Empress_Mall_Sq,191,30.6,MEDIUM,Clear,33.6,0.33,YELLOW,66
2024-02-01 06:00:00,Sitabuldi_Sq,126,46.0,MEDIUM,Clouds,31.6,0,RED,48
2024-02-01 06:00:00,Zero_Mile,63,54.5,LOW,Clear,32.5,0,RED,56
2024-02-01 06:00:00,Kasturchand_Park,119,41.3,LOW,Clouds,36.0,0,YELLOW,33
2024-02-01 06:00:00,Variety_Sq,97,45.9,LOW,Clear,32.5,0.24,GREEN,27
2024-02-01 06:00:00,LIC_Sq,86,50.7,LOW,Clear,33.4,0,GREEN,56
2024-02-01 06:00:00,Empress_Mall_Sq,140,38.1,MEDIUM,Clear,30.6,0,RED,74
2024-02-01 07:00:00,Sitabuldi_Sq,223,25.5,HIGH,Clear,33.5,0,RED,106
2024-02-01 07:00:00,Zero_Mile,305,11.3,CRITICAL,Clouds,34.8,0,RED,130
2024-02-01 07:00:00,Kasturchand_Park,252,19.3,HIGH,Clear,30.5,0,YELLOW,133
2024-02-01 07:00:00,Variety_Sq,263,14.8,HIGH,Clear,34.0,0,RED,128
2024-02-01 07:00:00,LIC_Sq,246,25.1,HIGH,Clear,33.9,0,YELLOW,112
2024-02-01 07:00:00,Empress_Mall_Sq,369,5,CRITICAL,Clear,31.9,0,GREEN,161
2024-02-01 08:00:00,Sitabuldi_Sq,261,17.4,HIGH,Clear,31.6,0,RED,117
2024-02-01 08:00:00,Zero_Mile,298,11.0,CRITICAL,Clear,33.0,0,YELLOW,127
2024-02-01 08:00:00,Kasturchand_Park,245,21.8,HIGH,Clear,31.9,0,RED,111
2024-02-01 08:00:00,Variety_Sq,223,26.5,HIGH,Clear,31.5,0,RED,99
2024-02-01 08:00:00,LIC_Sq,326,5,CRITICAL,Clear,32.5,0,GREEN,138
2024-02-01 08:00:00,Empress_Mall_Sq,273,16.6,HIGH,Clear,31.7,0,RED,112
2024-02-01 09:00:00,Sitabuldi_Sq,289,10.5,CRITICAL,Clouds,30.5,0,GREEN,137
2024-02-01 09:00:00,Zero_Mile,224,24.3,HIGH,Clear,34.6,0,GREEN,119
2024-02-01 09:00:00,Kasturchand_Park,298,6.3,CRITICAL,Clouds,33.6,0,RED,126
2024-02-01 09:00:00,Variety_Sq,278,12.3,HIGH,Clear,30.4,0,GREEN,111
2024-02-01 09:00:00,LIC_Sq,224,23.3,HIGH,Clouds,38.6,0,GREEN,81
2024-02-01 09:00:00,Empress_Mall_Sq,290,12.7,CRITICAL,Clear,31.7,0,YELLOW,124
2024-02-01 10:00:00,Sitabuldi_Sq,155,37.4,MEDIUM,Clouds,32.1,0,GREEN,72
2024-02-01 10:00:00,Zero_Mile,114,41.3,LOW,Clear,31.4,0,GREEN,56
2024-02-01 10:00:00,Kasturchand_Park,219,28.0,HIGH,Clear,32.1,0,GREEN,125
2024-02-01 10:00:00,Variety_Sq,98,43.4,LOW,Clear,34.1,0,GREEN,58
2024-02-01 10:00:00,LIC_Sq,108,43.7,LOW,Clear,33.6,0,RED,52
2024-02-01 10:00:00,Empress_Mall_Sq,131,45.2,MEDIUM,Clouds,33.3,0,YELLOW,58
2024-02-01 11:00:00,Sitabuldi_Sq,140,39.3,MEDIUM,Clear,39.6,0,GREEN,71
2024-02-01 11:00:00,Zero_Mile,124,41.7,MEDIUM,Clear,32.1,0,GREEN,54
2024-02-01 11:00:00,Kasturchand_Park,151,36.3,MEDIUM,Clear,30.0,0,RED,64
2024-02-01 11:00:00,Variety_Sq,121,39.8,MEDIUM,Clear,31.8,0,GREEN,56
2024-02-01 11:00:00,LIC_Sq,111,49.7,LOW,Clouds,31.9,0,GREEN,43
2024-02-01 11:00:00,Empress_Mall_Sq,75,50.7,LOW,Clouds,33.9,0,RED,28
2024-02-01 12:00:00,Sitabuldi_Sq,151,34.6,MEDIUM,Clear,33.7,0,RED,64
2024-02-01 12:00:00,Zero_Mile,83,46.4,LOW,Clouds,33.6,0,RED,20
2024-02-01 12:00:00,Kasturchand_Park,94,46.9,LOW,Clear,34.0,0,YELLOW,40
2024-02-01 12:00:00,Variety_Sq,103,48.7,LOW,Clear,33.0,0,RED,61
2024-02-01 12:00:00,LIC_Sq,125,40.1,MEDIUM,Clear,33.0,0,YELLOW,65
2024-02-01 12:00:00,Empress_Mall_Sq,65,49.4,LOW,Clear,31.8,0,GREEN,50
2024-02-01 13:00:00,Sitabuldi_Sq,142,34.0,MEDIUM,Clear,34.4,0,GREEN,66
2024-02-01 13:00:00,Zero_Mile,66,51.3,LOW,Clear,34.4,0,YELLOW,13
2024-02-01 13:00:00,Kasturchand_Park,116,46.0,LOW,Clear,34.8,0,RED,59
2024-02-01 13:00:00,Variety_Sq,71,51.7,LOW,Clouds,35.7,0,YELLOW,30
2024-02-01 13:00:00,LIC_Sq,99,41.6,LOW,Clear,34.4,0,YELLOW,44
2024-02-01 13:00:00,Empress_Mall_Sq,173,37.3,MEDIUM,Clear,33.6,0,RED,88
2024-02-01 14:00:00,Sitabuldi_Sq,86,47.0,LOW,Clear,32.6,0,GREEN,56
2024-02-01 14:00:00,Zero_Mile,65,51.8,LOW,Clear,33.5,0,GREEN,12
2024-02-01 14:00:00,Kasturchand_Park,156,38.5,MEDIUM,Clear,34.7,0,RED,85
2024-02-01 14:00:00,Variety_Sq,90,44.8,LOW,Clear,34.0,0,GREEN,44
2024-02-01 14:00:00,LIC_Sq,136,36.0,MEDIUM,Clouds,33.3,0,RED,68
2024-02-01 14:00:00,Empress_Mall_Sq,132,45.6,MEDIUM,Clouds,32.1,0,GREEN,71
2024-02-01 15:00:00,Sitabuldi_Sq,88,51.5,LOW,Clear,33.6,0,YELLOW,41
2024-02-01 15:00:00,Zero_Mile,83,56.2,LOW,Clear,32.1,0,YELLOW,39
2024-02-01 15:00:00,Kasturchand_Park,138,44.4,MEDIUM,Clear,32.3,0,RED,72
2024-02-01 15:00:00,Variety_Sq,99,46.3,LOW,Clear,33.4,0,YELLOW,45
2024-02-01 15:00:00,LIC_Sq,86,48.9,LOW,Clear,32.8,0,GREEN,37
2024-02-01 15:00:00,Empress_Mall_Sq,135,38.9,MEDIUM,Clear,34.4,0,YELLOW,68
2024-02-01 16:00:00,Sitabuldi_Sq,357,5,CRITICAL,Clear,33.5,0,YELLOW,183
2024-02-01 16:00:00,Zero_Mile,337,10.3,CRITICAL,Clear,32.2,0,YELLOW,126
2024-02-01 16:00:00,Kasturchand_Park,295,15.7,CRITICAL,Clouds,32.8,0,YELLOW,140
2024-02-01 16:00:00,Variety_Sq,330,6.0,CRITICAL,Clouds,33.8,0.17,RED,143
2024-02-01 16:00:00,LIC_Sq,362,5,CRITICAL,Clouds,34.2,0,YELLOW,176
2024-02-01 16:00:00,Empress_Mall_Sq,266,18.6,HIGH,Clear,37.3,0,YELLOW,125
2024-02-01 17:00:00,Sitabuldi_Sq,269,15.4,HIGH,Clear,34.5,0,YELLOW,133
2024-02-01 17:00:00,Zero_Mile,318,10.2,CRITICAL,Clear,35.2,0,GREEN,144
2024-02-01 17:00:00,Kasturchand_Park,267,16.9,HIGH,Clouds,31.5,0,YELLOW,127
2024-02-01 17:00:00,Variety_Sq,311,8.4,CRITICAL,Clear,31.9,0,GREEN,129
2024-02-01 17:00:00,LIC_Sq,328,5.5,CRITICAL,Clouds,31.0,0,YELLOW,135
2024-02-01 17:00:00,Empress_Mall_Sq,321,7.7,CRITICAL,Clear,29.7,0,YELLOW,145
2024-02-01 18:00:00,Sitabuldi_Sq,363,5,CRITICAL,Clear,33.9,0,YELLOW,167
2024-02-01 18:00:00,Zero_Mile,279,12.4,HIGH,Clear,32.4,0,RED,117
2024-02-01 18:00:00,Kasturchand_Park,401,5,CRITICAL,Clear,31.8,0,RED,178
2024-02-01 18:00:00,Variety_Sq,325,5,CRITICAL,Clouds,35.0,0,GREEN,145
2024-02-01 18:00:00,LIC_Sq,306,6.2,CRITICAL,Clouds,30.6,0,RED,125
2024-02-01 18:00:00,Empress_Mall_Sq,292,11.6,CRITICAL,Clear,38.0,0,GREEN,143
2024-02-01 19:00:00,Sitabuldi_Sq,308,7.6,CRITICAL,Clear,31.0,0,YELLOW,140
2024-02-01 19:00:00,Zero_Mile,281,10.2,CRITICAL,Clouds,30.1,0,GREEN,134
2024-02-01 19:00:00,Kasturchand_Park,314,10.5,CRITICAL,Clear,30.5,0,YELLOW,142
2024-02-01 19:00:00,Variety_Sq,303,8.5,CRITICAL,Clear,29.2,0,RED,147
2024-02-01 19:00:00,LIC_Sq,280,14.7,HIGH,Clear,36.3,0,RED,118
2024-02-01 19:00:00,Empress_Mall_Sq,290,9.9,CRITICAL,Clear,30.1,0,RED,141
2024-02-01 20:00:00,Sitabuldi_Sq,68,52.7,LOW,Clear,37.3,0,GREEN,30
2024-02-01 20:00:00,Zero_Mile,169,32.4,MEDIUM,Clear,31.0,0,RED,77
2024-02-01 20:00:00,Kasturchand_Park,129,44.8,MEDIUM,Clouds,33.4,0,RED,69
2024-02-01 20:00:00,Variety_Sq,69,57.5,LOW,Clouds,33.5,0,RED,42
2024-02-01 20:00:00,LIC_Sq,114,44.5,LOW,Clouds,36.3,0,YELLOW,51
2024-02-01 20:00:00,Empress_Mall_Sq,136,47.2,MEDIUM,Clear,36.0,0,RED,70
2024-02-01 21:00:00,Sitabuldi_Sq,124,41.1,MEDIUM,Clear,32.0,0,YELLOW,50
2024-02-01 21:00:00,Zero_Mile,165,35.1,MEDIUM,Clouds,34.4,0,RED,55
2024-02-01 21:00:00,Kasturchand_Park,89,51.5,LOW,Clouds,31.9,0,YELLOW,26
2024-02-01 21:00:00,Variety_Sq,123,45.2,MEDIUM,Clear,33.6,0,YELLOW,58
2024-02-01 21:00:00,LIC_Sq,120,44.7,LOW,Clear,30.5,0.07,GREEN,51
2024-02-01 21:00:00,Empress_Mall_Sq,80,48.4,LOW,Clear,30.6,0,RED,53
2024-02-01 22:00:00,Sitabuldi_Sq,60,51.7,LOW,Clouds,31.3,0,GREEN,37
2024-02-01 22:00:00,Zero_Mile,109,42.7,LOW,Clouds,32.4,0,GREEN,37
2024-02-01 22:00:00,Kasturchand_Park,222,31.9,HIGH,Clear,34.4,0,RED,101
2024-02-01 22:00:00,Variety_Sq,128,42.6,MEDIUM,Clear,35.5,0,GREEN,63
2024-02-01 22:00:00,LIC_Sq,159,38.8,MEDIUM,Clear,31.3,0,GREEN,74
2024-02-01 22:00:00,Empress_Mall_Sq,111,48.2,LOW,Clouds,34.2,0,GREEN,48
2024-02-01 23:00:00,Sitabuldi_Sq,91,49.4,LOW,Clear,34.9,0,GREEN,46
2024-02-01 23:00:00,Zero_Mile,132,43.0,MEDIUM,Clear,34.9,0,RED,64
2024-02-01 23:00:00,Kasturchand_Park,122,40.8,MEDIUM,Clear,32.3,0,GREEN,62
2024-02-01 23:00:00,Variety_Sq,101,44.1,LOW,Clear,35.7,0,RED,46
2024-02-01 23:00:00,LIC_Sq,123,47.6,MEDIUM,Clear,30.9,0,YELLOW,52
2024-02-01 23:00:00,Empress_Mall_Sq,116,47.5,LOW,Clear,33.1,0.28,GREEN,54
2024-02-02 00:00:00,Sitabuldi_Sq,145,36.2,MEDIUM,Clouds,32.7,0,GREEN,59
2024-02-02 00:00:00,Zero_Mile,94,47.1,LOW,Clear,32.8,0,YELLOW,35
2024-02-02 00:00:00,Kasturchand_Park,109,49.3,LOW,Clear,32.9,0,GREEN,52
2024-02-02 00:00:00,Variety_Sq,162,33.4,MEDIUM,Clouds,34.7,0,GREEN,91
2024-02-02 00:00:00,LIC_Sq,114,47.5,LOW,Clear,32.9,0,YELLOW,67
2024-02-02 00:00:00,Empress_Mall_Sq,110,46.5,LOW,Clear,36.4,0,YELLOW,51
2024-02-02 01:00:00,Sitabuldi_Sq,149,36.7,MEDIUM,Clouds,32.4,0,YELLOW,78
2024-02-02 01:00:00,Zero_Mile,125,44.9,MEDIUM,Clear,33.7,0,GREEN,40
2024-02-02 01:00:00,Kasturchand_Park,165,35.4,MEDIUM,Clear,33.7,0,GREEN,58
2024-02-02 01:00:00,Variety_Sq,194,30.2,MEDIUM,Clouds,34.0,0,RED,84
2024-02-02 01:00:00,LIC_Sq,129,41.4,MEDIUM,Clear,32.7,0,YELLOW,54
2024-02-02 01:00:00,Empress_Mall_Sq,118,44.8,LOW,Clear,34.0,0,YELLOW,44
2024-02-02 02:00:00,Sitabuldi_Sq,180,29.2,MEDIUM,Clear,33.5,0,YELLOW,87
2024-02-02 02:00:00,Zero_Mile,77,51.7,LOW,Clouds,34.6,0,RED,24
2024-02-02 02:00:00,Kasturchand_Park,89,47.2,LOW,Clouds,32.7,0,YELLOW,43
2024-02-02 02:00:00,Variety_Sq,124,40.5,MEDIUM,Clear,33.3,0,GREEN,43
2024-02-02 02:00:00,LIC_Sq,176,33.9,MEDIUM,Clouds,30.5,0,GREEN,72
2024-02-02 02:00:00,Empress_Mall_Sq,82,53.2,LOW,Clouds,33.2,0,YELLOW,22
2024-02-02 03:00:00,Sitabuldi_Sq,75,50.6,LOW,Clear,35.1,0,RED,24
2024-02-02 03:00:00,Zero_Mile,240,25.7,HIGH,Clouds,28.3,0,YELLOW,114
2024-02-02 03:00:00,Kasturchand_Park,82,43.1,LOW,Clear,33.3,0,GREEN,28
2024-02-02 03:00:00,Variety_Sq,101,40.8,LOW,Clouds,34.0,0,GREEN,51
2024-02-02 03:00:00,LIC_Sq,110,40.4,LOW,Clear,31.4,0,YELLOW,68
2024-02-02 03:00:00,Empress_Mall_Sq,109,41.7,LOW,Clouds,35.4,0,GREEN,30
2024-02-02 04:00:00,Sitabuldi_Sq,151,37.8,MEDIUM,Clear,32.8,0,YELLOW,71
2024-02-02 04:00:00,Zero_Mile,195,27.5,MEDIUM,Clouds,31.1,0,GREEN,74
2024-02-02 04:00:00,Kasturchand_Park,100,48.9,LOW,Clear,33.6,0,RED,31
2024-02-02 04:00:00,Variety_Sq,184,29.6,MEDIUM,Clear,32.0,0,RED,72
2024-02-02 04:00:00,LIC_Sq,123,41.6,MEDIUM,Clear,32.2,0,GREEN,45
2024-02-02 04:00:00,Empress_Mall_Sq,148,40.0,MEDIUM,Clear,31.2,0,RED,52
2024-02-02 05:00:00,Sitabuldi_Sq,165,35.9,MEDIUM,Clear,33.8,0,YELLOW,82
2024-02-02 05:00:00,Zero_Mile,72,43.6,LOW,Clear,33.7,0,GREEN,27
2024-02-02 05:00:00,Kasturchand_Park,157,36.2,MEDIUM,Clear,33.5,0,YELLOW,93
2024-02-02 05:00:00,Variety_Sq,88,49.8,LOW,Clouds,30.3,0,RED,36
2024-02-02 05:00:00,LIC_Sq,93,50.7,LOW,Clear,33.2,0,RED,21
2024-02-02 05:00:00,Empress_Mall_Sq,138,43.6,MEDIUM,Clear,30.2,0,YELLOW,56
2024-02-02 06:00:00,Sitabuldi_Sq,20,64.0,LOW,Clear,30.5,0,YELLOW,9
2024-02-02 06:00:00,Zero_Mile,71,46.0,LOW,Clear,32.3,0,YELLOW,24
2024-02-02 06:00:00,Kasturchand_Park,80,49.0,LOW,Clear,34.6,0,YELLOW,42
2024-02-02 06:00:00,Variety_Sq,139,44.4,MEDIUM,Clouds,34.9,0,RED,55
2024-02-02 06:00:00,LIC_Sq,133,41.9,MEDIUM,Clear,30.9,0,YELLOW,66
2024-02-02 06:00:00,Empress_Mall_Sq,174,34.7,MEDIUM,Clouds,33.3,0,YELLOW,91
2024-02-02 07:00:00,Sitabuldi_Sq,263,18.7,HIGH,Clouds,34.2,0,RED,103
2024-02-02 07:00:00,Zero_Mile,293,10.7,CRITICAL,Clouds,33.0,0,YELLOW,128
2024-02-02 07:00:00,Kasturchand_Park,309,8.8,CRITICAL,Clear,32.3,0,YELLOW,138
2024-02-02 07:00:00,Variety_Sq,251,18.5,HIGH,Clouds,31.7,0,GREEN,121
2024-02-02 07:00:00,LIC_Sq,298,13.0,CRITICAL,Clear,31.2,0,GREEN,138
2024-02-02 07:00:00,Empress_Mall_Sq,293,8.5,CRITICAL,Clear,32.7,0,YELLOW,147
2024-02-02 08:00:00,Sitabuldi_Sq,259,16.3,HIGH,Clear,36.2,0,YELLOW,113
2024-02-02 08:00:00,Zero_Mile,309,10.6,CRITICAL,Clear,34.2,0,RED,141
2024-02-02 08:00:00,Kasturchand_Park,288,15.3,CRITICAL,Clear,33.9,0,GREEN,127
2024-02-02 08:00:00,Variety_Sq,293,11.0,CRITICAL,Clear,34.4,0,YELLOW,130
2024-02-02 08:00:00,LIC_Sq,289,10.1,CRITICAL,Clear,32.7,0,GREEN,120
2024-02-02 08:00:00,Empress_Mall_Sq,302,9.1,CRITICAL,Clear,33.5,0,RED,140
2024-02-02 09:00:00,Sitabuldi_Sq,351,5,CRITICAL,Clear,31.5,0,GREEN,155
2024-02-02 09:00:00,Zero_Mile,287,9.4,CRITICAL,Clear,34.6,0,RED,136
2024-02-02 09:00:00,Kasturchand_Park,293,13.0,CRITICAL,Clouds,30.6,0,GREEN,129
2024-02-02 09:00:00,Variety_Sq,332,5.4,CRITICAL,Clear,33.2,0,YELLOW,128
2024-02-02 09:00:00,LIC_Sq,277,9.7,HIGH,Clouds,35.4,0,YELLOW,141
2024-02-02 09:00:00,Empress_Mall_Sq,262,15.4,HIGH,Clear,32.2,0,YELLOW,100
2024-02-02 10:00:00,Sitabuldi_Sq,107,46.9,LOW,Clouds,33.6,0,RED,52
2024-02-02 10:00:00,Zero_Mile,161,37.3,MEDIUM,Clear,33.5,0,GREEN,83
2024-02-02 10:00:00,Kasturchand_Park,51,53.9,LOW,Clear,34.4,0,GREEN,16
2024-02-02 10:00:00,Variety_Sq,237,28.9,HIGH,Clear,30.6,0,YELLOW,106
2024-02-02 10:00:00,LIC_Sq,159,35.8,MEDIUM,Clouds,32.2,0,RED,51
2024-02-02 10:00:00,Empress_Mall_Sq,124,42.7,MEDIUM,Clear,34.9,0,YELLOW,78
2024-02-02 11:00:00,Sitabuldi_Sq,157,41.8,MEDIUM,Clear,31.5,0,GREEN,70
2024-02-02 11:00:00,Zero_Mile,107,46.4,LOW,Clear,31.8,0,RED,57
2024-02-02 11:00:00,Kasturchand_Park,140,41.3,MEDIUM,Clouds,34.1,0,GREEN,79
2024-02-02 11:00:00,Variety_Sq,144,39.1,MEDIUM,Clouds,33.0,0,YELLOW,69
2024-02-02 11:00:00,LIC_Sq,172,35.1,MEDIUM,Clear,30.5,0.29,GREEN,84
2024-02-02 11:00:00,Empress_Mall_Sq,102,47.0,LOW,Clear,34.5,0,YELLOW,57
2024-02-02 12:00:00,Sitabuldi_Sq,123,43.2,MEDIUM,Clear,32.5,0,RED,64
2024-02-02 12:00:00,Zero_Mile,85,48.9,LOW,Clear,32.5,0,RED,39
2024-02-02 12:00:00,Kasturchand_Park,132,43.6,MEDIUM,Clouds,36.5,0,YELLOW,67
2024-02-02 12:00:00,Variety_Sq,46,55.0,LOW,Clear,30.6,0,RED,11
2024-02-02 12:00:00,LIC_Sq,90,49.1,LOW,Rain,33.4,0.51,YELLOW,17
2024-02-02 12:00:00,Empress_Mall_Sq,95,41.7,LOW,Clouds,30.9,0,RED,36
2024-02-02 13:00:00,Sitabuldi_Sq,169,39.9,MEDIUM,Clear,35.0,0,YELLOW,80
2024-02-02 13:00:00,Zero_Mile,105,49.6,LOW,Clear,31.6,0,YELLOW,59
2024-02-02 13:00:00,Kasturchand_Park,113,42.4,LOW,Clouds,34.4,0,YELLOW,40
2024-02-02 13:00:00,Variety_Sq,108,48.7,LOW,Clear,35.3,0,RED,71
2024-02-02 13:00:00,LIC_Sq,89,48.1,LOW,Clouds,34.7,0,GREEN,47
2024-02-02 13:00:00,Empress_Mall_Sq,101,46.1,LOW,Clear,30.7,0.27,GREEN,49
2024-02-02 14:00:00,Sitabuldi_Sq,127,44.9,MEDIUM,Clear,34.4,0,RED,46
2024-02-02 14:00:00,Zero_Mile,132,43.3,MEDIUM,Clear,33.2,0,RED,75
2024-02-02 14:00:00,Kasturchand_Park,56,56.3,LOW,Clear,35.0,0,GREEN,31
2024-02-02 14:00:00,Variety_Sq,119,40.9,LOW,Clear,37.6,0,RED,60
2024-02-02 14:00:00,LIC_Sq,161,37.7,MEDIUM,Clouds,29.7,0,YELLOW,74
2024-02-02 14:00:00,Empress_Mall_Sq,64,56.5,LOW,Clear,39.2,0,YELLOW,28
2024-02-02 15:00:00,Sitabuldi_Sq,73,54.5,LOW,Clear,32.1,0,RED,44
2024-02-02 15:00:00,Zero_Mile,135,39.1,MEDIUM,Clouds,33.3,0,YELLOW,55
2024-02-02 15:00:00,Kasturchand_Park,148,39.1,MEDIUM,Clear,33.3,0,GREEN,69
2024-02-02 15:00:00,Variety_Sq,92,43.3,LOW,Clear,33.3,0,RED,25
2024-02-02 15:00:00,LIC_Sq,141,34.4,MEDIUM,Clouds,34.3,0,GREEN,69
2024-02-02 15:00:00,Empress_Mall_Sq,52,57.8,LOW,Clouds,35.9,0,RED,22
2024-02-02 16:00:00,Sitabuldi_Sq,311,5,CRITICAL,Clear,32.9,0,GREEN,132
2024-02-02 16:00:00,Zero_Mile,292,12.0,CRITICAL,Clouds,29.9,0,RED,125
2024-02-02 16:00:00,Kasturchand_Park,246,14.3,HIGH,Clear,30.8,0,YELLOW,98
2024-02-02 16:00:00,Variety_Sq,392,5,CRITICAL,Clear,33.2,0,RED,173
2024-02-02 16:00:00,LIC_Sq,346,5,CRITICAL,Clear,32.8,0,GREEN,152
2024-02-02 16:00:00,Empress_Mall_Sq,324,7.2,CRITICAL,Clouds,30.9,0,GREEN,151
2024-02-02 17:00:00,Sitabuldi_Sq,295,14.3,CRITICAL,Clear,32.6,0.03,RED,141
2024-02-02 17:00:00,Zero_Mile,263,17.3,HIGH,Clear,33.3,0,YELLOW,128
2024-02-02 17:00:00,Kasturchand_Park,280,11.0,HIGH,Clouds,31.9,0,RED,120
2024-02-02 17:00:00,Variety_Sq,342,5,CRITICAL,Clouds,31.2,0,YELLOW,170
2024-02-02 17:00:00,LIC_Sq,280,12.0,HIGH,Clear,35.4,0,GREEN,125
2024-02-02 17:00:00,Empress_Mall_Sq,277,16.6,HIGH,Clouds,34.9,0,YELLOW,132
2024-02-02 18:00:00,Sitabuldi_Sq,241,24.2,HIGH,Clouds,33.6,0,YELLOW,121
2024-02-02 18:00:00,Zero_Mile,255,24.5,HIGH,Clear,32.0,0,GREEN,113
2024-02-02 18:00:00,Kasturchand_Park,327,11.5,CRITICAL,Clear,32.7,0,RED,138
2024-02-02 18:00:00,Variety_Sq,353,5,CRITICAL,Clear,31.7,0,GREEN,163
2024-02-02 18:00:00,LIC_Sq,299,11.0,CRITICAL,Clear,35.3,0,GREEN,137
2024-02-02 18:00:00,Empress_Mall_Sq,266,19.1,HIGH,Clear,33.2,0,GREEN,123
2024-02-02 19:00:00,Sitabuldi_Sq,383,5,CRITICAL,Clear,33.9,0.16,YELLOW,160
2024-02-02 19:00:00,Zero_Mile,283,13.1,CRITICAL,Clear,34.8,0,YELLOW,124
2024-02-02 19:00:00,Kasturchand_Park,300,12.5,CRITICAL,Clear,33.6,0,YELLOW,131
2024-02-02 19:00:00,Variety_Sq,250,22.3,HIGH,Clear,29.6,0.01,GREEN,116
2024-02-02 19:00:00,LIC_Sq,287,21.4,CRITICAL,Clouds,29.2,0,YELLOW,130
2024-02-02 19:00:00,Empress_Mall_Sq,383,5,CRITICAL,Clouds,29.8,0,YELLOW,173
2024-02-02 20:00:00,Sitabuldi_Sq,111,49.5,LOW,Clear,35.3,0,GREEN,40
2024-02-02 20:00:00,Zero_Mile,108,42.6,LOW,Clear,29.2,0,GREEN,48
2024-02-02 20:00:00,Kasturchand_Park,78,50.1,LOW,Clear,34.3,0,YELLOW,40
2024-02-02 20:00:00,Variety_Sq,77,51.7,LOW,Clouds,33.6,0,YELLOW,28
2024-02-02 20:00:00,LIC_Sq,48,53.7,LOW,Clouds,34.1,0,RED,24
2024-02-02 20:00:00,Empress_Mall_Sq,151,37.6,MEDIUM,Clouds,36.4,0,GREEN,77
2024-02-02 21:00:00,Sitabuldi_Sq,130,42.4,MEDIUM,Clouds,31.7,0,GREEN,55
2024-02-02 21:00:00,Zero_Mile,105,46.4,LOW,Clear,35.1,0,RED,46
2024-02-02 21:00:00,Kasturchand_Park,131,42.1,MEDIUM,Clouds,26.0,0,RED,61
2024-02-02 21:00:00,Variety_Sq,220,25.7,HIGH,Clear,26.7,0,GREEN,81
2024-02-02 21:00:00,LIC_Sq,124,41.4,MEDIUM,Clear,29.8,0,YELLOW,67
2024-02-02 21:00:00,Empress_Mall_Sq,101,41.3,LOW,Clear,31.9,0,GREEN,43
2024-02-02 22:00:00,Sitabuldi_Sq,30,60.3,LOW,Clouds,35.5,0,YELLOW,16
2024-02-02 22:00:00,Zero_Mile,168,36.9,MEDIUM,Clear,33.0,0,RED,79
2024-02-02 22:00:00,Kasturchand_Park,147,38.9,MEDIUM,Clear,34.8,0,YELLOW,75
2024-02-02 22:00:00,Variety_Sq,126,41.1,MEDIUM,Clouds,33.0,0,YELLOW,45
2024-02-02 22:00:00,LIC_Sq,62,52.3,LOW,Clear,27.8,0,YELLOW,28
2024-02-02 22:00:00,Empress_Mall_Sq,106,43.9,LOW,Clear,32.6,0,YELLOW,44
2024-02-02 23:00:00,Sitabuldi_Sq,107,47.5,LOW,Clear,30.1,0,YELLOW,41
2024-02-02 23:00:00,Zero_Mile,102,47.7,LOW,Clouds,32.2,0,GREEN,52
2024-02-02 23:00:00,Kasturchand_Park,82,48.6,LOW,Clear,32.4,0,RED,17
2024-02-02 23:00:00,Variety_Sq,111,53.3,LOW,Clear,33.5,0,RED,58
2024-02-02 23:00:00,LIC_Sq,136,38.3,MEDIUM,Clear,32.6,0.37,YELLOW,55
2024-02-02 23:00:00,Empress_Mall_Sq,105,47.9,LOW,Clouds,32.5,0,YELLOW,54
2024-02-03 00:00:00,Sitabuldi_Sq,62,49.5,LOW,Clear,30.4,0,YELLOW,32
2024-02-03 00:00:00,Zero_Mile,99,46.4,LOW,Clear,32.7,0,GREEN,28
2024-02-03 00:00:00,Kasturchand_Park,75,48.2,LOW,Clouds,35.3,0,YELLOW,45
2024-02-03 00:00:00,Variety_Sq,52,60.3,LOW,Clear,34.3,0,YELLOW,25
2024-02-03 00:00:00,LIC_Sq,22,62.6,LOW,Clouds,33.0,0,GREEN,9
2024-02-03 00:00:00,Empress_Mall_Sq,189,28.4,MEDIUM,Clear,31.4,0,RED,90
2024-02-03 01:00:00,Sitabuldi_Sq,71,54.0,LOW,Clear,34.6,0,YELLOW,39
2024-02-03 01:00:00,Zero_Mile,89,47.9,LOW,Clear,33.8,0,GREEN,28
2024-02-03 01:00:00,Kasturchand_Park,77,51.3,LOW,Clouds,34.5,0,GREEN,32
2024-02-03 01:00:00,Variety_Sq,110,43.6,LOW,Clear,33.6,0,YELLOW,51
2024-02-03 01:00:00,LIC_Sq,26,63.4,LOW,Clear,31.3,0,YELLOW,5
2024-02-03 01:00:00,Empress_Mall_Sq,20,61.8,LOW,Clear,31.8,0,YELLOW,17
2024-02-03 02:00:00,Sitabuldi_Sq,104,42.2,LOW,Clear,31.5,0,GREEN,45
2024-02-03 02:00:00,Zero_Mile,154,37.1,MEDIUM,Clouds,33.8,0,GREEN,82
2024-02-03 02:00:00,Kasturchand_Park,51,58.5,LOW,Clouds,34.5,0,RED,23
2024-02-03 02:00:00,Variety_Sq,151,35.8,MEDIUM,Clear,30.0,0.07,GREEN,62
2024-02-03 02:00:00,LIC_Sq,114,42.4,LOW,Clear,35.0,0,GREEN,52
2024-02-03 02:00:00,Empress_Mall_Sq,74,50.0,LOW,Clouds,36.1,0,YELLOW,21
2024-02-03 03:00:00,Sitabuldi_Sq,59,56.9,LOW,Clouds,31.8,0,GREEN,45
2024-02-03 03:00:00,Zero_Mile,91,46.5,LOW,Clear,32.7,0,YELLOW,37
2024-02-03 03:00:00,Kasturchand_Park,103,48.7,LOW,Clear,31.9,0,GREEN,46
2024-02-03 03:00:00,Variety_Sq,86,46.7,LOW,Clouds,33.9,0,YELLOW,41
2024-02-03 03:00:00,LIC_Sq,124,38.7,MEDIUM,Clear,28.0,0,GREEN,66
2024-02-03 03:00:00,Empress_Mall_Sq,22,59.4,LOW,Clear,32.5,0.48,YELLOW,18
2024-02-03 04:00:00,Sitabuldi_Sq,70,48.7,LOW,Clouds,32.2,0,RED,32
2024-02-03 04:00:00,Zero_Mile,61,55.6,LOW,Clear,31.9,0,GREEN,36
2024-02-03 04:00:00,Kasturchand_Park,77,49.9,LOW,Clear,34.0,0,YELLOW,26
2024-02-03 04:00:00,Variety_Sq,71,47.1,LOW,Clouds,31.5,0,RED,33
2024-02-03 04:00:00,LIC_Sq,57,51.0,LOW,Clear,32.5,0,YELLOW,17
2024-02-03 04:00:00,Empress_Mall_Sq,20,63.9,LOW,Clear,32.6,0,RED,11
2024-02-03 05:00:00,Sitabuldi_Sq,79,48.3,LOW,Clear,37.1,0,YELLOW,17
2024-02-03 05:00:00,Zero_Mile,35,61.1,LOW,Clear,30.1,0,RED,25
2024-02-03 05:00:00,Kasturchand_Park,20,63.4,LOW,Clear,36.2,0,RED,8
2024-02-03 05:00:00,Variety_Sq,147,36.4,MEDIUM,Clouds,32.8,0,GREEN,49
2024-02-03 05:00:00,LIC_Sq,110,42.5,LOW,Clear,34.2,0,RED,55
2024-02-03 05:00:00,Empress_Mall_Sq,103,49.9,LOW,Clear,35.7,0,YELLOW,50
2024-02-03 06:00:00,Sitabuldi_Sq,33,59.9,LOW,Clear,37.5,0,RED,10
2024-02-03 06:00:00,Zero_Mile,51,57.2,LOW,Clear,33.5,0.29,RED,17
2024-02-03 06:00:00,Kasturchand_Park,75,59.8,LOW,Clear,33.1,0,YELLOW,51
2024-02-03 06:00:00,Variety_Sq,106,49.3,LOW,Clouds,30.5,0,YELLOW,42
2024-02-03 06:00:00,LIC_Sq,139,45.8,MEDIUM,Clear,30.4,0,RED,80
2024-02-03 06:00:00,Empress_Mall_Sq,96,52.1,LOW,Clear,33.6,0,GREEN,36
2024-02-03 07:00:00,Sitabuldi_Sq,181,24.1,MEDIUM,Clear,33.7,0,YELLOW,73
2024-02-03 07:00:00,Zero_Mile,180,35.0,MEDIUM,Clear,34.8,0,GREEN,91
2024-02-03 07:00:00,Kasturchand_Park,118,46.1,LOW,Clear,29.0,0,RED,53
2024-02-03 07:00:00,Variety_Sq,212,25.7,HIGH,Clear,32.0,0,RED,75
2024-02-03 07:00:00,LIC_Sq,173,27.8,MEDIUM,Clear,34.9,0,RED,92
2024-02-03 07:00:00,Empress_Mall_Sq,148,32.9,MEDIUM,Clouds,34.1,0,RED,80
2024-02-03 08:00:00,Sitabuldi_Sq,107,47.2,LOW,Clouds,32.7,0,RED,62
2024-02-03 08:00:00,Zero_Mile,114,41.9,LOW,Clouds,34.8,0,GREEN,65
2024-02-03 08:00:00,Kasturchand_Park,193,29.1,MEDIUM,Clear,37.8,0,GREEN,97
2024-02-03 08:00:00,Variety_Sq,206,20.4,HIGH,Clear,33.2,0,GREEN,107
2024-02-03 08:00:00,LIC_Sq,158,32.6,MEDIUM,Clear,32.8,0.06,YELLOW,62
2024-02-03 08:00:00,Empress_Mall_Sq,137,44.5,MEDIUM,Clear,38.4,0,RED,50
2024-02-03 09:00:00,Sitabuldi_Sq,110,45.5,LOW,Clouds,34.5,0,GREEN,62
2024-02-03 09:00:00,Zero_Mile,237,13.5,HIGH,Clear,30.3,0.22,YELLOW,119
2024-02-03 09:00:00,Kasturchand_Park,169,33.5,MEDIUM,Clouds,33.0,0,RED,85
2024-02-03 09:00:00,Variety_Sq,184,30.2,MEDIUM,Clear,33.8,0,YELLOW,65
2024-02-03 09:00:00,LIC_Sq,111,37.6,LOW,Clear,32.7,0,RED,72
2024-02-03 09:00:00,Empress_Mall_Sq,165,36.0,MEDIUM,Clear,35.7,0,RED,74
2024-02-03 10:00:00,Sitabuldi_Sq,183,33.7,MEDIUM,Clouds,35.7,0,YELLOW,79
2024-02-03 10:00:00,Zero_Mile,80,51.6,LOW,Clear,33.3,0,GREEN,16
2024-02-03 10:00:00,Kasturchand_Park,94,49.3,LOW,Clouds,34.0,0,YELLOW,64
2024-02-03 10:00:00,Variety_Sq,46,55.7,LOW,Clear,35.1,0,RED,16
2024-02-03 10:00:00,LIC_Sq,37,53.9,LOW,Clear,31.0,0,GREEN,5
2024-02-03 10:00:00,Empress_Mall_Sq,111,42.4,LOW,Clear,32.0,0,GREEN,47
2024-02-03 11:00:00,Sitabuldi_Sq,65,54.7,LOW,Clear,33.0,0,YELLOW,28
2024-02-03 11:00:00,Zero_Mile,102,51.3,LOW,Clear,33.3,0,RED,50
2024-02-03 11:00:00,Kasturchand_Park,98,49.8,LOW,Clear,29.3,0,RED,35
2024-02-03 11:00:00,Variety_Sq,86,46.1,LOW,Clear,36.1,0.04,YELLOW,40
2024-02-03 11:00:00,LIC_Sq,20,60.1,LOW,Clouds,36.1,0,RED,5
2024-02-03 11:00:00,Empress_Mall_Sq,177,33.7,MEDIUM,Clouds,33.3,0,RED,74
2024-02-03 12:00:00,Sitabuldi_Sq,27,59.8,LOW,Clear,31.5,0,RED,12
2024-02-03 12:00:00,Zero_Mile,63,51.2,LOW,Clouds,36.0,0,RED,27
2024-02-03 12:00:00,Kasturchand_Park,131,42.5,MEDIUM,Clear,34.4,0,RED,55
2024-02-03 12:00:00,Variety_Sq,68,51.4,LOW,Clear,34.3,0,GREEN,40
2024-02-03 12:00:00,LIC_Sq,63,58.1,LOW,Clear,36.8,0,RED,32
2024-02-03 12:00:00,Empress_Mall_Sq,81,47.8,LOW,Clear,38.1,0,GREEN,43
2024-02-03 13:00:00,Sitabuldi_Sq,38,58.4,LOW,Clouds,31.0,0,YELLOW,5
2024-02-03 13:00:00,Zero_Mile,93,47.5,LOW,Clear,34.3,0,RED,19
2024-02-03 13:00:00,Kasturchand_Park,77,51.9,LOW,Clear,30.5,0,YELLOW,29
2024-02-03 13:00:00,Variety_Sq,20,61.0,LOW,Clear,37.3,0,RED,5
2024-02-03 13:00:00,LIC_Sq,75,52.7,LOW,Clear,33.4,0,RED,30
2024-02-03 13:00:00,Empress_Mall_Sq,20,55.0,LOW,Clouds,33.2,0,YELLOW,13
2024-02-03 14:00:00,Sitabuldi_Sq,25,61.8,LOW,Rain,32.5,0.5,GREEN,19
2024-02-03 14:00:00,Zero_Mile,71,53.3,LOW,Clear,32.7,0,GREEN,26
2024-02-03 14:00:00,Kasturchand_Park,35,60.8,LOW,Clear,32.7,0,GREEN,8
2024-02-03 14:00:00,Variety_Sq,68,51.8,LOW,Clear,35.6,0,RED,41
2024-02-03 14:00:00,LIC_Sq,97,43.9,LOW,Clear,35.9,0,GREEN,39
2024-02-03 14:00:00,Empress_Mall_Sq,27,62.7,LOW,Clouds,30.4,0,RED,27
2024-02-03 15:00:00,Sitabuldi_Sq,65,60.7,LOW,Clouds,31.9,0,GREEN,15
2024-02-03 15:00:00,Zero_Mile,141,41.4,MEDIUM,Clouds,33.3,0,YELLOW,65
2024-02-03 15:00:00,Kasturchand_Park,34,60.7,LOW,Clear,32.0,0,RED,20
2024-02-03 15:00:00,Variety_Sq,104,46.8,LOW,Clouds,31.4,0,RED,42
2024-02-03 15:00:00,LIC_Sq,141,36.9,MEDIUM,Rain,34.1,0.71,RED,65
2024-02-03 15:00:00,Empress_Mall_Sq,75,57.4,LOW,Clear,35.3,0,YELLOW,30
2024-02-03 16:00:00,Sitabuldi_Sq,223,21.7,HIGH,Clouds,33.2,0,RED,110
2024-02-03 16:00:00,Zero_Mile,166,38.7,MEDIUM,Clouds,30.7,0,GREEN,71
2024-02-03 16:00:00,Kasturchand_Park,201,31.2,HIGH,Clear,33.6,0,RED,92
2024-02-03 16:00:00,Variety_Sq,171,35.2,MEDIUM,Clear,33.5,0,RED,75
2024-02-03 16:00:00,LIC_Sq,142,41.3,MEDIUM,Clear,32.4,0,RED,56
2024-02-03 16:00:00,Empress_Mall_Sq,152,38.1,MEDIUM,Clouds,37.8,0,RED,76
2024-02-03 17:00:00,Sitabuldi_Sq,218,24.4,HIGH,Clear,29.9,0,YELLOW,97
2024-02-03 17:00:00,Zero_Mile,239,20.6,HIGH,Clear,33.8,0.05,RED,91
2024-02-03 17:00:00,Kasturchand_Park,223,28.0,HIGH,Clear,35.5,0,YELLOW,90
2024-02-03 17:00:00,Variety_Sq,155,37.0,MEDIUM,Clouds,30.6,0,YELLOW,77
2024-02-03 17:00:00,LIC_Sq,215,28.0,HIGH,Clear,34.2,0,GREEN,116
2024-02-03 17:00:00,Empress_Mall_Sq,237,25.0,HIGH,Clouds,35.6,0,GREEN,108
2024-02-03 18:00:00,Sitabuldi_Sq,198,29.1,MEDIUM,Clear,32.4,0,RED,65
2024-02-03 18:00:00,Zero_Mile,132,42.8,MEDIUM,Clouds,36.8,0,RED,67
2024-02-03 18:00:00,Kasturchand_Park,177,30.8,MEDIUM,Clear,35.1,0,YELLOW,80
2024-02-03 18:00:00,Variety_Sq,216,26.8,HIGH,Clear,32.1,0,RED,82
2024-02-03 18:00:00,LIC_Sq,265,14.6,HIGH,Clear,36.5,0,RED,113
2024-02-03 18:00:00,Empress_Mall_Sq,193,27.4,MEDIUM,Clear,34.9,0,GREEN,78
2024-02-03 19:00:00,Sitabuldi_Sq,260,18.4,HIGH,Clear,36.9,0,GREEN,112
2024-02-03 19:00:00,Zero_Mile,231,26.0,HIGH,Clear,34.2,0,YELLOW,91
2024-02-03 19:00:00,Kasturchand_Park,195,26.7,MEDIUM,Clouds,32.6,0,GREEN,100
2024-02-03 19:00:00,Variety_Sq,145,40.8,MEDIUM,Clear,30.5,0,YELLOW,60
2024-02-03 19:00:00,LIC_Sq,221,22.2,HIGH,Clear,32.1,0,GREEN,86
2024-02-03 19:00:00,Empress_Mall_Sq,267,19.0,HIGH,Clouds,34.7,0,GREEN,128
2024-02-03 20:00:00,Sitabuldi_Sq,79,56.2,LOW,Clear,34.7,0,GREEN,39
2024-02-03 20:00:00,Zero_Mile,152,37.6,MEDIUM,Clouds,33.6,0,GREEN,86
2024-02-03 20:00:00,Kasturchand_Park,93,44.9,LOW,Clear,32.4,0,RED,33
2024-02-03 20:00:00,Variety_Sq,43,56.9,LOW,Clear,34.5,0,RED,25
2024-02-03 20:00:00,LIC_Sq,101,47.7,LOW,Clear,29.7,0,YELLOW,30
2024-02-03 20:00:00,Empress_Mall_Sq,81,51.6,LOW,Clear,30.9,0,RED,40
2024-02-03 21:00:00,Sitabuldi_Sq,73,50.6,LOW,Clear,33.5,0,YELLOW,42
2024-02-03 21:00:00,Zero_Mile,20,63.9,LOW,Clear,32.6,0,YELLOW,5
2024-02-03 21:00:00,Kasturchand_Park,26,65.2,LOW,Clear,30.5,0,YELLOW,19
2024-02-03 21:00:00,Variety_Sq,61,53.3,LOW,Clouds,33.8,0,YELLOW,18
2024-02-03 21:00:00,LIC_Sq,49,57.2,LOW,Clear,31.0,0,GREEN,28
2024-02-03 21:00:00,Empress_Mall_Sq,44,55.4,LOW,Clear,36.9,0,RED,5
2024-02-03 22:00:00,Sitabuldi_Sq,101,43.9,LOW,Clear,32.3,0,YELLOW,41
2024-02-03 22:00:00,Zero_Mile,87,48.7,LOW,Clear,33.4,0,RED,38
2024-02-03 22:00:00,Kasturchand_Park,99,43.4,LOW,Clear,36.7,0,YELLOW,50
2024-02-03 22:00:00,Variety_Sq,68,51.4,LOW,Clouds,35.9,0,GREEN,31
2024-02-03 22:00:00,LIC_Sq,134,45.1,MEDIUM,Clouds,32.9,0.15,GREEN,49
2024-02-03 22:00:00,Empress_Mall_Sq,135,43.2,MEDIUM,Clear,30.1,0,RED,61
2024-02-03 23:00:00,Sitabuldi_Sq,87,47.7,LOW,Clouds,35.1,0,GREEN,42
2024-02-03 23:00:00,Zero_Mile,136,38.1,MEDIUM,Clear,33.2,0,GREEN,54
2024-02-03 23:00:00,Kasturchand_Park,131,41.9,MEDIUM,Clear,33.3,0,YELLOW,59
2024-02-03 23:00:00,Variety_Sq,85,48.8,LOW,Clouds,33.2,0.29,RED,33
2024-02-03 23:00:00,LIC_Sq,141,41.9,MEDIUM,Rain,33.9,0.65,YELLOW,59
2024-02-03 23:00:00,Empress_Mall_Sq,142,34.1,MEDIUM,Clear,29.5,0,YELLOW,61
2024-02-04 00:00:00,Sitabuldi_Sq,80,50.0,LOW,Clouds,33.5,0,GREEN,36
2024-02-04 00:00:00,Zero_Mile,83,49.8,LOW,Clear,30.6,0,YELLOW,38
2024-02-04 00:00:00,Kasturchand_Park,42,50.9,LOW,Clear,36.3,0,RED,33
2024-02-04 00:00:00,Variety_Sq,44,58.2,LOW,Clear,32.8,0.07,RED,28
2024-02-04 00:00:00,LIC_Sq,66,51.8,LOW,Clouds,33.2,0,GREEN,38
2024-02-04 00:00:00,Empress_Mall_Sq,55,52.7,LOW,Clear,36.1,0,YELLOW,6
2024-02-04 01:00:00,Sitabuldi_Sq,40,57.5,LOW,Clouds,35.7,0.12,YELLOW,20
2024-02-04 01:00:00,Zero_Mile,145,42.5,MEDIUM,Clouds,34.2,0,GREEN,59
2024-02-04 01:00:00,Kasturchand_Park,20,62.4,LOW,Clear,30.9,0,RED,5
2024-02-04 01:00:00,Variety_Sq,95,44.8,LOW,Clear,34.4,0,YELLOW,63
2024-02-04 01:00:00,LIC_Sq,130,37.1,MEDIUM,Clouds,34.3,0,RED,80
2024-02-04 01:00:00,Empress_Mall_Sq,60,56.0,LOW,Clear,32.9,0,RED,18
2024-02-04 02:00:00,Sitabuldi_Sq,83,48.9,LOW,Clear,33.4,0,GREEN,26
2024-02-04 02:00:00,Zero_Mile,109,41.3,LOW,Clouds,35.5,0,GREEN,36
2024-02-04 02:00:00,Kasturchand_Park,62,48.3,LOW,Clouds,34.1,0,RED,34
2024-02-04 02:00:00,Variety_Sq,83,51.8,LOW,Clouds,34.2,0,GREEN,19
2024-02-04 02:00:00,LIC_Sq,115,48.5,LOW,Clear,33.7,0,RED,62
2024-02-04 02:00:00,Empress_Mall_Sq,150,35.2,MEDIUM,Clear,34.9,0,RED,80
2024-02-04 03:00:00,Sitabuldi_Sq,94,50.4,LOW,Clouds,32.7,0,RED,47
2024-02-04 03:00:00,Zero_Mile,64,53.6,LOW,Clear,33.9,0,GREEN,25
2024-02-04 03:00:00,Kasturchand_Park,54,52.6,LOW,Clear,36.2,0,RED,43
2024-02-04 03:00:00,Variety_Sq,43,54.2,LOW,Clear,35.0,0.37,YELLOW,31
2024-02-04 03:00:00,LIC_Sq,110,45.6,LOW,Clear,34.5,0,RED,36
2024-02-04 03:00:00,Empress_Mall_Sq,35,62.9,LOW,Clouds,33.7,0,GREEN,5
2024-02-04 04:00:00,Sitabuldi_Sq,44,61.4,LOW,Clear,33.4,0,RED,10
2024-02-04 04:00:00,Zero_Mile,144,38.2,MEDIUM,Clear,34.5,0,YELLOW,74
2024-02-04 04:00:00,Kasturchand_Park,76,47.8,LOW,Clear,35.6,0,GREEN,19
2024-02-04 04:00:00,Variety_Sq,116,50.8,LOW,Clear,34.7,0,YELLOW,53
2024-02-04 04:00:00,LIC_Sq,105,45.3,LOW,Clear,34.7,0,GREEN,33
2024-02-04 04:00:00,Empress_Mall_Sq,72,53.8,LOW,Clouds,33.6,0,RED,38
2024-02-04 05:00:00,Sitabuldi_Sq,95,43.9,LOW,Clear,33.9,0,RED,37
2024-02-04 05:00:00,Zero_Mile,84,49.2,LOW,Clouds,33.9,0.33,GREEN,46
2024-02-04 05:00:00,Kasturchand_Park,44,54.8,LOW,Clouds,32.2,0,YELLOW,17
2024-02-04 05:00:00,Variety_Sq,82,50.7,LOW,Clear,33.9,0,YELLOW,27
2024-02-04 05:00:00,LIC_Sq,86,51.1,LOW,Clear,32.0,0,YELLOW,27
2024-02-04 05:00:00,Empress_Mall_Sq,20,60.1,LOW,Clear,34.2,0,YELLOW,5
2024-02-04 06:00:00,Sitabuldi_Sq,101,47.6,LOW,Clouds,32.3,0,YELLOW,41
2024-02-04 06:00:00,Zero_Mile,65,56.7,LOW,Clear,30.8,0.18,RED,20
2024-02-04 06:00:00,Kasturchand_Park,76,48.6,LOW,Clear,34.4,0,GREEN,38
2024-02-04 06:00:00,Variety_Sq,168,33.1,MEDIUM,Clear,31.2,0,YELLOW,55
2024-02-04 06:00:00,LIC_Sq,75,48.5,LOW,Clear,36.1,0,RED,41
2024-02-04 06:00:00,Empress_Mall_Sq,141,41.4,MEDIUM,Clear,35.5,0,GREEN,63
2024-02-04 07:00:00,Sitabuldi_Sq,159,34.1,MEDIUM,Clouds,36.4,0,RED,86
2024-02-04 07:00:00,Zero_Mile,160,41.1,MEDIUM,Clouds,31.8,0,RED,87
2024-02-04 07:00:00,Kasturchand_Park,166,33.2,MEDIUM,Clouds,33.8,0,RED,61
2024-02-04 07:00:00,Variety_Sq,119,42.4,LOW,Clear,34.0,0,RED,48
2024-02-04 07:00:00,LIC_Sq,243,22.1,HIGH,Clear,33.9,0,RED,118
2024-02-04 07:00:00,Empress_Mall_Sq,245,21.1,HIGH,Clear,30.2,0,GREEN,123
2024-02-04 08:00:00,Sitabuldi_Sq,162,35.5,MEDIUM,Clouds,35.0,0,YELLOW,80
2024-02-04 08:00:00,Zero_Mile,185,29.8,MEDIUM,Rain,31.0,0.67,RED,79
2024-02-04 08:00:00,Kasturchand_Park,167,35.6,MEDIUM,Clear,32.7,0,GREEN,68
2024-02-04 08:00:00,Variety_Sq,172,32.0,MEDIUM,Clear,34.7,0.22,RED,76
2024-02-04 08:00:00,LIC_Sq,150,33.3,MEDIUM,Clear,31.7,0,YELLOW,74
2024-02-04 08:00:00,Empress_Mall_Sq,281,16.6,CRITICAL,Clear,33.2,0,GREEN,143
2024-02-04 09:00:00,Sitabuldi_Sq,183,34.9,MEDIUM,Clear,36.6,0.13,GREEN,93
2024-02-04 09:00:00,Zero_Mile,205,28.2,HIGH,Clear,31.9,0,GREEN,87
2024-02-04 09:00:00,Kasturchand_Park,197,26.8,MEDIUM,Clear,33.6,0,GREEN,83
2024-02-04 09:00:00,Variety_Sq,168,32.9,MEDIUM,Clouds,33.6,0,GREEN,69
2024-02-04 09:00:00,LIC_Sq,197,32.1,MEDIUM,Clear,37.4,0,RED,90
2024-02-04 09:00:00,Empress_Mall_Sq,146,39.0,MEDIUM,Clear,36.1,0,YELLOW,60
2024-02-04 10:00:00,Sitabuldi_Sq,23,65.8,LOW,Clear,33.5,0,GREEN,5
2024-02-04 10:00:00,Zero_Mile,162,36.6,MEDIUM,Clear,32.4,0,YELLOW,75
2024-02-04 10:00:00,Kasturchand_Park,200,31.9,MEDIUM,Clouds,32.3,0,RED,87
2024-02-04 10:00:00,Variety_Sq,123,41.8,MEDIUM,Clouds,32.9,0,GREEN,52
2024-02-04 10:00:00,LIC_Sq,28,61.1,LOW,Clear,34.3,0,YELLOW,14
2024-02-04 10:00:00,Empress_Mall_Sq,67,53.7,LOW,Clouds,39.7,0,GREEN,46
2024-02-04 11:00:00,Sitabuldi_Sq,20,60.4,LOW,Clouds,36.6,0,YELLOW,10
2024-02-04 11:00:00,Zero_Mile,96,47.4,LOW,Clear,33.1,0,GREEN,44
2024-02-04 11:00:00,Kasturchand_Park,108,44.0,LOW,Clear,33.2,0,RED,46
2024-02-04 11:00:00,Variety_Sq,39,61.6,LOW,Clouds,36.7,0,YELLOW,25
2024-02-04 11:00:00,LIC_Sq,105,44.7,LOW,Clear,34.9,0,RED,51
2024-02-04 11:00:00,Empress_Mall_Sq,160,35.6,MEDIUM,Clear,32.7,0,RED,67
2024-02-04 12:00:00,Sitabuldi_Sq,77,54.5,LOW,Clear,33.3,0,GREEN,32
2024-02-04 12:00:00,Zero_Mile,20,62.0,LOW,Clear,34.3,0,RED,8
2024-02-04 12:00:00,Kasturchand_Park,102,46.7,LOW,Clear,33.9,0,RED,42
2024-02-04 12:00:00,Variety_Sq,121,44.7,MEDIUM,Clear,37.3,0,YELLOW,50
2024-02-04 12:00:00,LIC_Sq,98,42.2,LOW,Clear,33.0,0,GREEN,53
2024-02-04 12:00:00,Empress_Mall_Sq,31,58.8,LOW,Clear,34.4,0,GREEN,21
2024-02-04 13:00:00,Sitabuldi_Sq,87,45.9,LOW,Clouds,31.0,0.27,GREEN,35
2024-02-04 13:00:00,Zero_Mile,54,53.5,LOW,Clear,31.9,0,RED,17
2024-02-04 13:00:00,Kasturchand_Park,118,40.8,LOW,Clear,37.3,0.44,YELLOW,46
2024-02-04 13:00:00,Variety_Sq,107,45.5,LOW,Clouds,33.1,0,YELLOW,35
2024-02-04 13:00:00,LIC_Sq,49,55.5,LOW,Clouds,34.5,0,GREEN,22
2024-02-04 13:00:00,Empress_Mall_Sq,76,54.5,LOW,Clear,34.2,0.46,GREEN,26
2024-02-04 14:00:00,Sitabuldi_Sq,56,53.9,LOW,Clear,35.4,0,RED,12
2024-02-04 14:00:00,Zero_Mile,98,42.8,LOW,Clear,30.6,0,RED,47
2024-02-04 14:00:00,Kasturchand_Park,20,58.7,LOW,Clouds,28.9,0,RED,5
2024-02-04 14:00:00,Variety_Sq,98,44.5,LOW,Clear,33.3,0,GREEN,42
2024-02-04 14:00:00,LIC_Sq,124,41.3,MEDIUM,Clouds,33.0,0,RED,80
2024-02-04 14:00:00,Empress_Mall_Sq,76,52.5,LOW,Clear,31.9,0,GREEN,25
2024-02-04 15:00:00,Sitabuldi_Sq,102,44.3,LOW,Clear,32.6,0,YELLOW,57
2024-02-04 15:00:00,Zero_Mile,86,50.3,LOW,Clear,34.3,0,RED,49
2024-02-04 15:00:00,Kasturchand_Park,58,54.6,LOW,Clear,33.0,0,RED,18
2024-02-04 15:00:00,Variety_Sq,67,55.4,LOW,Clouds,33.1,0,GREEN,24
2024-02-04 15:00:00,LIC_Sq,83,49.9,LOW,Clear,32.8,0,RED,33
2024-02-04 15:00:00,Empress_Mall_Sq,57,51.0,LOW,Clear,33.1,0,RED,19
2024-02-04 16:00:00,Sitabuldi_Sq,200,33.0,MEDIUM,Clouds,32.8,0,RED,83
2024-02-04 16:00:00,Zero_Mile,174,37.0,MEDIUM,Clear,31.8,0,GREEN,96
2024-02-04 16:00:00,Kasturchand_Park,214,23.8,HIGH,Clear,32.6,0,RED,98
2024-02-04 16:00:00,Variety_Sq,168,34.2,MEDIUM,Clouds,35.1,0,YELLOW,79
2024-02-04 16:00:00,LIC_Sq,204,22.9,HIGH,Clear,31.7,0,YELLOW,104
2024-02-04 16:00:00,Empress_Mall_Sq,162,37.5,MEDIUM,Clear,36.2,0,GREEN,95
2024-02-04 17:00:00,Sitabuldi_Sq,239,16.8,HIGH,Clouds,37.3,0,GREEN,93
2024-02-04 17:00:00,Zero_Mile,178,34.0,MEDIUM,Clear,33.4,0,GREEN,83
2024-02-04 17:00:00,Kasturchand_Park,157,40.0,MEDIUM,Clear,33.4,0,RED,85
2024-02-04 17:00:00,Variety_Sq,206,29.7,HIGH,Clouds,35.3,0,RED,83
2024-02-04 17:00:00,LIC_Sq,169,35.2,MEDIUM,Clear,33.3,0,YELLOW,85
2024-02-04 17:00:00,Empress_Mall_Sq,226,23.6,HIGH,Clouds,36.7,0,RED,90
2024-02-04 18:00:00,Sitabuldi_Sq,272,15.0,HIGH,Clouds,36.0,0,YELLOW,122
2024-02-04 18:00:00,Zero_Mile,184,29.4,MEDIUM,Clear,33.2,0,RED,74
2024-02-04 18:00:00,Kasturchand_Park,233,26.8,HIGH,Clear,34.8,0.34,YELLOW,100
2024-02-04 18:00:00,Variety_Sq,215,28.3,HIGH,Clear,32.6,0,RED,100
2024-02-04 18:00:00,LIC_Sq,220,28.3,HIGH,Clear,33.9,0,RED,105
2024-02-04 18:00:00,Empress_Mall_Sq,160,39.3,MEDIUM,Clouds,34.2,0,RED,63
2024-02-04 19:00:00,Sitabuldi_Sq,212,24.7,HIGH,Clouds,36.4,0,RED,93
2024-02-04 19:00:00,Zero_Mile,149,38.7,MEDIUM,Clear,37.2,0,RED,71
2024-02-04 19:00:00,Kasturchand_Park,153,36.6,MEDIUM,Clouds,34.7,0,RED,64
2024-02-04 19:00:00,Variety_Sq,225,23.2,HIGH,Clear,30.7,0,GREEN,103
2024-02-04 19:00:00,LIC_Sq,177,37.8,MEDIUM,Clear,36.4,0,GREEN,78
2024-02-04 19:00:00,Empress_Mall_Sq,142,41.6,MEDIUM,Clear,32.7,0,YELLOW,55
2024-02-04 20:00:00,Sitabuldi_Sq,54,52.8,LOW,Clear,34.1,0.34,YELLOW,7
2024-02-04 20:00:00,Zero_Mile,124,40.6,MEDIUM,Clear,33.4,0,RED,53
2024-02-04 20:00:00,Kasturchand_Park,43,58.3,LOW,Clouds,34.5,0,YELLOW,19
2024-02-04 20:00:00,Variety_Sq,94,48.0,LOW,Clouds,37.7,0,RED,48
2024-02-04 20:00:00,LIC_Sq,124,48.6,MEDIUM,Clear,32.0,0,GREEN,48
2024-02-04 20:00:00,Empress_Mall_Sq,65,52.2,LOW,Clouds,34.7,0,YELLOW,40
2024-02-04 21:00:00,Sitabuldi_Sq,53,53.8,LOW,Clear,30.8,0,YELLOW,37
2024-02-04 21:00:00,Zero_Mile,32,56.6,LOW,Clouds,35.8,0,GREEN,11
2024-02-04 21:00:00,Kasturchand_Park,58,52.6,LOW,Clouds,33.2,0,RED,33
2024-02-04 21:00:00,Variety_Sq,85,53.1,LOW,Clouds,33.6,0,RED,57
2024-02-04 21:00:00,LIC_Sq,56,54.1,LOW,Clear,32.4,0,YELLOW,6
2024-02-04 21:00:00,Empress_Mall_Sq,62,61.9,LOW,Clear,31.9,0,RED,14
2024-02-04 22:00:00,Sitabuldi_Sq,61,50.1,LOW,Clear,34.2,0,YELLOW,33
2024-02-04 22:00:00,Zero_Mile,20,62.5,LOW,Clear,31.1,0,GREEN,5
2024-02-04 22:00:00,Kasturchand_Park,20,62.3,LOW,Clouds,35.1,0,YELLOW,14
2024-02-04 22:00:00,Variety_Sq,43,56.7,LOW,Clouds,34.0,0,GREEN,5
2024-02-04 22:00:00,LIC_Sq,38,62.7,LOW,Clear,33.3,0,YELLOW,5
2024-02-04 22:00:00,Empress_Mall_Sq,30,61.9,LOW,Clear,31.2,0,RED,24
2024-02-04 23:00:00,Sitabuldi_Sq,62,57.0,LOW,Clear,33.8,0,GREEN,26
2024-02-04 23:00:00,Zero_Mile,92,49.1,LOW,Clear,33.0,0,YELLOW,51
2024-02-04 23:00:00,Kasturchand_Park,73,53.2,LOW,Clear,37.0,0,RED,35
2024-02-04 23:00:00,Variety_Sq,112,45.9,LOW,Clear,34.2,0,RED,36
2024-02-04 23:00:00,LIC_Sq,95,49.9,LOW,Clear,33.7,0,RED,59
2024-02-04 23:00:00,Empress_Mall_Sq,120,44.2,LOW,Clear,37.1,0,RED,40
2024-02-05 00:00:00,Sitabuldi_Sq,92,49.0,LOW,Clear,34.7,0,RED,36
2024-02-05 00:00:00,Zero_Mile,110,40.3,LOW,Clear,33.1,0,YELLOW,54
2024-02-05 00:00:00,Kasturchand_Park,88,48.4,LOW,Clouds,31.1,0,RED,43
2024-02-05 00:00:00,Variety_Sq,143,34.4,MEDIUM,Clear,36.0,0,GREEN,48
2024-02-05 00:00:00,LIC_Sq,82,47.6,LOW,Clouds,34.1,0,YELLOW,5
2024-02-05 00:00:00,Empress_Mall_Sq,95,49.3,LOW,Clouds,37.1,0,GREEN,25
2024-02-05 01:00:00,Sitabuldi_Sq,145,34.9,MEDIUM,Clear,33.4,0.12,YELLOW,65
2024-02-05 01:00:00,Zero_Mile,83,51.4,LOW,Clear,34.2,0,GREEN,33
2024-02-05 01:00:00,Kasturchand_Park,146,35.5,MEDIUM,Clear,39.4,0,RED,79
2024-02-05 01:00:00,Variety_Sq,98,49.0,LOW,Clouds,34.5,0.35,RED,38
2024-02-05 01:00:00,LIC_Sq,129,44.4,MEDIUM,Clear,34.4,0.09,GREEN,51
2024-02-05 01:00:00,Empress_Mall_Sq,169,36.3,MEDIUM,Clouds,32.4,0,YELLOW,69
2024-02-05 02:00:00,Sitabuldi_Sq,144,40.6,MEDIUM,Clear,32.9,0,YELLOW,61
2024-02-05 02:00:00,Zero_Mile,181,33.6,MEDIUM,Clear,34.0,0,YELLOW,88
2024-02-05 02:00:00,Kasturchand_Park,118,44.5,LOW,Clear,32.3,0,RED,50
2024-02-05 02:00:00,Variety_Sq,168,34.8,MEDIUM,Clouds,36.6,0,YELLOW,76
2024-02-05 02:00:00,LIC_Sq,126,43.4,MEDIUM,Clear,33.2,0,GREEN,62
2024-02-05 02:00:00,Empress_Mall_Sq,127,44.3,MEDIUM,Clear,34.0,0,RED,55
2024-02-05 03:00:00,Sitabuldi_Sq,79,51.5,LOW,Clear,31.5,0,RED,44
2024-02-05 03:00:00,Zero_Mile,108,44.0,LOW,Clouds,35.1,0,YELLOW,58
2024-02-05 03:00:00,Kasturchand_Park,92,45.5,LOW,Clear,37.1,0,GREEN,41
2024-02-05 03:00:00,Variety_Sq,100,49.7,LOW,Clear,35.8,0,YELLOW,45
2024-02-05 03:00:00,LIC_Sq,132,41.1,MEDIUM,Clouds,32.6,0,RED,63
2024-02-05 03:00:00,Empress_Mall_Sq,114,40.8,LOW,Clear,28.5,0,GREEN,44
2024-02-05 04:00:00,Sitabuldi_Sq,180,31.0,MEDIUM,Clear,33.9,0,RED,84
2024-02-05 04:00:00,Zero_Mile,80,46.2,LOW,Clear,34.8,0,YELLOW,35
2024-02-05 04:00:00,Kasturchand_Park,86,47.8,LOW,Clear,33.8,0,GREEN,31
2024-02-05 04:00:00,Variety_Sq,135,40.5,MEDIUM,Clear,32.1,0,GREEN,42
2024-02-05 04:00:00,LIC_Sq,169,35.9,MEDIUM,Clear,36.1,0,RED,80
2024-02-05 04:00:00,Empress_Mall_Sq,125,43.2,MEDIUM,Clear,34.1,0,GREEN,73
2024-02-05 05:00:00,Sitabuldi_Sq,54,56.7,LOW,Clear,35.0,0,YELLOW,34
2024-02-05 05:00:00,Zero_Mile,106,45.2,LOW,Clear,31.9,0,YELLOW,31
2024-02-05 05:00:00,Kasturchand_Park,109,46.3,LOW,Clear,32.9,0,YELLOW,40
2024-02-05 05:00:00,Variety_Sq,90,47.5,LOW,Clouds,34.9,0,RED,27
2024-02-05 05:00:00,LIC_Sq,122,41.4,MEDIUM,Clear,33.8,0,GREEN,53
2024-02-05 05:00:00,Empress_Mall_Sq,112,46.5,LOW,Clear,36.5,0,RED,36
2024-02-05 06:00:00,Sitabuldi_Sq,97,50.6,LOW,Clear,34.4,0,YELLOW,43
2024-02-05 06:00:00,Zero_Mile,93,43.5,LOW,Clear,35.8,0,YELLOW,52
2024-02-05 06:00:00,Kasturchand_Park,175,31.7,MEDIUM,Clear,34.0,0,GREEN,90
2024-02-05 06:00:00,Variety_Sq,116,37.6,LOW,Clear,33.4,0,RED,48
2024-02-05 06:00:00,LIC_Sq,57,55.2,LOW,Clear,34.8,0,GREEN,15
2024-02-05 06:00:00,Empress_Mall_Sq,111,43.8,LOW,Clear,36.1,0.43,YELLOW,36
2024-02-05 07:00:00,Sitabuldi_Sq,231,28.7,HIGH,Clear,35.8,0,YELLOW,108
2024-02-05 07:00:00,Zero_Mile,313,10.2,CRITICAL,Clear,35.8,0,RED,152
2024-02-05 07:00:00,Kasturchand_Park,230,17.2,HIGH,Clouds,33.9,0,RED,101
2024-02-05 07:00:00,Variety_Sq,290,9.3,CRITICAL,Clear,33.4,0,RED,137
2024-02-05 07:00:00,LIC_Sq,302,10.1,CRITICAL,Clear,32.9,0,GREEN,128
2024-02-05 07:00:00,Empress_Mall_Sq,263,14.8,HIGH,Clear,32.8,0,YELLOW,116
2024-02-05 08:00:00,Sitabuldi_Sq,283,16.0,CRITICAL,Clouds,32.5,0,YELLOW,133
2024-02-05 08:00:00,Zero_Mile,264,13.1,HIGH,Clouds,38.6,0,GREEN,116
2024-02-05 08:00:00,Kasturchand_Park,291,9.8,CRITICAL,Rain,35.6,0.84,YELLOW,148
2024-02-05 08:00:00,Variety_Sq,257,12.5,HIGH,Clear,30.5,0,YELLOW,120
2024-02-05 08:00:00,LIC_Sq,317,5.2,CRITICAL,Clear,31.4,0,YELLOW,138
2024-02-05 08:00:00,Empress_Mall_Sq,247,18.6,HIGH,Clouds,34.5,0,GREEN,123
2024-02-05 09:00:00,Sitabuldi_Sq,267,17.0,HIGH,Clear,33.2,0,GREEN,110
2024-02-05 09:00:00,Zero_Mile,285,8.2,CRITICAL,Clouds,33.4,0,RED,136
2024-02-05 09:00:00,Kasturchand_Park,311,5,CRITICAL,Clouds,32.0,0,YELLOW,140
2024-02-05 09:00:00,Variety_Sq,342,6.5,CRITICAL,Clear,34.6,0,YELLOW,148
2024-02-05 09:00:00,LIC_Sq,256,21.0,HIGH,Clouds,33.7,0,GREEN,114
2024-02-05 09:00:00,Empress_Mall_Sq,248,21.8,HIGH,Clear,30.9,0,RED,114
2024-02-05 10:00:00,Sitabuldi_Sq,95,46.2,LOW,Clouds,33.9,0,RED,30
2024-02-05 10:00:00,Zero_Mile,175,29.6,MEDIUM,Clear,33.3,0,GREEN,71
2024-02-05 10:00:00,Kasturchand_Park,124,44.2,MEDIUM,Clear,33.8,0,RED,49
2024-02-05 10:00:00,Variety_Sq,138,45.3,MEDIUM,Clear,35.9,0,GREEN,73
2024-02-05 10:00:00,LIC_Sq,155,39.5,MEDIUM,Clear,33.7,0,GREEN,68
2024-02-05 10:00:00,Empress_Mall_Sq,103,43.5,LOW,Clear,35.1,0,RED,32
2024-02-05 11:00:00,Sitabuldi_Sq,177,32.2,MEDIUM,Clear,32.4,0,GREEN,77
2024-02-05 11:00:00,Zero_Mile,115,43.0,LOW,Clear,35.8,0,GREEN,37
2024-02-05 11:00:00,Kasturchand_Park,76,49.3,LOW,Clear,32.1,0,RED,31
2024-02-05 11:00:00,Variety_Sq,65,53.8,LOW,Clear,34.4,0,RED,36
2024-02-05 11:00:00,LIC_Sq,77,50.1,LOW,Clear,34.8,0,YELLOW,40
2024-02-05 11:00:00,Empress_Mall_Sq,127,35.0,MEDIUM,Clear,30.1,0.07,YELLOW,66
2024-02-05 12:00:00,Sitabuldi_Sq,141,44.3,MEDIUM,Clear,33.0,0,YELLOW,58
2024-02-05 12:00:00,Zero_Mile,62,55.3,LOW,Clear,30.4,0,YELLOW,37
2024-02-05 12:00:00,Kasturchand_Park,120,46.3,LOW,Clouds,31.1,0,YELLOW,53
2024-02-05 12:00:00,Variety_Sq,145,36.5,MEDIUM,Clear,35.9,0,YELLOW,81
2024-02-05 12:00:00,LIC_Sq,153,38.7,MEDIUM,Clear,34.5,0,GREEN,55
2024-02-05 12:00:00,Empress_Mall_Sq,193,26.7,MEDIUM,Clear,34.6,0,RED,89
2024-02-05 13:00:00,Sitabuldi_Sq,118,45.0,LOW,Clear,33.0,0,RED,55
2024-02-05 13:00:00,Zero_Mile,175,38.4,MEDIUM,Clear,34.2,0,GREEN,83
2024-02-05 13:00:00,Kasturchand_Park,151,34.1,MEDIUM,Clear,31.9,0,GREEN,54
2024-02-05 13:00:00,Variety_Sq,72,50.6,LOW,Clear,33.4,0,RED,49
2024-02-05 13:00:00,LIC_Sq,117,41.3,LOW,Clear,30.1,0,YELLOW,54
2024-02-05 13:00:00,Empress_Mall_Sq,185,27.1,MEDIUM,Clouds,31.6,0,YELLOW,80
2024-02-05 14:00:00,Sitabuldi_Sq,205,26.3,HIGH,Clear,33.0,0,RED,86
2024-02-05 14:00:00,Zero_Mile,153,35.8,MEDIUM,Clear,33.6,0,RED,86
2024-02-05 14:00:00,Kasturchand_Park,108,50.4,LOW,Clear,32.8,0,RED,53
2024-02-05 14:00:00,Variety_Sq,121,46.9,MEDIUM,Clear,35.1,0,GREEN,63
2024-02-05 14:00:00,LIC_Sq,67,55.5,LOW,Clouds,33.1,0,YELLOW,30
2024-02-05 14:00:00,Empress_Mall_Sq,175,38.5,MEDIUM,Clear,37.4,0,YELLOW,65
2024-02-05 15:00:00,Sitabuldi_Sq,132,41.9,MEDIUM,Clear,38.1,0,RED,60
2024-02-05 15:00:00,Zero_Mile,94,49.0,LOW,Clouds,33.9,0,RED,43
2024-02-05 15:00:00,Kasturchand_Park,20,61.2,LOW,Clear,32.2,0.37,RED,5
2024-02-05 15:00:00,Variety_Sq,90,43.9,LOW,Clouds,35.9,0,RED,44
2024-02-05 15:00:00,LIC_Sq,99,46.4,LOW,Clear,33.7,0,RED,46
2024-02-05 15:00:00,Empress_Mall_Sq,148,38.3,MEDIUM,Clear,36.4,0,YELLOW,50
2024-02-05 16:00:00,Sitabuldi_Sq,409,5,CRITICAL,Clear,31.7,0,YELLOW,192
2024-02-05 16:00:00,Zero_Mile,321,5.8,CRITICAL,Clear,34.1,0,YELLOW,149
2024-02-05 16:00:00,Kasturchand_Park,307,10.7,CRITICAL,Clouds,31.7,0,YELLOW,136
2024-02-05 16:00:00,Variety_Sq,356,5,CRITICAL,Clear,31.8,0,RED,153
2024-02-05 16:00:00,LIC_Sq,383,5,CRITICAL,Clear,36.1,0,GREEN,172
2024-02-05 16:00:00,Empress_Mall_Sq,298,15.2,CRITICAL,Clear,32.2,0,RED,122
2024-02-05 17:00:00,Sitabuldi_Sq,324,6.5,CRITICAL,Clouds,35.8,0,GREEN,141
2024-02-05 17:00:00,Zero_Mile,353,5,CRITICAL,Clear,30.9,0,RED,171
2024-02-05 17:00:00,Kasturchand_Park,300,12.1,CRITICAL,Clear,34.2,0,GREEN,132
2024-02-05 17:00:00,Variety_Sq,320,8.6,CRITICAL,Clear,34.7,0,RED,166
2024-02-05 17:00:00,LIC_Sq,274,11.8,HIGH,Clear,33.2,0.15,RED,119
2024-02-05 17:00:00,Empress_Mall_Sq,288,8.4,CRITICAL,Clouds,31.3,0,GREEN,143
2024-02-05 18:00:00,Sitabuldi_Sq,293,15.3,CRITICAL,Clear,31.0,0,YELLOW,132
2024-02-05 18:00:00,Zero_Mile,288,10.0,CRITICAL,Clear,33.1,0,YELLOW,131
2024-02-05 18:00:00,Kasturchand_Park,301,9.5,CRITICAL,Clear,34.4,0,GREEN,121
2024-02-05 18:00:00,Variety_Sq,428,5,CRITICAL,Clouds,31.5,0,RED,195
2024-02-05 18:00:00,LIC_Sq,363,5,CRITICAL,Clear,32.9,0,GREEN,162
2024-02-05 18:00:00,Empress_Mall_Sq,303,7.4,CRITICAL,Clear,33.5,0,YELLOW,129
2024-02-05 19:00:00,Sitabuldi_Sq,261,20.0,HIGH,Clear,30.8,0,GREEN,117
2024-02-05 19:00:00,Zero_Mile,334,5,CRITICAL,Clouds,34.0,0,GREEN,147
2024-02-05 19:00:00,Kasturchand_Park,335,7.7,CRITICAL,Clear,34.7,0,RED,155
2024-02-05 19:00:00,Variety_Sq,274,11.7,HIGH,Clear,33.8,0,YELLOW,128
2024-02-05 19:00:00,LIC_Sq,262,18.4,HIGH,Clear,34.1,0,RED,89
2024-02-05 19:00:00,Empress_Mall_Sq,288,11.8,CRITICAL,Clouds,35.6,0,YELLOW,129
2024-02-05 20:00:00,Sitabuldi_Sq,134,39.1,MEDIUM,Clouds,35.8,0,YELLOW,61
2024-02-05 20:00:00,Zero_Mile,152,42.1,MEDIUM,Clear,29.1,0,RED,72
2024-02-05 20:00:00,Kasturchand_Park,203,31.1,HIGH,Clouds,32.9,0,RED,110
2024-02-05 20:00:00,Variety_Sq,174,36.5,MEDIUM,Clear,32.8,0,YELLOW,88
2024-02-05 20:00:00,LIC_Sq,97,52.7,LOW,Clouds,31.5,0,RED,21
2024-02-05 20:00:00,Empress_Mall_Sq,146,41.1,MEDIUM,Clear,35.2,0,YELLOW,54
2024-02-05 21:00:00,Sitabuldi_Sq,107,46.8,LOW,Clear,37.0,0,GREEN,39
2024-02-05 21:00:00,Zero_Mile,131,37.8,MEDIUM,Clear,32.7,0,RED,66
2024-02-05 21:00:00,Kasturchand_Park,177,33.0,MEDIUM,Clear,35.6,0,GREEN,83
2024-02-05 21:00:00,Variety_Sq,169,33.9,MEDIUM,Clear,32.3,0,GREEN,75
2024-02-05 21:00:00,LIC_Sq,155,38.6,MEDIUM,Clear,35.7,0,YELLOW,69
2024-02-05 21:00:00,Empress_Mall_Sq,176,33.2,MEDIUM,Clouds,31.8,0,GREEN,82
2024-02-05 22:00:00,Sitabuldi_Sq,168,34.9,MEDIUM,Clouds,36.5,0,RED,76
2024-02-05 22:00:00,Zero_Mile,76,56.6,LOW,Clear,35.5,0,YELLOW,48
2024-02-05 22:00:00,Kasturchand_Park,44,58.4,LOW,Clear,34.6,0,RED,21
2024-02-05 22:00:00,Variety_Sq,143,44.2,MEDIUM,Clear,33.6,0,YELLOW,53
2024-02-05 22:00:00,LIC_Sq,161,33.6,MEDIUM,Clear,30.6,0,RED,80
2024-02-05 22:00:00,Empress_Mall_Sq,98,49.6,LOW,Clear,33.3,0,YELLOW,77
2024-02-05 23:00:00,Sitabuldi_Sq,79,48.8,LOW,Clear,33.9,0,RED,33
2024-02-05 23:00:00,Zero_Mile,170,34.5,MEDIUM,Clouds,30.6,0,GREEN,82
2024-02-05 23:00:00,Kasturchand_Park,118,44.3,LOW,Clear,32.6,0,GREEN,68
2024-02-05 23:00:00,Variety_Sq,158,40.8,MEDIUM,Clear,32.4,0.0,RED,70
2024-02-05 23:00:00,LIC_Sq,131,43.5,MEDIUM,Clear,30.1,0,GREEN,57
2024-02-05 23:00:00,Empress_Mall_Sq,157,39.0,MEDIUM,Clear,31.4,0,GREEN,87
2024-02-06 00:00:00,Sitabuldi_Sq,62,53.8,LOW,Clear,34.0,0,GREEN,28
2024-02-06 00:00:00,Zero_Mile,146,35.5,MEDIUM,Clear,33.7,0,RED,66
2024-02-06 00:00:00,Kasturchand_Park,116,39.7,LOW,Clear,32.2,0,YELLOW,67
2024-02-06 00:00:00,Variety_Sq,164,32.7,MEDIUM,Clear,32.7,0.3,GREEN,90
2024-02-06 00:00:00,LIC_Sq,95,47.6,LOW,Clouds,29.6,0,YELLOW,37
2024-02-06 00:00:00,Empress_Mall_Sq,130,44.7,MEDIUM,Clear,36.7,0,GREEN,63
2024-02-06 01:00:00,Sitabuldi_Sq,132,45.1,MEDIUM,Clear,35.3,0,YELLOW,49
2024-02-06 01:00:00,Zero_Mile,94,45.8,LOW,Clouds,36.5,0,GREEN,36
2024-02-06 01:00:00,Kasturchand_Park,122,48.9,MEDIUM,Clear,33.7,0,GREEN,57
2024-02-06 01:00:00,Variety_Sq,113,44.6,LOW,Clear,36.7,0,YELLOW,45
2024-02-06 01:00:00,LIC_Sq,134,38.7,MEDIUM,Clear,35.6,0,RED,52
2024-02-06 01:00:00,Empress_Mall_Sq,130,39.5,MEDIUM,Clear,35.7,0,GREEN,46
2024-02-06 02:00:00,Sitabuldi_Sq,133,40.7,MEDIUM,Clear,34.7,0,RED,58
2024-02-06 02:00:00,Zero_Mile,148,42.9,MEDIUM,Clear,34.8,0,RED,72
2024-02-06 02:00:00,Kasturchand_Park,120,39.7,LOW,Clear,32.5,0,GREEN,66
2024-02-06 02:00:00,Variety_Sq,147,41.9,MEDIUM,Clear,37.2,0,YELLOW,74
2024-02-06 02:00:00,LIC_Sq,110,45.6,LOW,Clear,33.4,0,GREEN,32
2024-02-06 02:00:00,Empress_Mall_Sq,136,43.2,MEDIUM,Clouds,35.9,0.02,GREEN,60
2024-02-06 03:00:00,Sitabuldi_Sq,178,28.7,MEDIUM,Clear,33.6,0.22,RED,71
2024-02-06 03:00:00,Zero_Mile,102,54.3,LOW,Clouds,31.4,0,RED,52
2024-02-06 03:00:00,Kasturchand_Park,139,38.5,MEDIUM,Clouds,35.9,0,GREEN,43
2024-02-06 03:00:00,Variety_Sq,147,37.3,MEDIUM,Clear,36.6,0,YELLOW,55
2024-02-06 03:00:00,LIC_Sq,117,49.6,LOW,Clouds,30.3,0,RED,57
2024-02-06 03:00:00,Empress_Mall_Sq,122,38.9,MEDIUM,Clouds,32.9,0,RED,59
2024-02-06 04:00:00,Sitabuldi_Sq,77,47.3,LOW,Clear,35.0,0,GREEN,35
2024-02-06 04:00:00,Zero_Mile,148,38.9,MEDIUM,Clear,31.5,0,YELLOW,71
2024-02-06 04:00:00,Kasturchand_Park,129,40.1,MEDIUM,Clouds,37.3,0,YELLOW,48
2024-02-06 04:00:00,Variety_Sq,121,43.5,MEDIUM,Clear,34.3,0,RED,42
2024-02-06 04:00:00,LIC_Sq,125,40.7,MEDIUM,Clouds,29.9,0,RED,55
2024-02-06 04:00:00,Empress_Mall_Sq,155,34.4,MEDIUM,Clear,36.5,0,RED,82
2024-02-06 05:00:00,Sitabuldi_Sq,196,28.4,MEDIUM,Clear,33.9,0,RED,76
2024-02-06 05:00:00,Zero_Mile,119,39.5,LOW,Clouds,34.1,0,YELLOW,67
2024-02-06 05:00:00,Kasturchand_Park,120,40.5,LOW,Clear,33.7,0,GREEN,47
2024-02-06 05:00:00,Variety_Sq,127,40.0,MEDIUM,Clear,34.4,0,YELLOW,82
2024-02-06 05:00:00,LIC_Sq,144,36.2,MEDIUM,Clear,32.6,0,GREEN,69
2024-02-06 05:00:00,Empress_Mall_Sq,148,35.1,MEDIUM,Clear,32.3,0,YELLOW,76
2024-02-06 06:00:00,Sitabuldi_Sq,94,49.3,LOW,Clear,35.9,0,YELLOW,49
2024-02-06 06:00:00,Zero_Mile,91,45.7,LOW,Clear,34.5,0,RED,51
2024-02-06 06:00:00,Kasturchand_Park,101,45.4,LOW,Clear,32.3,0,RED,57
2024-02-06 06:00:00,Variety_Sq,101,46.9,LOW,Clear,32.1,0,YELLOW,37
2024-02-06 06:00:00,LIC_Sq,122,44.5,MEDIUM,Clear,34.7,0,GREEN,57
2024-02-06 06:00:00,Empress_Mall_Sq,181,33.3,MEDIUM,Clear,32.3,0,YELLOW,91
2024-02-06 07:00:00,Sitabuldi_Sq,232,26.0,HIGH,Clouds,32.4,0,RED,104
2024-02-06 07:00:00,Zero_Mile,200,33.1,MEDIUM,Clouds,32.5,0,RED,92
2024-02-06 07:00:00,Kasturchand_Park,322,5,CRITICAL,Clear,33.7,0,GREEN,150
2024-02-06 07:00:00,Variety_Sq,230,25.2,HIGH,Clouds,32.7,0,YELLOW,103
2024-02-06 07:00:00,LIC_Sq,256,15.3,HIGH,Clear,33.5,0,GREEN,123
2024-02-06 07:00:00,Empress_Mall_Sq,262,18.8,HIGH,Clear,31.4,0,GREEN,108
2024-02-06 08:00:00,Sitabuldi_Sq,264,14.5,HIGH,Clouds,29.3,0,YELLOW,109
2024-02-06 08:00:00,Zero_Mile,301,12.0,CRITICAL,Clouds,33.1,0,YELLOW,136
2024-02-06 08:00:00,Kasturchand_Park,251,19.1,HIGH,Clear,33.9,0,YELLOW,122
2024-02-06 08:00:00,Variety_Sq,286,17.6,CRITICAL,Clear,38.8,0,YELLOW,130
2024-02-06 08:00:00,LIC_Sq,236,26.2,HIGH,Clear,35.3,0,RED,99
2024-02-06 08:00:00,Empress_Mall_Sq,300,14.8,CRITICAL,Clear,31.7,0,GREEN,130
2024-02-06 09:00:00,Sitabuldi_Sq,305,11.4,CRITICAL,Clear,34.7,0,RED,126
2024-02-06 09:00:00,Zero_Mile,273,19.3,HIGH,Clouds,32.4,0,YELLOW,109
2024-02-06 09:00:00,Kasturchand_Park,290,12.5,CRITICAL,Clear,36.0,0,RED,134
2024-02-06 09:00:00,Variety_Sq,244,14.6,HIGH,Clear,31.6,0,GREEN,110
2024-02-06 09:00:00,LIC_Sq,270,16.7,HIGH,Clouds,32.3,0,YELLOW,131
2024-02-06 09:00:00,Empress_Mall_Sq,249,14.2,HIGH,Clear,31.6,0,YELLOW,110
2024-02-06 10:00:00,Sitabuldi_Sq,138,33.9,MEDIUM,Clear,33.9,0,YELLOW,64
2024-02-06 10:00:00,Zero_Mile,113,49.3,LOW,Clear,31.9,0,RED,53
2024-02-06 10:00:00,Kasturchand_Park,77,52.6,LOW,Clear,31.0,0,YELLOW,26
2024-02-06 10:00:00,Variety_Sq,99,45.1,LOW,Clear,34.1,0,RED,50
2024-02-06 10:00:00,LIC_Sq,141,36.1,MEDIUM,Clear,34.8,0,RED,83
2024-02-06 10:00:00,Empress_Mall_Sq,70,50.8,LOW,Clear,35.8,0,YELLOW,26
2024-02-06 11:00:00,Sitabuldi_Sq,112,45.8,LOW,Clear,32.8,0,RED,42
2024-02-06 11:00:00,Zero_Mile,81,51.9,LOW,Clear,33.2,0,GREEN,55
2024-02-06 11:00:00,Kasturchand_Park,152,36.0,MEDIUM,Clear,32.5,0,RED,85
2024-02-06 11:00:00,Variety_Sq,119,45.2,LOW,Clear,36.8,0.1,GREEN,46
2024-02-06 11:00:00,LIC_Sq,145,40.8,MEDIUM,Clear,28.9,0,RED,52
2024-02-06 11:00:00,Empress_Mall_Sq,142,39.3,MEDIUM,Clouds,37.0,0,YELLOW,63
2024-02-06 12:00:00,Sitabuldi_Sq,123,42.8,MEDIUM,Clear,33.3,0,GREEN,65
2024-02-06 12:00:00,Zero_Mile,175,36.5,MEDIUM,Clouds,34.5,0,GREEN,80
2024-02-06 12:00:00,Kasturchand_Park,65,50.1,LOW,Clear,32.6,0,YELLOW,7
2024-02-06 12:00:00,Variety_Sq,118,44.2,LOW,Clear,32.7,0,RED,52
2024-02-06 12:00:00,LIC_Sq,173,29.5,MEDIUM,Clear,32.3,0.16,YELLOW,74
2024-02-06 12:00:00,Empress_Mall_Sq,93,48.5,LOW,Clear,31.4,0,RED,49
2024-02-06 13:00:00,Sitabuldi_Sq,115,41.5,LOW,Clear,35.6,0,YELLOW,45
2024-02-06 13:00:00,Zero_Mile,149,37.7,MEDIUM,Clear,31.6,0,RED,48
2024-02-06 13:00:00,Kasturchand_Park,140,43.5,MEDIUM,Clouds,33.2,0,RED,54
2024-02-06 13:00:00,Variety_Sq,103,43.2,LOW,Clouds,35.1,0,YELLOW,52
2024-02-06 13:00:00,LIC_Sq,145,40.4,MEDIUM,Clear,33.9,0.1,GREEN,50
2024-02-06 13:00:00,Empress_Mall_Sq,200,30.5,MEDIUM,Clear,34.1,0,RED,80
2024-02-06 14:00:00,Sitabuldi_Sq,148,41.5,MEDIUM,Clear,36.6,0.22,YELLOW,70
2024-02-06 14:00:00,Zero_Mile,115,40.9,LOW,Clouds,32.5,0,RED,54
2024-02-06 14:00:00,Kasturchand_Park,146,42.9,MEDIUM,Clear,35.6,0,GREEN,79
2024-02-06 14:00:00,Variety_Sq,63,53.3,LOW,Clouds,30.6,0,GREEN,29
2024-02-06 14:00:00,LIC_Sq,144,36.5,MEDIUM,Clouds,35.0,0,YELLOW,72
2024-02-06 14:00:00,Empress_Mall_Sq,148,38.1,MEDIUM,Clouds,36.0,0,RED,71
2024-02-06 15:00:00,Sitabuldi_Sq,149,40.4,MEDIUM,Clear,34.7,0,GREEN,58
2024-02-06 15:00:00,Zero_Mile,132,41.1,MEDIUM,Clear,34.6,0,RED,72
2024-02-06 15:00:00,Kasturchand_Park,104,41.8,LOW,Clouds,37.4,0,RED,50
2024-02-06 15:00:00,Variety_Sq,174,34.5,MEDIUM,Clouds,35.2,0,YELLOW,77
2024-02-06 15:00:00,LIC_Sq,188,33.0,MEDIUM,Clear,31.9,0,YELLOW,89
2024-02-06 15:00:00,Empress_Mall_Sq,149,38.2,MEDIUM,Clear,32.7,0,YELLOW,61
2024-02-06 16:00:00,Sitabuldi_Sq,381,5,CRITICAL,Clear,33.5,0,YELLOW,180
2024-02-06 16:00:00,Zero_Mile,307,5,CRITICAL,Clear,30.9,0,GREEN,141
2024-02-06 16:00:00,Kasturchand_Park,357,5,CRITICAL,Clouds,35.9,0,RED,157
2024-02-06 16:00:00,Variety_Sq,352,5,CRITICAL,Clear,36.0,0,RED,151
2024-02-06 16:00:00,LIC_Sq,322,8.1,CRITICAL,Clear,35.4,0,RED,152
2024-02-06 16:00:00,Empress_Mall_Sq,315,8.3,CRITICAL,Clouds,34.9,0,RED,140
2024-02-06 17:00:00,Sitabuldi_Sq,227,22.9,HIGH,Clear,33.7,0,YELLOW,106
2024-02-06 17:00:00,Zero_Mile,244,18.1,HIGH,Clouds,36.3,0,RED,107
2024-02-06 17:00:00,Kasturchand_Park,260,16.7,HIGH,Clouds,34.9,0,YELLOW,111
2024-02-06 17:00:00,Variety_Sq,332,9.3,CRITICAL,Clear,34.6,0,RED,151
2024-02-06 17:00:00,LIC_Sq,297,8.9,CRITICAL,Clouds,34.7,0,RED,128
2024-02-06 17:00:00,Empress_Mall_Sq,325,12.1,CRITICAL,Clear,35.5,0,RED,162
2024-02-06 18:00:00,Sitabuldi_Sq,302,10.5,CRITICAL,Clouds,39.6,0,GREEN,148
2024-02-06 18:00:00,Zero_Mile,348,5,CRITICAL,Clear,35.2,0,YELLOW,160
2024-02-06 18:00:00,Kasturchand_Park,324,5,CRITICAL,Clear,33.2,0.25,RED,151
2024-02-06 18:00:00,Variety_Sq,226,28.7,HIGH,Clear,34.5,0.24,GREEN,101
2024-02-06 18:00:00,LIC_Sq,341,7.8,CRITICAL,Clear,36.1,0,YELLOW,159
2024-02-06 18:00:00,Empress_Mall_Sq,225,19.8,HIGH,Clear,33.8,0,YELLOW,112
2024-02-06 19:00:00,Sitabuldi_Sq,317,5,CRITICAL,Clouds,33.3,0,YELLOW,138
2024-02-06 19:00:00,Zero_Mile,321,7.2,CRITICAL,Clouds,37.0,0,YELLOW,126
2024-02-06 19:00:00,Kasturchand_Park,303,12.3,CRITICAL,Clear,32.5,0,GREEN,141
2024-02-06 19:00:00,Variety_Sq,315,9.2,CRITICAL,Clear,35.3,0,GREEN,160
2024-02-06 19:00:00,LIC_Sq,325,5,CRITICAL,Clear,29.8,0,YELLOW,143
2024-02-06 19:00:00,Empress_Mall_Sq,274,10.1,HIGH,Clear,33.4,0,GREEN,111
2024-02-06 20:00:00,Sitabuldi_Sq,89,51.1,LOW,Clear,26.0,0,GREEN,27
2024-02-06 20:00:00,Zero_Mile,135,40.4,MEDIUM,Clear,37.3,0,RED,49
2024-02-06 20:00:00,Kasturchand_Park,123,41.2,MEDIUM,Clear,36.2,0,YELLOW,65
2024-02-06 20:00:00,Variety_Sq,146,36.4,MEDIUM,Clear,35.0,0,YELLOW,74
2024-02-06 20:00:00,LIC_Sq,126,40.0,MEDIUM,Clear,36.4,0,RED,47
2024-02-06 20:00:00,Empress_Mall_Sq,172,34.2,MEDIUM,Clouds,35.2,0,RED,77
2024-02-06 21:00:00,Sitabuldi_Sq,48,62.1,LOW,Clear,31.9,0,RED,34
2024-02-06 21:00:00,Zero_Mile,72,56.7,LOW,Clouds,36.3,0,YELLOW,25
2024-02-06 21:00:00,Kasturchand_Park,64,49.4,LOW,Clear,32.3,0,RED,50
2024-02-06 21:00:00,Variety_Sq,96,45.3,LOW,Clear,32.3,0.49,GREEN,61
2024-02-06 21:00:00,LIC_Sq,86,50.0,LOW,Clouds,32.8,0.08,RED,49
2024-02-06 21:00:00,Empress_Mall_Sq,207,22.6,HIGH,Clear,31.6,0,RED,89
2024-02-06 22:00:00,Sitabuldi_Sq,142,40.7,MEDIUM,Clear,35.1,0,RED,56
2024-02-06 22:00:00,Zero_Mile,119,47.3,LOW,Clear,36.2,0,GREEN,64
2024-02-06 22:00:00,Kasturchand_Park,89,47.8,LOW,Clear,36.2,0,RED,37
2024-02-06 22:00:00,Variety_Sq,152,33.8,MEDIUM,Clear,31.4,0,GREEN,70
2024-02-06 22:00:00,LIC_Sq,114,44.2,LOW,Clouds,32.3,0,YELLOW,45
2024-02-06 22:00:00,Empress_Mall_Sq,155,35.5,MEDIUM,Clouds,35.2,0,RED,78
2024-02-06 23:00:00,Sitabuldi_Sq,103,46.2,LOW,Clouds,34.6,0,GREEN,54
2024-02-06 23:00:00,Zero_Mile,78,48.3,LOW,Clear,33.8,0,YELLOW,25
2024-02-06 23:00:00,Kasturchand_Park,150,33.3,MEDIUM,Clear,38.1,0,GREEN,71
2024-02-06 23:00:00,Variety_Sq,125,42.1,MEDIUM,Clouds,35.3,0,GREEN,47
2024-02-06 23:00:00,LIC_Sq,85,48.6,LOW,Clear,34.7,0,RED,35
2024-02-06 23:00:00,Empress_Mall_Sq,116,46.2,LOW,Clear,32.9,0.26,YELLOW,42
2024-02-07 00:00:00,Sitabuldi_Sq,71,56.7,LOW,Clouds,35.4,0,RED,26
2024-02-07 00:00:00,Zero_Mile,48,59.0,LOW,Clear,31.1,0,RED,7
2024-02-07 00:00:00,Kasturchand_Park,56,50.1,LOW,Clear,30.0,0,YELLOW,14
2024-02-07 00:00:00,Variety_Sq,70,53.5,LOW,Clouds,33.6,0,GREEN,20
2024-02-07 00:00:00,LIC_Sq,104,46.0,LOW,Clouds,30.1,0,RED,57
2024-02-07 00:00:00,Empress_Mall_Sq,145,37.6,MEDIUM,Clear,30.5,0,RED,74
2024-02-07 01:00:00,Sitabuldi_Sq,206,29.6,HIGH,Clear,35.3,0,RED,98
2024-02-07 01:00:00,Zero_Mile,142,42.1,MEDIUM,Clouds,32.4,0,YELLOW,54
2024-02-07 01:00:00,Kasturchand_Park,130,40.6,MEDIUM,Clear,35.0,0.21,GREEN,46
2024-02-07 01:00:00,Variety_Sq,193,34.3,MEDIUM,Clear,31.8,0,RED,89
2024-02-07 01:00:00,LIC_Sq,146,37.8,MEDIUM,Clear,31.5,0,GREEN,60
2024-02-07 01:00:00,Empress_Mall_Sq,189,31.3,MEDIUM,Clear,30.4,0,YELLOW,79
2024-02-07 02:00:00,Sitabuldi_Sq,63,54.0,LOW,Clear,32.5,0,GREEN,22
2024-02-07 02:00:00,Zero_Mile,182,35.1,MEDIUM,Clear,32.2,0,RED,79
2024-02-07 02:00:00,Kasturchand_Park,97,47.8,LOW,Rain,36.8,1.16,RED,42
2024-02-07 02:00:00,Variety_Sq,54,58.5,LOW,Clear,33.2,0,RED,9
2024-02-07 02:00:00,LIC_Sq,118,40.5,LOW,Clear,31.1,0.22,GREEN,37
2024-02-07 02:00:00,Empress_Mall_Sq,90,47.8,LOW,Clear,30.7,0.1,RED,53
2024-02-07 03:00:00,Sitabuldi_Sq,126,39.7,MEDIUM,Clouds,34.2,0,YELLOW,51
2024-02-07 03:00:00,Zero_Mile,98,50.1,LOW,Clouds,34.3,0,YELLOW,58
2024-02-07 03:00:00,Kasturchand_Park,114,46.5,LOW,Clouds,31.9,0,YELLOW,52
2024-02-07 03:00:00,Variety_Sq,65,57.2,LOW,Clear,32.6,0,YELLOW,53
2024-02-07 03:00:00,LIC_Sq,103,46.7,LOW,Clear,31.2,0,GREEN,48
2024-02-07 03:00:00,Empress_Mall_Sq,170,34.9,MEDIUM,Clear,33.7,0,YELLOW,84
2024-02-07 04:00:00,Sitabuldi_Sq,186,30.6,MEDIUM,Clouds,34.3,0,GREEN,70
2024-02-07 04:00:00,Zero_Mile,123,42.8,MEDIUM,Clouds,36.6,0,YELLOW,51
2024-02-07 04:00:00,Kasturchand_Park,78,49.5,LOW,Clear,31.1,0,YELLOW,50
2024-02-07 04:00:00,Variety_Sq,123,46.2,MEDIUM,Clouds,33.1,0,YELLOW,58
2024-02-07 04:00:00,LIC_Sq,140,41.8,MEDIUM,Clear,33.0,0,YELLOW,73
2024-02-07 04:00:00,Empress_Mall_Sq,109,43.1,LOW,Clouds,31.6,0,GREEN,79
2024-02-07 05:00:00,Sitabuldi_Sq,155,33.3,MEDIUM,Clear,34.7,0,RED,72
2024-02-07 05:00:00,Zero_Mile,145,40.9,MEDIUM,Clear,38.6,0,YELLOW,50
2024-02-07 05:00:00,Kasturchand_Park,133,37.8,MEDIUM,Clear,34.2,0,RED,64
2024-02-07 05:00:00,Variety_Sq,84,46.5,LOW,Clear,33.5,0,YELLOW,36
2024-02-07 05:00:00,LIC_Sq,103,47.0,LOW,Clear,38.4,0.01,GREEN,32
2024-02-07 05:00:00,Empress_Mall_Sq,62,56.8,LOW,Clear,33.4,0,RED,18
2024-02-07 06:00:00,Sitabuldi_Sq,93,51.3,LOW,Clear,33.9,0,RED,43
2024-02-07 06:00:00,Zero_Mile,44,51.8,LOW,Clear,34.5,0,GREEN,5
2024-02-07 06:00:00,Kasturchand_Park,136,40.0,MEDIUM,Clear,35.3,0,YELLOW,67
2024-02-07 06:00:00,Variety_Sq,54,56.9,LOW,Clear,34.3,0,RED,46
2024-02-07 06:00:00,LIC_Sq,113,43.3,LOW,Clear,29.9,0,GREEN,49
2024-02-07 06:00:00,Empress_Mall_Sq,81,50.2,LOW,Clear,34.2,0,GREEN,36
2024-02-07 07:00:00,Sitabuldi_Sq,221,23.1,HIGH,Clear,33.7,0,YELLOW,103
2024-02-07 07:00:00,Zero_Mile,253,15.6,HIGH,Clouds,35.5,0,YELLOW,108
2024-02-07 07:00:00,Kasturchand_Park,301,8.2,CRITICAL,Clear,31.9,0,RED,136
2024-02-07 07:00:00,Variety_Sq,348,5.8,CRITICAL,Clear,38.5,0,GREEN,154
2024-02-07 07:00:00,LIC_Sq,307,8.8,CRITICAL,Clear,33.6,0,GREEN,145
2024-02-07 07:00:00,Empress_Mall_Sq,253,22.2,HIGH,Clear,34.7,0,RED,136
2024-02-07 08:00:00,Sitabuldi_Sq,362,5,CRITICAL,Clear,32.2,0,YELLOW,161
2024-02-07 08:00:00,Zero_Mile,287,12.5,CRITICAL,Rain,32.6,1.04,GREEN,133
2024-02-07 08:00:00,Kasturchand_Park,335,7.9,CRITICAL,Clear,31.8,0,RED,147
2024-02-07 08:00:00,Variety_Sq,253,18.3,HIGH,Clear,34.8,0,YELLOW,115
2024-02-07 08:00:00,LIC_Sq,226,24.3,HIGH,Clear,32.0,0,YELLOW,97
2024-02-07 08:00:00,Empress_Mall_Sq,309,5,CRITICAL,Clear,32.2,0,RED,131
2024-02-07 09:00:00,Sitabuldi_Sq,195,26.7,MEDIUM,Clear,32.2,0,RED,99
2024-02-07 09:00:00,Zero_Mile,338,5,CRITICAL,Clouds,32.7,0,GREEN,148
2024-02-07 09:00:00,Kasturchand_Park,239,24.5,HIGH,Clouds,32.4,0.07,YELLOW,96
2024-02-07 09:00:00,Variety_Sq,300,10.3,CRITICAL,Clear,35.8,0,YELLOW,133
2024-02-07 09:00:00,LIC_Sq,157,36.3,MEDIUM,Clouds,37.0,0,GREEN,55
2024-02-07 09:00:00,Empress_Mall_Sq,241,17.2,HIGH,Clear,34.4,0,YELLOW,103
2024-02-07 10:00:00,Sitabuldi_Sq,106,41.7,LOW,Clear,37.0,0,RED,45
2024-02-07 10:00:00,Zero_Mile,120,45.2,LOW,Clouds,37.2,0,YELLOW,56
2024-02-07 10:00:00,Kasturchand_Park,57,59.6,LOW,Clouds,32.4,0,RED,33
2024-02-07 10:00:00,Variety_Sq,81,54.3,LOW,Clear,35.9,0,RED,28
2024-02-07 10:00:00,LIC_Sq,96,50.6,LOW,Clear,33.2,0,YELLOW,32
2024-02-07 10:00:00,Empress_Mall_Sq,120,42.9,LOW,Clear,34.4,0,GREEN,54
2024-02-07 11:00:00,Sitabuldi_Sq,187,38.7,MEDIUM,Clouds,33.9,0,RED,61
2024-02-07 11:00:00,Zero_Mile,93,46.3,LOW,Clear,37.0,0,RED,41
2024-02-07 11:00:00,Kasturchand_Park,53,51.3,LOW,Clouds,33.2,0,YELLOW,45
2024-02-07 11:00:00,Variety_Sq,120,47.7,LOW,Clear,31.6,0,RED,61
2024-02-07 11:00:00,LIC_Sq,113,46.5,LOW,Clear,34.6,0,GREEN,40
2024-02-07 11:00:00,Empress_Mall_Sq,107,48.3,LOW,Clear,30.9,0,RED,48
2024-02-07 12:00:00,Sitabuldi_Sq,148,39.7,MEDIUM,Clear,32.0,0,YELLOW,69
2024-02-07 12:00:00,Zero_Mile,217,27.3,HIGH,Clear,33.2,0,YELLOW,78
2024-02-07 12:00:00,Kasturchand_Park,155,42.2,MEDIUM,Clouds,36.9,0,YELLOW,62
2024-02-07 12:00:00,Variety_Sq,122,40.6,MEDIUM,Clear,34.0,0,GREEN,61
2024-02-07 12:00:00,LIC_Sq,166,33.3,MEDIUM,Clouds,36.5,0,YELLOW,62
2024-02-07 12:00:00,Empress_Mall_Sq,147,36.9,MEDIUM,Clear,33.5,0,RED,76
2024-02-07 13:00:00,Sitabuldi_Sq,82,53.0,LOW,Clear,34.0,0,GREEN,13
2024-02-07 13:00:00,Zero_Mile,88,50.1,LOW,Clouds,35.4,0,RED,38
2024-02-07 13:00:00,Kasturchand_Park,90,45.9,LOW,Clear,30.4,0,YELLOW,37
2024-02-07 13:00:00,Variety_Sq,86,53.1,LOW,Clear,33.3,0.19,RED,14
2024-02-07 13:00:00,LIC_Sq,97,52.2,LOW,Clouds,33.1,0,RED,25
2024-02-07 13:00:00,Empress_Mall_Sq,150,39.4,MEDIUM,Clear,36.0,0,GREEN,68
2024-02-07 14:00:00,Sitabuldi_Sq,177,35.4,MEDIUM,Clear,35.8,0,YELLOW,65
2024-02-07 14:00:00,Zero_Mile,169,37.9,MEDIUM,Clear,35.2,0,YELLOW,70
2024-02-07 14:00:00,Kasturchand_Park,160,28.3,MEDIUM,Clear,32.7,0.26,GREEN,84
2024-02-07 14:00:00,Variety_Sq,150,36.7,MEDIUM,Clear,35.6,0,RED,68
2024-02-07 14:00:00,LIC_Sq,103,49.0,LOW,Clouds,37.1,0.16,RED,44
2024-02-07 14:00:00,Empress_Mall_Sq,144,42.2,MEDIUM,Clouds,36.0,0,GREEN,73
2024-02-07 15:00:00,Sitabuldi_Sq,161,42.1,MEDIUM,Clear,32.3,0,GREEN,68
2024-02-07 15:00:00,Zero_Mile,143,41.3,MEDIUM,Clear,32.6,0,YELLOW,75
2024-02-07 15:00:00,Kasturchand_Park,90,51.8,LOW,Clear,34.2,0,RED,39
2024-02-07 15:00:00,Variety_Sq,99,50.3,LOW,Clear,32.7,0,YELLOW,39
2024-02-07 15:00:00,LIC_Sq,160,37.3,MEDIUM,Clear,33.1,0,RED,79
2024-02-07 15:00:00,Empress_Mall_Sq,192,30.5,MEDIUM,Clouds,36.6,0,GREEN,78
2024-02-07 16:00:00,Sitabuldi_Sq,272,19.9,HIGH,Clear,31.1,0,YELLOW,104
2024-02-07 16:00:00,Zero_Mile,199,31.7,MEDIUM,Clear,29.7,0,RED,89
2024-02-07 16:00:00,Kasturchand_Park,249,19.7,HIGH,Clouds,35.8,0,YELLOW,99
2024-02-07 16:00:00,Variety_Sq,361,5,CRITICAL,Clouds,37.2,0,RED,159
2024-02-07 16:00:00,LIC_Sq,262,14.8,HIGH,Clear,33.5,0,GREEN,112
2024-02-07 16:00:00,Empress_Mall_Sq,287,15.8,CRITICAL,Clear,36.7,0,RED,130
2024-02-07 17:00:00,Sitabuldi_Sq,295,11.9,CRITICAL,Clear,32.7,0,YELLOW,135
2024-02-07 17:00:00,Zero_Mile,350,5,CRITICAL,Clear,33.4,0,YELLOW,171
2024-02-07 17:00:00,Kasturchand_Park,327,5,CRITICAL,Clear,33.4,0,GREEN,147
2024-02-07 17:00:00,Variety_Sq,246,20.9,HIGH,Clear,34.2,0,YELLOW,95
2024-02-07 17:00:00,LIC_Sq,266,19.7,HIGH,Clear,31.8,0,RED,121
2024-02-07 17:00:00,Empress_Mall_Sq,353,5,CRITICAL,Clouds,33.8,0,RED,171
2024-02-07 18:00:00,Sitabuldi_Sq,325,8.7,CRITICAL,Clear,37.1,0,GREEN,134
2024-02-07 18:00:00,Zero_Mile,295,12.8,CRITICAL,Clear,32.8,0,YELLOW,127
2024-02-07 18:00:00,Kasturchand_Park,347,5,CRITICAL,Clear,33.0,0,RED,158
2024-02-07 18:00:00,Variety_Sq,324,8.5,CRITICAL,Clear,34.8,0,YELLOW,146
2024-02-07 18:00:00,LIC_Sq,320,5.9,CRITICAL,Clouds,35.0,0,RED,149
2024-02-07 18:00:00,Empress_Mall_Sq,297,12.4,CRITICAL,Clear,30.6,0,RED,140
2024-02-07 19:00:00,Sitabuldi_Sq,352,5,CRITICAL,Clear,35.7,0,YELLOW,142
2024-02-07 19:00:00,Zero_Mile,377,5,CRITICAL,Clear,36.7,0,GREEN,167
2024-02-07 19:00:00,Kasturchand_Park,326,5,CRITICAL,Clear,37.0,0,RED,132
2024-02-07 19:00:00,Variety_Sq,316,10.6,CRITICAL,Clear,33.7,0,YELLOW,146
2024-02-07 19:00:00,LIC_Sq,263,17.4,HIGH,Clear,31.4,0,RED,116
2024-02-07 19:00:00,Empress_Mall_Sq,331,7.7,CRITICAL,Clear,30.6,0,GREEN,148
2024-02-07 20:00:00,Sitabuldi_Sq,97,47.3,LOW,Clear,34.3,0,RED,42
2024-02-07 20:00:00,Zero_Mile,111,38.0,LOW,Clouds,33.5,0,YELLOW,57
2024-02-07 20:00:00,Kasturchand_Park,170,37.9,MEDIUM,Clear,34.3,0,RED,72
2024-02-07 20:00:00,Variety_Sq,168,37.1,MEDIUM,Clear,35.5,0,GREEN,76
2024-02-07 20:00:00,LIC_Sq,192,31.9,MEDIUM,Clear,33.1,0,GREEN,93
2024-02-07 20:00:00,Empress_Mall_Sq,151,40.3,MEDIUM,Clouds,30.4,0,YELLOW,79
2024-02-07 21:00:00,Sitabuldi_Sq,79,53.5,LOW,Clear,33.4,0,YELLOW,42
2024-02-07 21:00:00,Zero_Mile,154,33.8,MEDIUM,Clear,33.4,0,RED,69
2024-02-07 21:00:00,Kasturchand_Park,126,44.4,MEDIUM,Clear,33.7,0,YELLOW,61
2024-02-07 21:00:00,Variety_Sq,135,40.0,MEDIUM,Clouds,37.1,0,RED,64
2024-02-07 21:00:00,LIC_Sq,160,33.0,MEDIUM,Clear,33.8,0,YELLOW,86
2024-02-07 21:00:00,Empress_Mall_Sq,68,55.3,LOW,Clouds,33.7,0,YELLOW,22
2024-02-07 22:00:00,Sitabuldi_Sq,161,33.7,MEDIUM,Clear,33.5,0,YELLOW,56
2024-02-07 22:00:00,Zero_Mile,99,43.5,LOW,Clouds,35.4,0,GREEN,57
2024-02-07 22:00:00,Kasturchand_Park,123,42.8,MEDIUM,Clear,33.3,0,GREEN,58
2024-02-07 22:00:00,Variety_Sq,165,38.7,MEDIUM,Clear,33.3,0,YELLOW,80
2024-02-07 22:00:00,LIC_Sq,187,35.2,MEDIUM,Clear,34.3,0,YELLOW,98
2024-02-07 22:00:00,Empress_Mall_Sq,127,43.4,MEDIUM,Clear,35.8,0,RED,60
2024-02-07 23:00:00,Sitabuldi_Sq,158,36.5,MEDIUM,Clear,34.1,0,GREEN,76
2024-02-07 23:00:00,Zero_Mile,69,54.0,LOW,Clear,32.8,0,YELLOW,32
2024-02-07 23:00:00,Kasturchand_Park,91,51.4,LOW,Clouds,33.9,0,GREEN,27
2024-02-07 23:00:00,Variety_Sq,66,51.7,LOW,Clear,32.3,0,GREEN,18
2024-02-07 23:00:00,LIC_Sq,109,44.3,LOW,Clouds,32.7,0,RED,59
2024-02-07 23:00:00,Empress_Mall_Sq,164,41.7,MEDIUM,Clouds,34.7,0,GREEN,66
2024-02-08 00:00:00,Sitabuldi_Sq,148,36.7,MEDIUM,Clouds,35.0,0,YELLOW,64
2024-02-08 00:00:00,Zero_Mile,224,22.0,HIGH,Clear,31.3,0.42,YELLOW,94
2024-02-08 00:00:00,Kasturchand_Park,150,37.8,MEDIUM,Clouds,32.0,0,GREEN,51
2024-02-08 00:00:00,Variety_Sq,187,29.0,MEDIUM,Clear,32.7,0,GREEN,81
2024-02-08 00:00:00,LIC_Sq,145,39.2,MEDIUM,Clear,32.8,0,RED,63
2024-02-08 00:00:00,Empress_Mall_Sq,116,41.5,LOW,Clear,35.1,0,RED,62
2024-02-08 01:00:00,Sitabuldi_Sq,108,50.0,LOW,Clouds,33.5,0,GREEN,55
2024-02-08 01:00:00,Zero_Mile,101,47.4,LOW,Clear,33.1,0,GREEN,51
2024-02-08 01:00:00,Kasturchand_Park,99,46.6,LOW,Clouds,37.1,0,RED,39
2024-02-08 01:00:00,Variety_Sq,193,28.0,MEDIUM,Clear,33.6,0.15,YELLOW,86
2024-02-08 01:00:00,LIC_Sq,141,38.5,MEDIUM,Clouds,34.9,0,YELLOW,53
2024-02-08 01:00:00,Empress_Mall_Sq,148,44.4,MEDIUM,Clear,35.7,0,GREEN,67
2024-02-08 02:00:00,Sitabuldi_Sq,125,40.8,MEDIUM,Clear,34.3,0,YELLOW,53
2024-02-08 02:00:00,Zero_Mile,96,48.6,LOW,Clear,36.5,0.06,RED,37
2024-02-08 02:00:00,Kasturchand_Park,120,45.1,LOW,Clear,32.2,0,RED,59
2024-02-08 02:00:00,Variety_Sq,69,54.2,LOW,Clear,37.1,0,RED,21
2024-02-08 02:00:00,LIC_Sq,123,39.1,MEDIUM,Clear,31.1,0,GREEN,60
2024-02-08 02:00:00,Empress_Mall_Sq,152,37.3,MEDIUM,Clear,33.1,0,GREEN,56
2024-02-08 03:00:00,Sitabuldi_Sq,188,36.8,MEDIUM,Clear,33.8,0,YELLOW,68
2024-02-08 03:00:00,Zero_Mile,118,44.0,LOW,Clouds,34.0,0,YELLOW,40
2024-02-08 03:00:00,Kasturchand_Park,51,50.7,LOW,Clear,34.1,0.23,GREEN,25
2024-02-08 03:00:00,Variety_Sq,152,35.2,MEDIUM,Clear,32.6,0,YELLOW,63
2024-02-08 03:00:00,LIC_Sq,108,43.6,LOW,Clear,35.0,0,YELLOW,62
2024-02-08 03:00:00,Empress_Mall_Sq,125,42.8,MEDIUM,Clouds,32.8,0,RED,61
2024-02-08 04:00:00,Sitabuldi_Sq,129,42.6,MEDIUM,Clear,36.1,0,YELLOW,67
2024-02-08 04:00:00,Zero_Mile,169,32.4,MEDIUM,Clouds,33.2,0.25,YELLOW,91
2024-02-08 04:00:00,Kasturchand_Park,64,46.9,LOW,Clouds,34.5,0,YELLOW,36
2024-02-08 04:00:00,Variety_Sq,46,56.9,LOW,Clear,33.7,0,GREEN,5
2024-02-08 04:00:00,LIC_Sq,119,43.0,LOW,Clouds,32.3,0,YELLOW,67
2024-02-08 04:00:00,Empress_Mall_Sq,188,31.9,MEDIUM,Clear,35.1,0,RED,81
2024-02-08 05:00:00,Sitabuldi_Sq,103,50.6,LOW,Clouds,36.2,0,YELLOW,56
2024-02-08 05:00:00,Zero_Mile,109,49.7,LOW,Clouds,36.2,0,YELLOW,45
2024-02-08 05:00:00,Kasturchand_Park,127,41.8,MEDIUM,Clear,34.9,0,YELLOW,66
2024-02-08 05:00:00,Variety_Sq,90,50.4,LOW,Clear,34.2,0,RED,76
2024-02-08 05:00:00,LIC_Sq,154,36.1,MEDIUM,Clear,33.1,0,YELLOW,60
2024-02-08 05:00:00,Empress_Mall_Sq,138,41.0,MEDIUM,Clear,36.6,0,GREEN,70
2024-02-08 06:00:00,Sitabuldi_Sq,33,58.2,LOW,Clear,36.2,0,RED,29
2024-02-08 06:00:00,Zero_Mile,140,41.9,MEDIUM,Clouds,34.9,0,GREEN,53
2024-02-08 06:00:00,Kasturchand_Park,83,51.0,LOW,Clear,34.2,0,GREEN,29
2024-02-08 06:00:00,Variety_Sq,145,34.7,MEDIUM,Clear,34.4,0,RED,53
2024-02-08 06:00:00,LIC_Sq,122,45.6,MEDIUM,Clear,32.7,0,GREEN,48
2024-02-08 06:00:00,Empress_Mall_Sq,115,45.4,LOW,Clear,35.3,0,GREEN,57
2024-02-08 07:00:00,Sitabuldi_Sq,304,13.8,CRITICAL,Clouds,33.5,0,GREEN,131
2024-02-08 07:00:00,Zero_Mile,262,22.1,HIGH,Clear,33.0,0,RED,106
2024-02-08 07:00:00,Kasturchand_Park,285,10.9,CRITICAL,Clear,34.2,0,RED,132
2024-02-08 07:00:00,Variety_Sq,244,19.1,HIGH,Clear,36.2,0,GREEN,113
2024-02-08 07:00:00,LIC_Sq,277,12.8,HIGH,Clear,32.3,0,GREEN,129
2024-02-08 07:00:00,Empress_Mall_Sq,243,21.6,HIGH,Clouds,37.0,0,RED,107
2024-02-08 08:00:00,Sitabuldi_Sq,232,22.2,HIGH,Clear,33.9,0,GREEN,105
2024-02-08 08:00:00,Zero_Mile,270,15.7,HIGH,Rain,34.9,0.5,GREEN,118
2024-02-08 08:00:00,Kasturchand_Park,268,17.7,HIGH,Clouds,27.9,0,RED,123
2024-02-08 08:00:00,Variety_Sq,307,7.9,CRITICAL,Clouds,31.7,0,GREEN,146
2024-02-08 08:00:00,LIC_Sq,300,14.4,CRITICAL,Clear,32.1,0,RED,134
2024-02-08 08:00:00,Empress_Mall_Sq,284,14.8,CRITICAL,Clouds,35.2,0,RED,124
2024-02-08 09:00:00,Sitabuldi_Sq,273,15.8,HIGH,Clear,33.0,0,GREEN,123
2024-02-08 09:00:00,Zero_Mile,299,9.5,CRITICAL,Clouds,38.3,0,YELLOW,145
2024-02-08 09:00:00,Kasturchand_Park,282,10.4,CRITICAL,Clear,34.9,0,RED,133
2024-02-08 09:00:00,Variety_Sq,265,17.6,HIGH,Clear,31.4,0,YELLOW,106
2024-02-08 09:00:00,LIC_Sq,262,23.6,HIGH,Clear,34.4,0,GREEN,120
2024-02-08 09:00:00,Empress_Mall_Sq,209,26.2,HIGH,Clouds,33.2,0,RED,90
2024-02-08 10:00:00,Sitabuldi_Sq,110,45.3,LOW,Clear,35.3,0,YELLOW,47
2024-02-08 10:00:00,Zero_Mile,128,39.1,MEDIUM,Clear,34.8,0,GREEN,57
2024-02-08 10:00:00,Kasturchand_Park,145,42.4,MEDIUM,Clear,36.0,0,GREEN,63
2024-02-08 10:00:00,Variety_Sq,92,45.0,LOW,Clouds,33.5,0,YELLOW,44
2024-02-08 10:00:00,LIC_Sq,59,54.5,LOW,Clear,37.6,0,RED,18
2024-02-08 10:00:00,Empress_Mall_Sq,180,40.0,MEDIUM,Clear,33.2,0,YELLOW,91
2024-02-08 11:00:00,Sitabuldi_Sq,67,50.3,LOW,Clouds,31.5,0,GREEN,39
2024-02-08 11:00:00,Zero_Mile,78,57.8,LOW,Clouds,35.4,0,RED,39
2024-02-08 11:00:00,Kasturchand_Park,105,42.7,LOW,Clear,38.3,0,GREEN,46
2024-02-08 11:00:00,Variety_Sq,200,25.4,MEDIUM,Clear,29.8,0,YELLOW,97
2024-02-08 11:00:00,LIC_Sq,115,48.2,LOW,Clear,36.8,0,RED,44
2024-02-08 11:00:00,Empress_Mall_Sq,91,45.5,LOW,Clouds,30.5,0,GREEN,43
2024-02-08 12:00:00,Sitabuldi_Sq,77,46.8,LOW,Clear,35.9,0,RED,30
2024-02-08 12:00:00,Zero_Mile,165,37.9,MEDIUM,Clouds,35.0,0.05,YELLOW,75
2024-02-08 12:00:00,Kasturchand_Park,137,37.4,MEDIUM,Clouds,32.0,0,YELLOW,61
2024-02-08 12:00:00,Variety_Sq,154,31.8,MEDIUM,Clouds,37.5,0,YELLOW,72
2024-02-08 12:00:00,LIC_Sq,125,48.5,MEDIUM,Clouds,32.2,0,RED,53
2024-02-08 12:00:00,Empress_Mall_Sq,128,34.8,MEDIUM,Clouds,32.4,0,RED,50
2024-02-08 13:00:00,Sitabuldi_Sq,135,40.8,MEDIUM,Clear,32.9,0,RED,71
2024-02-08 13:00:00,Zero_Mile,56,57.4,LOW,Clear,32.5,0,YELLOW,30
2024-02-08 13:00:00,Kasturchand_Park,112,46.2,LOW,Clear,35.2,0,GREEN,66
2024-02-08 13:00:00,Variety_Sq,69,52.3,LOW,Clear,30.5,0,YELLOW,25
2024-02-08 13:00:00,LIC_Sq,136,41.0,MEDIUM,Clear,33.2,0,RED,62
2024-02-08 13:00:00,Empress_Mall_Sq,209,26.1,HIGH,Clear,34.8,0,GREEN,86
2024-02-08 14:00:00,Sitabuldi_Sq,136,43.1,MEDIUM,Clear,35.3,0,RED,57
2024-02-08 14:00:00,Zero_Mile,158,35.1,MEDIUM,Clear,32.8,0.42,YELLOW,63
2024-02-08 14:00:00,Kasturchand_Park,142,40.7,MEDIUM,Clear,32.8,0,YELLOW,51
2024-02-08 14:00:00,Variety_Sq,167,37.7,MEDIUM,Clouds,36.4,0,RED,71
2024-02-08 14:00:00,LIC_Sq,68,51.9,LOW,Clouds,33.4,0,YELLOW,22
2024-02-08 14:00:00,Empress_Mall_Sq,135,37.2,MEDIUM,Clear,35.7,0,RED,59
2024-02-08 15:00:00,Sitabuldi_Sq,90,46.1,LOW,Clouds,34.9,0,YELLOW,34
2024-02-08 15:00:00,Zero_Mile,157,31.6,MEDIUM,Clouds,32.0,0,YELLOW,72
2024-02-08 15:00:00,Kasturchand_Park,58,56.9,LOW,Clouds,36.8,0,YELLOW,46
2024-02-08 15:00:00,Variety_Sq,40,58.4,LOW,Clouds,39.5,0,GREEN,26
2024-02-08 15:00:00,LIC_Sq,177,35.6,MEDIUM,Clear,31.3,0,RED,78
2024-02-08 15:00:00,Empress_Mall_Sq,79,46.9,LOW,Clear,32.5,0,RED,45
2024-02-08 16:00:00,Sitabuldi_Sq,346,5,CRITICAL,Clouds,35.1,0,YELLOW,154
2024-02-08 16:00:00,Zero_Mile,270,23.3,HIGH,Clear,35.6,0,GREEN,117
2024-02-08 16:00:00,Kasturchand_Park,291,8.8,CRITICAL,Clear,35.4,0,YELLOW,137
2024-02-08 16:00:00,Variety_Sq,295,5.6,CRITICAL,Clear,35.8,0,YELLOW,117
2024-02-08 16:00:00,LIC_Sq,352,5,CRITICAL,Clear,31.6,0,RED,157
2024-02-08 16:00:00,Empress_Mall_Sq,283,14.0,CRITICAL,Clouds,34.2,0,YELLOW,121
2024-02-08 17:00:00,Sitabuldi_Sq,299,12.6,CRITICAL,Clouds,30.8,0,GREEN,128
2024-02-08 17:00:00,Zero_Mile,325,9.2,CRITICAL,Clear,32.2,0,GREEN,146
2024-02-08 17:00:00,Kasturchand_Park,273,15.5,HIGH,Clear,34.2,0,YELLOW,112
2024-02-08 17:00:00,Variety_Sq,387,5,CRITICAL,Clear,35.4,0,RED,178
2024-02-08 17:00:00,LIC_Sq,320,9.3,CRITICAL,Clouds,33.2,0,GREEN,138
2024-02-08 17:00:00,Empress_Mall_Sq,294,9.8,CRITICAL,Clear,35.7,0,GREEN,143
2024-02-08 18:00:00,Sitabuldi_Sq,334,5,CRITICAL,Clear,32.5,0.44,YELLOW,148
2024-02-08 18:00:00,Zero_Mile,345,5,CRITICAL,Clear,36.4,0,YELLOW,143
2024-02-08 18:00:00,Kasturchand_Park,396,5,CRITICAL,Clear,34.0,0,YELLOW,172
2024-02-08 18:00:00,Variety_Sq,249,16.1,HIGH,Clear,34.2,0,GREEN,100
2024-02-08 18:00:00,LIC_Sq,346,5,CRITICAL,Clouds,34.2,0,RED,141
2024-02-08 18:00:00,Empress_Mall_Sq,302,15.7,CRITICAL,Clear,33.2,0,GREEN,133
2024-02-08 19:00:00,Sitabuldi_Sq,279,11.2,HIGH,Clear,34.2,0.34,YELLOW,134
2024-02-08 19:00:00,Zero_Mile,399,5,CRITICAL,Clear,35.2,0,RED,197
2024-02-08 19:00:00,Kasturchand_Park,288,11.7,CRITICAL,Clouds,30.1,0,GREEN,128
2024-02-08 19:00:00,Variety_Sq,284,17.1,CRITICAL,Clear,32.7,0,RED,121
2024-02-08 19:00:00,LIC_Sq,366,5,CRITICAL,Clear,35.3,0,GREEN,169
2024-02-08 19:00:00,Empress_Mall_Sq,382,5,CRITICAL,Clear,34.4,0,GREEN,190
2024-02-08 20:00:00,Sitabuldi_Sq,49,54.4,LOW,Clear,34.2,0,YELLOW,5
2024-02-08 20:00:00,Zero_Mile,164,36.6,MEDIUM,Rain,35.9,1.64,YELLOW,75
2024-02-08 20:00:00,Kasturchand_Park,123,43.9,MEDIUM,Clear,35.2,0,RED,59
2024-02-08 20:00:00,Variety_Sq,113,48.7,LOW,Clouds,30.9,0,RED,44
2024-02-08 20:00:00,LIC_Sq,45,50.3,LOW,Clouds,31.0,0,GREEN,26
2024-02-08 20:00:00,Empress_Mall_Sq,131,38.3,MEDIUM,Clear,32.8,0,RED,47
2024-02-08 21:00:00,Sitabuldi_Sq,116,44.8,LOW,Clear,36.6,0,YELLOW,53
2024-02-08 21:00:00,Zero_Mile,157,40.1,MEDIUM,Clear,33.2,0,GREEN,66
2024-02-08 21:00:00,Kasturchand_Park,114,44.6,LOW,Clouds,33.6,0,RED,47
2024-02-08 21:00:00,Variety_Sq,96,54.2,LOW,Clear,35.7,0,YELLOW,29
2024-02-08 21:00:00,LIC_Sq,122,43.7,MEDIUM,Clear,29.0,0,RED,55
2024-02-08 21:00:00,Empress_Mall_Sq,134,38.6,MEDIUM,Clear,34.8,0,GREEN,66
2024-02-08 22:00:00,Sitabuldi_Sq,110,44.7,LOW,Clear,34.2,0,YELLOW,35
2024-02-08 22:00:00,Zero_Mile,122,42.4,MEDIUM,Clouds,32.8,0,YELLOW,28
2024-02-08 22:00:00,Kasturchand_Park,67,51.7,LOW,Clear,34.5,0.44,GREEN,28
2024-02-08 22:00:00,Variety_Sq,81,48.5,LOW,Clouds,33.5,0,RED,17
2024-02-08 22:00:00,LIC_Sq,103,46.5,LOW,Clear,30.7,0,YELLOW,49
2024-02-08 22:00:00,Empress_Mall_Sq,129,44.8,MEDIUM,Clear,35.1,0,RED,45
2024-02-08 23:00:00,Sitabuldi_Sq,158,36.3,MEDIUM,Clear,35.6,0,RED,79
2024-02-08 23:00:00,Zero_Mile,61,55.5,LOW,Clear,35.6,0,GREEN,35
2024-02-08 23:00:00,Kasturchand_Park,74,55.8,LOW,Clear,32.6,0,YELLOW,48
2024-02-08 23:00:00,Variety_Sq,115,43.7,LOW,Clear,33.8,0,YELLOW,44
2024-02-08 23:00:00,LIC_Sq,106,44.7,LOW,Clear,36.4,0,GREEN,20
2024-02-08 23:00:00,Empress_Mall_Sq,87,47.0,LOW,Clouds,36.1,0,GREEN,33
2024-02-09 00:00:00,Sitabuldi_Sq,61,57.3,LOW,Clear,33.0,0,YELLOW,32
2024-02-09 00:00:00,Zero_Mile,44,61.6,LOW,Clouds,30.6,0,RED,5
2024-02-09 00:00:00,Kasturchand_Park,158,41.5,MEDIUM,Clear,34.2,0,RED,76
2024-02-09 00:00:00,Variety_Sq,81,51.2,LOW,Clouds,34.2,0,GREEN,45
2024-02-09 00:00:00,LIC_Sq,110,51.9,LOW,Clear,33.5,0,RED,33
2024-02-09 00:00:00,Empress_Mall_Sq,154,42.5,MEDIUM,Clear,34.4,0,YELLOW,55
2024-02-09 01:00:00,Sitabuldi_Sq,114,40.0,LOW,Clear,39.7,0.31,GREEN,53
2024-02-09 01:00:00,Zero_Mile,107,43.3,LOW,Clouds,36.5,0,RED,46
2024-02-09 01:00:00,Kasturchand_Park,126,40.0,MEDIUM,Clear,32.6,0,GREEN,60
2024-02-09 01:00:00,Variety_Sq,152,38.3,MEDIUM,Clear,37.3,0,YELLOW,70
2024-02-09 01:00:00,LIC_Sq,72,52.9,LOW,Clear,35.0,0,GREEN,48
2024-02-09 01:00:00,Empress_Mall_Sq,114,44.9,LOW,Clear,36.8,0,RED,50
2024-02-09 02:00:00,Sitabuldi_Sq,88,50.3,LOW,Clouds,33.5,0,RED,41
2024-02-09 02:00:00,Zero_Mile,67,50.0,LOW,Clear,36.2,0,RED,36
2024-02-09 02:00:00,Kasturchand_Park,83,53.7,LOW,Clear,32.4,0.46,GREEN,30
2024-02-09 02:00:00,Variety_Sq,99,46.9,LOW,Clear,34.6,0,GREEN,55
2024-02-09 02:00:00,LIC_Sq,140,36.7,MEDIUM,Clear,32.0,0,YELLOW,79
2024-02-09 02:00:00,Empress_Mall_Sq,36,57.0,LOW,Clear,35.1,0,GREEN,5
2024-02-09 03:00:00,Sitabuldi_Sq,76,51.6,LOW,Clear,33.1,0,RED,31
2024-02-09 03:00:00,Zero_Mile,127,41.1,MEDIUM,Clouds,36.0,0,RED,54
2024-02-09 03:00:00,Kasturchand_Park,157,35.7,MEDIUM,Clear,37.5,0,RED,71
2024-02-09 03:00:00,Variety_Sq,89,52.8,LOW,Clear,35.7,0,GREEN,42
2024-02-09 03:00:00,LIC_Sq,40,60.6,LOW,Clear,32.1,0,YELLOW,10
2024-02-09 03:00:00,Empress_Mall_Sq,58,50.7,LOW,Clear,32.4,0,GREEN,20
2024-02-09 04:00:00,Sitabuldi_Sq,20,60.9,LOW,Clear,32.7,0,RED,20
2024-02-09 04:00:00,Zero_Mile,91,48.9,LOW,Clear,34.2,0,RED,52
2024-02-09 04:00:00,Kasturchand_Park,55,56.9,LOW,Clear,33.3,0,YELLOW,19
2024-02-09 04:00:00,Variety_Sq,93,50.2,LOW,Clear,32.2,0,RED,34
2024-02-09 04:00:00,LIC_Sq,124,40.4,MEDIUM,Clear,31.6,0,GREEN,62
2024-02-09 04:00:00,Empress_Mall_Sq,84,49.0,LOW,Clear,34.4,0,YELLOW,30
2024-02-09 05:00:00,Sitabuldi_Sq,161,33.0,MEDIUM,Clear,34.8,0,RED,68
2024-02-09 05:00:00,Zero_Mile,160,32.0,MEDIUM,Clouds,35.5,0,YELLOW,61
2024-02-09 05:00:00,Kasturchand_Park,85,50.8,LOW,Clouds,36.0,0,YELLOW,30
2024-02-09 05:00:00,Variety_Sq,168,35.6,MEDIUM,Clear,36.3,0,RED,77
2024-02-09 05:00:00,LIC_Sq,116,38.9,LOW,Clouds,36.1,0,RED,38
2024-02-09 05:00:00,Empress_Mall_Sq,64,53.3,LOW,Clear,32.8,0,RED,15
2024-02-09 06:00:00,Sitabuldi_Sq,21,63.7,LOW,Clear,34.7,0,GREEN,31
2024-02-09 06:00:00,Zero_Mile,101,46.4,LOW,Clear,36.1,0,RED,48
2024-02-09 06:00:00,Kasturchand_Park,115,49.3,LOW,Clear,34.1,0,RED,59
2024-02-09 06:00:00,Variety_Sq,112,50.4,LOW,Clear,35.1,0,RED,39
2024-02-09 06:00:00,LIC_Sq,109,47.4,LOW,Clear,35.7,0,YELLOW,56
2024-02-09 06:00:00,Empress_Mall_Sq,110,42.5,LOW,Clear,33.6,0,YELLOW,43
2024-02-09 07:00:00,Sitabuldi_Sq,247,18.7,HIGH,Clouds,35.0,0,RED,117
2024-02-09 07:00:00,Zero_Mile,337,8.2,CRITICAL,Clouds,34.6,0,RED,162
2024-02-09 07:00:00,Kasturchand_Park,282,17.3,CRITICAL,Clear,33.2,0,YELLOW,128
2024-02-09 07:00:00,Variety_Sq,235,21.0,HIGH,Clouds,36.3,0,RED,103
2024-02-09 07:00:00,LIC_Sq,228,27.2,HIGH,Clear,30.9,0,GREEN,93
2024-02-09 07:00:00,Empress_Mall_Sq,298,8.7,CRITICAL,Clouds,35.3,0,RED,122
2024-02-09 08:00:00,Sitabuldi_Sq,227,23.1,HIGH,Clear,32.7,0,RED,105
2024-02-09 08:00:00,Zero_Mile,178,33.9,MEDIUM,Clear,36.0,0,RED,82
2024-02-09 08:00:00,Kasturchand_Park,252,22.3,HIGH,Clouds,35.8,0,RED,105
2024-02-09 08:00:00,Variety_Sq,380,5,CRITICAL,Clouds,33.5,0,GREEN,165
2024-02-09 08:00:00,LIC_Sq,232,26.0,HIGH,Clear,31.8,0,RED,105
2024-02-09 08:00:00,Empress_Mall_Sq,289,10.8,CRITICAL,Clear,33.1,0,GREEN,118
2024-02-09 09:00:00,Sitabuldi_Sq,285,17.9,CRITICAL,Clear,35.2,0.32,RED,130
2024-02-09 09:00:00,Zero_Mile,303,6.9,CRITICAL,Clouds,37.3,0,RED,155
2024-02-09 09:00:00,Kasturchand_Park,223,22.7,HIGH,Clear,34.3,0,GREEN,92
2024-02-09 09:00:00,Variety_Sq,260,14.0,HIGH,Clouds,31.4,0,YELLOW,100
2024-02-09 09:00:00,LIC_Sq,315,13.5,CRITICAL,Clear,32.8,0,YELLOW,145
2024-02-09 09:00:00,Empress_Mall_Sq,304,13.1,CRITICAL,Clear,33.5,0,RED,134
2024-02-09 10:00:00,Sitabuldi_Sq,133,41.8,MEDIUM,Clear,36.5,0,YELLOW,74
2024-02-09 10:00:00,Zero_Mile,244,20.0,HIGH,Clear,32.6,0,YELLOW,103
2024-02-09 10:00:00,Kasturchand_Park,119,45.7,LOW,Clear,35.8,0,YELLOW,50
2024-02-09 10:00:00,Variety_Sq,38,58.9,LOW,Clouds,32.4,0,YELLOW,5
2024-02-09 10:00:00,LIC_Sq,110,47.3,LOW,Clear,33.9,0,RED,42
2024-02-09 10:00:00,Empress_Mall_Sq,148,39.1,MEDIUM,Clear,35.5,0,GREEN,51
2024-02-09 11:00:00,Sitabuldi_Sq,113,43.5,LOW,Clouds,32.9,0.1,RED,69
2024-02-09 11:00:00,Zero_Mile,142,40.5,MEDIUM,Clouds,36.2,0,RED,73
2024-02-09 11:00:00,Kasturchand_Park,75,49.4,LOW,Clear,31.4,0,RED,23
2024-02-09 11:00:00,Variety_Sq,151,38.1,MEDIUM,Clear,31.9,0,RED,76
2024-02-09 11:00:00,LIC_Sq,86,50.3,LOW,Clear,33.6,0,RED,33
2024-02-09 11:00:00,Empress_Mall_Sq,129,38.3,MEDIUM,Clear,34.5,0,RED,65
2024-02-09 12:00:00,Sitabuldi_Sq,136,36.1,MEDIUM,Clear,37.0,0,RED,77
2024-02-09 12:00:00,Zero_Mile,45,54.7,LOW,Clear,37.7,0,YELLOW,16
2024-02-09 12:00:00,Kasturchand_Park,121,43.8,MEDIUM,Rain,34.3,0.94,RED,64
2024-02-09 12:00:00,Variety_Sq,137,36.7,MEDIUM,Clear,36.5,0,GREEN,74
2024-02-09 12:00:00,LIC_Sq,20,63.8,LOW,Clouds,35.0,0,YELLOW,17
2024-02-09 12:00:00,Empress_Mall_Sq,63,56.9,LOW,Clouds,33.9,0,GREEN,32
2024-02-09 13:00:00,Sitabuldi_Sq,114,43.8,LOW,Clear,35.6,0,GREEN,57
2024-02-09 13:00:00,Zero_Mile,136,40.1,MEDIUM,Clear,34.4,0.17,RED,74
2024-02-09 13:00:00,Kasturchand_Park,143,39.0,MEDIUM,Clear,35.5,0,RED,62
2024-02-09 13:00:00,Variety_Sq,124,43.0,MEDIUM,Clear,34.2,0,RED,45
2024-02-09 13:00:00,LIC_Sq,20,61.9,LOW,Clear,35.6,0,GREEN,6
2024-02-09 13:00:00,Empress_Mall_Sq,111,50.1,LOW,Clouds,36.6,0,YELLOW,60
2024-02-09 14:00:00,Sitabuldi_Sq,182,30.9,MEDIUM,Clear,33.4,0,GREEN,78
2024-02-09 14:00:00,Zero_Mile,92,46.7,LOW,Clouds,34.9,0,RED,37
2024-02-09 14:00:00,Kasturchand_Park,80,56.9,LOW,Clouds,35.7,0,YELLOW,43
2024-02-09 14:00:00,Variety_Sq,110,44.2,LOW,Clouds,30.5,0,GREEN,57
2024-02-09 14:00:00,LIC_Sq,64,54.3,LOW,Clouds,34.2,0,GREEN,41
2024-02-09 14:00:00,Empress_Mall_Sq,79,49.8,LOW,Clear,31.7,0,YELLOW,53
2024-02-09 15:00:00,Sitabuldi_Sq,64,48.8,LOW,Clear,36.3,0,YELLOW,32
2024-02-09 15:00:00,Zero_Mile,49,59.7,LOW,Clear,31.5,0,GREEN,11
2024-02-09 15:00:00,Kasturchand_Park,124,44.0,MEDIUM,Clear,33.0,0,RED,49
2024-02-09 15:00:00,Variety_Sq,144,41.5,MEDIUM,Clear,34.3,0,YELLOW,64
2024-02-09 15:00:00,LIC_Sq,133,44.2,MEDIUM,Clear,32.2,0,RED,72
2024-02-09 15:00:00,Empress_Mall_Sq,161,34.8,MEDIUM,Clear,35.5,0,GREEN,71
2024-02-09 16:00:00,Sitabuldi_Sq,294,15.7,CRITICAL,Clear,34.7,0,GREEN,122
2024-02-09 16:00:00,Zero_Mile,255,17.3,HIGH,Clear,35.4,0,RED,107
2024-02-09 16:00:00,Kasturchand_Park,259,18.6,HIGH,Clouds,35.3,0,RED,111
2024-02-09 16:00:00,Variety_Sq,393,5,CRITICAL,Clear,31.4,0,YELLOW,176
2024-02-09 16:00:00,LIC_Sq,263,21.4,HIGH,Clear,34.5,0,GREEN,135
2024-02-09 16:00:00,Empress_Mall_Sq,339,5,CRITICAL,Clear,35.1,0,YELLOW,157
2024-02-09 17:00:00,Sitabuldi_Sq,352,5,CRITICAL,Clouds,33.5,0,YELLOW,147
2024-02-09 17:00:00,Zero_Mile,337,5.6,CRITICAL,Clouds,35.0,0,GREEN,166
2024-02-09 17:00:00,Kasturchand_Park,301,10.4,CRITICAL,Clouds,34.3,0,YELLOW,134
2024-02-09 17:00:00,Variety_Sq,351,5,CRITICAL,Clear,34.7,0,YELLOW,160
2024-02-09 17:00:00,LIC_Sq,271,17.0,HIGH,Clear,34.6,0,GREEN,123
2024-02-09 17:00:00,Empress_Mall_Sq,275,16.4,HIGH,Clear,32.2,0.27,GREEN,114
2024-02-09 18:00:00,Sitabuldi_Sq,297,7.9,CRITICAL,Clear,38.5,0,GREEN,134
2024-02-09 18:00:00,Zero_Mile,202,28.3,HIGH,Clear,32.8,0,RED,99
2024-02-09 18:00:00,Kasturchand_Park,297,11.6,CRITICAL,Clear,33.3,0.12,GREEN,135
2024-02-09 18:00:00,Variety_Sq,286,11.7,CRITICAL,Clouds,38.0,0,GREEN,116
2024-02-09 18:00:00,LIC_Sq,256,16.8,HIGH,Clear,35.9,0,RED,108
2024-02-09 18:00:00,Empress_Mall_Sq,312,12.0,CRITICAL,Clear,33.6,0,YELLOW,151
2024-02-09 19:00:00,Sitabuldi_Sq,326,10.0,CRITICAL,Clear,36.0,0,YELLOW,136
2024-02-09 19:00:00,Zero_Mile,229,25.1,HIGH,Clear,31.7,0,GREEN,113
2024-02-09 19:00:00,Kasturchand_Park,360,5,CRITICAL,Clouds,35.9,0,GREEN,176
2024-02-09 19:00:00,Variety_Sq,253,22.0,HIGH,Clear,35.8,0,RED,104
2024-02-09 19:00:00,LIC_Sq,250,21.3,HIGH,Clear,33.4,0,GREEN,99
2024-02-09 19:00:00,Empress_Mall_Sq,384,5,CRITICAL,Clear,31.2,0,RED,158
2024-02-09 20:00:00,Sitabuldi_Sq,83,51.2,LOW,Clear,37.0,0,RED,44
2024-02-09 20:00:00,Zero_Mile,81,49.6,LOW,Clouds,35.1,0,RED,31
2024-02-09 20:00:00,Kasturchand_Park,123,48.8,MEDIUM,Clouds,32.9,0,RED,60
2024-02-09 20:00:00,Variety_Sq,148,34.9,MEDIUM,Clear,37.0,0,YELLOW,60
2024-02-09 20:00:00,LIC_Sq,140,34.8,MEDIUM,Clouds,35.6,0,YELLOW,76
2024-02-09 20:00:00,Empress_Mall_Sq,105,44.7,LOW,Clear,34.2,0,GREEN,41
2024-02-09 21:00:00,Sitabuldi_Sq,95,48.1,LOW,Clear,28.5,0,RED,39
2024-02-09 21:00:00,Zero_Mile,149,46.0,MEDIUM,Clear,34.0,0,GREEN,71
2024-02-09 21:00:00,Kasturchand_Park,71,52.3,LOW,Clear,32.6,0,RED,23
2024-02-09 21:00:00,Variety_Sq,169,34.6,MEDIUM,Clouds,32.6,0,RED,52
2024-02-09 21:00:00,LIC_Sq,48,54.0,LOW,Clouds,34.3,0,RED,31
2024-02-09 21:00:00,Empress_Mall_Sq,202,23.1,HIGH,Clear,31.0,0,GREEN,72
2024-02-09 22:00:00,Sitabuldi_Sq,119,44.1,LOW,Clear,31.8,0.04,GREEN,44
2024-02-09 22:00:00,Zero_Mile,137,47.5,MEDIUM,Rain,34.4,0.78,GREEN,53
2024-02-09 22:00:00,Kasturchand_Park,159,34.1,MEDIUM,Clear,38.5,0,YELLOW,64
2024-02-09 22:00:00,Variety_Sq,119,43.6,LOW,Rain,33.7,0.56,RED,56
2024-02-09 22:00:00,LIC_Sq,140,40.5,MEDIUM,Clouds,32.1,0,YELLOW,78
2024-02-09 22:00:00,Empress_Mall_Sq,125,40.8,MEDIUM,Clouds,35.6,0,RED,58
2024-02-09 23:00:00,Sitabuldi_Sq,141,44.3,MEDIUM,Clear,36.0,0,GREEN,64
2024-02-09 23:00:00,Zero_Mile,51,55.5,LOW,Clear,33.2,0,YELLOW,15
2024-02-09 23:00:00,Kasturchand_Park,43,56.9,LOW,Clouds,36.6,0,YELLOW,18
2024-02-09 23:00:00,Variety_Sq,140,40.0,MEDIUM,Clear,34.2,0,RED,79
2024-02-09 23:00:00,LIC_Sq,110,48.1,LOW,Clear,35.1,0,RED,53
2024-02-09 23:00:00,Empress_Mall_Sq,187,27.8,MEDIUM,Clear,35.8,0,RED,64
2024-02-10 00:00:00,Sitabuldi_Sq,39,54.6,LOW,Clouds,35.1,0,RED,12
2024-02-10 00:00:00,Zero_Mile,68,53.6,LOW,Clouds,35.6,0.47,GREEN,29
2024-02-10 00:00:00,Kasturchand_Park,56,55.6,LOW,Clouds,36.2,0,RED,8
2024-02-10 00:00:00,Variety_Sq,61,52.9,LOW,Rain,32.1,1.38,YELLOW,29
2024-02-10 00:00:00,LIC_Sq,119,43.1,LOW,Clear,35.6,0,GREEN,44
2024-02-10 00:00:00,Empress_Mall_Sq,127,38.6,MEDIUM,Clear,30.8,0,RED,42
2024-02-10 01:00:00,Sitabuldi_Sq,37,62.0,LOW,Rain,33.6,0.61,RED,19
2024-02-10 01:00:00,Zero_Mile,166,34.8,MEDIUM,Clear,33.3,0,YELLOW,79
2024-02-10 01:00:00,Kasturchand_Park,30,60.8,LOW,Clear,32.3,0,GREEN,14
2024-02-10 01:00:00,Variety_Sq,81,50.7,LOW,Clouds,36.4,0,YELLOW,51
2024-02-10 01:00:00,LIC_Sq,20,60.6,LOW,Clouds,36.4,0.39,YELLOW,24
2024-02-10 01:00:00,Empress_Mall_Sq,88,49.5,LOW,Clear,34.7,0.07,RED,32
2024-02-10 02:00:00,Sitabuldi_Sq,116,42.7,LOW,Clouds,34.2,0,GREEN,54
2024-02-10 02:00:00,Zero_Mile,74,48.3,LOW,Clear,32.0,0,RED,35
2024-02-10 02:00:00,Kasturchand_Park,40,57.7,LOW,Clear,36.6,0,YELLOW,15
2024-02-10 02:00:00,Variety_Sq,100,46.7,LOW,Clouds,35.8,0,YELLOW,63
2024-02-10 02:00:00,LIC_Sq,93,44.5,LOW,Clear,35.4,0.49,RED,33
2024-02-10 02:00:00,Empress_Mall_Sq,115,44.5,LOW,Clear,34.5,0,RED,57
2024-02-10 03:00:00,Sitabuldi_Sq,20,63.0,LOW,Clear,32.6,0,GREEN,15
2024-02-10 03:00:00,Zero_Mile,129,44.5,MEDIUM,Clouds,32.6,0,RED,43
2024-02-10 03:00:00,Kasturchand_Park,135,42.9,MEDIUM,Clouds,32.5,0,GREEN,70
2024-02-10 03:00:00,Variety_Sq,52,53.4,LOW,Clear,38.1,0,GREEN,22
2024-02-10 03:00:00,LIC_Sq,113,40.1,LOW,Clear,36.0,0,YELLOW,55
2024-02-10 03:00:00,Empress_Mall_Sq,105,42.1,LOW,Clear,32.1,0,GREEN,47
2024-02-10 04:00:00,Sitabuldi_Sq,89,46.7,LOW,Clear,34.0,0,YELLOW,47
2024-02-10 04:00:00,Zero_Mile,59,54.0,LOW,Clear,38.7,0,RED,44
2024-02-10 04:00:00,Kasturchand_Park,98,50.3,LOW,Clear,32.9,0,YELLOW,47
2024-02-10 04:00:00,Variety_Sq,30,54.9,LOW,Clouds,35.2,0.21,YELLOW,15
2024-02-10 04:00:00,LIC_Sq,62,50.9,LOW,Clear,31.5,0,YELLOW,35
2024-02-10 04:00:00,Empress_Mall_Sq,36,56.1,LOW,Clear,33.2,0,YELLOW,9
2024-02-10 05:00:00,Sitabuldi_Sq,20,59.4,LOW,Clear,34.9,0,RED,20
2024-02-10 05:00:00,Zero_Mile,57,49.2,LOW,Clear,33.4,0,YELLOW,27
2024-02-10 05:00:00,Kasturchand_Park,45,57.0,LOW,Clear,35.8,0,YELLOW,14
2024-02-10 05:00:00,Variety_Sq,124,45.1,MEDIUM,Clouds,31.4,0,GREEN,61
2024-02-10 05:00:00,LIC_Sq,110,41.4,LOW,Clear,33.5,0,YELLOW,53
2024-02-10 05:00:00,Empress_Mall_Sq,77,53.1,LOW,Clouds,38.5,0,GREEN,52
2024-02-10 06:00:00,Sitabuldi_Sq,30,64.4,LOW,Clear,32.2,0.07,YELLOW,35
2024-02-10 06:00:00,Zero_Mile,85,48.7,LOW,Clouds,38.7,0,RED,46
2024-02-10 06:00:00,Kasturchand_Park,106,43.5,LOW,Clear,35.5,0,RED,40
2024-02-10 06:00:00,Variety_Sq,66,54.4,LOW,Clouds,36.8,0,YELLOW,21
2024-02-10 06:00:00,LIC_Sq,87,46.4,LOW,Clear,34.9,0,GREEN,44
2024-02-10 06:00:00,Empress_Mall_Sq,120,47.0,LOW,Clouds,32.8,0,RED,55
2024-02-10 07:00:00,Sitabuldi_Sq,212,26.7,HIGH,Clear,34.5,0,YELLOW,101
2024-02-10 07:00:00,Zero_Mile,140,41.9,MEDIUM,Clouds,34.6,0.36,YELLOW,46
2024-02-10 07:00:00,Kasturchand_Park,166,33.8,MEDIUM,Clouds,35.1,0,GREEN,64
2024-02-10 07:00:00,Variety_Sq,129,35.9,MEDIUM,Clouds,32.7,0,RED,51
2024-02-10 07:00:00,LIC_Sq,211,26.4,HIGH,Clouds,33.8,0,RED,92
2024-02-10 07:00:00,Empress_Mall_Sq,168,36.7,MEDIUM,Clear,32.1,0,RED,74
2024-02-10 08:00:00,Sitabuldi_Sq,179,37.5,MEDIUM,Clear,35.0,0,YELLOW,89
2024-02-10 08:00:00,Zero_Mile,206,24.4,HIGH,Clear,32.9,0,GREEN,96
2024-02-10 08:00:00,Kasturchand_Park,235,22.9,HIGH,Clear,32.7,0,RED,109
2024-02-10 08:00:00,Variety_Sq,163,37.8,MEDIUM,Clear,34.2,0,GREEN,86
2024-02-10 08:00:00,LIC_Sq,124,39.3,MEDIUM,Clear,31.0,0,GREEN,52
2024-02-10 08:00:00,Empress_Mall_Sq,163,37.9,MEDIUM,Clouds,33.4,0,YELLOW,66
2024-02-10 09:00:00,Sitabuldi_Sq,138,43.2,MEDIUM,Clouds,33.5,0,GREEN,36
2024-02-10 09:00:00,Zero_Mile,182,39.4,MEDIUM,Clear,38.3,0,GREEN,65
2024-02-10 09:00:00,Kasturchand_Park,231,23.4,HIGH,Clear,33.7,0,GREEN,103
2024-02-10 09:00:00,Variety_Sq,167,35.5,MEDIUM,Clouds,33.5,0,GREEN,69
2024-02-10 09:00:00,LIC_Sq,153,35.9,MEDIUM,Clear,35.0,0,RED,75
2024-02-10 09:00:00,Empress_Mall_Sq,165,37.4,MEDIUM,Clear,31.8,0,YELLOW,81
2024-02-10 10:00:00,Sitabuldi_Sq,110,46.1,LOW,Clouds,34.0,0,RED,37
2024-02-10 10:00:00,Zero_Mile,78,59.7,LOW,Clear,37.5,0,GREEN,34
2024-02-10 10:00:00,Kasturchand_Park,54,46.9,LOW,Clear,36.7,0,YELLOW,20
2024-02-10 10:00:00,Variety_Sq,115,42.2,LOW,Clouds,32.5,0,GREEN,72
2024-02-10 10:00:00,LIC_Sq,39,52.5,LOW,Clear,36.2,0,GREEN,32
2024-02-10 10:00:00,Empress_Mall_Sq,79,49.8,LOW,Clear,35.7,0,GREEN,27
2024-02-10 11:00:00,Sitabuldi_Sq,103,45.3,LOW,Clear,35.4,0,RED,45
2024-02-10 11:00:00,Zero_Mile,58,59.5,LOW,Clear,34.8,0,RED,43
2024-02-10 11:00:00,Kasturchand_Park,53,58.2,LOW,Clear,30.3,0,RED,33
2024-02-10 11:00:00,Variety_Sq,87,48.6,LOW,Clouds,38.6,0,YELLOW,38
2024-02-10 11:00:00,LIC_Sq,51,53.6,LOW,Clear,33.9,0,YELLOW,36
2024-02-10 11:00:00,Empress_Mall_Sq,87,47.4,LOW,Clear,34.5,0,YELLOW,34
2024-02-10 12:00:00,Sitabuldi_Sq,125,39.9,MEDIUM,Clear,34.8,0,RED,57
2024-02-10 12:00:00,Zero_Mile,132,40.8,MEDIUM,Rain,35.7,0.56,GREEN,55
2024-02-10 12:00:00,Kasturchand_Park,61,50.9,LOW,Clear,34.3,0,GREEN,10
2024-02-10 12:00:00,Variety_Sq,91,47.8,LOW,Clear,37.0,0,GREEN,32
2024-02-10 12:00:00,LIC_Sq,27,64.6,LOW,Clear,32.8,0,RED,10
2024-02-10 12:00:00,Empress_Mall_Sq,66,54.3,LOW,Clear,36.4,0,RED,43
2024-02-10 13:00:00,Sitabuldi_Sq,153,39.5,MEDIUM,Clear,33.5,0,GREEN,73
2024-02-10 13:00:00,Zero_Mile,170,30.9,MEDIUM,Clear,32.9,0,YELLOW,60
2024-02-10 13:00:00,Kasturchand_Park,98,52.5,LOW,Clear,32.4,0,GREEN,47
2024-02-10 13:00:00,Variety_Sq,137,41.3,MEDIUM,Clear,35.3,0,GREEN,65
2024-02-10 13:00:00,LIC_Sq,109,49.0,LOW,Clear,36.0,0,YELLOW,66
2024-02-10 13:00:00,Empress_Mall_Sq,20,58.8,LOW,Clear,32.9,0,GREEN,5
2024-02-10 14:00:00,Sitabuldi_Sq,25,61.9,LOW,Clear,37.4,0,RED,6
2024-02-10 14:00:00,Zero_Mile,65,51.6,LOW,Clear,30.5,0,GREEN,42
2024-02-10 14:00:00,Kasturchand_Park,102,48.6,LOW,Clear,37.2,0,RED,66
2024-02-10 14:00:00,Variety_Sq,77,50.3,LOW,Clear,27.1,0,RED,31
2024-02-10 14:00:00,LIC_Sq,39,55.8,LOW,Clear,32.6,0,YELLOW,17
2024-02-10 14:00:00,Empress_Mall_Sq,41,55.9,LOW,Clear,35.4,0,RED,9
2024-02-10 15:00:00,Sitabuldi_Sq,57,56.5,LOW,Clouds,36.8,0,YELLOW,12
2024-02-10 15:00:00,Zero_Mile,115,42.6,LOW,Clear,33.8,0,GREEN,39
2024-02-10 15:00:00,Kasturchand_Park,77,50.6,LOW,Rain,30.4,0.54,GREEN,24
2024-02-10 15:00:00,Variety_Sq,46,54.3,LOW,Clear,34.5,0,GREEN,20
2024-02-10 15:00:00,LIC_Sq,31,57.7,LOW,Clear,35.7,0,YELLOW,26
2024-02-10 15:00:00,Empress_Mall_Sq,102,48.6,LOW,Clouds,33.8,0,RED,42
2024-02-10 16:00:00,Sitabuldi_Sq,245,23.9,HIGH,Clouds,32.5,0,GREEN,101
2024-02-10 16:00:00,Zero_Mile,209,30.8,HIGH,Clear,37.2,0,RED,99
2024-02-10 16:00:00,Kasturchand_Park,244,18.4,HIGH,Clear,31.4,0,RED,87
2024-02-10 16:00:00,Variety_Sq,188,31.4,MEDIUM,Clear,34.4,0.31,YELLOW,90
2024-02-10 16:00:00,LIC_Sq,255,20.5,HIGH,Clear,33.6,0,GREEN,116
2024-02-10 16:00:00,Empress_Mall_Sq,258,14.9,HIGH,Clear,32.4,0,YELLOW,125
2024-02-10 17:00:00,Sitabuldi_Sq,134,38.3,MEDIUM,Clouds,36.4,0,RED,77
2024-02-10 17:00:00,Zero_Mile,204,26.4,HIGH,Clouds,36.9,0,GREEN,83
2024-02-10 17:00:00,Kasturchand_Park,200,26.2,MEDIUM,Clear,32.7,0,YELLOW,75
2024-02-10 17:00:00,Variety_Sq,235,23.1,HIGH,Clear,31.8,0,RED,95
2024-02-10 17:00:00,LIC_Sq,183,30.1,MEDIUM,Clear,34.6,0,RED,77
2024-02-10 17:00:00,Empress_Mall_Sq,176,37.5,MEDIUM,Clouds,37.7,0,RED,76
2024-02-10 18:00:00,Sitabuldi_Sq,176,30.0,MEDIUM,Clear,37.0,0,RED,79
2024-02-10 18:00:00,Zero_Mile,145,40.4,MEDIUM,Clear,35.6,0,RED,56
2024-02-10 18:00:00,Kasturchand_Park,196,29.7,MEDIUM,Clear,32.7,0.15,GREEN,79
2024-02-10 18:00:00,Variety_Sq,247,22.3,HIGH,Clear,29.8,0,RED,109
2024-02-10 18:00:00,LIC_Sq,189,32.1,MEDIUM,Clear,33.8,0,GREEN,101
2024-02-10 18:00:00,Empress_Mall_Sq,147,34.8,MEDIUM,Clear,33.9,0,YELLOW,51
2024-02-10 19:00:00,Sitabuldi_Sq,169,38.7,MEDIUM,Clouds,35.0,0,GREEN,108
2024-02-10 19:00:00,Zero_Mile,170,36.2,MEDIUM,Clear,31.4,0,YELLOW,80
2024-02-10 19:00:00,Kasturchand_Park,244,16.4,HIGH,Clear,31.7,0,YELLOW,119
2024-02-10 19:00:00,Variety_Sq,172,31.4,MEDIUM,Clear,33.3,0,RED,93
2024-02-10 19:00:00,LIC_Sq,147,35.0,MEDIUM,Clear,34.7,0,RED,60
2024-02-10 19:00:00,Empress_Mall_Sq,233,21.1,HIGH,Clear,34.1,0,RED,100
2024-02-10 20:00:00,Sitabuldi_Sq,118,38.9,LOW,Clear,36.1,0,GREEN,50
2024-02-10 20:00:00,Zero_Mile,114,39.9,LOW,Clouds,32.8,0,YELLOW,66
2024-02-10 20:00:00,Kasturchand_Park,124,42.7,MEDIUM,Clouds,31.6,0,GREEN,53
2024-02-10 20:00:00,Variety_Sq,126,43.8,MEDIUM,Clear,33.8,0,GREEN,52
2024-02-10 20:00:00,LIC_Sq,59,55.0,LOW,Clear,33.2,0,RED,22
2024-02-10 20:00:00,Empress_Mall_Sq,49,55.1,LOW,Clear,36.5,0,RED,32
2024-02-10 21:00:00,Sitabuldi_Sq,38,59.3,LOW,Clear,35.1,0,GREEN,29
2024-02-10 21:00:00,Zero_Mile,27,58.4,LOW,Clear,33.2,0,GREEN,5
2024-02-10 21:00:00,Kasturchand_Park,92,47.1,LOW,Clear,35.9,0,YELLOW,29
2024-02-10 21:00:00,Variety_Sq,81,44.7,LOW,Clear,35.1,0,RED,46
2024-02-10 21:00:00,LIC_Sq,134,39.1,MEDIUM,Clear,36.0,0,RED,47
2024-02-10 21:00:00,Empress_Mall_Sq,20,68.1,LOW,Clear,34.0,0,GREEN,26
2024-02-10 22:00:00,Sitabuldi_Sq,83,47.1,LOW,Clouds,33.4,0,RED,42
2024-02-10 22:00:00,Zero_Mile,28,65.4,LOW,Clear,34.7,0,GREEN,21
2024-02-10 22:00:00,Kasturchand_Park,63,53.5,LOW,Clear,33.5,0,GREEN,29
2024-02-10 22:00:00,Variety_Sq,29,59.2,LOW,Clouds,36.8,0,RED,7
2024-02-10 22:00:00,LIC_Sq,150,42.0,MEDIUM,Clear,33.3,0,GREEN,72
2024-02-10 22:00:00,Empress_Mall_Sq,98,45.0,LOW,Clear,35.2,0,GREEN,53
2024-02-10 23:00:00,Sitabuldi_Sq,141,38.1,MEDIUM,Clear,32.7,0,GREEN,51
2024-02-10 23:00:00,Zero_Mile,87,52.6,LOW,Clear,36.3,0,GREEN,35
2024-02-10 23:00:00,Kasturchand_Park,76,48.4,LOW,Clouds,36.1,0,RED,44
2024-02-10 23:00:00,Variety_Sq,74,49.3,LOW,Clear,34.1,0,RED,50
2024-02-10 23:00:00,LIC_Sq,133,44.0,MEDIUM,Clear,31.1,0,GREEN,45
2024-02-10 23:00:00,Empress_Mall_Sq,140,39.8,MEDIUM,Clear,37.1,0,YELLOW,60
2024-02-11 00:00:00,Sitabuldi_Sq,71,51.9,LOW,Clouds,28.1,0,RED,31
2024-02-11 00:00:00,Zero_Mile,100,43.8,LOW,Clouds,37.4,0,YELLOW,33
2024-02-11 00:00:00,Kasturchand_Park,20,63.5,LOW,Clouds,36.4,0,YELLOW,15
2024-02-11 00:00:00,Variety_Sq,59,62.2,LOW,Rain,31.1,0.54,YELLOW,35
2024-02-11 00:00:00,LIC_Sq,70,52.3,LOW,Clear,32.6,0,RED,45
2024-02-11 00:00:00,Empress_Mall_Sq,82,45.7,LOW,Clear,34.8,0,GREEN,28
2024-02-11 01:00:00,Sitabuldi_Sq,81,51.4,LOW,Rain,34.6,0.81,RED,43
2024-02-11 01:00:00,Zero_Mile,108,47.1,LOW,Clear,32.5,0,YELLOW,44
2024-02-11 01:00:00,Kasturchand_Park,47,63.1,LOW,Clouds,32.0,0.35,YELLOW,30
2024-02-11 01:00:00,Variety_Sq,70,54.1,LOW,Clear,34.0,0,RED,32
2024-02-11 01:00:00,LIC_Sq,79,51.0,LOW,Clouds,36.0,0,RED,49
2024-02-11 01:00:00,Empress_Mall_Sq,148,37.3,MEDIUM,Clear,32.3,0,YELLOW,70
2024-02-11 02:00:00,Sitabuldi_Sq,58,56.5,LOW,Clear,36.9,0,RED,24
2024-02-11 02:00:00,Zero_Mile,139,38.1,MEDIUM,Clear,34.2,0,RED,68
2024-02-11 02:00:00,Kasturchand_Park,101,42.8,LOW,Clear,34.9,0,GREEN,26
2024-02-11 02:00:00,Variety_Sq,156,33.3,MEDIUM,Clear,32.1,0,GREEN,75
2024-02-11 02:00:00,LIC_Sq,74,51.2,LOW,Clear,34.5,0,GREEN,33
2024-02-11 02:00:00,Empress_Mall_Sq,122,43.7,MEDIUM,Clouds,33.4,0,GREEN,53
2024-02-11 03:00:00,Sitabuldi_Sq,107,47.4,LOW,Clear,35.3,0,RED,53
2024-02-11 03:00:00,Zero_Mile,20,63.1,LOW,Clouds,34.1,0.12,RED,15
2024-02-11 03:00:00,Kasturchand_Park,58,48.8,LOW,Clear,33.7,0,RED,33
2024-02-11 03:00:00,Variety_Sq,82,48.4,LOW,Clear,34.9,0,YELLOW,35
2024-02-11 03:00:00,LIC_Sq,50,58.0,LOW,Clouds,33.2,0,YELLOW,31
2024-02-11 03:00:00,Empress_Mall_Sq,77,50.5,LOW,Clear,31.5,0,YELLOW,41
2024-02-11 04:00:00,Sitabuldi_Sq,139,38.5,MEDIUM,Clear,32.7,0,YELLOW,70
2024-02-11 04:00:00,Zero_Mile,92,49.7,LOW,Rain,35.4,0.75,GREEN,32
2024-02-11 04:00:00,Kasturchand_Park,102,49.3,LOW,Clear,35.2,0,GREEN,43
2024-02-11 04:00:00,Variety_Sq,80,53.2,LOW,Clear,31.6,0,RED,46
2024-02-11 04:00:00,LIC_Sq,61,54.3,LOW,Clear,30.6,0,GREEN,13
2024-02-11 04:00:00,Empress_Mall_Sq,108,45.8,LOW,Clear,36.6,0,YELLOW,51
2024-02-11 05:00:00,Sitabuldi_Sq,78,53.6,LOW,Clear,34.2,0,GREEN,20
2024-02-11 05:00:00,Zero_Mile,45,58.3,LOW,Clear,31.5,0,RED,40
2024-02-11 05:00:00,Kasturchand_Park,70,53.2,LOW,Clear,32.8,0,RED,36
2024-02-11 05:00:00,Variety_Sq,132,40.9,MEDIUM,Clouds,36.1,0,GREEN,43
2024-02-11 05:00:00,LIC_Sq,106,49.0,LOW,Clear,35.5,0,RED,42
2024-02-11 05:00:00,Empress_Mall_Sq,46,51.9,LOW,Clouds,36.2,0,YELLOW,30
2024-02-11 06:00:00,Sitabuldi_Sq,92,48.9,LOW,Clear,32.4,0,GREEN,25
2024-02-11 06:00:00,Zero_Mile,47,54.7,LOW,Rain,33.5,0.7,YELLOW,16
2024-02-11 06:00:00,Kasturchand_Park,97,52.1,LOW,Clear,33.9,0,RED,53
2024-02-11 06:00:00,Variety_Sq,77,49.9,LOW,Clear,32.3,0,GREEN,39
2024-02-11 06:00:00,LIC_Sq,20,59.7,LOW,Clear,35.1,0,RED,15
2024-02-11 06:00:00,Empress_Mall_Sq,107,44.4,LOW,Clouds,37.1,0,GREEN,50
2024-02-11 07:00:00,Sitabuldi_Sq,160,39.6,MEDIUM,Clouds,32.0,0,YELLOW,68
2024-02-11 07:00:00,Zero_Mile,233,19.8,HIGH,Clouds,32.5,0,GREEN,105
2024-02-11 07:00:00,Kasturchand_Park,179,31.8,MEDIUM,Clouds,37.7,0,RED,74
2024-02-11 07:00:00,Variety_Sq,199,25.6,MEDIUM,Clear,34.3,0,RED,81
2024-02-11 07:00:00,LIC_Sq,180,34.0,MEDIUM,Clear,38.1,0.25,YELLOW,85
2024-02-11 07:00:00,Empress_Mall_Sq,151,28.6,MEDIUM,Clear,35.3,0,GREEN,62
2024-02-11 08:00:00,Sitabuldi_Sq,178,31.8,MEDIUM,Clear,35.1,0,RED,78
2024-02-11 08:00:00,Zero_Mile,178,32.1,MEDIUM,Clear,32.6,0,RED,73
2024-02-11 08:00:00,Kasturchand_Park,111,44.6,LOW,Clear,35.6,0,GREEN,61
2024-02-11 08:00:00,Variety_Sq,210,21.8,HIGH,Clear,32.3,0,YELLOW,96
2024-02-11 08:00:00,LIC_Sq,196,28.8,MEDIUM,Clear,35.6,0,RED,96
2024-02-11 08:00:00,Empress_Mall_Sq,195,29.9,MEDIUM,Clear,34.1,0,RED,71
2024-02-11 09:00:00,Sitabuldi_Sq,203,29.4,HIGH,Clear,35.8,0.38,GREEN,81
2024-02-11 09:00:00,Zero_Mile,128,41.1,MEDIUM,Clouds,35.5,0.45,RED,53
2024-02-11 09:00:00,Kasturchand_Park,196,31.2,MEDIUM,Clear,36.2,0,GREEN,97
2024-02-11 09:00:00,Variety_Sq,184,32.4,MEDIUM,Clouds,34.3,0,RED,67
2024-02-11 09:00:00,LIC_Sq,136,43.3,MEDIUM,Clouds,35.3,0,GREEN,59
2024-02-11 09:00:00,Empress_Mall_Sq,179,28.9,MEDIUM,Clear,30.2,0,GREEN,73
2024-02-11 10:00:00,Sitabuldi_Sq,36,59.8,LOW,Clear,33.0,0.35,GREEN,12
2024-02-11 10:00:00,Zero_Mile,97,45.9,LOW,Clear,30.6,0,GREEN,57
2024-02-11 10:00:00,Kasturchand_Park,142,40.6,MEDIUM,Clear,32.5,0,RED,75
2024-02-11 10:00:00,Variety_Sq,70,46.0,LOW,Clouds,32.9,0,GREEN,12
2024-02-11 10:00:00,LIC_Sq,65,54.4,LOW,Clear,33.4,0.19,YELLOW,48
2024-02-11 10:00:00,Empress_Mall_Sq,95,46.9,LOW,Clouds,39.2,0,YELLOW,54
2024-02-11 11:00:00,Sitabuldi_Sq,41,58.9,LOW,Clouds,34.2,0,GREEN,9
2024-02-11 11:00:00,Zero_Mile,54,59.9,LOW,Clear,31.0,0,RED,40
2024-02-11 11:00:00,Kasturchand_Park,166,33.6,MEDIUM,Clear,37.1,0,GREEN,70
2024-02-11 11:00:00,Variety_Sq,40,57.9,LOW,Clouds,35.1,0,RED,42
2024-02-11 11:00:00,LIC_Sq,65,51.3,LOW,Clear,34.6,0,GREEN,30
2024-02-11 11:00:00,Empress_Mall_Sq,72,55.8,LOW,Clear,34.9,0.31,GREEN,39
2024-02-11 12:00:00,Sitabuldi_Sq,68,49.7,LOW,Clouds,34.5,0,GREEN,35
2024-02-11 12:00:00,Zero_Mile,82,52.5,LOW,Clear,30.6,0,YELLOW,15
2024-02-11 12:00:00,Kasturchand_Park,49,51.9,LOW,Clouds,33.5,0,GREEN,41
2024-02-11 12:00:00,Variety_Sq,20,61.3,LOW,Clouds,34.8,0,RED,7
2024-02-11 12:00:00,LIC_Sq,96,47.5,LOW,Clear,29.9,0,RED,45
2024-02-11 12:00:00,Empress_Mall_Sq,61,54.1,LOW,Clouds,34.0,0,GREEN,40
2024-02-11 13:00:00,Sitabuldi_Sq,72,47.0,LOW,Clear,37.2,0,RED,42
2024-02-11 13:00:00,Zero_Mile,83,47.4,LOW,Clear,32.1,0,GREEN,31
2024-02-11 13:00:00,Kasturchand_Park,54,54.8,LOW,Clear,31.5,0,YELLOW,23
2024-02-11 13:00:00,Variety_Sq,21,53.7,LOW,Clear,34.5,0.29,YELLOW,5
2024-02-11 13:00:00,LIC_Sq,94,47.9,LOW,Clear,35.9,0,RED,43
2024-02-11 13:00:00,Empress_Mall_Sq,20,61.8,LOW,Clear,35.9,0.22,YELLOW,16
2024-02-11 14:00:00,Sitabuldi_Sq,43,63.1,LOW,Clear,31.9,0,YELLOW,27
2024-02-11 14:00:00,Zero_Mile,91,48.3,LOW,Clouds,34.7,0,GREEN,49
2024-02-11 14:00:00,Kasturchand_Park,121,48.0,MEDIUM,Clear,34.1,0,RED,64
2024-02-11 14:00:00,Variety_Sq,71,54.4,LOW,Clouds,36.1,0,YELLOW,42
2024-02-11 14:00:00,LIC_Sq,125,43.1,MEDIUM,Clouds,35.4,0,YELLOW,63
2024-02-11 14:00:00,Empress_Mall_Sq,47,57.6,LOW,Clear,38.2,0,GREEN,26
2024-02-11 15:00:00,Sitabuldi_Sq,20,61.7,LOW,Clear,35.7,0,GREEN,9
2024-02-11 15:00:00,Zero_Mile,69,51.5,LOW,Clear,34.5,0,YELLOW,35
2024-02-11 15:00:00,Kasturchand_Park,129,42.5,MEDIUM,Clear,34.3,0,GREEN,61
2024-02-11 15:00:00,Variety_Sq,20,66.7,LOW,Clouds,34.0,0,GREEN,9
2024-02-11 15:00:00,LIC_Sq,37,57.3,LOW,Clear,33.4,0,YELLOW,12
2024-02-11 15:00:00,Empress_Mall_Sq,65,52.3,LOW,Clear,34.8,0,YELLOW,5
2024-02-11 16:00:00,Sitabuldi_Sq,148,40.4,MEDIUM,Rain,31.5,0.98,RED,84
2024-02-11 16:00:00,Zero_Mile,229,23.3,HIGH,Clear,36.1,0,YELLOW,95
2024-02-11 16:00:00,Kasturchand_Park,204,29.5,HIGH,Clouds,32.7,0,YELLOW,91
2024-02-11 16:00:00,Variety_Sq,238,20.3,HIGH,Clear,31.9,0,YELLOW,107
2024-02-11 16:00:00,LIC_Sq,316,6.6,CRITICAL,Clouds,33.9,0,YELLOW,124
2024-02-11 16:00:00,Empress_Mall_Sq,160,35.8,MEDIUM,Clear,34.6,0,GREEN,72
2024-02-11 17:00:00,Sitabuldi_Sq,182,26.4,MEDIUM,Clear,33.8,0,YELLOW,88
2024-02-11 17:00:00,Zero_Mile,202,31.2,HIGH,Clear,32.7,0,GREEN,103
2024-02-11 17:00:00,Kasturchand_Park,246,23.2,HIGH,Clouds,32.5,0,GREEN,103
2024-02-11 17:00:00,Variety_Sq,240,23.7,HIGH,Clear,31.3,0,RED,107
2024-02-11 17:00:00,LIC_Sq,206,21.6,HIGH,Clear,34.8,0,YELLOW,95
2024-02-11 17:00:00,Empress_Mall_Sq,174,33.3,MEDIUM,Clear,35.4,0,YELLOW,81
2024-02-11 18:00:00,Sitabuldi_Sq,149,37.8,MEDIUM,Clouds,33.8,0,RED,68
2024-02-11 18:00:00,Zero_Mile,201,31.7,HIGH,Clear,32.7,0,RED,99
2024-02-11 18:00:00,Kasturchand_Park,164,39.3,MEDIUM,Clear,36.6,0,RED,75
2024-02-11 18:00:00,Variety_Sq,201,32.1,HIGH,Clouds,33.2,0,YELLOW,93
2024-02-11 18:00:00,LIC_Sq,232,22.1,HIGH,Clear,35.1,0,RED,94
2024-02-11 18:00:00,Empress_Mall_Sq,164,32.8,MEDIUM,Clear,35.4,0,GREEN,83
2024-02-11 19:00:00,Sitabuldi_Sq,295,10.2,CRITICAL,Clear,33.9,0,GREEN,132
2024-02-11 19:00:00,Zero_Mile,93,44.4,LOW,Clear,33.5,0,GREEN,50
2024-02-11 19:00:00,Kasturchand_Park,228,22.9,HIGH,Clear,33.8,0,GREEN,83
2024-02-11 19:00:00,Variety_Sq,191,35.6,MEDIUM,Clear,33.4,0,YELLOW,72
2024-02-11 19:00:00,LIC_Sq,184,25.5,MEDIUM,Clear,36.4,0,GREEN,73
2024-02-11 19:00:00,Empress_Mall_Sq,178,34.2,MEDIUM,Clear,35.8,0,YELLOW,80
2024-02-11 20:00:00,Sitabuldi_Sq,108,46.1,LOW,Clear,36.0,0.04,GREEN,52
2024-02-11 20:00:00,Zero_Mile,72,53.9,LOW,Clear,35.9,0,GREEN,22
2024-02-11 20:00:00,Kasturchand_Park,62,62.4,LOW,Clear,39.1,0,RED,33
2024-02-11 20:00:00,Variety_Sq,116,40.8,LOW,Clouds,35.0,0,RED,49
2024-02-11 20:00:00,LIC_Sq,94,52.9,LOW,Clear,33.0,0,GREEN,67
2024-02-11 20:00:00,Empress_Mall_Sq,20,58.4,LOW,Clear,31.7,0,RED,13
2024-02-11 21:00:00,Sitabuldi_Sq,114,44.1,LOW,Clear,34.2,0,YELLOW,57
2024-02-11 21:00:00,Zero_Mile,57,55.3,LOW,Clear,35.5,0,GREEN,5
2024-02-11 21:00:00,Kasturchand_Park,72,46.7,LOW,Clear,36.9,0,RED,31
2024-02-11 21:00:00,Variety_Sq,116,42.0,LOW,Clouds,32.1,0,RED,40
2024-02-11 21:00:00,LIC_Sq,86,47.7,LOW,Clouds,33.3,0,YELLOW,37
2024-02-11 21:00:00,Empress_Mall_Sq,68,47.8,LOW,Clouds,35.4,0,GREEN,30
2024-02-11 22:00:00,Sitabuldi_Sq,104,44.3,LOW,Clear,34.4,0,YELLOW,41
2024-02-11 22:00:00,Zero_Mile,63,56.2,LOW,Clear,34.4,0.11,YELLOW,45
2024-02-11 22:00:00,Kasturchand_Park,84,53.7,LOW,Clouds,33.3,0,GREEN,29
2024-02-11 22:00:00,Variety_Sq,73,49.9,LOW,Clouds,33.7,0,GREEN,23
2024-02-11 22:00:00,LIC_Sq,118,42.2,LOW,Clear,36.6,0,YELLOW,64
2024-02-11 22:00:00,Empress_Mall_Sq,90,49.5,LOW,Clear,33.7,0,YELLOW,46
2024-02-11 23:00:00,Sitabuldi_Sq,67,52.8,LOW,Clear,35.1,0,YELLOW,36
2024-02-11 23:00:00,Zero_Mile,81,54.0,LOW,Clear,37.4,0,GREEN,43
2024-02-11 23:00:00,Kasturchand_Park,104,49.2,LOW,Clear,34.2,0,YELLOW,45
2024-02-11 23:00:00,Variety_Sq,77,54.7,LOW,Clouds,37.6,0,RED,35
2024-02-11 23:00:00,LIC_Sq,53,55.0,LOW,Clouds,33.0,0,YELLOW,23
2024-02-11 23:00:00,Empress_Mall_Sq,20,59.8,LOW,Clear,30.1,0,GREEN,5
2024-02-12 00:00:00,Sitabuldi_Sq,189,29.8,MEDIUM,Clouds,35.3,0,YELLOW,71
2024-02-12 00:00:00,Zero_Mile,88,52.4,LOW,Clear,34.7,0,GREEN,56
2024-02-12 00:00:00,Kasturchand_Park,185,30.0,MEDIUM,Clear,35.8,0,GREEN,84
2024-02-12 00:00:00,Variety_Sq,130,40.6,MEDIUM,Clear,30.8,0,GREEN,67
2024-02-12 00:00:00,LIC_Sq,121,44.2,MEDIUM,Clear,33.8,0,GREEN,52
2024-02-12 00:00:00,Empress_Mall_Sq,165,33.9,MEDIUM,Clear,40.3,0,RED,81
2024-02-12 01:00:00,Sitabuldi_Sq,119,50.4,LOW,Clouds,38.2,0,GREEN,37
2024-02-12 01:00:00,Zero_Mile,94,47.4,LOW,Clear,36.7,0,YELLOW,44
2024-02-12 01:00:00,Kasturchand_Park,162,39.0,MEDIUM,Rain,34.3,0.81,GREEN,64
2024-02-12 01:00:00,Variety_Sq,133,37.9,MEDIUM,Clouds,32.0,0,YELLOW,68
2024-02-12 01:00:00,LIC_Sq,97,43.6,LOW,Clear,34.1,0,RED,33
2024-02-12 01:00:00,Empress_Mall_Sq,91,51.2,LOW,Clear,36.5,0,RED,45
2024-02-12 02:00:00,Sitabuldi_Sq,68,55.4,LOW,Clear,33.6,0,GREEN,20
2024-02-12 02:00:00,Zero_Mile,159,34.4,MEDIUM,Clear,33.5,0,YELLOW,78
2024-02-12 02:00:00,Kasturchand_Park,105,47.3,LOW,Clear,30.6,0,YELLOW,30
2024-02-12 02:00:00,Variety_Sq,210,26.0,HIGH,Clear,31.5,0,YELLOW,93
2024-02-12 02:00:00,LIC_Sq,141,38.5,MEDIUM,Clouds,30.2,0,RED,63
2024-02-12 02:00:00,Empress_Mall_Sq,123,44.3,MEDIUM,Clouds,32.9,0,GREEN,73
2024-02-12 03:00:00,Sitabuldi_Sq,113,40.8,LOW,Clear,32.2,0,GREEN,59
2024-02-12 03:00:00,Zero_Mile,137,39.1,MEDIUM,Clear,29.6,0,GREEN,62
2024-02-12 03:00:00,Kasturchand_Park,66,54.0,LOW,Clear,38.1,0,RED,36
2024-02-12 03:00:00,Variety_Sq,125,44.0,MEDIUM,Clear,35.2,0,RED,67
2024-02-12 03:00:00,LIC_Sq,101,44.3,LOW,Clear,38.2,0,YELLOW,55
2024-02-12 03:00:00,Empress_Mall_Sq,20,63.4,LOW,Clouds,37.2,0,GREEN,5
2024-02-12 04:00:00,Sitabuldi_Sq,107,43.8,LOW,Clear,34.2,0,YELLOW,46
2024-02-12 04:00:00,Zero_Mile,110,47.9,LOW,Clear,38.6,0,RED,55
2024-02-12 04:00:00,Kasturchand_Park,105,48.4,LOW,Clear,32.6,0,YELLOW,57
2024-02-12 04:00:00,Variety_Sq,158,34.6,MEDIUM,Clouds,34.6,0,RED,70
2024-02-12 04:00:00,LIC_Sq,165,35.1,MEDIUM,Clouds,31.8,0,GREEN,72
2024-02-12 04:00:00,Empress_Mall_Sq,115,44.1,LOW,Clouds,36.7,0,YELLOW,53
2024-02-12 05:00:00,Sitabuldi_Sq,157,33.4,MEDIUM,Clouds,34.9,0,YELLOW,74
2024-02-12 05:00:00,Zero_Mile,137,42.5,MEDIUM,Clouds,32.7,0,GREEN,71
2024-02-12 05:00:00,Kasturchand_Park,112,46.9,LOW,Clear,33.1,0,RED,31
2024-02-12 05:00:00,Variety_Sq,103,48.8,LOW,Clear,35.0,0,GREEN,38
2024-02-12 05:00:00,LIC_Sq,102,58.3,LOW,Clear,32.9,0,GREEN,50
2024-02-12 05:00:00,Empress_Mall_Sq,133,38.7,MEDIUM,Clear,33.2,0,GREEN,36
2024-02-12 06:00:00,Sitabuldi_Sq,53,53.9,LOW,Clear,38.0,0,RED,18
2024-02-12 06:00:00,Zero_Mile,166,38.5,MEDIUM,Clear,36.4,0,RED,86
2024-02-12 06:00:00,Kasturchand_Park,101,46.0,LOW,Clouds,35.6,0,RED,38
2024-02-12 06:00:00,Variety_Sq,108,41.0,LOW,Clear,32.0,0,YELLOW,32
2024-02-12 06:00:00,LIC_Sq,68,51.3,LOW,Clear,33.3,0,GREEN,28
2024-02-12 06:00:00,Empress_Mall_Sq,104,45.4,LOW,Clear,38.5,0,GREEN,36
2024-02-12 07:00:00,Sitabuldi_Sq,246,18.0,HIGH,Clear,34.9,0,GREEN,111
2024-02-12 07:00:00,Zero_Mile,233,27.1,HIGH,Clear,35.6,0,RED,122
2024-02-12 07:00:00,Kasturchand_Park,197,28.1,MEDIUM,Clear,31.9,0,RED,92
2024-02-12 07:00:00,Variety_Sq,285,10.3,CRITICAL,Clear,34.8,0,YELLOW,119
2024-02-12 07:00:00,LIC_Sq,320,5,CRITICAL,Clouds,32.0,0,GREEN,150
2024-02-12 07:00:00,Empress_Mall_Sq,251,15.9,HIGH,Clear,35.2,0,GREEN,85
2024-02-12 08:00:00,Sitabuldi_Sq,313,12.7,CRITICAL,Clear,35.1,0,YELLOW,151
2024-02-12 08:00:00,Zero_Mile,256,20.7,HIGH,Clear,33.5,0,YELLOW,114
2024-02-12 08:00:00,Kasturchand_Park,258,14.9,HIGH,Clouds,35.5,0,YELLOW,107
2024-02-12 08:00:00,Variety_Sq,309,5,CRITICAL,Clear,34.1,0,RED,138
2024-02-12 08:00:00,LIC_Sq,276,13.2,HIGH,Clear,34.5,0,GREEN,120
2024-02-12 08:00:00,Empress_Mall_Sq,327,5.8,CRITICAL,Clear,35.1,0,RED,135
2024-02-12 09:00:00,Sitabuldi_Sq,241,21.5,HIGH,Clear,36.2,0,YELLOW,103
2024-02-12 09:00:00,Zero_Mile,304,12.5,CRITICAL,Clear,36.7,0,GREEN,132
2024-02-12 09:00:00,Kasturchand_Park,249,19.4,HIGH,Clear,36.3,0.15,RED,94
2024-02-12 09:00:00,Variety_Sq,220,26.1,HIGH,Clear,33.2,0,RED,101
2024-02-12 09:00:00,LIC_Sq,276,9.0,HIGH,Clouds,37.1,0,YELLOW,134
2024-02-12 09:00:00,Empress_Mall_Sq,250,17.6,HIGH,Clear,36.3,0,GREEN,110
2024-02-12 10:00:00,Sitabuldi_Sq,121,39.2,MEDIUM,Clear,33.2,0,RED,34
2024-02-12 10:00:00,Zero_Mile,36,61.7,LOW,Clear,34.2,0,RED,31
2024-02-12 10:00:00,Kasturchand_Park,117,44.7,LOW,Clouds,31.0,0,GREEN,69
2024-02-12 10:00:00,Variety_Sq,112,43.0,LOW,Clear,34.5,0,GREEN,51
2024-02-12 10:00:00,LIC_Sq,71,50.4,LOW,Clear,35.4,0,GREEN,35
2024-02-12 10:00:00,Empress_Mall_Sq,167,36.9,MEDIUM,Clear,34.7,0,YELLOW,69
2024-02-12 11:00:00,Sitabuldi_Sq,189,30.4,MEDIUM,Clear,34.8,0,RED,87
2024-02-12 11:00:00,Zero_Mile,89,44.0,LOW,Clouds,35.6,0,RED,57
2024-02-12 11:00:00,Kasturchand_Park,103,50.7,LOW,Clouds,34.0,0,GREEN,40
2024-02-12 11:00:00,Variety_Sq,87,52.9,LOW,Clear,33.0,0,RED,48
2024-02-12 11:00:00,LIC_Sq,78,52.5,LOW,Rain,34.0,0.74,GREEN,37
2024-02-12 11:00:00,Empress_Mall_Sq,136,38.0,MEDIUM,Clear,35.7,0,YELLOW,54
2024-02-12 12:00:00,Sitabuldi_Sq,82,51.6,LOW,Clear,39.1,0,GREEN,42
2024-02-12 12:00:00,Zero_Mile,193,33.7,MEDIUM,Clear,35.8,0,GREEN,93
2024-02-12 12:00:00,Kasturchand_Park,171,32.3,MEDIUM,Clouds,33.2,0,RED,90
2024-02-12 12:00:00,Variety_Sq,20,60.5,LOW,Clear,37.7,0,YELLOW,19
2024-02-12 12:00:00,LIC_Sq,169,33.5,MEDIUM,Clear,36.7,0,RED,61
2024-02-12 12:00:00,Empress_Mall_Sq,171,32.7,MEDIUM,Clouds,34.9,0,RED,75
2024-02-12 13:00:00,Sitabuldi_Sq,22,63.5,LOW,Clear,38.1,0,YELLOW,20
2024-02-12 13:00:00,Zero_Mile,168,29.2,MEDIUM,Clouds,34.7,0,GREEN,72
2024-02-12 13:00:00,Kasturchand_Park,150,39.2,MEDIUM,Clear,31.5,0,YELLOW,49
2024-02-12 13:00:00,Variety_Sq,137,43.1,MEDIUM,Clear,35.3,0,YELLOW,55
2024-02-12 13:00:00,LIC_Sq,149,36.4,MEDIUM,Clear,34.0,0,GREEN,68
2024-02-12 13:00:00,Empress_Mall_Sq,123,39.1,MEDIUM,Clear,34.5,0,RED,45
2024-02-12 14:00:00,Sitabuldi_Sq,112,43.8,LOW,Clouds,31.6,0,YELLOW,39
2024-02-12 14:00:00,Zero_Mile,135,39.8,MEDIUM,Clouds,34.2,0,YELLOW,67
2024-02-12 14:00:00,Kasturchand_Park,118,45.6,LOW,Clear,31.1,0,YELLOW,34
2024-02-12 14:00:00,Variety_Sq,99,44.4,LOW,Clear,34.6,0,GREEN,43
2024-02-12 14:00:00,LIC_Sq,150,27.0,MEDIUM,Clear,34.0,0,GREEN,82
2024-02-12 14:00:00,Empress_Mall_Sq,117,41.6,LOW,Clear,37.5,0,YELLOW,56
2024-02-12 15:00:00,Sitabuldi_Sq,104,48.9,LOW,Clouds,37.6,0,RED,47
2024-02-12 15:00:00,Zero_Mile,60,54.6,LOW,Clouds,32.6,0,YELLOW,25
2024-02-12 15:00:00,Kasturchand_Park,125,41.6,MEDIUM,Clear,33.9,0,GREEN,48
2024-02-12 15:00:00,Variety_Sq,163,34.5,MEDIUM,Clouds,33.7,0,RED,82
2024-02-12 15:00:00,LIC_Sq,153,34.6,MEDIUM,Clouds,39.5,0,YELLOW,81
2024-02-12 15:00:00,Empress_Mall_Sq,77,53.8,LOW,Clouds,34.8,0,YELLOW,52
2024-02-12 16:00:00,Sitabuldi_Sq,305,10.1,CRITICAL,Clear,33.7,0,GREEN,149
2024-02-12 16:00:00,Zero_Mile,295,17.7,CRITICAL,Clear,35.0,0,RED,137
2024-02-12 16:00:00,Kasturchand_Park,285,10.3,CRITICAL,Clouds,32.1,0,GREEN,113
2024-02-12 16:00:00,Variety_Sq,252,22.3,HIGH,Clear,34.9,0,YELLOW,107
2024-02-12 16:00:00,LIC_Sq,218,31.3,HIGH,Clear,34.4,0,RED,88
2024-02-12 16:00:00,Empress_Mall_Sq,310,8.9,CRITICAL,Clear,32.5,0,YELLOW,144
2024-02-12 17:00:00,Sitabuldi_Sq,260,16.0,HIGH,Clear,33.8,0,YELLOW,112
2024-02-12 17:00:00,Zero_Mile,242,21.2,HIGH,Clear,32.3,0,GREEN,105
2024-02-12 17:00:00,Kasturchand_Park,287,9.8,CRITICAL,Clouds,31.4,0,RED,130
2024-02-12 17:00:00,Variety_Sq,303,10.4,CRITICAL,Clear,36.2,0,YELLOW,126
2024-02-12 17:00:00,LIC_Sq,261,13.4,HIGH,Clear,33.9,0,YELLOW,109
2024-02-12 17:00:00,Empress_Mall_Sq,353,5,CRITICAL,Clear,33.6,0,YELLOW,178
2024-02-12 18:00:00,Sitabuldi_Sq,277,17.5,HIGH,Clear,38.1,0,YELLOW,111
2024-02-12 18:00:00,Zero_Mile,272,15.9,HIGH,Clear,32.9,0,GREEN,125
2024-02-12 18:00:00,Kasturchand_Park,304,9.6,CRITICAL,Clouds,31.5,0,RED,160
2024-02-12 18:00:00,Variety_Sq,324,5,CRITICAL,Clear,36.7,0,YELLOW,149
2024-02-12 18:00:00,LIC_Sq,285,15.1,CRITICAL,Clear,32.4,0,GREEN,125
2024-02-12 18:00:00,Empress_Mall_Sq,343,6.7,CRITICAL,Clear,34.5,0,GREEN,175
2024-02-12 19:00:00,Sitabuldi_Sq,275,12.6,HIGH,Clear,36.8,0,GREEN,129
2024-02-12 19:00:00,Zero_Mile,322,7.5,CRITICAL,Clear,35.3,0,YELLOW,154
2024-02-12 19:00:00,Kasturchand_Park,346,5,CRITICAL,Clear,35.1,0,RED,172
2024-02-12 19:00:00,Variety_Sq,300,8.3,CRITICAL,Clear,35.7,0,RED,121
2024-02-12 19:00:00,LIC_Sq,313,9.8,CRITICAL,Clear,36.3,0,GREEN,137
2024-02-12 19:00:00,Empress_Mall_Sq,261,24.2,HIGH,Clouds,33.4,0,RED,115
2024-02-12 20:00:00,Sitabuldi_Sq,107,51.0,LOW,Clouds,36.5,0,GREEN,55
2024-02-12 20:00:00,Zero_Mile,163,42.6,MEDIUM,Clear,36.4,0,YELLOW,66
2024-02-12 20:00:00,Kasturchand_Park,146,37.9,MEDIUM,Clouds,39.5,0,YELLOW,62
2024-02-12 20:00:00,Variety_Sq,168,35.0,MEDIUM,Rain,36.6,1.05,RED,98
2024-02-12 20:00:00,LIC_Sq,135,38.7,MEDIUM,Clear,34.4,0,GREEN,65
2024-02-12 20:00:00,Empress_Mall_Sq,28,63.2,LOW,Clear,35.0,0,GREEN,34
2024-02-12 21:00:00,Sitabuldi_Sq,138,40.8,MEDIUM,Clear,35.1,0,YELLOW,64
2024-02-12 21:00:00,Zero_Mile,95,45.0,LOW,Clear,36.0,0,YELLOW,25
2024-02-12 21:00:00,Kasturchand_Park,131,42.0,MEDIUM,Clear,33.5,0,RED,67
2024-02-12 21:00:00,Variety_Sq,116,40.4,LOW,Clouds,32.3,0,GREEN,64
2024-02-12 21:00:00,LIC_Sq,129,39.8,MEDIUM,Clear,31.8,0,YELLOW,43
2024-02-12 21:00:00,Empress_Mall_Sq,180,30.2,MEDIUM,Clouds,39.6,0,YELLOW,69
2024-02-12 22:00:00,Sitabuldi_Sq,124,37.9,MEDIUM,Clear,32.2,0,YELLOW,48
2024-02-12 22:00:00,Zero_Mile,107,50.4,LOW,Clear,33.6,0,RED,51
2024-02-12 22:00:00,Kasturchand_Park,108,47.5,LOW,Clear,34.5,0,GREEN,55
2024-02-12 22:00:00,Variety_Sq,164,36.0,MEDIUM,Clear,35.0,0,RED,74
2024-02-12 22:00:00,LIC_Sq,97,50.3,LOW,Clear,35.5,0,YELLOW,58
2024-02-12 22:00:00,Empress_Mall_Sq,155,38.8,MEDIUM,Clear,32.8,0,GREEN,88
2024-02-12 23:00:00,Sitabuldi_Sq,210,32.7,HIGH,Clouds,35.9,0,RED,69
2024-02-12 23:00:00,Zero_Mile,135,45.1,MEDIUM,Clear,33.8,0,YELLOW,75
2024-02-12 23:00:00,Kasturchand_Park,81,53.7,LOW,Clear,33.4,0,YELLOW,38
2024-02-12 23:00:00,Variety_Sq,119,40.4,LOW,Clouds,34.4,0,RED,55
2024-02-12 23:00:00,LIC_Sq,73,49.8,LOW,Rain,38.5,0.75,RED,31
2024-02-12 23:00:00,Empress_Mall_Sq,138,39.4,MEDIUM,Clear,36.4,0,GREEN,68
2024-02-13 00:00:00,Sitabuldi_Sq,41,55.1,LOW,Clear,38.6,0,RED,14
2024-02-13 00:00:00,Zero_Mile,207,26.7,HIGH,Clear,36.0,0,YELLOW,99
2024-02-13 00:00:00,Kasturchand_Park,105,46.4,LOW,Clear,34.5,0,YELLOW,47
2024-02-13 00:00:00,Variety_Sq,81,51.7,LOW,Clear,34.6,0,RED,27
2024-02-13 00:00:00,LIC_Sq,174,29.6,MEDIUM,Clear,32.4,0,GREEN,83
2024-02-13 00:00:00,Empress_Mall_Sq,100,49.2,LOW,Clear,32.9,0,YELLOW,48
2024-02-13 01:00:00,Sitabuldi_Sq,74,51.9,LOW,Clouds,34.8,0,YELLOW,18
2024-02-13 01:00:00,Zero_Mile,128,41.5,MEDIUM,Clear,33.9,0,YELLOW,30
2024-02-13 01:00:00,Kasturchand_Park,128,40.7,MEDIUM,Clear,34.6,0,GREEN,55
2024-02-13 01:00:00,Variety_Sq,89,44.2,LOW,Clouds,35.4,0,YELLOW,31
2024-02-13 01:00:00,LIC_Sq,180,31.0,MEDIUM,Clear,33.8,0,RED,75
2024-02-13 01:00:00,Empress_Mall_Sq,139,39.1,MEDIUM,Clear,34.3,0,YELLOW,52
2024-02-13 02:00:00,Sitabuldi_Sq,71,49.3,LOW,Clear,33.7,0,YELLOW,18
2024-02-13 02:00:00,Zero_Mile,122,41.7,MEDIUM,Clear,37.1,0,GREEN,66
2024-02-13 02:00:00,Kasturchand_Park,73,53.4,LOW,Clear,34.8,0,RED,28
2024-02-13 02:00:00,Variety_Sq,190,32.7,MEDIUM,Clear,35.1,0,RED,84
2024-02-13 02:00:00,LIC_Sq,173,32.3,MEDIUM,Clear,35.7,0,RED,100
2024-02-13 02:00:00,Empress_Mall_Sq,120,46.6,LOW,Clear,40.9,0,YELLOW,66
2024-02-13 03:00:00,Sitabuldi_Sq,210,23.4,HIGH,Clear,34.8,0,GREEN,106
2024-02-13 03:00:00,Zero_Mile,107,42.5,LOW,Clouds,37.0,0,GREEN,62
2024-02-13 03:00:00,Kasturchand_Park,95,46.2,LOW,Clear,33.9,0,GREEN,55
2024-02-13 03:00:00,Variety_Sq,113,41.0,LOW,Clear,37.9,0,RED,53
2024-02-13 03:00:00,LIC_Sq,167,37.7,MEDIUM,Clear,32.3,0,YELLOW,70
2024-02-13 03:00:00,Empress_Mall_Sq,129,38.9,MEDIUM,Clear,30.7,0,GREEN,66
2024-02-13 04:00:00,Sitabuldi_Sq,110,46.3,LOW,Clear,32.4,0,RED,27
2024-02-13 04:00:00,Zero_Mile,120,43.8,LOW,Clear,35.6,0,RED,40
2024-02-13 04:00:00,Kasturchand_Park,159,34.8,MEDIUM,Clear,34.1,0,YELLOW,76
2024-02-13 04:00:00,Variety_Sq,61,57.1,LOW,Clouds,35.7,0,RED,25
2024-02-13 04:00:00,LIC_Sq,136,41.1,MEDIUM,Clouds,32.7,0,RED,71
2024-02-13 04:00:00,Empress_Mall_Sq,113,44.1,LOW,Clear,33.5,0,RED,44
2024-02-13 05:00:00,Sitabuldi_Sq,117,46.6,LOW,Clear,34.2,0,RED,52
2024-02-13 05:00:00,Zero_Mile,100,46.8,LOW,Clear,33.3,0,RED,42
2024-02-13 05:00:00,Kasturchand_Park,91,48.1,LOW,Clear,33.8,0,GREEN,47
2024-02-13 05:00:00,Variety_Sq,153,36.1,MEDIUM,Clear,33.6,0,RED,92
2024-02-13 05:00:00,LIC_Sq,161,32.8,MEDIUM,Clear,37.4,0,YELLOW,60
2024-02-13 05:00:00,Empress_Mall_Sq,136,38.2,MEDIUM,Clear,36.0,0.24,GREEN,59
2024-02-13 06:00:00,Sitabuldi_Sq,111,43.6,LOW,Clear,38.1,0,YELLOW,38
2024-02-13 06:00:00,Zero_Mile,49,58.1,LOW,Clouds,37.0,0,RED,26
2024-02-13 06:00:00,Kasturchand_Park,74,45.8,LOW,Clouds,33.2,0.45,RED,39
2024-02-13 06:00:00,Variety_Sq,181,31.8,MEDIUM,Clear,36.4,0,YELLOW,76
2024-02-13 06:00:00,LIC_Sq,173,34.0,MEDIUM,Clear,34.1,0,RED,70
2024-02-13 06:00:00,Empress_Mall_Sq,168,35.1,MEDIUM,Clear,34.5,0,YELLOW,73
2024-02-13 07:00:00,Sitabuldi_Sq,260,17.2,HIGH,Clear,34.2,0,YELLOW,115
2024-02-13 07:00:00,Zero_Mile,250,18.0,HIGH,Clear,33.2,0,RED,109
2024-02-13 07:00:00,Kasturchand_Park,249,21.4,HIGH,Clear,36.0,0,YELLOW,99
2024-02-13 07:00:00,Variety_Sq,304,10.4,CRITICAL,Clear,32.9,0,GREEN,133
2024-02-13 07:00:00,LIC_Sq,330,5.3,CRITICAL,Clouds,33.1,0,YELLOW,157
2024-02-13 07:00:00,Empress_Mall_Sq,285,10.1,CRITICAL,Clear,36.3,0.02,RED,122
2024-02-13 08:00:00,Sitabuldi_Sq,286,16.8,CRITICAL,Clear,32.3,0,GREEN,120
2024-02-13 08:00:00,Zero_Mile,233,32.2,HIGH,Rain,30.8,1.31,YELLOW,117
2024-02-13 08:00:00,Kasturchand_Park,342,5.4,CRITICAL,Clear,33.6,0,YELLOW,151
2024-02-13 08:00:00,Variety_Sq,185,33.2,MEDIUM,Clear,34.0,0,YELLOW,86
2024-02-13 08:00:00,LIC_Sq,327,7.8,CRITICAL,Clear,32.7,0,GREEN,143
2024-02-13 08:00:00,Empress_Mall_Sq,259,18.8,HIGH,Clear,32.8,0,GREEN,100
2024-02-13 09:00:00,Sitabuldi_Sq,258,15.9,HIGH,Clear,33.1,0,YELLOW,130
2024-02-13 09:00:00,Zero_Mile,299,9.8,CRITICAL,Clear,31.1,0,YELLOW,124
2024-02-13 09:00:00,Kasturchand_Park,275,18.1,HIGH,Clear,34.2,0,RED,124
2024-02-13 09:00:00,Variety_Sq,309,11.5,CRITICAL,Clear,32.8,0,RED,150
2024-02-13 09:00:00,LIC_Sq,243,19.6,HIGH,Clear,35.6,0,YELLOW,112
2024-02-13 09:00:00,Empress_Mall_Sq,269,19.2,HIGH,Clear,35.0,0,GREEN,125
2024-02-13 10:00:00,Sitabuldi_Sq,179,31.7,MEDIUM,Clear,34.3,0,YELLOW,81
2024-02-13 10:00:00,Zero_Mile,20,65.8,LOW,Clear,31.1,0,GREEN,5
2024-02-13 10:00:00,Kasturchand_Park,97,46.4,LOW,Clear,33.7,0,GREEN,31
2024-02-13 10:00:00,Variety_Sq,77,50.2,LOW,Clouds,38.6,0,GREEN,56
2024-02-13 10:00:00,LIC_Sq,162,34.1,MEDIUM,Clear,34.9,0,RED,67
2024-02-13 10:00:00,Empress_Mall_Sq,182,31.5,MEDIUM,Clear,34.4,0.35,YELLOW,74
2024-02-13 11:00:00,Sitabuldi_Sq,156,36.4,MEDIUM,Clear,34.3,0,GREEN,69
2024-02-13 11:00:00,Zero_Mile,144,35.7,MEDIUM,Clouds,33.8,0,RED,56
2024-02-13 11:00:00,Kasturchand_Park,113,46.7,LOW,Clear,35.0,0,GREEN,36
2024-02-13 11:00:00,Variety_Sq,89,45.5,LOW,Clear,31.6,0,YELLOW,68
2024-02-13 11:00:00,LIC_Sq,112,45.2,LOW,Clear,34.1,0,GREEN,43
2024-02-13 11:00:00,Empress_Mall_Sq,168,37.6,MEDIUM,Clear,33.8,0,RED,73
2024-02-13 12:00:00,Sitabuldi_Sq,110,42.8,LOW,Clear,32.9,0,GREEN,37
2024-02-13 12:00:00,Zero_Mile,178,37.9,MEDIUM,Clear,37.0,0,GREEN,90
2024-02-13 12:00:00,Kasturchand_Park,108,47.8,LOW,Clear,32.3,0,YELLOW,54
2024-02-13 12:00:00,Variety_Sq,96,47.9,LOW,Clear,34.2,0,GREEN,54
2024-02-13 12:00:00,LIC_Sq,166,33.8,MEDIUM,Clouds,34.2,0,YELLOW,79
2024-02-13 12:00:00,Empress_Mall_Sq,178,35.9,MEDIUM,Clouds,37.7,0,YELLOW,85
2024-02-13 13:00:00,Sitabuldi_Sq,65,54.3,LOW,Clear,33.7,0,GREEN,18
2024-02-13 13:00:00,Zero_Mile,142,39.9,MEDIUM,Clear,35.3,0,RED,72
2024-02-13 13:00:00,Kasturchand_Park,93,48.8,LOW,Clear,35.1,0,GREEN,31
2024-02-13 13:00:00,Variety_Sq,190,28.3,MEDIUM,Clear,31.1,0,GREEN,102
2024-02-13 13:00:00,LIC_Sq,99,49.9,LOW,Clouds,33.9,0,RED,53
2024-02-13 13:00:00,Empress_Mall_Sq,122,40.7,MEDIUM,Clear,37.0,0,YELLOW,52
2024-02-13 14:00:00,Sitabuldi_Sq,91,49.0,LOW,Clear,35.9,0,RED,42
2024-02-13 14:00:00,Zero_Mile,103,48.4,LOW,Clear,34.1,0,YELLOW,59
2024-02-13 14:00:00,Kasturchand_Park,86,47.0,LOW,Clear,34.7,0,RED,39
2024-02-13 14:00:00,Variety_Sq,95,49.8,LOW,Clouds,34.7,0,YELLOW,35
2024-02-13 14:00:00,LIC_Sq,168,32.4,MEDIUM,Clear,36.2,0,GREEN,65
2024-02-13 14:00:00,Empress_Mall_Sq,77,50.4,LOW,Clear,36.8,0,GREEN,24
2024-02-13 15:00:00,Sitabuldi_Sq,141,42.9,MEDIUM,Clear,35.8,0,RED,67
2024-02-13 15:00:00,Zero_Mile,172,36.1,MEDIUM,Clouds,29.8,0,YELLOW,83
2024-02-13 15:00:00,Kasturchand_Park,139,40.0,MEDIUM,Clouds,34.0,0,GREEN,52
2024-02-13 15:00:00,Variety_Sq,65,57.2,LOW,Clear,29.6,0,YELLOW,21
2024-02-13 15:00:00,LIC_Sq,130,42.7,MEDIUM,Clouds,34.6,0,RED,73
2024-02-13 15:00:00,Empress_Mall_Sq,147,38.5,MEDIUM,Clear,32.5,0,YELLOW,53
2024-02-13 16:00:00,Sitabuldi_Sq,254,16.9,HIGH,Clear,33.0,0,YELLOW,119
2024-02-13 16:00:00,Zero_Mile,273,11.2,HIGH,Clear,30.9,0,YELLOW,140
2024-02-13 16:00:00,Kasturchand_Park,305,11.3,CRITICAL,Clouds,32.7,0,YELLOW,127
2024-02-13 16:00:00,Variety_Sq,261,19.3,HIGH,Clouds,38.2,0,GREEN,121
2024-02-13 16:00:00,LIC_Sq,337,6.7,CRITICAL,Clouds,32.6,0,YELLOW,162
2024-02-13 16:00:00,Empress_Mall_Sq,359,5,CRITICAL,Clear,38.9,0,RED,151
2024-02-13 17:00:00,Sitabuldi_Sq,278,16.2,HIGH,Clear,31.2,0,GREEN,117
2024-02-13 17:00:00,Zero_Mile,316,11.6,CRITICAL,Rain,35.0,1.0,RED,127
2024-02-13 17:00:00,Kasturchand_Park,302,8.4,CRITICAL,Clouds,33.9,0,YELLOW,135
2024-02-13 17:00:00,Variety_Sq,278,14.5,HIGH,Clear,33.4,0,RED,140
2024-02-13 17:00:00,LIC_Sq,332,5,CRITICAL,Clouds,37.9,0.39,YELLOW,155
2024-02-13 17:00:00,Empress_Mall_Sq,242,22.6,HIGH,Clouds,32.6,0,RED,127
2024-02-13 18:00:00,Sitabuldi_Sq,324,10.0,CRITICAL,Clear,36.0,0,GREEN,148
2024-02-13 18:00:00,Zero_Mile,355,5,CRITICAL,Clear,36.6,0,RED,162
2024-02-13 18:00:00,Kasturchand_Park,313,11.2,CRITICAL,Clouds,35.2,0,YELLOW,148
2024-02-13 18:00:00,Variety_Sq,238,27.5,HIGH,Clear,34.8,0,YELLOW,116
2024-02-13 18:00:00,LIC_Sq,341,8.5,CRITICAL,Clear,33.5,0,GREEN,143
2024-02-13 18:00:00,Empress_Mall_Sq,269,20.3,HIGH,Clouds,37.3,0,RED,128
2024-02-13 19:00:00,Sitabuldi_Sq,320,6.3,CRITICAL,Clear,35.6,0,GREEN,148
2024-02-13 19:00:00,Zero_Mile,304,15.2,CRITICAL,Clouds,33.4,0,GREEN,126
2024-02-13 19:00:00,Kasturchand_Park,364,5,CRITICAL,Clouds,33.3,0,GREEN,176
2024-02-13 19:00:00,Variety_Sq,381,5,CRITICAL,Clouds,38.0,0,RED,164
2024-02-13 19:00:00,LIC_Sq,390,5,CRITICAL,Clear,37.5,0,RED,162
2024-02-13 19:00:00,Empress_Mall_Sq,299,8.4,CRITICAL,Clouds,36.9,0,RED,117
2024-02-13 20:00:00,Sitabuldi_Sq,123,36.9,MEDIUM,Clouds,33.1,0,RED,42
2024-02-13 20:00:00,Zero_Mile,204,28.5,HIGH,Clear,36.7,0,GREEN,96
2024-02-13 20:00:00,Kasturchand_Park,145,34.9,MEDIUM,Clear,32.5,0,RED,62
2024-02-13 20:00:00,Variety_Sq,114,43.8,LOW,Clear,32.5,0,GREEN,63
2024-02-13 20:00:00,LIC_Sq,46,48.9,LOW,Clear,36.1,0,RED,10
2024-02-13 20:00:00,Empress_Mall_Sq,153,39.7,MEDIUM,Clear,34.8,0,GREEN,83
2024-02-13 21:00:00,Sitabuldi_Sq,163,33.4,MEDIUM,Clear,37.4,0,YELLOW,56
2024-02-13 21:00:00,Zero_Mile,113,45.5,LOW,Clear,34.6,0,YELLOW,40
2024-02-13 21:00:00,Kasturchand_Park,152,37.3,MEDIUM,Clouds,33.7,0,GREEN,75
2024-02-13 21:00:00,Variety_Sq,127,38.4,MEDIUM,Clear,36.6,0,RED,66
2024-02-13 21:00:00,LIC_Sq,50,56.7,LOW,Clear,34.0,0,YELLOW,23
2024-02-13 21:00:00,Empress_Mall_Sq,173,34.2,MEDIUM,Clear,33.9,0,GREEN,91
2024-02-13 22:00:00,Sitabuldi_Sq,25,59.1,LOW,Clouds,34.5,0,GREEN,5
2024-02-13 22:00:00,Zero_Mile,100,46.4,LOW,Clouds,37.9,0,RED,53
2024-02-13 22:00:00,Kasturchand_Park,118,42.0,LOW,Clouds,34.6,0,YELLOW,55
2024-02-13 22:00:00,Variety_Sq,128,42.2,MEDIUM,Clouds,35.5,0,YELLOW,67
2024-02-13 22:00:00,LIC_Sq,105,44.0,LOW,Clear,34.8,0,GREEN,50
2024-02-13 22:00:00,Empress_Mall_Sq,113,42.5,LOW,Clear,34.9,0,YELLOW,56
2024-02-13 23:00:00,Sitabuldi_Sq,248,16.6,HIGH,Clear,35.4,0,RED,119
2024-02-13 23:00:00,Zero_Mile,113,39.3,LOW,Clear,33.8,0,YELLOW,71
2024-02-13 23:00:00,Kasturchand_Park,149,35.7,MEDIUM,Clouds,36.0,0,RED,66
2024-02-13 23:00:00,Variety_Sq,119,44.5,LOW,Clear,34.9,0,GREEN,49
2024-02-13 23:00:00,LIC_Sq,134,44.9,MEDIUM,Clear,33.0,0,RED,58
2024-02-13 23:00:00,Empress_Mall_Sq,78,50.8,LOW,Clouds,30.3,0,YELLOW,40
2024-02-14 00:00:00,Sitabuldi_Sq,147,36.6,MEDIUM,Clear,32.6,0,GREEN,71
2024-02-14 00:00:00,Zero_Mile,180,31.9,MEDIUM,Clouds,33.6,0,GREEN,68
2024-02-14 00:00:00,Kasturchand_Park,142,40.1,MEDIUM,Clouds,36.0,0,GREEN,46
2024-02-14 00:00:00,Variety_Sq,110,38.3,LOW,Clouds,34.9,0,RED,32
2024-02-14 00:00:00,LIC_Sq,229,26.6,HIGH,Clear,37.3,0,GREEN,95
2024-02-14 00:00:00,Empress_Mall_Sq,233,26.3,HIGH,Clouds,32.7,0,GREEN,109
2024-02-14 01:00:00,Sitabuldi_Sq,152,41.1,MEDIUM,Clear,40.3,0,YELLOW,66
2024-02-14 01:00:00,Zero_Mile,123,44.6,MEDIUM,Clouds,32.6,0,GREEN,65
2024-02-14 01:00:00,Kasturchand_Park,79,49.6,LOW,Clear,39.2,0,RED,40
2024-02-14 01:00:00,Variety_Sq,173,33.4,MEDIUM,Clear,36.7,0,GREEN,84
2024-02-14 01:00:00,LIC_Sq,61,55.0,LOW,Clear,37.2,0,YELLOW,18
2024-02-14 01:00:00,Empress_Mall_Sq,161,41.7,MEDIUM,Clear,32.3,0.01,RED,75
2024-02-14 02:00:00,Sitabuldi_Sq,95,50.8,LOW,Clouds,34.2,0,RED,41
2024-02-14 02:00:00,Zero_Mile,137,41.7,MEDIUM,Clouds,34.5,0,YELLOW,43
2024-02-14 02:00:00,Kasturchand_Park,159,31.3,MEDIUM,Clouds,36.3,0,YELLOW,68
2024-02-14 02:00:00,Variety_Sq,90,46.9,LOW,Clouds,33.5,0,YELLOW,24
2024-02-14 02:00:00,LIC_Sq,100,44.9,LOW,Clear,36.2,0,GREEN,31
2024-02-14 02:00:00,Empress_Mall_Sq,94,41.2,LOW,Clouds,36.1,0,YELLOW,50
2024-02-14 03:00:00,Sitabuldi_Sq,185,29.5,MEDIUM,Clear,31.6,0,GREEN,86
2024-02-14 03:00:00,Zero_Mile,108,45.5,LOW,Clear,34.2,0,RED,48
2024-02-14 03:00:00,Kasturchand_Park,95,49.6,LOW,Clear,34.7,0,YELLOW,52
2024-02-14 03:00:00,Variety_Sq,91,53.8,LOW,Clear,33.4,0,GREEN,33
2024-02-14 03:00:00,LIC_Sq,105,46.1,LOW,Clear,37.0,0,GREEN,52
2024-02-14 03:00:00,Empress_Mall_Sq,90,50.5,LOW,Clouds,34.7,0,RED,39
2024-02-14 04:00:00,Sitabuldi_Sq,91,46.9,LOW,Clear,33.6,0,GREEN,33
2024-02-14 04:00:00,Zero_Mile,38,55.4,LOW,Clear,35.1,0,YELLOW,18
2024-02-14 04:00:00,Kasturchand_Park,138,44.3,MEDIUM,Clear,36.1,0,YELLOW,60
2024-02-14 04:00:00,Variety_Sq,111,41.8,LOW,Clear,37.3,0,GREEN,61
2024-02-14 04:00:00,LIC_Sq,233,22.7,HIGH,Clear,31.4,0,RED,94
2024-02-14 04:00:00,Empress_Mall_Sq,136,36.6,MEDIUM,Clouds,35.9,0,GREEN,47
2024-02-14 05:00:00,Sitabuldi_Sq,117,52.3,LOW,Clear,36.2,0,GREEN,55
2024-02-14 05:00:00,Zero_Mile,125,42.3,MEDIUM,Clear,33.9,0,RED,51
2024-02-14 05:00:00,Kasturchand_Park,186,28.2,MEDIUM,Clouds,36.7,0,YELLOW,82
2024-02-14 05:00:00,Variety_Sq,74,51.2,LOW,Clear,34.7,0,YELLOW,40
2024-02-14 05:00:00,LIC_Sq,68,54.5,LOW,Clouds,35.3,0,YELLOW,35
2024-02-14 05:00:00,Empress_Mall_Sq,91,49.0,LOW,Clouds,35.3,0,GREEN,38
2024-02-14 06:00:00,Sitabuldi_Sq,79,51.7,LOW,Clouds,34.3,0,GREEN,39
2024-02-14 06:00:00,Zero_Mile,184,34.3,MEDIUM,Clear,34.7,0.05,GREEN,70
2024-02-14 06:00:00,Kasturchand_Park,115,43.9,LOW,Clear,35.1,0,GREEN,48
2024-02-14 06:00:00,Variety_Sq,135,40.5,MEDIUM,Clear,36.3,0,RED,69
2024-02-14 06:00:00,LIC_Sq,124,41.4,MEDIUM,Clear,30.3,0,YELLOW,71
2024-02-14 06:00:00,Empress_Mall_Sq,147,37.5,MEDIUM,Clouds,35.5,0,YELLOW,75
2024-02-14 07:00:00,Sitabuldi_Sq,256,17.6,HIGH,Clear,35.0,0,RED,116
2024-02-14 07:00:00,Zero_Mile,298,16.0,CRITICAL,Clouds,37.3,0,RED,133
2024-02-14 07:00:00,Kasturchand_Park,341,5,CRITICAL,Clear,36.5,0,GREEN,159
2024-02-14 07:00:00,Variety_Sq,285,13.8,CRITICAL,Clear,35.1,0,RED,115
2024-02-14 07:00:00,LIC_Sq,305,5.5,CRITICAL,Clear,34.7,0,GREEN,139
2024-02-14 07:00:00,Empress_Mall_Sq,277,12.0,HIGH,Clear,33.4,0,RED,119
2024-02-14 08:00:00,Sitabuldi_Sq,337,5.4,CRITICAL,Clear,37.2,0,GREEN,145
2024-02-14 08:00:00,Zero_Mile,306,6.4,CRITICAL,Clear,37.7,0,GREEN,147
2024-02-14 08:00:00,Kasturchand_Park,300,7.2,CRITICAL,Clear,33.7,0,YELLOW,134
2024-02-14 08:00:00,Variety_Sq,334,8.3,CRITICAL,Clouds,36.9,0,YELLOW,161
2024-02-14 08:00:00,LIC_Sq,199,31.3,MEDIUM,Clear,34.7,0,YELLOW,80
2024-02-14 08:00:00,Empress_Mall_Sq,302,12.9,CRITICAL,Clouds,33.8,0,RED,129
2024-02-14 09:00:00,Sitabuldi_Sq,228,25.9,HIGH,Clear,32.4,0,RED,104
2024-02-14 09:00:00,Zero_Mile,325,5,CRITICAL,Clouds,31.0,0,YELLOW,147
2024-02-14 09:00:00,Kasturchand_Park,228,28.0,HIGH,Clear,38.0,0,RED,104
2024-02-14 09:00:00,Variety_Sq,231,23.5,HIGH,Clouds,33.7,0,GREEN,94
2024-02-14 09:00:00,LIC_Sq,196,29.3,MEDIUM,Clouds,34.9,0,RED,91
2024-02-14 09:00:00,Empress_Mall_Sq,333,7.4,CRITICAL,Clear,35.9,0,RED,145
2024-02-14 10:00:00,Sitabuldi_Sq,108,45.1,LOW,Clouds,35.5,0,YELLOW,55
2024-02-14 10:00:00,Zero_Mile,101,48.0,LOW,Clear,38.1,0,RED,54
2024-02-14 10:00:00,Kasturchand_Park,113,40.2,LOW,Clear,32.0,0,YELLOW,63
2024-02-14 10:00:00,Variety_Sq,156,35.4,MEDIUM,Clear,31.9,0,GREEN,61
2024-02-14 10:00:00,LIC_Sq,117,43.9,LOW,Clear,34.9,0,YELLOW,54
2024-02-14 10:00:00,Empress_Mall_Sq,162,34.7,MEDIUM,Clear,36.0,0,RED,68
2024-02-14 11:00:00,Sitabuldi_Sq,129,47.1,MEDIUM,Clear,35.4,0,RED,71
2024-02-14 11:00:00,Zero_Mile,88,51.1,LOW,Clear,37.0,0,GREEN,39
2024-02-14 11:00:00,Kasturchand_Park,110,45.1,LOW,Clear,38.5,0.22,YELLOW,46
2024-02-14 11:00:00,Variety_Sq,116,42.1,LOW,Clear,33.6,0,RED,49
2024-02-14 11:00:00,LIC_Sq,119,48.9,LOW,Clouds,32.0,0,GREEN,46
2024-02-14 11:00:00,Empress_Mall_Sq,105,47.4,LOW,Clear,33.6,0,YELLOW,36
2024-02-14 12:00:00,Sitabuldi_Sq,164,30.6,MEDIUM,Clouds,31.2,0,YELLOW,63
2024-02-14 12:00:00,Zero_Mile,151,32.9,MEDIUM,Clear,34.8,0,YELLOW,57
2024-02-14 12:00:00,Kasturchand_Park,110,45.2,LOW,Rain,35.2,0.51,RED,45
2024-02-14 12:00:00,Variety_Sq,27,57.2,LOW,Clear,35.7,0,RED,14
2024-02-14 12:00:00,LIC_Sq,180,33.3,MEDIUM,Clear,34.6,0,YELLOW,78
2024-02-14 12:00:00,Empress_Mall_Sq,165,31.7,MEDIUM,Clear,37.8,0,GREEN,85
2024-02-14 13:00:00,Sitabuldi_Sq,163,33.1,MEDIUM,Clear,37.2,0,GREEN,77
2024-02-14 13:00:00,Zero_Mile,133,40.7,MEDIUM,Clear,33.4,0,RED,63
2024-02-14 13:00:00,Kasturchand_Park,82,50.7,LOW,Clear,35.9,0,GREEN,53
2024-02-14 13:00:00,Variety_Sq,116,48.8,LOW,Clouds,36.5,0,GREEN,51
2024-02-14 13:00:00,LIC_Sq,95,47.7,LOW,Clouds,34.3,0,RED,43
2024-02-14 13:00:00,Empress_Mall_Sq,43,55.8,LOW,Clear,36.0,0.25,RED,5
2024-02-14 14:00:00,Sitabuldi_Sq,118,48.3,LOW,Clear,32.8,0,RED,43
2024-02-14 14:00:00,Zero_Mile,85,46.1,LOW,Clear,35.0,0,YELLOW,45
2024-02-14 14:00:00,Kasturchand_Park,93,54.4,LOW,Clouds,35.3,0,YELLOW,35
2024-02-14 14:00:00,Variety_Sq,101,45.7,LOW,Clear,37.8,0,GREEN,67
2024-02-14 14:00:00,LIC_Sq,165,36.6,MEDIUM,Clear,35.7,0,GREEN,64
2024-02-14 14:00:00,Empress_Mall_Sq,134,38.1,MEDIUM,Clear,37.8,0,YELLOW,65
2024-02-14 15:00:00,Sitabuldi_Sq,154,39.4,MEDIUM,Clear,32.9,0,GREEN,63
2024-02-14 15:00:00,Zero_Mile,148,42.2,MEDIUM,Clear,33.1,0,RED,56
2024-02-14 15:00:00,Kasturchand_Park,118,46.7,LOW,Clear,32.9,0,RED,47
2024-02-14 15:00:00,Variety_Sq,81,46.7,LOW,Clear,38.1,0,YELLOW,42
2024-02-14 15:00:00,LIC_Sq,164,34.3,MEDIUM,Clear,35.2,0,GREEN,76
2024-02-14 15:00:00,Empress_Mall_Sq,182,29.8,MEDIUM,Clear,31.9,0,GREEN,80
2024-02-14 16:00:00,Sitabuldi_Sq,301,7.6,CRITICAL,Clear,34.7,0,GREEN,126
2024-02-14 16:00:00,Zero_Mile,283,17.8,CRITICAL,Clouds,36.8,0,RED,125
2024-02-14 16:00:00,Kasturchand_Park,307,11.4,CRITICAL,Clear,34.4,0,RED,127
2024-02-14 16:00:00,Variety_Sq,374,5,CRITICAL,Rain,37.8,1.24,GREEN,179
2024-02-14 16:00:00,LIC_Sq,366,5,CRITICAL,Clear,31.6,0,RED,165
2024-02-14 16:00:00,Empress_Mall_Sq,317,8.1,CRITICAL,Clear,36.9,0,RED,139
2024-02-14 17:00:00,Sitabuldi_Sq,286,13.5,CRITICAL,Clear,33.7,0,GREEN,143
2024-02-14 17:00:00,Zero_Mile,310,7.1,CRITICAL,Clouds,35.5,0,YELLOW,132
2024-02-14 17:00:00,Kasturchand_Park,299,13.6,CRITICAL,Clear,33.3,0,GREEN,147
2024-02-14 17:00:00,Variety_Sq,224,23.6,HIGH,Clear,34.8,0,GREEN,91
2024-02-14 17:00:00,LIC_Sq,163,34.0,MEDIUM,Clouds,34.2,0,YELLOW,85
2024-02-14 17:00:00,Empress_Mall_Sq,280,16.1,HIGH,Clouds,35.3,0,GREEN,141
2024-02-14 18:00:00,Sitabuldi_Sq,257,24.6,HIGH,Clear,35.2,0,GREEN,115
2024-02-14 18:00:00,Zero_Mile,257,15.1,HIGH,Clear,34.0,0,GREEN,100
2024-02-14 18:00:00,Kasturchand_Park,279,17.6,HIGH,Clouds,35.2,0,RED,107
2024-02-14 18:00:00,Variety_Sq,315,7.2,CRITICAL,Clear,34.0,0,RED,138
2024-02-14 18:00:00,LIC_Sq,307,11.0,CRITICAL,Clouds,35.8,0,YELLOW,154
2024-02-14 18:00:00,Empress_Mall_Sq,223,25.2,HIGH,Rain,33.4,0.97,YELLOW,103
2024-02-14 19:00:00,Sitabuldi_Sq,277,15.7,HIGH,Clear,34.4,0,GREEN,117
2024-02-14 19:00:00,Zero_Mile,258,15.6,HIGH,Clear,35.6,0,GREEN,133
2024-02-14 19:00:00,Kasturchand_Park,310,11.8,CRITICAL,Clear,34.6,0,YELLOW,127
2024-02-14 19:00:00,Variety_Sq,255,21.1,HIGH,Clouds,35.4,0,GREEN,118
2024-02-14 19:00:00,LIC_Sq,309,12.7,CRITICAL,Clear,34.5,0,YELLOW,153
2024-02-14 19:00:00,Empress_Mall_Sq,319,11.7,CRITICAL,Clear,32.0,0,YELLOW,149
2024-02-14 20:00:00,Sitabuldi_Sq,154,41.1,MEDIUM,Clouds,33.7,0,YELLOW,60
2024-02-14 20:00:00,Zero_Mile,142,42.2,MEDIUM,Clear,33.4,0,GREEN,72
2024-02-14 20:00:00,Kasturchand_Park,114,51.1,LOW,Clouds,37.2,0,RED,53
2024-02-14 20:00:00,Variety_Sq,90,54.8,LOW,Clear,38.3,0,YELLOW,47
2024-02-14 20:00:00,LIC_Sq,93,48.1,LOW,Clear,35.9,0,GREEN,34
2024-02-14 20:00:00,Empress_Mall_Sq,91,49.4,LOW,Clear,35.8,0,RED,29
2024-02-14 21:00:00,Sitabuldi_Sq,148,38.4,MEDIUM,Clear,37.0,0,YELLOW,74
2024-02-14 21:00:00,Zero_Mile,91,52.4,LOW,Clear,32.5,0,YELLOW,32
2024-02-14 21:00:00,Kasturchand_Park,138,41.2,MEDIUM,Clouds,29.8,0,RED,56
2024-02-14 21:00:00,Variety_Sq,80,51.8,LOW,Clear,36.6,0,RED,35
2024-02-14 21:00:00,LIC_Sq,149,31.4,MEDIUM,Clear,32.2,0,YELLOW,67
2024-02-14 21:00:00,Empress_Mall_Sq,163,34.3,MEDIUM,Clear,36.0,0,YELLOW,80
2024-02-14 22:00:00,Sitabuldi_Sq,173,33.8,MEDIUM,Clouds,35.4,0,YELLOW,84
2024-02-14 22:00:00,Zero_Mile,91,47.3,LOW,Clear,32.3,0,YELLOW,44
2024-02-14 22:00:00,Kasturchand_Park,116,43.7,LOW,Clear,32.6,0,RED,57
2024-02-14 22:00:00,Variety_Sq,157,39.0,MEDIUM,Clear,33.0,0,GREEN,78
2024-02-14 22:00:00,LIC_Sq,83,51.7,LOW,Clouds,33.4,0,RED,28
2024-02-14 22:00:00,Empress_Mall_Sq,72,52.3,LOW,Clear,35.9,0,YELLOW,16
2024-02-14 23:00:00,Sitabuldi_Sq,133,40.1,MEDIUM,Clear,36.3,0,RED,72
2024-02-14 23:00:00,Zero_Mile,140,41.4,MEDIUM,Clear,32.6,0,YELLOW,51
2024-02-14 23:00:00,Kasturchand_Park,162,33.2,MEDIUM,Clear,37.6,0,RED,55
2024-02-14 23:00:00,Variety_Sq,168,36.5,MEDIUM,Clear,34.4,0,RED,70
2024-02-14 23:00:00,LIC_Sq,124,40.8,MEDIUM,Clear,34.5,0,RED,50
2024-02-14 23:00:00,Empress_Mall_Sq,154,40.0,MEDIUM,Clear,37.6,0,YELLOW,73
2024-02-15 00:00:00,Sitabuldi_Sq,95,47.6,LOW,Clear,33.7,0,YELLOW,64
2024-02-15 00:00:00,Zero_Mile,109,44.8,LOW,Clear,34.1,0,RED,46
2024-02-15 00:00:00,Kasturchand_Park,78,50.9,LOW,Clear,32.1,0,RED,32
2024-02-15 00:00:00,Variety_Sq,63,46.9,LOW,Clear,35.6,0,RED,22
2024-02-15 00:00:00,LIC_Sq,119,39.8,LOW,Clouds,33.8,0,YELLOW,31
2024-02-15 00:00:00,Empress_Mall_Sq,181,31.6,MEDIUM,Clouds,35.3,0,RED,83
2024-02-15 01:00:00,Sitabuldi_Sq,105,42.2,LOW,Clouds,34.7,0,GREEN,37
2024-02-15 01:00:00,Zero_Mile,130,42.5,MEDIUM,Clear,36.6,0,YELLOW,60
2024-02-15 01:00:00,Kasturchand_Park,118,45.6,LOW,Clear,38.1,0,RED,53
2024-02-15 01:00:00,Variety_Sq,151,31.8,MEDIUM,Clear,35.5,0,GREEN,63
2024-02-15 01:00:00,LIC_Sq,148,42.9,MEDIUM,Clear,31.2,0,YELLOW,61
2024-02-15 01:00:00,Empress_Mall_Sq,157,40.0,MEDIUM,Clear,34.6,0,YELLOW,74
2024-02-15 02:00:00,Sitabuldi_Sq,146,44.5,MEDIUM,Clear,35.9,0,RED,82
2024-02-15 02:00:00,Zero_Mile,121,45.2,MEDIUM,Clear,33.6,0,GREEN,59
2024-02-15 02:00:00,Kasturchand_Park,149,37.6,MEDIUM,Clouds,33.9,0,YELLOW,51
2024-02-15 02:00:00,Variety_Sq,135,41.4,MEDIUM,Clear,34.1,0,YELLOW,67
2024-02-15 02:00:00,LIC_Sq,167,36.6,MEDIUM,Clear,34.1,0,RED,66
2024-02-15 02:00:00,Empress_Mall_Sq,91,49.0,LOW,Clear,34.3,0,YELLOW,30
2024-02-15 03:00:00,Sitabuldi_Sq,155,39.8,MEDIUM,Clear,35.3,0,RED,73
2024-02-15 03:00:00,Zero_Mile,106,48.7,LOW,Clear,36.1,0,YELLOW,44
2024-02-15 03:00:00,Kasturchand_Park,48,55.8,LOW,Clear,37.1,0,RED,19
2024-02-15 03:00:00,Variety_Sq,154,37.0,MEDIUM,Clouds,34.0,0,RED,81
2024-02-15 03:00:00,LIC_Sq,143,38.4,MEDIUM,Clouds,36.4,0,GREEN,71
2024-02-15 03:00:00,Empress_Mall_Sq,94,45.9,LOW,Clear,34.9,0,GREEN,38
2024-02-15 04:00:00,Sitabuldi_Sq,173,33.9,MEDIUM,Clouds,34.1,0,YELLOW,77
2024-02-15 04:00:00,Zero_Mile,147,36.8,MEDIUM,Clear,36.8,0,YELLOW,72
2024-02-15 04:00:00,Kasturchand_Park,165,36.2,MEDIUM,Clouds,37.2,0,GREEN,80
2024-02-15 04:00:00,Variety_Sq,108,44.9,LOW,Clear,32.3,0,GREEN,68
2024-02-15 04:00:00,LIC_Sq,105,51.1,LOW,Clear,37.6,0,RED,43
2024-02-15 04:00:00,Empress_Mall_Sq,85,52.9,LOW,Clear,34.1,0,YELLOW,41
2024-02-15 05:00:00,Sitabuldi_Sq,118,47.3,LOW,Clouds,34.6,0,GREEN,50
2024-02-15 05:00:00,Zero_Mile,42,59.2,LOW,Clouds,33.7,0,YELLOW,17
2024-02-15 05:00:00,Kasturchand_Park,123,43.0,MEDIUM,Clouds,34.0,0,RED,64
2024-02-15 05:00:00,Variety_Sq,99,45.2,LOW,Clear,35.0,0.19,RED,41
2024-02-15 05:00:00,LIC_Sq,70,50.5,LOW,Clouds,34.8,0,GREEN,26
2024-02-15 05:00:00,Empress_Mall_Sq,70,47.7,LOW,Clear,32.8,0,GREEN,24
2024-02-15 06:00:00,Sitabuldi_Sq,74,51.9,LOW,Clear,36.7,0,GREEN,45
2024-02-15 06:00:00,Zero_Mile,105,50.8,LOW,Clear,33.0,0,GREEN,35
2024-02-15 06:00:00,Kasturchand_Park,67,60.3,LOW,Clear,31.5,0,GREEN,19
2024-02-15 06:00:00,Variety_Sq,143,39.4,MEDIUM,Clear,33.2,0,YELLOW,74
2024-02-15 06:00:00,LIC_Sq,117,42.4,LOW,Clear,35.9,0,YELLOW,67
2024-02-15 06:00:00,Empress_Mall_Sq,113,43.1,LOW,Clouds,35.0,0,GREEN,49
2024-02-15 07:00:00,Sitabuldi_Sq,243,25.9,HIGH,Clouds,38.5,0,RED,107
2024-02-15 07:00:00,Zero_Mile,344,5,CRITICAL,Clear,37.7,0,YELLOW,148
2024-02-15 07:00:00,Kasturchand_Park,243,17.6,HIGH,Clear,35.4,0,RED,108
2024-02-15 07:00:00,Variety_Sq,319,8.4,CRITICAL,Clear,32.0,0,GREEN,138
2024-02-15 07:00:00,LIC_Sq,258,15.0,HIGH,Rain,35.8,0.77,RED,107
2024-02-15 07:00:00,Empress_Mall_Sq,339,5,CRITICAL,Clouds,32.0,0,RED,163
2024-02-15 08:00:00,Sitabuldi_Sq,252,20.1,HIGH,Clouds,35.9,0,RED,111
2024-02-15 08:00:00,Zero_Mile,295,9.1,CRITICAL,Clear,34.6,0,GREEN,133
2024-02-15 08:00:00,Kasturchand_Park,322,8.6,CRITICAL,Clear,36.5,0,YELLOW,131
2024-02-15 08:00:00,Variety_Sq,339,5.2,CRITICAL,Clouds,35.6,0,YELLOW,159
2024-02-15 08:00:00,LIC_Sq,258,15.3,HIGH,Clear,36.8,0,YELLOW,115
2024-02-15 08:00:00,Empress_Mall_Sq,258,21.8,HIGH,Clouds,36.0,0,RED,131
2024-02-15 09:00:00,Sitabuldi_Sq,323,7.3,CRITICAL,Clear,35.2,0.2,YELLOW,147
2024-02-15 09:00:00,Zero_Mile,240,20.4,HIGH,Clouds,32.8,0,YELLOW,107
2024-02-15 09:00:00,Kasturchand_Park,324,8.4,CRITICAL,Clear,35.6,0,RED,137
2024-02-15 09:00:00,Variety_Sq,327,7.2,CRITICAL,Rain,35.1,0.63,YELLOW,156
2024-02-15 09:00:00,LIC_Sq,244,23.4,HIGH,Clear,35.5,0,RED,110
2024-02-15 09:00:00,Empress_Mall_Sq,277,13.7,HIGH,Clouds,38.1,0,GREEN,124
2024-02-15 10:00:00,Sitabuldi_Sq,211,29.8,HIGH,Clouds,33.1,0,YELLOW,91
2024-02-15 10:00:00,Zero_Mile,146,36.7,MEDIUM,Clouds,36.2,0,YELLOW,62
2024-02-15 10:00:00,Kasturchand_Park,213,31.6,HIGH,Clear,34.2,0,GREEN,92
2024-02-15 10:00:00,Variety_Sq,116,40.8,LOW,Clear,33.1,0.23,RED,58
2024-02-15 10:00:00,LIC_Sq,133,41.9,MEDIUM,Clouds,36.4,0,YELLOW,50
2024-02-15 10:00:00,Empress_Mall_Sq,159,37.1,MEDIUM,Clear,33.1,0,GREEN,85
2024-02-15 11:00:00,Sitabuldi_Sq,146,40.9,MEDIUM,Clear,36.6,0,YELLOW,33
2024-02-15 11:00:00,Zero_Mile,127,41.3,MEDIUM,Clear,36.1,0,GREEN,59
2024-02-15 11:00:00,Kasturchand_Park,151,40.1,MEDIUM,Clear,35.8,0,YELLOW,59
2024-02-15 11:00:00,Variety_Sq,90,49.3,LOW,Clear,35.6,0,RED,56
2024-02-15 11:00:00,LIC_Sq,101,46.8,LOW,Clouds,35.1,0,YELLOW,53
2024-02-15 11:00:00,Empress_Mall_Sq,165,35.8,MEDIUM,Clouds,33.5,0,YELLOW,62
2024-02-15 12:00:00,Sitabuldi_Sq,184,31.8,MEDIUM,Clear,35.1,0,YELLOW,81
2024-02-15 12:00:00,Zero_Mile,127,35.4,MEDIUM,Clear,36.2,0,GREEN,56
2024-02-15 12:00:00,Kasturchand_Park,91,50.2,LOW,Clear,33.8,0.11,GREEN,44
2024-02-15 12:00:00,Variety_Sq,150,43.4,MEDIUM,Clouds,33.9,0,RED,76
2024-02-15 12:00:00,LIC_Sq,110,48.4,LOW,Clear,33.5,0,GREEN,57
2024-02-15 12:00:00,Empress_Mall_Sq,138,36.3,MEDIUM,Clear,34.1,0,GREEN,67
2024-02-15 13:00:00,Sitabuldi_Sq,156,35.8,MEDIUM,Clouds,34.2,0.2,YELLOW,82
2024-02-15 13:00:00,Zero_Mile,63,54.2,LOW,Clouds,36.2,0,GREEN,39
2024-02-15 13:00:00,Kasturchand_Park,77,48.2,LOW,Clouds,33.8,0,YELLOW,36
2024-02-15 13:00:00,Variety_Sq,121,45.6,MEDIUM,Clear,37.7,0,GREEN,57
2024-02-15 13:00:00,LIC_Sq,149,38.0,MEDIUM,Clouds,33.7,0,RED,91
2024-02-15 13:00:00,Empress_Mall_Sq,124,44.8,MEDIUM,Clouds,36.2,0,RED,60
2024-02-15 14:00:00,Sitabuldi_Sq,138,35.1,MEDIUM,Clouds,36.7,0,YELLOW,50
2024-02-15 14:00:00,Zero_Mile,129,42.3,MEDIUM,Clear,34.7,0,GREEN,62
2024-02-15 14:00:00,Kasturchand_Park,108,51.6,LOW,Clear,31.7,0,YELLOW,39
2024-02-15 14:00:00,Variety_Sq,65,54.2,LOW,Clear,33.4,0,RED,18
2024-02-15 14:00:00,LIC_Sq,107,43.1,LOW,Clouds,34.0,0,GREEN,38
2024-02-15 14:00:00,Empress_Mall_Sq,74,56.5,LOW,Clear,33.7,0,GREEN,16
2024-02-15 15:00:00,Sitabuldi_Sq,100,42.5,LOW,Clear,35.9,0,RED,56
2024-02-15 15:00:00,Zero_Mile,134,41.8,MEDIUM,Clear,36.5,0,GREEN,56
2024-02-15 15:00:00,Kasturchand_Park,140,41.2,MEDIUM,Clear,35.6,0,YELLOW,73
2024-02-15 15:00:00,Variety_Sq,21,60.9,LOW,Clear,36.0,0,YELLOW,8
2024-02-15 15:00:00,LIC_Sq,91,50.4,LOW,Clear,34.3,0,GREEN,41
2024-02-15 15:00:00,Empress_Mall_Sq,139,37.2,MEDIUM,Clear,35.8,0,RED,47
2024-02-15 16:00:00,Sitabuldi_Sq,320,6.7,CRITICAL,Clear,34.7,0,RED,136
2024-02-15 16:00:00,Zero_Mile,366,5,CRITICAL,Clouds,36.7,0,YELLOW,172
2024-02-15 16:00:00,Kasturchand_Park,334,5.6,CRITICAL,Clear,37.1,0,GREEN,160
2024-02-15 16:00:00,Variety_Sq,324,9.0,CRITICAL,Clear,36.0,0,YELLOW,165
2024-02-15 16:00:00,LIC_Sq,201,26.8,HIGH,Clear,34.2,0,RED,74
2024-02-15 16:00:00,Empress_Mall_Sq,260,19.1,HIGH,Clear,34.7,0,YELLOW,118
2024-02-15 17:00:00,Sitabuldi_Sq,295,12.2,CRITICAL,Clouds,37.8,0,RED,120
2024-02-15 17:00:00,Zero_Mile,307,10.8,CRITICAL,Clear,34.6,0,GREEN,119
2024-02-15 17:00:00,Kasturchand_Park,294,19.0,CRITICAL,Clear,31.5,0,GREEN,139
2024-02-15 17:00:00,Variety_Sq,298,15.0,CRITICAL,Clouds,29.3,0,YELLOW,155
2024-02-15 17:00:00,LIC_Sq,323,7.4,CRITICAL,Clouds,36.1,0,RED,155
2024-02-15 17:00:00,Empress_Mall_Sq,258,19.5,HIGH,Clear,32.8,0,RED,120
2024-02-15 18:00:00,Sitabuldi_Sq,358,5,CRITICAL,Rain,35.1,0.71,YELLOW,143
2024-02-15 18:00:00,Zero_Mile,302,13.1,CRITICAL,Clouds,36.3,0,RED,143
2024-02-15 18:00:00,Kasturchand_Park,245,16.7,HIGH,Clear,32.1,0,GREEN,98
2024-02-15 18:00:00,Variety_Sq,277,14.5,HIGH,Clear,32.3,0,RED,121
2024-02-15 18:00:00,LIC_Sq,314,6.5,CRITICAL,Clouds,33.6,0,GREEN,152
2024-02-15 18:00:00,Empress_Mall_Sq,315,8.7,CRITICAL,Clouds,33.5,0,YELLOW,138
2024-02-15 19:00:00,Sitabuldi_Sq,329,7.5,CRITICAL,Clear,37.6,0,RED,150
2024-02-15 19:00:00,Zero_Mile,319,5.2,CRITICAL,Clear,37.4,0,RED,149
2024-02-15 19:00:00,Kasturchand_Park,270,14.5,HIGH,Clear,33.6,0,YELLOW,103
2024-02-15 19:00:00,Variety_Sq,360,5,CRITICAL,Clear,37.1,0,GREEN,162
2024-02-15 19:00:00,LIC_Sq,301,11.9,CRITICAL,Clear,35.2,0,RED,126
2024-02-15 19:00:00,Empress_Mall_Sq,334,5,CRITICAL,Clear,37.7,0,RED,156
2024-02-15 20:00:00,Sitabuldi_Sq,140,36.1,MEDIUM,Clouds,36.3,0,YELLOW,64
2024-02-15 20:00:00,Zero_Mile,129,41.9,MEDIUM,Clear,36.2,0,YELLOW,53
2024-02-15 20:00:00,Kasturchand_Park,128,43.7,MEDIUM,Clouds,34.9,0,YELLOW,57
2024-02-15 20:00:00,Variety_Sq,77,53.9,LOW,Clear,33.4,0,RED,19
2024-02-15 20:00:00,LIC_Sq,114,47.2,LOW,Clouds,35.3,0,YELLOW,58
2024-02-15 20:00:00,Empress_Mall_Sq,130,41.7,MEDIUM,Clear,35.9,0,RED,54
2024-02-15 21:00:00,Sitabuldi_Sq,119,41.1,LOW,Clouds,36.9,0,RED,50
2024-02-15 21:00:00,Zero_Mile,195,35.2,MEDIUM,Clear,34.0,0,GREEN,88
2024-02-15 21:00:00,Kasturchand_Park,151,35.9,MEDIUM,Clear,33.9,0,YELLOW,77
2024-02-15 21:00:00,Variety_Sq,129,39.5,MEDIUM,Clear,35.2,0,GREEN,60
2024-02-15 21:00:00,LIC_Sq,173,36.0,MEDIUM,Clear,37.0,0,RED,73
2024-02-15 21:00:00,Empress_Mall_Sq,47,51.6,LOW,Clear,38.0,0,RED,5
2024-02-15 22:00:00,Sitabuldi_Sq,141,38.9,MEDIUM,Clear,34.9,0,YELLOW,60
2024-02-15 22:00:00,Zero_Mile,82,46.8,LOW,Clear,30.1,0,YELLOW,32
2024-02-15 22:00:00,Kasturchand_Park,137,40.8,MEDIUM,Clear,35.2,0,YELLOW,59
2024-02-15 22:00:00,Variety_Sq,135,42.4,MEDIUM,Clouds,35.8,0,RED,83
2024-02-15 22:00:00,LIC_Sq,103,48.5,LOW,Clouds,36.0,0,GREEN,29
2024-02-15 22:00:00,Empress_Mall_Sq,115,48.1,LOW,Clouds,33.0,0,GREEN,43
2024-02-15 23:00:00,Sitabuldi_Sq,176,31.2,MEDIUM,Clear,33.2,0,RED,84
2024-02-15 23:00:00,Zero_Mile,156,39.8,MEDIUM,Clouds,35.9,0,RED,82
2024-02-15 23:00:00,Kasturchand_Park,112,43.8,LOW,Clear,32.2,0,YELLOW,62
2024-02-15 23:00:00,Variety_Sq,110,45.9,LOW,Clear,38.8,0,RED,45
2024-02-15 23:00:00,LIC_Sq,118,45.0,LOW,Clear,35.0,0,GREEN,36
2024-02-15 23:00:00,Empress_Mall_Sq,149,42.0,MEDIUM,Clouds,31.0,0,RED,72
2024-02-16 00:00:00,Sitabuldi_Sq,133,35.5,MEDIUM,Clear,35.3,0,RED,70
2024-02-16 00:00:00,Zero_Mile,85,45.2,LOW,Clear,38.7,0,GREEN,45
2024-02-16 00:00:00,Kasturchand_Park,97,51.0,LOW,Clear,36.5,0,GREEN,37
2024-02-16 00:00:00,Variety_Sq,138,38.6,MEDIUM,Rain,33.1,0.69,YELLOW,74
2024-02-16 00:00:00,LIC_Sq,106,47.5,LOW,Clear,34.1,0,YELLOW,44
2024-02-16 00:00:00,Empress_Mall_Sq,167,36.8,MEDIUM,Clear,38.3,0,YELLOW,80
2024-02-16 01:00:00,Sitabuldi_Sq,148,38.2,MEDIUM,Clear,37.6,0,RED,76
2024-02-16 01:00:00,Zero_Mile,111,41.3,LOW,Clear,36.8,0,YELLOW,64
2024-02-16 01:00:00,Kasturchand_Park,50,58.9,LOW,Clouds,33.7,0,YELLOW,11
2024-02-16 01:00:00,Variety_Sq,139,42.1,MEDIUM,Clear,41.8,0,RED,60
2024-02-16 01:00:00,LIC_Sq,48,53.4,LOW,Clear,35.0,0,RED,17
2024-02-16 01:00:00,Empress_Mall_Sq,101,44.2,LOW,Clouds,36.2,0,RED,56
2024-02-16 02:00:00,Sitabuldi_Sq,104,44.4,LOW,Clear,35.9,0.11,GREEN,51
2024-02-16 02:00:00,Zero_Mile,74,48.6,LOW,Clouds,34.9,0,GREEN,31
2024-02-16 02:00:00,Kasturchand_Park,92,47.6,LOW,Clear,35.7,0,GREEN,59
2024-02-16 02:00:00,Variety_Sq,131,39.1,MEDIUM,Clear,36.2,0,YELLOW,48
2024-02-16 02:00:00,LIC_Sq,145,41.3,MEDIUM,Clear,34.7,0,RED,53
2024-02-16 02:00:00,Empress_Mall_Sq,160,40.9,MEDIUM,Clear,35.1,0,GREEN,66
2024-02-16 03:00:00,Sitabuldi_Sq,180,30.8,MEDIUM,Clear,36.8,0,YELLOW,78
2024-02-16 03:00:00,Zero_Mile,97,55.6,LOW,Clear,38.3,0,RED,61
2024-02-16 03:00:00,Kasturchand_Park,173,37.7,MEDIUM,Clouds,33.7,0.28,YELLOW,60
2024-02-16 03:00:00,Variety_Sq,106,45.5,LOW,Clouds,36.5,0,GREEN,48
2024-02-16 03:00:00,LIC_Sq,189,30.8,MEDIUM,Clear,34.6,0,GREEN,89
2024-02-16 03:00:00,Empress_Mall_Sq,97,48.9,LOW,Clouds,37.2,0,GREEN,55
2024-02-16 04:00:00,Sitabuldi_Sq,147,40.1,MEDIUM,Clouds,34.5,0.23,GREEN,56
2024-02-16 04:00:00,Zero_Mile,84,43.9,LOW,Clouds,33.3,0,YELLOW,34
2024-02-16 04:00:00,Kasturchand_Park,81,55.6,LOW,Clear,34.9,0,YELLOW,48
2024-02-16 04:00:00,Variety_Sq,209,28.7,HIGH,Clear,31.1,0,YELLOW,79
2024-02-16 04:00:00,LIC_Sq,148,43.7,MEDIUM,Clouds,34.0,0,RED,57
2024-02-16 04:00:00,Empress_Mall_Sq,101,49.7,LOW,Clouds,33.9,0,GREEN,64
2024-02-16 05:00:00,Sitabuldi_Sq,165,33.5,MEDIUM,Clear,33.3,0,RED,70
2024-02-16 05:00:00,Zero_Mile,111,47.7,LOW,Clouds,34.8,0,YELLOW,44
2024-02-16 05:00:00,Kasturchand_Park,134,38.9,MEDIUM,Clear,31.4,0,YELLOW,69
2024-02-16 05:00:00,Variety_Sq,135,43.7,MEDIUM,Clear,33.0,0,YELLOW,72
2024-02-16 05:00:00,LIC_Sq,100,42.9,LOW,Clear,37.7,0,RED,44
2024-02-16 05:00:00,Empress_Mall_Sq,98,47.0,LOW,Clear,36.8,0,RED,41
2024-02-16 06:00:00,Sitabuldi_Sq,135,41.1,MEDIUM,Clouds,38.1,0,RED,49
2024-02-16 06:00:00,Zero_Mile,22,56.5,LOW,Clouds,32.7,0,RED,5
2024-02-16 06:00:00,Kasturchand_Park,120,42.8,LOW,Clouds,33.6,0,YELLOW,57
2024-02-16 06:00:00,Variety_Sq,151,41.5,MEDIUM,Clear,37.1,0,YELLOW,72
2024-02-16 06:00:00,LIC_Sq,117,47.1,LOW,Clouds,33.0,0.06,RED,63
2024-02-16 06:00:00,Empress_Mall_Sq,167,37.6,MEDIUM,Clear,33.5,0,GREEN,69
2024-02-16 07:00:00,Sitabuldi_Sq,252,19.6,HIGH,Clouds,35.6,0,RED,117
2024-02-16 07:00:00,Zero_Mile,303,11.6,CRITICAL,Clear,33.2,0,GREEN,123
2024-02-16 07:00:00,Kasturchand_Park,319,8.9,CRITICAL,Clouds,37.8,0,RED,150
2024-02-16 07:00:00,Variety_Sq,288,18.6,CRITICAL,Clear,35.2,0,RED,121
2024-02-16 07:00:00,LIC_Sq,298,9.8,CRITICAL,Clouds,37.7,0,RED,128
2024-02-16 07:00:00,Empress_Mall_Sq,336,7.9,CRITICAL,Clouds,30.2,0,RED,144
2024-02-16 08:00:00,Sitabuldi_Sq,298,10.6,CRITICAL,Clear,37.6,0,YELLOW,129
2024-02-16 08:00:00,Zero_Mile,270,14.7,HIGH,Clear,33.4,0,RED,120
2024-02-16 08:00:00,Kasturchand_Park,225,22.5,HIGH,Clear,37.2,0,RED,108
2024-02-16 08:00:00,Variety_Sq,278,12.1,HIGH,Rain,34.4,0.66,RED,122
2024-02-16 08:00:00,LIC_Sq,308,8.5,CRITICAL,Clear,36.3,0,RED,144
2024-02-16 08:00:00,Empress_Mall_Sq,298,9.3,CRITICAL,Rain,31.5,0.75,RED,145
2024-02-16 09:00:00,Sitabuldi_Sq,275,17.6,HIGH,Clear,34.2,0,GREEN,113
2024-02-16 09:00:00,Zero_Mile,268,17.6,HIGH,Clear,33.6,0.0,GREEN,128
2024-02-16 09:00:00,Kasturchand_Park,260,18.8,HIGH,Clear,34.0,0,GREEN,117
2024-02-16 09:00:00,Variety_Sq,246,19.2,HIGH,Clouds,33.4,0,GREEN,101
2024-02-16 09:00:00,LIC_Sq,255,20.6,HIGH,Clouds,33.8,0,GREEN,119
2024-02-16 09:00:00,Empress_Mall_Sq,332,5,CRITICAL,Clear,31.8,0,YELLOW,133
2024-02-16 10:00:00,Sitabuldi_Sq,139,38.2,MEDIUM,Clouds,36.1,0,GREEN,63
2024-02-16 10:00:00,Zero_Mile,100,45.2,LOW,Clear,33.7,0,RED,35
2024-02-16 10:00:00,Kasturchand_Park,181,31.3,MEDIUM,Clear,35.7,0,RED,69
2024-02-16 10:00:00,Variety_Sq,171,35.5,MEDIUM,Clouds,31.3,0,RED,81
2024-02-16 10:00:00,LIC_Sq,73,53.8,LOW,Clear,36.7,0,YELLOW,35
2024-02-16 10:00:00,Empress_Mall_Sq,120,39.2,LOW,Clouds,33.5,0,RED,60
2024-02-16 11:00:00,Sitabuldi_Sq,105,44.7,LOW,Clouds,35.2,0,RED,24
2024-02-16 11:00:00,Zero_Mile,36,52.2,LOW,Clouds,34.8,0,YELLOW,6
2024-02-16 11:00:00,Kasturchand_Park,168,32.2,MEDIUM,Clear,37.1,0,YELLOW,77
2024-02-16 11:00:00,Variety_Sq,79,46.3,LOW,Clear,38.6,0,YELLOW,40
2024-02-16 11:00:00,LIC_Sq,148,37.6,MEDIUM,Clear,33.6,0,RED,61
2024-02-16 11:00:00,Empress_Mall_Sq,131,44.2,MEDIUM,Clouds,36.4,0.17,YELLOW,49
2024-02-16 12:00:00,Sitabuldi_Sq,83,54.3,LOW,Clear,34.4,0,GREEN,42
2024-02-16 12:00:00,Zero_Mile,73,53.6,LOW,Clear,33.3,0,YELLOW,25
2024-02-16 12:00:00,Kasturchand_Park,60,56.9,LOW,Clouds,37.5,0,RED,31
2024-02-16 12:00:00,Variety_Sq,94,51.8,LOW,Clear,37.0,0,RED,51
2024-02-16 12:00:00,LIC_Sq,134,40.2,MEDIUM,Clear,37.6,0,RED,50
2024-02-16 12:00:00,Empress_Mall_Sq,119,48.4,LOW,Clear,35.6,0,GREEN,53
2024-02-16 13:00:00,Sitabuldi_Sq,111,46.6,LOW,Clear,36.9,0,RED,47
2024-02-16 13:00:00,Zero_Mile,152,41.4,MEDIUM,Clear,32.1,0,GREEN,69
2024-02-16 13:00:00,Kasturchand_Park,59,59.4,LOW,Clouds,30.9,0,RED,36
2024-02-16 13:00:00,Variety_Sq,134,36.6,MEDIUM,Clouds,31.7,0,YELLOW,66
2024-02-16 13:00:00,LIC_Sq,129,41.8,MEDIUM,Clear,34.6,0,YELLOW,49
2024-02-16 13:00:00,Empress_Mall_Sq,125,42.0,MEDIUM,Clear,36.9,0,RED,71
2024-02-16 14:00:00,Sitabuldi_Sq,171,37.1,MEDIUM,Rain,34.7,0.78,GREEN,82
2024-02-16 14:00:00,Zero_Mile,127,44.7,MEDIUM,Clouds,37.2,0,GREEN,52
2024-02-16 14:00:00,Kasturchand_Park,67,54.9,LOW,Clear,37.9,0.05,YELLOW,25
2024-02-16 14:00:00,Variety_Sq,140,36.9,MEDIUM,Clear,34.6,0,GREEN,60
2024-02-16 14:00:00,LIC_Sq,122,46.6,MEDIUM,Clear,35.0,0,RED,52
2024-02-16 14:00:00,Empress_Mall_Sq,51,56.5,LOW,Clouds,33.3,0,RED,44
2024-02-16 15:00:00,Sitabuldi_Sq,123,44.9,MEDIUM,Clear,38.4,0,RED,49
2024-02-16 15:00:00,Zero_Mile,179,28.8,MEDIUM,Rain,33.7,0.54,GREEN,77
2024-02-16 15:00:00,Kasturchand_Park,70,50.1,LOW,Clouds,34.5,0,RED,34
2024-02-16 15:00:00,Variety_Sq,80,48.0,LOW,Clouds,32.3,0,GREEN,24
2024-02-16 15:00:00,LIC_Sq,169,36.3,MEDIUM,Clear,33.9,0,YELLOW,69
2024-02-16 15:00:00,Empress_Mall_Sq,60,56.2,LOW,Clear,35.0,0,GREEN,41
2024-02-16 16:00:00,Sitabuldi_Sq,285,18.2,CRITICAL,Clear,34.3,0,GREEN,110
2024-02-16 16:00:00,Zero_Mile,288,10.6,CRITICAL,Clear,33.4,0,GREEN,130
2024-02-16 16:00:00,Kasturchand_Park,217,22.7,HIGH,Clear,39.3,0,YELLOW,107
2024-02-16 16:00:00,Variety_Sq,322,7.9,CRITICAL,Clear,35.3,0,GREEN,142
2024-02-16 16:00:00,LIC_Sq,336,5,CRITICAL,Clear,33.7,0,RED,149
2024-02-16 16:00:00,Empress_Mall_Sq,367,5,CRITICAL,Clear,37.5,0,RED,179
2024-02-16 17:00:00,Sitabuldi_Sq,312,11.7,CRITICAL,Clear,34.0,0,YELLOW,154
2024-02-16 17:00:00,Zero_Mile,322,9.4,CRITICAL,Clouds,35.7,0,YELLOW,129
2024-02-16 17:00:00,Kasturchand_Park,302,8.9,CRITICAL,Clear,36.2,0,YELLOW,122
2024-02-16 17:00:00,Variety_Sq,327,7.8,CRITICAL,Clear,33.3,0.07,GREEN,136
2024-02-16 17:00:00,LIC_Sq,276,13.0,HIGH,Clear,32.8,0,GREEN,114
2024-02-16 17:00:00,Empress_Mall_Sq,304,8.6,CRITICAL,Clear,34.1,0,RED,139
2024-02-16 18:00:00,Sitabuldi_Sq,297,13.6,CRITICAL,Clear,33.3,0,RED,137
2024-02-16 18:00:00,Zero_Mile,346,5.8,CRITICAL,Clear,30.7,0,YELLOW,165
2024-02-16 18:00:00,Kasturchand_Park,262,15.0,HIGH,Clouds,36.7,0,RED,127
2024-02-16 18:00:00,Variety_Sq,301,10.0,CRITICAL,Rain,31.9,1.13,YELLOW,135
2024-02-16 18:00:00,LIC_Sq,282,8.1,CRITICAL,Clear,37.8,0,RED,120
2024-02-16 18:00:00,Empress_Mall_Sq,277,14.3,HIGH,Clear,35.0,0,YELLOW,124
2024-02-16 19:00:00,Sitabuldi_Sq,332,5,CRITICAL,Clouds,35.4,0,GREEN,149
2024-02-16 19:00:00,Zero_Mile,302,7.4,CRITICAL,Rain,33.8,0.61,YELLOW,138
2024-02-16 19:00:00,Kasturchand_Park,244,12.9,HIGH,Clouds,31.3,0,GREEN,116
2024-02-16 19:00:00,Variety_Sq,303,9.9,CRITICAL,Clear,34.2,0,GREEN,132
2024-02-16 19:00:00,LIC_Sq,397,5,CRITICAL,Clear,36.7,0,RED,171
2024-02-16 19:00:00,Empress_Mall_Sq,292,14.9,CRITICAL,Clouds,36.3,0,GREEN,130
2024-02-16 20:00:00,Sitabuldi_Sq,65,53.5,LOW,Clouds,35.7,0,GREEN,6
2024-02-16 20:00:00,Zero_Mile,126,40.6,MEDIUM,Clear,36.7,0,YELLOW,62
2024-02-16 20:00:00,Kasturchand_Park,159,42.2,MEDIUM,Clouds,33.0,0.04,YELLOW,67
2024-02-16 20:00:00,Variety_Sq,169,33.5,MEDIUM,Clear,36.1,0,GREEN,68
2024-02-16 20:00:00,LIC_Sq,142,46.3,MEDIUM,Clear,37.1,0,YELLOW,65
2024-02-16 20:00:00,Empress_Mall_Sq,111,39.4,LOW,Clouds,33.5,0,RED,59
2024-02-16 21:00:00,Sitabuldi_Sq,96,48.6,LOW,Clear,32.7,0,RED,46
2024-02-16 21:00:00,Zero_Mile,210,25.5,HIGH,Clear,35.3,0,RED,85
2024-02-16 21:00:00,Kasturchand_Park,71,53.8,LOW,Clear,36.5,0,RED,26
2024-02-16 21:00:00,Variety_Sq,150,40.1,MEDIUM,Clear,32.6,0,YELLOW,81
2024-02-16 21:00:00,LIC_Sq,92,49.7,LOW,Clouds,34.6,0,YELLOW,45
2024-02-16 21:00:00,Empress_Mall_Sq,210,35.2,HIGH,Rain,34.0,0.52,RED,101
2024-02-16 22:00:00,Sitabuldi_Sq,89,52.4,LOW,Clear,34.5,0,RED,23
2024-02-16 22:00:00,Zero_Mile,100,45.8,LOW,Clear,33.2,0.47,GREEN,42
2024-02-16 22:00:00,Kasturchand_Park,109,45.4,LOW,Clear,34.5,0,YELLOW,59
2024-02-16 22:00:00,Variety_Sq,113,44.1,LOW,Clouds,34.2,0,GREEN,46
2024-02-16 22:00:00,LIC_Sq,97,46.8,LOW,Clear,36.4,0,GREEN,29
2024-02-16 22:00:00,Empress_Mall_Sq,151,36.1,MEDIUM,Clouds,33.7,0,RED,82
2024-02-16 23:00:00,Sitabuldi_Sq,113,50.5,LOW,Clear,33.9,0,YELLOW,58
2024-02-16 23:00:00,Zero_Mile,109,41.4,LOW,Clouds,33.2,0,RED,35
2024-02-16 23:00:00,Kasturchand_Park,60,49.8,LOW,Clear,35.1,0,GREEN,15
2024-02-16 23:00:00,Variety_Sq,86,47.0,LOW,Clear,35.9,0,RED,30
2024-02-16 23:00:00,LIC_Sq,77,53.5,LOW,Clear,37.1,0,YELLOW,61
2024-02-16 23:00:00,Empress_Mall_Sq,178,32.6,MEDIUM,Clear,34.4,0,GREEN,65
2024-02-17 00:00:00,Sitabuldi_Sq,101,48.5,LOW,Clouds,34.1,0,YELLOW,40
2024-02-17 00:00:00,Zero_Mile,64,52.6,LOW,Clear,36.4,0,RED,28
2024-02-17 00:00:00,Kasturchand_Park,23,59.9,LOW,Clear,34.5,0,YELLOW,13
2024-02-17 00:00:00,Variety_Sq,74,49.4,LOW,Clouds,37.0,0,RED,59
2024-02-17 00:00:00,LIC_Sq,20,59.5,LOW,Clear,34.3,0,RED,5
2024-02-17 00:00:00,Empress_Mall_Sq,109,39.7,LOW,Clear,36.3,0,YELLOW,62
2024-02-17 01:00:00,Sitabuldi_Sq,121,44.0,MEDIUM,Clear,33.6,0.16,GREEN,77
2024-02-17 01:00:00,Zero_Mile,163,32.6,MEDIUM,Clear,33.6,0,RED,74
2024-02-17 01:00:00,Kasturchand_Park,20,63.3,LOW,Clear,32.9,0,GREEN,24
2024-02-17 01:00:00,Variety_Sq,73,54.5,LOW,Clouds,34.1,0,YELLOW,29
2024-02-17 01:00:00,LIC_Sq,91,48.1,LOW,Clear,39.2,0,RED,34
2024-02-17 01:00:00,Empress_Mall_Sq,141,37.2,MEDIUM,Clear,34.2,0,YELLOW,62
2024-02-17 02:00:00,Sitabuldi_Sq,20,60.2,LOW,Clear,34.5,0,RED,5
2024-02-17 02:00:00,Zero_Mile,22,59.3,LOW,Clear,35.2,0,YELLOW,12
2024-02-17 02:00:00,Kasturchand_Park,96,50.6,LOW,Clear,36.4,0,YELLOW,43
2024-02-17 02:00:00,Variety_Sq,136,45.7,MEDIUM,Clear,35.4,0,RED,53
2024-02-17 02:00:00,LIC_Sq,46,55.4,LOW,Clouds,35.5,0,GREEN,14
2024-02-17 02:00:00,Empress_Mall_Sq,20,58.8,LOW,Clear,34.5,0,YELLOW,5
2024-02-17 03:00:00,Sitabuldi_Sq,67,50.7,LOW,Clear,34.7,0,YELLOW,23
2024-02-17 03:00:00,Zero_Mile,20,60.3,LOW,Clear,37.1,0,YELLOW,16
2024-02-17 03:00:00,Kasturchand_Park,69,51.2,LOW,Clear,35.7,0,GREEN,48
2024-02-17 03:00:00,Variety_Sq,82,51.5,LOW,Clear,35.4,0,YELLOW,44
2024-02-17 03:00:00,LIC_Sq,20,62.5,LOW,Clear,37.1,0,GREEN,15
2024-02-17 03:00:00,Empress_Mall_Sq,79,54.4,LOW,Clear,35.4,0,GREEN,49
2024-02-17 04:00:00,Sitabuldi_Sq,103,46.9,LOW,Clouds,35.8,0,YELLOW,52
2024-02-17 04:00:00,Zero_Mile,54,53.8,LOW,Clear,38.8,0,YELLOW,14
2024-02-17 04:00:00,Kasturchand_Park,48,61.4,LOW,Clear,37.6,0,RED,22
2024-02-17 04:00:00,Variety_Sq,68,57.2,LOW,Clear,34.7,0,YELLOW,46
2024-02-17 04:00:00,LIC_Sq,84,50.9,LOW,Clear,36.8,0.05,YELLOW,26
2024-02-17 04:00:00,Empress_Mall_Sq,96,43.6,LOW,Clouds,36.6,0,RED,40
2024-02-17 05:00:00,Sitabuldi_Sq,45,57.0,LOW,Clouds,35.2,0,RED,27
2024-02-17 05:00:00,Zero_Mile,74,48.3,LOW,Clear,36.7,0,GREEN,47
2024-02-17 05:00:00,Kasturchand_Park,78,53.7,LOW,Clouds,36.8,0,GREEN,41
2024-02-17 05:00:00,Variety_Sq,52,53.7,LOW,Clear,38.0,0,YELLOW,44
2024-02-17 05:00:00,LIC_Sq,55,56.9,LOW,Clouds,35.6,0,GREEN,28
2024-02-17 05:00:00,Empress_Mall_Sq,67,53.4,LOW,Clouds,35.9,0.18,RED,37
2024-02-17 06:00:00,Sitabuldi_Sq,28,59.0,LOW,Clear,38.0,0,GREEN,5
2024-02-17 06:00:00,Zero_Mile,126,45.8,MEDIUM,Clear,37.3,0,GREEN,53
2024-02-17 06:00:00,Kasturchand_Park,64,52.6,LOW,Clear,39.7,0,YELLOW,49
2024-02-17 06:00:00,Variety_Sq,67,51.1,LOW,Clouds,37.6,0,YELLOW,33
2024-02-17 06:00:00,LIC_Sq,48,58.5,LOW,Clear,34.6,0,RED,7
2024-02-17 06:00:00,Empress_Mall_Sq,45,58.5,LOW,Clear,36.5,0,RED,20
2024-02-17 07:00:00,Sitabuldi_Sq,149,38.8,MEDIUM,Rain,33.6,0.74,RED,78
2024-02-17 07:00:00,Zero_Mile,185,34.0,MEDIUM,Clouds,36.8,0,RED,83
2024-02-17 07:00:00,Kasturchand_Park,171,36.6,MEDIUM,Clouds,34.6,0,RED,68
2024-02-17 07:00:00,Variety_Sq,180,30.8,MEDIUM,Clear,38.0,0,RED,96
2024-02-17 07:00:00,LIC_Sq,171,36.7,MEDIUM,Clouds,37.8,0,GREEN,78
2024-02-17 07:00:00,Empress_Mall_Sq,227,23.7,HIGH,Clear,34.2,0,GREEN,100
2024-02-17 08:00:00,Sitabuldi_Sq,192,25.8,MEDIUM,Clouds,33.5,0,GREEN,78
2024-02-17 08:00:00,Zero_Mile,136,40.8,MEDIUM,Clear,38.6,0,RED,61
2024-02-17 08:00:00,Kasturchand_Park,181,34.1,MEDIUM,Clear,35.2,0,GREEN,87
2024-02-17 08:00:00,Variety_Sq,165,29.6,MEDIUM,Clouds,34.5,0,RED,78
2024-02-17 08:00:00,LIC_Sq,203,29.2,HIGH,Clouds,34.9,0,RED,84
2024-02-17 08:00:00,Empress_Mall_Sq,184,36.2,MEDIUM,Clouds,36.2,0,YELLOW,84
2024-02-17 09:00:00,Sitabuldi_Sq,270,12.5,HIGH,Clear,34.3,0,GREEN,127
2024-02-17 09:00:00,Zero_Mile,278,15.0,HIGH,Clear,35.3,0,RED,135
2024-02-17 09:00:00,Kasturchand_Park,173,32.3,MEDIUM,Clouds,32.9,0,GREEN,71
2024-02-17 09:00:00,Variety_Sq,196,27.3,MEDIUM,Clear,35.0,0,YELLOW,99
2024-02-17 09:00:00,LIC_Sq,137,35.3,MEDIUM,Clear,34.7,0,GREEN,45
2024-02-17 09:00:00,Empress_Mall_Sq,175,27.0,MEDIUM,Clear,34.5,0,RED,77
2024-02-17 10:00:00,Sitabuldi_Sq,128,43.9,MEDIUM,Clouds,32.4,0,GREEN,51
2024-02-17 10:00:00,Zero_Mile,45,59.0,LOW,Clear,39.5,0,RED,17
2024-02-17 10:00:00,Kasturchand_Park,101,47.6,LOW,Clear,36.8,0,YELLOW,46
2024-02-17 10:00:00,Variety_Sq,34,59.8,LOW,Clear,35.3,0,GREEN,21
2024-02-17 10:00:00,LIC_Sq,69,52.2,LOW,Clear,36.5,0,YELLOW,42
2024-02-17 10:00:00,Empress_Mall_Sq,20,58.6,LOW,Clear,32.8,0,GREEN,13
2024-02-17 11:00:00,Sitabuldi_Sq,94,47.5,LOW,Clear,36.6,0,GREEN,33
2024-02-17 11:00:00,Zero_Mile,20,60.2,LOW,Clear,37.4,0,GREEN,20
2024-02-17 11:00:00,Kasturchand_Park,86,55.2,LOW,Clear,37.4,0,YELLOW,25
2024-02-17 11:00:00,Variety_Sq,64,54.4,LOW,Clouds,35.2,0,YELLOW,47
2024-02-17 11:00:00,LIC_Sq,72,54.2,LOW,Clouds,38.3,0,GREEN,27
2024-02-17 11:00:00,Empress_Mall_Sq,60,50.6,LOW,Clouds,36.2,0,GREEN,40
2024-02-17 12:00:00,Sitabuldi_Sq,146,44.7,MEDIUM,Clear,37.6,0,RED,61
2024-02-17 12:00:00,Zero_Mile,69,48.4,LOW,Clear,38.7,0,RED,40
2024-02-17 12:00:00,Kasturchand_Park,89,53.9,LOW,Clear,34.7,0,GREEN,54
2024-02-17 12:00:00,Variety_Sq,131,42.8,MEDIUM,Clear,35.9,0,GREEN,61
2024-02-17 12:00:00,LIC_Sq,79,48.5,LOW,Clear,36.6,0,RED,30
2024-02-17 12:00:00,Empress_Mall_Sq,127,44.3,MEDIUM,Clear,35.2,0,GREEN,75
2024-02-17 13:00:00,Sitabuldi_Sq,64,53.4,LOW,Clear,32.7,0,GREEN,37
2024-02-17 13:00:00,Zero_Mile,95,49.2,LOW,Clouds,34.8,0,RED,48
2024-02-17 13:00:00,Kasturchand_Park,112,47.5,LOW,Clear,34.9,0.47,YELLOW,61
2024-02-17 13:00:00,Variety_Sq,146,33.3,MEDIUM,Clouds,35.1,0,GREEN,62
2024-02-17 13:00:00,LIC_Sq,52,57.9,LOW,Clouds,33.6,0,RED,25
2024-02-17 13:00:00,Empress_Mall_Sq,148,46.8,MEDIUM,Clear,33.7,0,RED,62
2024-02-17 14:00:00,Sitabuldi_Sq,142,38.0,MEDIUM,Clouds,34.1,0,YELLOW,53
2024-02-17 14:00:00,Zero_Mile,110,46.8,LOW,Clear,39.2,0,RED,55
2024-02-17 14:00:00,Kasturchand_Park,225,28.3,HIGH,Clear,39.1,0,RED,100
2024-02-17 14:00:00,Variety_Sq,119,43.5,LOW,Clear,34.2,0,YELLOW,44
2024-02-17 14:00:00,LIC_Sq,107,45.3,LOW,Clear,35.3,0,GREEN,45
2024-02-17 14:00:00,Empress_Mall_Sq,98,46.0,LOW,Clear,38.5,0,GREEN,45
2024-02-17 15:00:00,Sitabuldi_Sq,47,53.8,LOW,Clear,37.3,0,YELLOW,21
2024-02-17 15:00:00,Zero_Mile,94,48.8,LOW,Clouds,35.0,0,RED,42
2024-02-17 15:00:00,Kasturchand_Park,30,61.4,LOW,Clear,34.5,0.44,GREEN,16
2024-02-17 15:00:00,Variety_Sq,117,41.4,LOW,Rain,32.1,0.83,YELLOW,51
2024-02-17 15:00:00,LIC_Sq,20,59.1,LOW,Clouds,38.6,0,GREEN,25
2024-02-17 15:00:00,Empress_Mall_Sq,87,51.1,LOW,Clouds,33.4,0,GREEN,20
2024-02-17 16:00:00,Sitabuldi_Sq,189,27.5,MEDIUM,Clear,34.8,0,YELLOW,78
2024-02-17 16:00:00,Zero_Mile,228,19.5,HIGH,Clear,31.4,0,YELLOW,95
2024-02-17 16:00:00,Kasturchand_Park,168,31.1,MEDIUM,Clear,36.1,0,GREEN,86
2024-02-17 16:00:00,Variety_Sq,249,17.3,HIGH,Clear,33.1,0.05,GREEN,103
2024-02-17 16:00:00,LIC_Sq,211,24.5,HIGH,Clear,32.6,0,RED,93
2024-02-17 16:00:00,Empress_Mall_Sq,257,20.5,HIGH,Clear,37.4,0,RED,109
2024-02-17 17:00:00,Sitabuldi_Sq,261,15.7,HIGH,Rain,35.6,0.84,RED,105
2024-02-17 17:00:00,Zero_Mile,191,34.2,MEDIUM,Clear,34.7,0,YELLOW,85
2024-02-17 17:00:00,Kasturchand_Park,220,29.1,HIGH,Clear,33.5,0,YELLOW,95
2024-02-17 17:00:00,Variety_Sq,209,24.8,HIGH,Clear,33.1,0,GREEN,98
2024-02-17 17:00:00,LIC_Sq,284,17.3,CRITICAL,Clear,33.0,0,YELLOW,133
2024-02-17 17:00:00,Empress_Mall_Sq,123,40.9,MEDIUM,Clear,36.4,0,RED,44
2024-02-17 18:00:00,Sitabuldi_Sq,204,28.8,HIGH,Clouds,36.4,0,GREEN,105
2024-02-17 18:00:00,Zero_Mile,229,26.2,HIGH,Clear,35.9,0,GREEN,122
2024-02-17 18:00:00,Kasturchand_Park,264,16.1,HIGH,Clouds,31.6,0,RED,128
2024-02-17 18:00:00,Variety_Sq,215,25.8,HIGH,Clear,35.2,0,YELLOW,105
2024-02-17 18:00:00,LIC_Sq,254,15.3,HIGH,Rain,34.8,0.53,GREEN,111
2024-02-17 18:00:00,Empress_Mall_Sq,250,16.7,HIGH,Clouds,37.4,0,RED,108
2024-02-17 19:00:00,Sitabuldi_Sq,163,37.4,MEDIUM,Clouds,37.3,0,GREEN,77
2024-02-17 19:00:00,Zero_Mile,219,25.3,HIGH,Clear,33.0,0.33,GREEN,102
2024-02-17 19:00:00,Kasturchand_Park,231,23.9,HIGH,Clear,35.4,0,RED,97
2024-02-17 19:00:00,Variety_Sq,165,39.1,MEDIUM,Clouds,36.1,0,YELLOW,76
2024-02-17 19:00:00,LIC_Sq,238,21.0,HIGH,Clouds,33.4,0,YELLOW,111
2024-02-17 19:00:00,Empress_Mall_Sq,201,33.3,HIGH,Clouds,33.4,0,GREEN,71
2024-02-17 20:00:00,Sitabuldi_Sq,78,52.7,LOW,Clear,35.3,0,GREEN,29
2024-02-17 20:00:00,Zero_Mile,145,33.8,MEDIUM,Clouds,36.1,0,GREEN,66
2024-02-17 20:00:00,Kasturchand_Park,84,43.6,LOW,Clear,38.0,0,YELLOW,28
2024-02-17 20:00:00,Variety_Sq,74,51.5,LOW,Clear,33.6,0,GREEN,40
2024-02-17 20:00:00,LIC_Sq,186,33.6,MEDIUM,Clear,34.9,0.42,GREEN,85
2024-02-17 20:00:00,Empress_Mall_Sq,36,53.9,LOW,Clear,34.0,0,YELLOW,15
2024-02-17 21:00:00,Sitabuldi_Sq,99,50.5,LOW,Clear,34.3,0,RED,46
2024-02-17 21:00:00,Zero_Mile,89,54.2,LOW,Clouds,35.7,0,RED,34
2024-02-17 21:00:00,Kasturchand_Park,147,38.2,MEDIUM,Clouds,35.7,0,GREEN,64
2024-02-17 21:00:00,Variety_Sq,20,63.9,LOW,Clear,32.8,0,YELLOW,12
2024-02-17 21:00:00,LIC_Sq,50,60.4,LOW,Clear,36.2,0,GREEN,23
2024-02-17 21:00:00,Empress_Mall_Sq,77,49.0,LOW,Clouds,40.3,0,GREEN,40
2024-02-17 22:00:00,Sitabuldi_Sq,179,33.4,MEDIUM,Clouds,38.1,0,YELLOW,58
2024-02-17 22:00:00,Zero_Mile,111,46.7,LOW,Clear,35.0,0,YELLOW,44
2024-02-17 22:00:00,Kasturchand_Park,26,61.8,LOW,Clear,36.3,0,RED,5
2024-02-17 22:00:00,Variety_Sq,107,45.1,LOW,Clear,37.6,0,GREEN,46
2024-02-17 22:00:00,LIC_Sq,78,50.3,LOW,Clouds,34.8,0,YELLOW,32
2024-02-17 22:00:00,Empress_Mall_Sq,82,52.9,LOW,Clear,34.2,0,GREEN,24
2024-02-17 23:00:00,Sitabuldi_Sq,97,42.7,LOW,Clear,31.6,0,YELLOW,51
2024-02-17 23:00:00,Zero_Mile,66,47.8,LOW,Clouds,32.7,0,RED,28
2024-02-17 23:00:00,Kasturchand_Park,58,51.5,LOW,Clouds,41.9,0,YELLOW,30
2024-02-17 23:00:00,Variety_Sq,47,59.4,LOW,Clear,32.6,0,GREEN,5
2024-02-17 23:00:00,LIC_Sq,101,44.4,LOW,Clear,31.3,0,YELLOW,45
2024-02-17 23:00:00,Empress_Mall_Sq,122,39.3,MEDIUM,Clear,33.8,0,GREEN,48
2024-02-18 00:00:00,Sitabuldi_Sq,84,51.6,LOW,Clear,32.1,0,RED,38
2024-02-18 00:00:00,Zero_Mile,28,64.1,LOW,Clear,38.2,0,RED,9
2024-02-18 00:00:00,Kasturchand_Park,118,42.4,LOW,Clouds,36.7,0.1,YELLOW,51
2024-02-18 00:00:00,Variety_Sq,105,47.6,LOW,Clear,34.0,0,RED,53
2024-02-18 00:00:00,LIC_Sq,21,66.4,LOW,Clouds,33.0,0,GREEN,5
2024-02-18 00:00:00,Empress_Mall_Sq,43,64.3,LOW,Clear,35.1,0,GREEN,12
2024-02-18 01:00:00,Sitabuldi_Sq,146,38.3,MEDIUM,Clear,30.3,0,RED,61
2024-02-18 01:00:00,Zero_Mile,61,51.8,LOW,Clear,36.3,0,YELLOW,30
2024-02-18 01:00:00,Kasturchand_Park,139,42.0,MEDIUM,Clear,35.4,0,GREEN,48
2024-02-18 01:00:00,Variety_Sq,120,47.0,LOW,Clouds,33.6,0,GREEN,71
2024-02-18 01:00:00,LIC_Sq,36,61.0,LOW,Clouds,34.5,0,GREEN,11
2024-02-18 01:00:00,Empress_Mall_Sq,93,45.8,LOW,Clouds,37.5,0,YELLOW,34
2024-02-18 02:00:00,Sitabuldi_Sq,112,47.2,LOW,Clouds,34.5,0,YELLOW,54
2024-02-18 02:00:00,Zero_Mile,129,39.9,MEDIUM,Clear,36.8,0,GREEN,58
2024-02-18 02:00:00,Kasturchand_Park,20,63.4,LOW,Rain,34.0,0.59,GREEN,5
2024-02-18 02:00:00,Variety_Sq,131,43.1,MEDIUM,Clouds,36.4,0,GREEN,53
2024-02-18 02:00:00,LIC_Sq,79,49.6,LOW,Clouds,33.7,0,YELLOW,26
2024-02-18 02:00:00,Empress_Mall_Sq,33,63.3,LOW,Clear,35.5,0,RED,33
2024-02-18 03:00:00,Sitabuldi_Sq,45,55.0,LOW,Clouds,36.1,0,RED,20
2024-02-18 03:00:00,Zero_Mile,144,35.9,MEDIUM,Clear,38.7,0,RED,84
2024-02-18 03:00:00,Kasturchand_Park,20,65.9,LOW,Clear,37.8,0,GREEN,13
2024-02-18 03:00:00,Variety_Sq,64,56.3,LOW,Clouds,35.7,0,GREEN,25
2024-02-18 03:00:00,LIC_Sq,91,46.6,LOW,Clear,35.3,0,RED,40
2024-02-18 03:00:00,Empress_Mall_Sq,36,58.1,LOW,Clear,34.3,0,GREEN,12
2024-02-18 04:00:00,Sitabuldi_Sq,109,43.9,LOW,Clouds,36.6,0,RED,51
2024-02-18 04:00:00,Zero_Mile,45,59.3,LOW,Clear,37.1,0,YELLOW,24
2024-02-18 04:00:00,Kasturchand_Park,107,42.0,LOW,Clear,36.0,0,RED,55
2024-02-18 04:00:00,Variety_Sq,143,37.9,MEDIUM,Clear,36.7,0,GREEN,65
2024-02-18 04:00:00,LIC_Sq,84,48.6,LOW,Clouds,37.9,0,YELLOW,43
2024-02-18 04:00:00,Empress_Mall_Sq,38,57.1,LOW,Clear,36.8,0,RED,7
2024-02-18 05:00:00,Sitabuldi_Sq,26,59.2,LOW,Clouds,32.9,0,GREEN,11
2024-02-18 05:00:00,Zero_Mile,24,60.9,LOW,Clear,37.2,0,YELLOW,12
2024-02-18 05:00:00,Kasturchand_Park,69,51.5,LOW,Clear,34.6,0,YELLOW,34
2024-02-18 05:00:00,Variety_Sq,112,46.6,LOW,Clouds,38.0,0,YELLOW,56
2024-02-18 05:00:00,LIC_Sq,39,58.4,LOW,Clear,36.6,0,GREEN,5
2024-02-18 05:00:00,Empress_Mall_Sq,63,62.6,LOW,Clouds,41.1,0,GREEN,23
2024-02-18 06:00:00,Sitabuldi_Sq,84,48.5,LOW,Clouds,33.7,0,GREEN,34
2024-02-18 06:00:00,Zero_Mile,127,43.0,MEDIUM,Clear,36.0,0,YELLOW,59
2024-02-18 06:00:00,Kasturchand_Park,123,39.6,MEDIUM,Clear,35.7,0,RED,68
2024-02-18 06:00:00,Variety_Sq,125,39.8,MEDIUM,Clear,35.0,0,GREEN,61
2024-02-18 06:00:00,LIC_Sq,33,58.2,LOW,Clouds,36.4,0,YELLOW,7
2024-02-18 06:00:00,Empress_Mall_Sq,92,49.5,LOW,Clear,31.5,0,GREEN,54
2024-02-18 07:00:00,Sitabuldi_Sq,182,35.1,MEDIUM,Clear,34.5,0,YELLOW,73
2024-02-18 07:00:00,Zero_Mile,187,30.2,MEDIUM,Clear,33.2,0.13,GREEN,98
2024-02-18 07:00:00,Kasturchand_Park,166,32.1,MEDIUM,Clear,39.9,0,YELLOW,71
2024-02-18 07:00:00,Variety_Sq,169,38.0,MEDIUM,Clear,37.7,0,RED,68
2024-02-18 07:00:00,LIC_Sq,203,27.7,HIGH,Clouds,37.4,0,GREEN,108
2024-02-18 07:00:00,Empress_Mall_Sq,232,21.1,HIGH,Clear,38.4,0,YELLOW,110
2024-02-18 08:00:00,Sitabuldi_Sq,176,34.1,MEDIUM,Clouds,34.6,0,GREEN,64
2024-02-18 08:00:00,Zero_Mile,182,29.2,MEDIUM,Clear,36.8,0,GREEN,95
2024-02-18 08:00:00,Kasturchand_Park,218,29.2,HIGH,Clear,33.7,0.21,GREEN,108
2024-02-18 08:00:00,Variety_Sq,198,30.5,MEDIUM,Clear,33.1,0,RED,86
2024-02-18 08:00:00,LIC_Sq,213,29.1,HIGH,Clouds,34.9,0,RED,87
2024-02-18 08:00:00,Empress_Mall_Sq,189,33.0,MEDIUM,Clear,32.2,0,YELLOW,76
2024-02-18 09:00:00,Sitabuldi_Sq,188,36.1,MEDIUM,Clear,32.6,0,YELLOW,89
2024-02-18 09:00:00,Zero_Mile,104,47.0,LOW,Clouds,37.3,0,GREEN,33
2024-02-18 09:00:00,Kasturchand_Park,240,21.3,HIGH,Clear,34.1,0,RED,96
2024-02-18 09:00:00,Variety_Sq,192,29.6,MEDIUM,Clouds,35.7,0,RED,93
2024-02-18 09:00:00,LIC_Sq,161,35.5,MEDIUM,Clear,33.4,0,GREEN,59
2024-02-18 09:00:00,Empress_Mall_Sq,154,34.5,MEDIUM,Clear,35.2,0.14,RED,70
2024-02-18 10:00:00,Sitabuldi_Sq,22,65.3,LOW,Clouds,35.3,0,RED,5
2024-02-18 10:00:00,Zero_Mile,116,40.9,LOW,Clear,35.3,0,RED,58
2024-02-18 10:00:00,Kasturchand_Park,92,51.5,LOW,Clear,34.5,0,RED,60
2024-02-18 10:00:00,Variety_Sq,81,50.5,LOW,Clear,38.0,0,RED,42
2024-02-18 10:00:00,LIC_Sq,122,45.7,MEDIUM,Clear,32.9,0,YELLOW,52
2024-02-18 10:00:00,Empress_Mall_Sq,62,52.6,LOW,Clear,36.1,0,YELLOW,30
2024-02-18 11:00:00,Sitabuldi_Sq,88,48.0,LOW,Clouds,33.6,0,RED,32
2024-02-18 11:00:00,Zero_Mile,155,37.2,MEDIUM,Clear,37.5,0,GREEN,66
2024-02-18 11:00:00,Kasturchand_Park,86,50.0,LOW,Clear,32.2,0,GREEN,36
2024-02-18 11:00:00,Variety_Sq,92,49.6,LOW,Clear,34.7,0,RED,43
2024-02-18 11:00:00,LIC_Sq,125,44.4,MEDIUM,Clear,34.1,0,GREEN,52
2024-02-18 11:00:00,Empress_Mall_Sq,79,53.7,LOW,Clouds,32.5,0,GREEN,35
2024-02-18 12:00:00,Sitabuldi_Sq,107,44.5,LOW,Clear,31.9,0,RED,53
2024-02-18 12:00:00,Zero_Mile,20,60.2,LOW,Clear,36.6,0,GREEN,27
2024-02-18 12:00:00,Kasturchand_Park,108,43.4,LOW,Clear,38.4,0,GREEN,53
2024-02-18 12:00:00,Variety_Sq,95,44.7,LOW,Clouds,36.0,0,YELLOW,39
2024-02-18 12:00:00,LIC_Sq,39,62.1,LOW,Clouds,37.2,0,GREEN,18
2024-02-18 12:00:00,Empress_Mall_Sq,113,45.6,LOW,Clear,37.3,0,YELLOW,34
2024-02-18 13:00:00,Sitabuldi_Sq,35,55.7,LOW,Clouds,36.1,0,RED,13
2024-02-18 13:00:00,Zero_Mile,45,55.5,LOW,Clear,35.1,0,YELLOW,6
2024-02-18 13:00:00,Kasturchand_Park,82,49.5,LOW,Clear,34.6,0,RED,44
2024-02-18 13:00:00,Variety_Sq,109,44.8,LOW,Clear,38.7,0.22,YELLOW,45
2024-02-18 13:00:00,LIC_Sq,101,46.1,LOW,Clear,35.8,0,RED,40
2024-02-18 13:00:00,Empress_Mall_Sq,25,59.7,LOW,Clouds,34.0,0,GREEN,5
2024-02-18 14:00:00,Sitabuldi_Sq,84,49.2,LOW,Clear,36.5,0,YELLOW,22
2024-02-18 14:00:00,Zero_Mile,70,52.4,LOW,Clear,39.3,0,GREEN,39
2024-02-18 14:00:00,Kasturchand_Park,28,56.9,LOW,Clear,40.1,0,RED,8
2024-02-18 14:00:00,Variety_Sq,86,42.2,LOW,Clear,36.0,0,GREEN,18
2024-02-18 14:00:00,LIC_Sq,100,45.6,LOW,Clear,37.5,0,RED,43
2024-02-18 14:00:00,Empress_Mall_Sq,83,49.4,LOW,Clouds,34.8,0,RED,6
2024-02-18 15:00:00,Sitabuldi_Sq,132,38.4,MEDIUM,Clouds,35.5,0,GREEN,47
2024-02-18 15:00:00,Zero_Mile,95,54.5,LOW,Clear,34.9,0,YELLOW,56
2024-02-18 15:00:00,Kasturchand_Park,104,50.8,LOW,Clear,38.5,0,GREEN,60
2024-02-18 15:00:00,Variety_Sq,113,38.6,LOW,Clear,36.1,0,RED,65
2024-02-18 15:00:00,LIC_Sq,72,50.7,LOW,Clear,39.7,0,RED,24
2024-02-18 15:00:00,Empress_Mall_Sq,65,49.1,LOW,Clear,32.9,0,YELLOW,31
2024-02-18 16:00:00,Sitabuldi_Sq,155,33.7,MEDIUM,Clear,32.3,0,GREEN,55
2024-02-18 16:00:00,Zero_Mile,267,20.5,HIGH,Clouds,39.2,0,GREEN,131
2024-02-18 16:00:00,Kasturchand_Park,167,31.6,MEDIUM,Clouds,37.8,0,GREEN,69
2024-02-18 16:00:00,Variety_Sq,167,32.0,MEDIUM,Clear,35.1,0,YELLOW,76
2024-02-18 16:00:00,LIC_Sq,218,19.3,HIGH,Clear,38.6,0,RED,92
2024-02-18 16:00:00,Empress_Mall_Sq,159,36.0,MEDIUM,Clear,41.0,0,GREEN,66
2024-02-18 17:00:00,Sitabuldi_Sq,226,24.6,HIGH,Rain,32.6,0.6,RED,102
2024-02-18 17:00:00,Zero_Mile,213,28.7,HIGH,Clear,34.6,0.0,RED,93
2024-02-18 17:00:00,Kasturchand_Park,188,32.1,MEDIUM,Clear,35.8,0,YELLOW,78
2024-02-18 17:00:00,Variety_Sq,170,36.7,MEDIUM,Clear,35.4,0,YELLOW,106
2024-02-18 17:00:00,LIC_Sq,209,27.7,HIGH,Clear,34.7,0,YELLOW,120
2024-02-18 17:00:00,Empress_Mall_Sq,189,30.4,MEDIUM,Clear,35.5,0,RED,78
2024-02-18 18:00:00,Sitabuldi_Sq,256,20.9,HIGH,Clouds,33.5,0,YELLOW,110
2024-02-18 18:00:00,Zero_Mile,225,23.8,HIGH,Clear,34.8,0,YELLOW,109
2024-02-18 18:00:00,Kasturchand_Park,212,32.6,HIGH,Clear,34.6,0,GREEN,100
2024-02-18 18:00:00,Variety_Sq,187,29.0,MEDIUM,Clear,36.6,0,RED,71
2024-02-18 18:00:00,LIC_Sq,203,35.4,HIGH,Rain,37.9,1.3,GREEN,82
2024-02-18 18:00:00,Empress_Mall_Sq,196,26.7,MEDIUM,Clear,40.3,0.11,GREEN,92
2024-02-18 19:00:00,Sitabuldi_Sq,214,31.1,HIGH,Clouds,36.0,0,GREEN,103
2024-02-18 19:00:00,Zero_Mile,221,30.5,HIGH,Clear,35.8,0,YELLOW,102
2024-02-18 19:00:00,Kasturchand_Park,159,34.9,MEDIUM,Clear,35.9,0,YELLOW,81
2024-02-18 19:00:00,Variety_Sq,164,37.4,MEDIUM,Clouds,32.4,0,GREEN,86
2024-02-18 19:00:00,LIC_Sq,182,33.6,MEDIUM,Clouds,35.6,0.49,YELLOW,74
2024-02-18 19:00:00,Empress_Mall_Sq,191,31.7,MEDIUM,Clear,33.6,0.06,GREEN,81
2024-02-18 20:00:00,Sitabuldi_Sq,39,58.4,LOW,Rain,36.9,0.78,YELLOW,5
2024-02-18 20:00:00,Zero_Mile,65,54.1,LOW,Clear,37.9,0,YELLOW,20
2024-02-18 20:00:00,Kasturchand_Park,58,55.7,LOW,Clear,36.9,0.25,YELLOW,37
2024-02-18 20:00:00,Variety_Sq,55,51.8,LOW,Clear,36.3,0,RED,30
2024-02-18 20:00:00,LIC_Sq,42,56.4,LOW,Clouds,33.3,0.42,YELLOW,11
2024-02-18 20:00:00,Empress_Mall_Sq,20,57.2,LOW,Clouds,37.1,0,RED,5
2024-02-18 21:00:00,Sitabuldi_Sq,69,49.2,LOW,Clouds,33.7,0,GREEN,16
2024-02-18 21:00:00,Zero_Mile,98,50.2,LOW,Clear,37.6,0,GREEN,30
2024-02-18 21:00:00,Kasturchand_Park,20,64.6,LOW,Clouds,35.0,0,YELLOW,15
2024-02-18 21:00:00,Variety_Sq,32,58.3,LOW,Clouds,35.4,0,RED,5
2024-02-18 21:00:00,LIC_Sq,95,45.7,LOW,Clear,32.9,0,YELLOW,34
2024-02-18 21:00:00,Empress_Mall_Sq,69,46.9,LOW,Clear,33.4,0,GREEN,23
2024-02-18 22:00:00,Sitabuldi_Sq,76,51.0,LOW,Clear,35.2,0,RED,28
2024-02-18 22:00:00,Zero_Mile,68,52.8,LOW,Clear,34.5,0,RED,20
2024-02-18 22:00:00,Kasturchand_Park,20,60.4,LOW,Clear,34.8,0,RED,20
2024-02-18 22:00:00,Variety_Sq,89,52.8,LOW,Clouds,35.0,0,YELLOW,64
2024-02-18 22:00:00,LIC_Sq,94,49.1,LOW,Clouds,37.9,0,GREEN,66
2024-02-18 22:00:00,Empress_Mall_Sq,98,49.9,LOW,Clear,35.4,0,YELLOW,28
2024-02-18 23:00:00,Sitabuldi_Sq,61,60.4,LOW,Clouds,33.1,0,RED,39
2024-02-18 23:00:00,Zero_Mile,80,48.9,LOW,Clear,37.4,0,GREEN,25
2024-02-18 23:00:00,Kasturchand_Park,80,52.3,LOW,Clear,35.2,0,GREEN,32
2024-02-18 23:00:00,Variety_Sq,79,52.4,LOW,Clear,36.7,0,GREEN,30
2024-02-18 23:00:00,LIC_Sq,40,54.8,LOW,Clear,33.2,0,GREEN,9
2024-02-18 23:00:00,Empress_Mall_Sq,107,43.0,LOW,Clouds,32.5,0,GREEN,52
2024-02-19 00:00:00,Sitabuldi_Sq,54,50.5,LOW,Clear,35.4,0,YELLOW,17
2024-02-19 00:00:00,Zero_Mile,110,46.2,LOW,Clouds,33.1,0,GREEN,24
2024-02-19 00:00:00,Kasturchand_Park,111,40.5,LOW,Clouds,34.3,0,YELLOW,59
2024-02-19 00:00:00,Variety_Sq,119,45.3,LOW,Clear,36.9,0,YELLOW,40
2024-02-19 00:00:00,LIC_Sq,81,50.8,LOW,Clear,38.0,0,YELLOW,33
2024-02-19 00:00:00,Empress_Mall_Sq,135,37.8,MEDIUM,Clear,35.2,0,GREEN,58
2024-02-19 01:00:00,Sitabuldi_Sq,114,50.7,LOW,Clear,33.5,0,GREEN,54
2024-02-19 01:00:00,Zero_Mile,56,51.7,LOW,Clouds,34.9,0,YELLOW,19
2024-02-19 01:00:00,Kasturchand_Park,83,50.9,LOW,Clear,35.8,0,YELLOW,55
2024-02-19 01:00:00,Variety_Sq,111,49.7,LOW,Clouds,31.4,0,GREEN,46
2024-02-19 01:00:00,LIC_Sq,110,46.1,LOW,Clear,35.4,0,YELLOW,59
2024-02-19 01:00:00,Empress_Mall_Sq,94,49.8,LOW,Clouds,34.6,0.12,RED,53
2024-02-19 02:00:00,Sitabuldi_Sq,136,42.5,MEDIUM,Clouds,35.0,0,YELLOW,63
2024-02-19 02:00:00,Zero_Mile,103,43.2,LOW,Clear,34.7,0,GREEN,49
2024-02-19 02:00:00,Kasturchand_Park,63,50.0,LOW,Clear,35.5,0,RED,8
2024-02-19 02:00:00,Variety_Sq,176,34.7,MEDIUM,Clear,37.5,0,RED,69
2024-02-19 02:00:00,LIC_Sq,175,31.6,MEDIUM,Clear,33.4,0,RED,81
2024-02-19 02:00:00,Empress_Mall_Sq,146,35.7,MEDIUM,Clear,35.0,0,GREEN,56
2024-02-19 03:00:00,Sitabuldi_Sq,55,52.5,LOW,Clear,37.3,0,YELLOW,19
2024-02-19 03:00:00,Zero_Mile,152,41.6,MEDIUM,Clear,35.1,0,RED,86
2024-02-19 03:00:00,Kasturchand_Park,148,39.3,MEDIUM,Clouds,37.8,0,YELLOW,68
2024-02-19 03:00:00,Variety_Sq,89,47.2,LOW,Clouds,35.7,0,RED,48
2024-02-19 03:00:00,LIC_Sq,150,34.5,MEDIUM,Clear,33.0,0,YELLOW,77
2024-02-19 03:00:00,Empress_Mall_Sq,85,47.7,LOW,Clear,36.2,0,RED,42
2024-02-19 04:00:00,Sitabuldi_Sq,117,42.7,LOW,Clouds,40.1,0,GREEN,51
2024-02-19 04:00:00,Zero_Mile,98,47.4,LOW,Clear,36.0,0,RED,27
2024-02-19 04:00:00,Kasturchand_Park,158,28.5,MEDIUM,Clear,32.9,0,GREEN,60
2024-02-19 04:00:00,Variety_Sq,158,32.9,MEDIUM,Clear,36.2,0,RED,68
2024-02-19 04:00:00,LIC_Sq,84,46.2,LOW,Clouds,37.1,0,GREEN,44
2024-02-19 04:00:00,Empress_Mall_Sq,38,58.2,LOW,Clear,37.4,0,YELLOW,20
2024-02-19 05:00:00,Sitabuldi_Sq,152,39.0,MEDIUM,Clouds,31.0,0,YELLOW,64
2024-02-19 05:00:00,Zero_Mile,138,39.1,MEDIUM,Clear,36.4,0,RED,68
2024-02-19 05:00:00,Kasturchand_Park,130,43.3,MEDIUM,Clear,38.2,0,RED,67
2024-02-19 05:00:00,Variety_Sq,122,41.1,MEDIUM,Clouds,36.3,0,RED,42
2024-02-19 05:00:00,LIC_Sq,75,53.8,LOW,Clear,35.6,0,YELLOW,36
2024-02-19 05:00:00,Empress_Mall_Sq,78,56.8,LOW,Clear,33.6,0,YELLOW,36
2024-02-19 06:00:00,Sitabuldi_Sq,109,46.2,LOW,Clear,37.5,0,YELLOW,33
2024-02-19 06:00:00,Zero_Mile,135,35.4,MEDIUM,Clear,33.2,0,GREEN,58
2024-02-19 06:00:00,Kasturchand_Park,108,50.1,LOW,Clear,35.1,0,RED,51
2024-02-19 06:00:00,Variety_Sq,100,45.5,LOW,Clear,37.8,0,YELLOW,30
2024-02-19 06:00:00,LIC_Sq,86,46.7,LOW,Clouds,36.9,0,RED,39
2024-02-19 06:00:00,Empress_Mall_Sq,94,49.7,LOW,Clouds,35.9,0,GREEN,39
2024-02-19 07:00:00,Sitabuldi_Sq,288,13.0,CRITICAL,Clear,32.9,0,RED,133
2024-02-19 07:00:00,Zero_Mile,278,11.3,HIGH,Clouds,34.1,0,RED,128
2024-02-19 07:00:00,Kasturchand_Park,279,15.3,HIGH,Clear,37.2,0,RED,116
2024-02-19 07:00:00,Variety_Sq,226,25.4,HIGH,Clouds,36.4,0,RED,112
2024-02-19 07:00:00,LIC_Sq,279,18.1,HIGH,Clouds,34.9,0,GREEN,125
2024-02-19 07:00:00,Empress_Mall_Sq,337,5,CRITICAL,Clear,37.3,0,RED,154
2024-02-19 08:00:00,Sitabuldi_Sq,274,18.6,HIGH,Clear,35.7,0.05,YELLOW,135
2024-02-19 08:00:00,Zero_Mile,247,21.0,HIGH,Clear,37.2,0,GREEN,117
2024-02-19 08:00:00,Kasturchand_Park,247,23.8,HIGH,Clear,32.4,0,RED,112
2024-02-19 08:00:00,Variety_Sq,241,18.0,HIGH,Clouds,33.4,0,RED,113
2024-02-19 08:00:00,LIC_Sq,186,28.0,MEDIUM,Clouds,31.5,0,RED,72
2024-02-19 08:00:00,Empress_Mall_Sq,309,12.5,CRITICAL,Clouds,32.9,0,YELLOW,130
2024-02-19 09:00:00,Sitabuldi_Sq,297,6.5,CRITICAL,Clouds,34.9,0,GREEN,110
2024-02-19 09:00:00,Zero_Mile,323,7.4,CRITICAL,Clear,36.8,0,YELLOW,149
2024-02-19 09:00:00,Kasturchand_Park,261,17.0,HIGH,Clouds,34.5,0.26,YELLOW,105
2024-02-19 09:00:00,Variety_Sq,228,26.2,HIGH,Clear,35.7,0,GREEN,113
2024-02-19 09:00:00,LIC_Sq,299,5,CRITICAL,Clear,35.5,0,GREEN,133
2024-02-19 09:00:00,Empress_Mall_Sq,318,7.7,CRITICAL,Clear,36.7,0,GREEN,153
2024-02-19 10:00:00,Sitabuldi_Sq,109,47.3,LOW,Clouds,36.8,0,GREEN,68
2024-02-19 10:00:00,Zero_Mile,133,38.1,MEDIUM,Clear,32.0,0,YELLOW,72
2024-02-19 10:00:00,Kasturchand_Park,177,34.1,MEDIUM,Rain,34.2,0.55,YELLOW,74
2024-02-19 10:00:00,Variety_Sq,34,55.2,LOW,Clouds,31.7,0,RED,23
2024-02-19 10:00:00,LIC_Sq,149,38.8,MEDIUM,Clear,35.0,0,YELLOW,73
2024-02-19 10:00:00,Empress_Mall_Sq,117,35.9,LOW,Clear,34.6,0,RED,54
2024-02-19 11:00:00,Sitabuldi_Sq,56,50.4,LOW,Clouds,36.3,0,RED,11
2024-02-19 11:00:00,Zero_Mile,201,23.1,HIGH,Clear,36.2,0,GREEN,86
2024-02-19 11:00:00,Kasturchand_Park,150,37.3,MEDIUM,Clear,32.0,0,GREEN,79
2024-02-19 11:00:00,Variety_Sq,109,45.6,LOW,Clear,36.8,0,RED,41
2024-02-19 11:00:00,LIC_Sq,81,52.8,LOW,Clear,32.9,0,YELLOW,51
2024-02-19 11:00:00,Empress_Mall_Sq,108,43.6,LOW,Clear,37.6,0,RED,43
2024-02-19 12:00:00,Sitabuldi_Sq,111,44.4,LOW,Clear,34.6,0,GREEN,43
2024-02-19 12:00:00,Zero_Mile,160,33.8,MEDIUM,Clear,36.1,0,YELLOW,66
2024-02-19 12:00:00,Kasturchand_Park,151,34.4,MEDIUM,Clear,37.7,0.45,RED,74
2024-02-19 12:00:00,Variety_Sq,160,36.7,MEDIUM,Clear,37.2,0,YELLOW,72
2024-02-19 12:00:00,LIC_Sq,93,45.5,LOW,Clouds,37.6,0.46,GREEN,40
2024-02-19 12:00:00,Empress_Mall_Sq,200,26.9,MEDIUM,Clouds,36.7,0,RED,100
2024-02-19 13:00:00,Sitabuldi_Sq,172,33.5,MEDIUM,Clear,35.9,0,YELLOW,83
2024-02-19 13:00:00,Zero_Mile,172,37.3,MEDIUM,Clear,38.2,0,GREEN,84
2024-02-19 13:00:00,Kasturchand_Park,91,51.7,LOW,Clear,34.2,0,YELLOW,30
2024-02-19 13:00:00,Variety_Sq,129,43.8,MEDIUM,Clear,35.0,0,GREEN,49
2024-02-19 13:00:00,LIC_Sq,86,49.1,LOW,Clear,34.9,0,YELLOW,58
2024-02-19 13:00:00,Empress_Mall_Sq,107,44.7,LOW,Clear,33.4,0,GREEN,48
2024-02-19 14:00:00,Sitabuldi_Sq,84,52.2,LOW,Clouds,35.5,0.41,RED,24
2024-02-19 14:00:00,Zero_Mile,117,43.3,LOW,Clear,36.2,0,GREEN,50
2024-02-19 14:00:00,Kasturchand_Park,157,33.6,MEDIUM,Clouds,35.3,0,GREEN,80
2024-02-19 14:00:00,Variety_Sq,137,39.9,MEDIUM,Clear,34.9,0,RED,61
2024-02-19 14:00:00,LIC_Sq,207,27.0,HIGH,Clear,36.8,0,GREEN,89
2024-02-19 14:00:00,Empress_Mall_Sq,140,41.0,MEDIUM,Clear,33.7,0,RED,68
2024-02-19 15:00:00,Sitabuldi_Sq,157,36.6,MEDIUM,Clear,34.2,0,RED,71
2024-02-19 15:00:00,Zero_Mile,175,33.7,MEDIUM,Clouds,35.7,0,YELLOW,82
2024-02-19 15:00:00,Kasturchand_Park,139,40.0,MEDIUM,Clouds,33.5,0,RED,72
2024-02-19 15:00:00,Variety_Sq,162,38.2,MEDIUM,Clear,37.6,0,YELLOW,80
2024-02-19 15:00:00,LIC_Sq,127,38.4,MEDIUM,Clear,36.7,0,YELLOW,61
2024-02-19 15:00:00,Empress_Mall_Sq,155,42.4,MEDIUM,Clear,37.4,0,GREEN,90
2024-02-19 16:00:00,Sitabuldi_Sq,273,18.4,HIGH,Clear,31.6,0,YELLOW,119
2024-02-19 16:00:00,Zero_Mile,365,5,CRITICAL,Clear,33.7,0,RED,171
2024-02-19 16:00:00,Kasturchand_Park,297,12.2,CRITICAL,Clear,35.5,0,GREEN,126
2024-02-19 16:00:00,Variety_Sq,284,10.2,CRITICAL,Clouds,31.7,0,GREEN,126
2024-02-19 16:00:00,LIC_Sq,335,8.5,CRITICAL,Rain,33.2,0.55,GREEN,157
2024-02-19 16:00:00,Empress_Mall_Sq,309,9.8,CRITICAL,Clear,34.1,0,GREEN,156
2024-02-19 17:00:00,Sitabuldi_Sq,337,6.9,CRITICAL,Clouds,34.5,0,GREEN,147
2024-02-19 17:00:00,Zero_Mile,299,12.6,CRITICAL,Clouds,32.2,0,GREEN,143
2024-02-19 17:00:00,Kasturchand_Park,377,5,CRITICAL,Clear,35.8,0,GREEN,149
2024-02-19 17:00:00,Variety_Sq,319,5,CRITICAL,Clear,37.9,0,RED,152
2024-02-19 17:00:00,LIC_Sq,298,14.4,CRITICAL,Clear,33.0,0,YELLOW,120
2024-02-19 17:00:00,Empress_Mall_Sq,303,8.8,CRITICAL,Clouds,35.5,0,YELLOW,137
2024-02-19 18:00:00,Sitabuldi_Sq,314,15.2,CRITICAL,Clear,34.8,0.14,RED,146
2024-02-19 18:00:00,Zero_Mile,324,5,CRITICAL,Clear,37.0,0,RED,151
2024-02-19 18:00:00,Kasturchand_Park,341,5.0,CRITICAL,Clear,34.7,0,YELLOW,159
2024-02-19 18:00:00,Variety_Sq,320,9.2,CRITICAL,Clear,35.4,0,GREEN,153
2024-02-19 18:00:00,LIC_Sq,257,17.8,HIGH,Clear,37.0,0,GREEN,111
2024-02-19 18:00:00,Empress_Mall_Sq,318,8.7,CRITICAL,Clear,31.5,0,YELLOW,145
2024-02-19 19:00:00,Sitabuldi_Sq,274,16.6,HIGH,Clear,34.9,0,YELLOW,126
2024-02-19 19:00:00,Zero_Mile,284,10.2,CRITICAL,Clear,34.4,0,RED,137
2024-02-19 19:00:00,Kasturchand_Park,248,22.7,HIGH,Clouds,36.2,0.07,YELLOW,106
2024-02-19 19:00:00,Variety_Sq,288,13.5,CRITICAL,Clear,32.4,0,RED,133
2024-02-19 19:00:00,LIC_Sq,377,5,CRITICAL,Clouds,37.0,0,RED,171
2024-02-19 19:00:00,Empress_Mall_Sq,278,15.1,HIGH,Clear,33.3,0,YELLOW,115
2024-02-19 20:00:00,Sitabuldi_Sq,79,54.6,LOW,Rain,35.0,0.59,GREEN,51
2024-02-19 20:00:00,Zero_Mile,196,31.0,MEDIUM,Clear,38.3,0,GREEN,82
2024-02-19 20:00:00,Kasturchand_Park,92,51.2,LOW,Clear,34.8,0,GREEN,33
2024-02-19 20:00:00,Variety_Sq,159,35.2,MEDIUM,Clear,32.9,0,GREEN,68
2024-02-19 20:00:00,LIC_Sq,150,37.6,MEDIUM,Clear,37.0,0,GREEN,73
2024-02-19 20:00:00,Empress_Mall_Sq,132,41.3,MEDIUM,Clouds,35.9,0,GREEN,57
2024-02-19 21:00:00,Sitabuldi_Sq,168,31.7,MEDIUM,Clouds,35.9,0,RED,84
2024-02-19 21:00:00,Zero_Mile,96,46.5,LOW,Clouds,36.4,0,GREEN,55
2024-02-19 21:00:00,Kasturchand_Park,157,35.5,MEDIUM,Clear,35.6,0,GREEN,75
2024-02-19 21:00:00,Variety_Sq,110,47.7,LOW,Clouds,36.3,0,GREEN,46
2024-02-19 21:00:00,LIC_Sq,140,37.2,MEDIUM,Clear,33.4,0,GREEN,60
2024-02-19 21:00:00,Empress_Mall_Sq,95,44.0,LOW,Clear,35.5,0,GREEN,38
2024-02-19 22:00:00,Sitabuldi_Sq,128,43.7,MEDIUM,Clouds,35.0,0,YELLOW,51
2024-02-19 22:00:00,Zero_Mile,108,43.7,LOW,Clouds,34.7,0,GREEN,30
2024-02-19 22:00:00,Kasturchand_Park,175,29.4,MEDIUM,Clouds,33.0,0,YELLOW,83
2024-02-19 22:00:00,Variety_Sq,146,40.2,MEDIUM,Clear,34.3,0,RED,75
2024-02-19 22:00:00,LIC_Sq,55,57.1,LOW,Clouds,35.3,0,RED,23
2024-02-19 22:00:00,Empress_Mall_Sq,94,56.8,LOW,Clear,35.2,0,RED,41
2024-02-19 23:00:00,Sitabuldi_Sq,20,60.9,LOW,Clear,33.9,0,RED,5
2024-02-19 23:00:00,Zero_Mile,233,19.6,HIGH,Clear,33.0,0,GREEN,99
2024-02-19 23:00:00,Kasturchand_Park,262,17.7,HIGH,Clear,38.5,0,YELLOW,132
2024-02-19 23:00:00,Variety_Sq,81,51.2,LOW,Rain,37.9,1.14,GREEN,36
2024-02-19 23:00:00,LIC_Sq,114,43.8,LOW,Clear,37.3,0.26,GREEN,44
2024-02-19 23:00:00,Empress_Mall_Sq,192,26.4,MEDIUM,Clear,35.8,0,GREEN,92
2024-02-20 00:00:00,Sitabuldi_Sq,46,56.6,LOW,Clear,34.0,0,YELLOW,14
2024-02-20 00:00:00,Zero_Mile,86,52.3,LOW,Clouds,35.5,0,YELLOW,53
2024-02-20 00:00:00,Kasturchand_Park,145,33.9,MEDIUM,Clear,37.8,0,GREEN,50
2024-02-20 00:00:00,Variety_Sq,68,54.4,LOW,Clear,31.0,0,GREEN,28
2024-02-20 00:00:00,LIC_Sq,145,37.2,MEDIUM,Clouds,37.4,0.33,YELLOW,67
2024-02-20 00:00:00,Empress_Mall_Sq,126,39.0,MEDIUM,Clear,35.1,0,YELLOW,55
2024-02-20 01:00:00,Sitabuldi_Sq,124,38.9,MEDIUM,Clear,33.5,0,RED,47
2024-02-20 01:00:00,Zero_Mile,144,45.3,MEDIUM,Clear,36.2,0,YELLOW,72
2024-02-20 01:00:00,Kasturchand_Park,149,39.8,MEDIUM,Clear,38.8,0,YELLOW,50
2024-02-20 01:00:00,Variety_Sq,123,42.8,MEDIUM,Clear,33.9,0,GREEN,46
2024-02-20 01:00:00,LIC_Sq,73,46.9,LOW,Clouds,35.0,0,GREEN,16
2024-02-20 01:00:00,Empress_Mall_Sq,130,39.2,MEDIUM,Clear,35.7,0,GREEN,58
2024-02-20 02:00:00,Sitabuldi_Sq,88,45.1,LOW,Clouds,34.5,0,YELLOW,29
2024-02-20 02:00:00,Zero_Mile,86,43.4,LOW,Clouds,35.9,0,RED,31
2024-02-20 02:00:00,Kasturchand_Park,112,46.4,LOW,Clear,34.5,0,GREEN,36
2024-02-20 02:00:00,Variety_Sq,113,46.7,LOW,Clouds,37.4,0,GREEN,46
2024-02-20 02:00:00,LIC_Sq,103,46.2,LOW,Rain,35.0,0.69,YELLOW,35
2024-02-20 02:00:00,Empress_Mall_Sq,38,56.7,LOW,Clear,32.5,0,RED,9
2024-02-20 03:00:00,Sitabuldi_Sq,167,36.9,MEDIUM,Clear,30.9,0,YELLOW,79
2024-02-20 03:00:00,Zero_Mile,122,41.3,MEDIUM,Clear,35.2,0,RED,51
2024-02-20 03:00:00,Kasturchand_Park,133,44.9,MEDIUM,Clear,33.3,0,YELLOW,53
2024-02-20 03:00:00,Variety_Sq,121,43.5,MEDIUM,Clear,33.3,0,GREEN,50
2024-02-20 03:00:00,LIC_Sq,86,51.7,LOW,Clouds,32.9,0,GREEN,34
2024-02-20 03:00:00,Empress_Mall_Sq,143,37.8,MEDIUM,Clear,36.0,0,GREEN,65
2024-02-20 04:00:00,Sitabuldi_Sq,173,32.9,MEDIUM,Clouds,35.5,0,YELLOW,79
2024-02-20 04:00:00,Zero_Mile,30,54.6,LOW,Clouds,36.4,0,RED,23
2024-02-20 04:00:00,Kasturchand_Park,166,35.4,MEDIUM,Clear,37.0,0.29,YELLOW,71
2024-02-20 04:00:00,Variety_Sq,155,35.5,MEDIUM,Clouds,34.2,0,GREEN,72
2024-02-20 04:00:00,LIC_Sq,136,41.1,MEDIUM,Clouds,37.3,0,YELLOW,66
2024-02-20 04:00:00,Empress_Mall_Sq,120,38.8,LOW,Clouds,36.7,0,RED,62
2024-02-20 05:00:00,Sitabuldi_Sq,125,42.1,MEDIUM,Clear,37.6,0,YELLOW,46
2024-02-20 05:00:00,Zero_Mile,177,31.5,MEDIUM,Clear,36.2,0,GREEN,82
2024-02-20 05:00:00,Kasturchand_Park,159,32.7,MEDIUM,Clear,34.8,0,YELLOW,73
2024-02-20 05:00:00,Variety_Sq,125,43.7,MEDIUM,Clear,37.2,0,GREEN,52
2024-02-20 05:00:00,LIC_Sq,139,46.0,MEDIUM,Clear,34.1,0,GREEN,45
2024-02-20 05:00:00,Empress_Mall_Sq,144,35.5,MEDIUM,Clear,35.8,0,RED,51
2024-02-20 06:00:00,Sitabuldi_Sq,93,50.8,LOW,Clear,35.0,0,GREEN,48
2024-02-20 06:00:00,Zero_Mile,97,44.5,LOW,Clear,37.5,0,YELLOW,49
2024-02-20 06:00:00,Kasturchand_Park,133,45.7,MEDIUM,Clouds,34.5,0,RED,65
2024-02-20 06:00:00,Variety_Sq,114,44.5,LOW,Clear,39.6,0,GREEN,60
2024-02-20 06:00:00,LIC_Sq,164,33.2,MEDIUM,Clear,33.5,0,YELLOW,71
2024-02-20 06:00:00,Empress_Mall_Sq,101,45.4,LOW,Clear,34.6,0,YELLOW,57
2024-02-20 07:00:00,Sitabuldi_Sq,360,6.1,CRITICAL,Clear,37.6,0,GREEN,152
2024-02-20 07:00:00,Zero_Mile,192,28.1,MEDIUM,Clear,36.9,0,YELLOW,78
2024-02-20 07:00:00,Kasturchand_Park,252,18.5,HIGH,Clouds,37.7,0,GREEN,104
2024-02-20 07:00:00,Variety_Sq,256,24.2,HIGH,Clouds,35.7,0,YELLOW,124
2024-02-20 07:00:00,LIC_Sq,320,6.8,CRITICAL,Clouds,30.8,0,GREEN,153
2024-02-20 07:00:00,Empress_Mall_Sq,304,8.3,CRITICAL,Clouds,34.0,0,YELLOW,133
2024-02-20 08:00:00,Sitabuldi_Sq,273,15.6,HIGH,Clouds,36.5,0,GREEN,121
2024-02-20 08:00:00,Zero_Mile,242,26.3,HIGH,Clear,35.1,0,YELLOW,101
2024-02-20 08:00:00,Kasturchand_Park,262,18.3,HIGH,Clear,36.0,0,RED,132
2024-02-20 08:00:00,Variety_Sq,190,26.5,MEDIUM,Clear,34.3,0.15,RED,69
2024-02-20 08:00:00,LIC_Sq,235,25.7,HIGH,Clouds,34.8,0,RED,110
2024-02-20 08:00:00,Empress_Mall_Sq,321,6.3,CRITICAL,Clear,32.0,0,GREEN,131
2024-02-20 09:00:00,Sitabuldi_Sq,273,16.1,HIGH,Clouds,38.5,0,YELLOW,128
2024-02-20 09:00:00,Zero_Mile,342,5,CRITICAL,Clouds,37.7,0,GREEN,130
2024-02-20 09:00:00,Kasturchand_Park,297,13.1,CRITICAL,Clear,37.0,0,YELLOW,121
2024-02-20 09:00:00,Variety_Sq,295,9.3,CRITICAL,Clouds,34.0,0,YELLOW,128
2024-02-20 09:00:00,LIC_Sq,315,11.5,CRITICAL,Clouds,36.1,0,GREEN,141
2024-02-20 09:00:00,Empress_Mall_Sq,283,19.0,CRITICAL,Clear,36.4,0,GREEN,133
2024-02-20 10:00:00,Sitabuldi_Sq,135,41.6,MEDIUM,Clear,35.8,0,YELLOW,77
2024-02-20 10:00:00,Zero_Mile,50,57.0,LOW,Clear,32.7,0,RED,18
2024-02-20 10:00:00,Kasturchand_Park,86,51.6,LOW,Clear,34.4,0,YELLOW,37
2024-02-20 10:00:00,Variety_Sq,114,46.0,LOW,Clear,36.0,0,RED,33
2024-02-20 10:00:00,LIC_Sq,144,40.5,MEDIUM,Clouds,35.4,0,GREEN,76
2024-02-20 10:00:00,Empress_Mall_Sq,138,39.1,MEDIUM,Clear,38.0,0,YELLOW,63
2024-02-20 11:00:00,Sitabuldi_Sq,72,47.9,LOW,Clear,34.8,0,GREEN,29
2024-02-20 11:00:00,Zero_Mile,144,42.6,MEDIUM,Clear,36.8,0,GREEN,68
2024-02-20 11:00:00,Kasturchand_Park,144,38.1,MEDIUM,Clear,36.8,0.28,YELLOW,87
2024-02-20 11:00:00,Variety_Sq,200,32.1,MEDIUM,Clear,35.1,0,GREEN,98
2024-02-20 11:00:00,LIC_Sq,124,47.7,MEDIUM,Clear,35.6,0,GREEN,63
2024-02-20 11:00:00,Empress_Mall_Sq,130,42.7,MEDIUM,Clear,34.6,0.16,YELLOW,53
2024-02-20 12:00:00,Sitabuldi_Sq,141,39.3,MEDIUM,Clear,30.1,0,GREEN,60
2024-02-20 12:00:00,Zero_Mile,131,38.5,MEDIUM,Clear,34.4,0,GREEN,47
2024-02-20 12:00:00,Kasturchand_Park,118,44.8,LOW,Clouds,35.4,0,YELLOW,36
2024-02-20 12:00:00,Variety_Sq,103,44.7,LOW,Clear,35.6,0,YELLOW,51
2024-02-20 12:00:00,LIC_Sq,93,52.5,LOW,Clear,35.4,0,GREEN,44
2024-02-20 12:00:00,Empress_Mall_Sq,64,56.0,LOW,Clear,34.8,0,YELLOW,25
2024-02-20 13:00:00,Sitabuldi_Sq,129,44.5,MEDIUM,Clouds,36.1,0,GREEN,51
2024-02-20 13:00:00,Zero_Mile,60,57.0,LOW,Clouds,35.2,0,RED,37
2024-02-20 13:00:00,Kasturchand_Park,140,41.0,MEDIUM,Clouds,34.5,0,GREEN,50
2024-02-20 13:00:00,Variety_Sq,177,29.5,MEDIUM,Clear,32.8,0,YELLOW,60
2024-02-20 13:00:00,LIC_Sq,159,32.9,MEDIUM,Clear,36.9,0,GREEN,60
2024-02-20 13:00:00,Empress_Mall_Sq,152,39.3,MEDIUM,Clear,37.9,0,YELLOW,80
2024-02-20 14:00:00,Sitabuldi_Sq,143,31.4,MEDIUM,Clear,33.2,0,GREEN,76
2024-02-20 14:00:00,Zero_Mile,108,44.6,LOW,Clouds,33.9,0,GREEN,38
2024-02-20 14:00:00,Kasturchand_Park,121,44.1,MEDIUM,Clouds,36.3,0,YELLOW,40
2024-02-20 14:00:00,Variety_Sq,109,44.9,LOW,Clear,37.8,0,YELLOW,61
2024-02-20 14:00:00,LIC_Sq,107,48.1,LOW,Clear,40.3,0,RED,61
2024-02-20 14:00:00,Empress_Mall_Sq,80,51.1,LOW,Clear,35.5,0,GREEN,35
2024-02-20 15:00:00,Sitabuldi_Sq,149,42.0,MEDIUM,Clear,35.4,0,YELLOW,73
2024-02-20 15:00:00,Zero_Mile,109,47.6,LOW,Clear,36.4,0,YELLOW,52
2024-02-20 15:00:00,Kasturchand_Park,108,44.9,LOW,Clouds,37.0,0,YELLOW,40
2024-02-20 15:00:00,Variety_Sq,150,36.6,MEDIUM,Clear,35.0,0,GREEN,60
2024-02-20 15:00:00,LIC_Sq,208,28.0,HIGH,Clear,31.0,0,GREEN,91
2024-02-20 15:00:00,Empress_Mall_Sq,66,53.1,LOW,Clear,35.8,0,YELLOW,33
2024-02-20 16:00:00,Sitabuldi_Sq,319,8.2,CRITICAL,Clear,35.7,0,YELLOW,144
2024-02-20 16:00:00,Zero_Mile,311,11.7,CRITICAL,Clear,34.7,0,YELLOW,138
2024-02-20 16:00:00,Kasturchand_Park,351,5,CRITICAL,Clear,34.5,0,GREEN,168
2024-02-20 16:00:00,Variety_Sq,289,7.9,CRITICAL,Clear,34.9,0,YELLOW,117
2024-02-20 16:00:00,LIC_Sq,306,8.6,CRITICAL,Clouds,36.3,0,RED,137
2024-02-20 16:00:00,Empress_Mall_Sq,345,7.2,CRITICAL,Clear,39.1,0,YELLOW,161
2024-02-20 17:00:00,Sitabuldi_Sq,324,5.0,CRITICAL,Clouds,36.3,0,RED,142
2024-02-20 17:00:00,Zero_Mile,259,22.8,HIGH,Clear,35.7,0,YELLOW,115
2024-02-20 17:00:00,Kasturchand_Park,328,5,CRITICAL,Clouds,31.8,0,RED,145
2024-02-20 17:00:00,Variety_Sq,243,23.8,HIGH,Clouds,36.9,0,YELLOW,105
2024-02-20 17:00:00,LIC_Sq,329,5,CRITICAL,Clouds,32.2,0,YELLOW,139
2024-02-20 17:00:00,Empress_Mall_Sq,361,5,CRITICAL,Clear,36.2,0,GREEN,155
2024-02-20 18:00:00,Sitabuldi_Sq,342,5,CRITICAL,Clear,34.1,0,YELLOW,160
2024-02-20 18:00:00,Zero_Mile,292,9.7,CRITICAL,Clouds,36.5,0,GREEN,114
2024-02-20 18:00:00,Kasturchand_Park,328,11.4,CRITICAL,Clear,34.9,0.09,YELLOW,146
2024-02-20 18:00:00,Variety_Sq,346,5,CRITICAL,Clear,33.0,0,RED,153
2024-02-20 18:00:00,LIC_Sq,260,14.2,HIGH,Clear,37.0,0,RED,97
2024-02-20 18:00:00,Empress_Mall_Sq,338,6.7,CRITICAL,Clear,36.0,0,GREEN,153
2024-02-20 19:00:00,Sitabuldi_Sq,341,9.2,CRITICAL,Clear,33.4,0,YELLOW,144
2024-02-20 19:00:00,Zero_Mile,268,18.5,HIGH,Clear,34.2,0,GREEN,107
2024-02-20 19:00:00,Kasturchand_Park,310,5,CRITICAL,Clear,37.0,0,YELLOW,163
2024-02-20 19:00:00,Variety_Sq,336,5,CRITICAL,Rain,36.4,0.92,GREEN,149
2024-02-20 19:00:00,LIC_Sq,296,12.5,CRITICAL,Clouds,38.2,0,GREEN,125
2024-02-20 19:00:00,Empress_Mall_Sq,297,11.7,CRITICAL,Clear,40.2,0,YELLOW,127
2024-02-20 20:00:00,Sitabuldi_Sq,180,27.4,MEDIUM,Clear,34.0,0,YELLOW,100
2024-02-20 20:00:00,Zero_Mile,195,29.9,MEDIUM,Clear,33.4,0,YELLOW,91
2024-02-20 20:00:00,Kasturchand_Park,153,38.2,MEDIUM,Clear,38.4,0,GREEN,74
2024-02-20 20:00:00,Variety_Sq,116,46.1,LOW,Clear,35.0,0,GREEN,49
2024-02-20 20:00:00,LIC_Sq,93,48.1,LOW,Clear,31.5,0,RED,39
2024-02-20 20:00:00,Empress_Mall_Sq,155,40.1,MEDIUM,Clear,36.4,0,RED,68
2024-02-20 21:00:00,Sitabuldi_Sq,98,44.4,LOW,Clouds,39.7,0,RED,53
2024-02-20 21:00:00,Zero_Mile,107,41.3,LOW,Clear,34.3,0,YELLOW,25
2024-02-20 21:00:00,Kasturchand_Park,183,35.5,MEDIUM,Clear,34.8,0,YELLOW,68
2024-02-20 21:00:00,Variety_Sq,168,37.0,MEDIUM,Clouds,36.5,0,RED,78
2024-02-20 21:00:00,LIC_Sq,120,40.0,LOW,Clear,33.3,0,RED,67
2024-02-20 21:00:00,Empress_Mall_Sq,161,36.8,MEDIUM,Clear,35.2,0,YELLOW,91
2024-02-20 22:00:00,Sitabuldi_Sq,198,23.4,MEDIUM,Clear,32.0,0,YELLOW,85
2024-02-20 22:00:00,Zero_Mile,102,40.8,LOW,Rain,38.9,0.62,GREEN,35
2024-02-20 22:00:00,Kasturchand_Park,97,45.3,LOW,Clouds,36.2,0,RED,45
2024-02-20 22:00:00,Variety_Sq,136,43.4,MEDIUM,Clear,32.4,0,YELLOW,68
2024-02-20 22:00:00,LIC_Sq,232,25.3,HIGH,Clear,38.2,0,GREEN,101
2024-02-20 22:00:00,Empress_Mall_Sq,150,36.6,MEDIUM,Clouds,37.9,0,GREEN,60
2024-02-20 23:00:00,Sitabuldi_Sq,153,38.4,MEDIUM,Clouds,38.5,0,GREEN,82
2024-02-20 23:00:00,Zero_Mile,137,40.5,MEDIUM,Clear,37.3,0,GREEN,43
2024-02-20 23:00:00,Kasturchand_Park,119,45.4,LOW,Clear,35.3,0,YELLOW,24
2024-02-20 23:00:00,Variety_Sq,75,58.3,LOW,Clear,34.0,0,YELLOW,40
2024-02-20 23:00:00,LIC_Sq,146,43.6,MEDIUM,Clouds,31.0,0,YELLOW,69
2024-02-20 23:00:00,Empress_Mall_Sq,68,50.9,LOW,Clear,38.4,0,RED,28
2024-02-21 00:00:00,Sitabuldi_Sq,86,51.4,LOW,Clouds,33.1,0,GREEN,41
2024-02-21 00:00:00,Zero_Mile,136,46.1,MEDIUM,Clear,31.3,0,GREEN,76
2024-02-21 00:00:00,Kasturchand_Park,221,28.7,HIGH,Clouds,35.3,0,YELLOW,78
2024-02-21 00:00:00,Variety_Sq,145,41.6,MEDIUM,Clouds,35.4,0.28,GREEN,49
2024-02-21 00:00:00,LIC_Sq,76,56.2,LOW,Clear,36.7,0,RED,25
2024-02-21 00:00:00,Empress_Mall_Sq,107,39.4,LOW,Clear,33.6,0,GREEN,48
2024-02-21 01:00:00,Sitabuldi_Sq,139,40.2,MEDIUM,Clear,34.6,0,YELLOW,74
2024-02-21 01:00:00,Zero_Mile,109,42.9,LOW,Clear,34.7,0,RED,50
2024-02-21 01:00:00,Kasturchand_Park,117,43.2,LOW,Clear,37.8,0,YELLOW,61
2024-02-21 01:00:00,Variety_Sq,173,35.8,MEDIUM,Clouds,35.5,0,RED,55
2024-02-21 01:00:00,LIC_Sq,139,37.0,MEDIUM,Clear,36.8,0,GREEN,52
2024-02-21 01:00:00,Empress_Mall_Sq,152,38.8,MEDIUM,Clouds,34.3,0,YELLOW,66
2024-02-21 02:00:00,Sitabuldi_Sq,160,29.8,MEDIUM,Clear,32.4,0,YELLOW,61
2024-02-21 02:00:00,Zero_Mile,136,43.5,MEDIUM,Clear,34.8,0,RED,61
2024-02-21 02:00:00,Kasturchand_Park,69,53.8,LOW,Clear,34.0,0,GREEN,29
2024-02-21 02:00:00,Variety_Sq,163,35.3,MEDIUM,Clear,38.2,0,GREEN,61
2024-02-21 02:00:00,LIC_Sq,102,47.6,LOW,Clear,34.5,0,GREEN,35
2024-02-21 02:00:00,Empress_Mall_Sq,76,50.2,LOW,Clouds,34.5,0,YELLOW,39
2024-02-21 03:00:00,Sitabuldi_Sq,168,32.2,MEDIUM,Clouds,33.7,0,RED,79
2024-02-21 03:00:00,Zero_Mile,111,44.0,LOW,Clear,36.1,0,GREEN,71
2024-02-21 03:00:00,Kasturchand_Park,20,55.3,LOW,Clear,35.8,0,YELLOW,19
2024-02-21 03:00:00,Variety_Sq,78,52.2,LOW,Clear,32.8,0,GREEN,30
2024-02-21 03:00:00,LIC_Sq,207,25.5,HIGH,Clear,38.4,0,RED,67
2024-02-21 03:00:00,Empress_Mall_Sq,139,42.5,MEDIUM,Clouds,39.0,0,YELLOW,58
2024-02-21 04:00:00,Sitabuldi_Sq,129,39.6,MEDIUM,Clouds,36.7,0.03,GREEN,63
2024-02-21 04:00:00,Zero_Mile,107,43.8,LOW,Clear,32.9,0,YELLOW,46
2024-02-21 04:00:00,Kasturchand_Park,183,33.5,MEDIUM,Clear,35.4,0,YELLOW,67
2024-02-21 04:00:00,Variety_Sq,118,49.5,LOW,Clouds,36.9,0,GREEN,54
2024-02-21 04:00:00,LIC_Sq,83,47.5,LOW,Rain,34.2,0.61,RED,28
2024-02-21 04:00:00,Empress_Mall_Sq,111,43.3,LOW,Clear,35.1,0.13,GREEN,59
2024-02-21 05:00:00,Sitabuldi_Sq,109,42.7,LOW,Clear,31.4,0,GREEN,24
2024-02-21 05:00:00,Zero_Mile,80,51.9,LOW,Clouds,35.2,0,RED,41
2024-02-21 05:00:00,Kasturchand_Park,110,44.9,LOW,Clear,34.9,0,RED,53
2024-02-21 05:00:00,Variety_Sq,126,41.5,MEDIUM,Clear,35.3,0,RED,56
2024-02-21 05:00:00,LIC_Sq,227,25.2,HIGH,Clear,34.0,0,GREEN,98
2024-02-21 05:00:00,Empress_Mall_Sq,175,31.5,MEDIUM,Clouds,35.2,0,GREEN,94
2024-02-21 06:00:00,Sitabuldi_Sq,117,38.6,LOW,Clear,34.5,0,YELLOW,64
2024-02-21 06:00:00,Zero_Mile,20,58.6,LOW,Clouds,35.5,0,RED,7
2024-02-21 06:00:00,Kasturchand_Park,173,34.9,MEDIUM,Clear,38.2,0,RED,61
2024-02-21 06:00:00,Variety_Sq,115,45.2,LOW,Clear,36.4,0,RED,46
2024-02-21 06:00:00,LIC_Sq,98,44.1,LOW,Clear,37.4,0,YELLOW,60
2024-02-21 06:00:00,Empress_Mall_Sq,110,48.0,LOW,Clear,36.5,0,GREEN,42
2024-02-21 07:00:00,Sitabuldi_Sq,285,14.4,CRITICAL,Clouds,34.7,0,YELLOW,126
2024-02-21 07:00:00,Zero_Mile,244,24.6,HIGH,Clear,34.4,0,GREEN,108
2024-02-21 07:00:00,Kasturchand_Park,313,12.9,CRITICAL,Clear,37.3,0,GREEN,139
2024-02-21 07:00:00,Variety_Sq,269,12.7,HIGH,Clear,36.4,0,GREEN,117
2024-02-21 07:00:00,LIC_Sq,270,16.9,HIGH,Clouds,36.1,0,YELLOW,104
2024-02-21 07:00:00,Empress_Mall_Sq,181,31.3,MEDIUM,Clear,34.0,0,GREEN,89
2024-02-21 08:00:00,Sitabuldi_Sq,286,12.5,CRITICAL,Clouds,32.8,0,RED,145
2024-02-21 08:00:00,Zero_Mile,283,11.2,CRITICAL,Clear,35.7,0,YELLOW,128
2024-02-21 08:00:00,Kasturchand_Park,302,7.5,CRITICAL,Clear,36.7,0,GREEN,127
2024-02-21 08:00:00,Variety_Sq,278,8.3,HIGH,Clear,37.9,0,GREEN,123
2024-02-21 08:00:00,LIC_Sq,336,5.4,CRITICAL,Clouds,32.1,0,YELLOW,163
2024-02-21 08:00:00,Empress_Mall_Sq,275,17.5,HIGH,Clear,32.3,0,GREEN,134
2024-02-21 09:00:00,Sitabuldi_Sq,268,16.7,HIGH,Clouds,33.2,0,RED,106
2024-02-21 09:00:00,Zero_Mile,310,5.9,CRITICAL,Clouds,34.0,0,YELLOW,145
2024-02-21 09:00:00,Kasturchand_Park,364,5,CRITICAL,Clear,35.0,0,YELLOW,174
2024-02-21 09:00:00,Variety_Sq,263,19.1,HIGH,Clouds,38.3,0,GREEN,110
2024-02-21 09:00:00,LIC_Sq,271,20.8,HIGH,Clear,34.1,0,RED,118
2024-02-21 09:00:00,Empress_Mall_Sq,284,16.2,CRITICAL,Clear,33.0,0,RED,130
2024-02-21 10:00:00,Sitabuldi_Sq,96,47.6,LOW,Clear,38.9,0,YELLOW,51
2024-02-21 10:00:00,Zero_Mile,108,46.7,LOW,Clouds,35.5,0,RED,54
2024-02-21 10:00:00,Kasturchand_Park,62,55.6,LOW,Clear,32.1,0,RED,31
2024-02-21 10:00:00,Variety_Sq,137,38.4,MEDIUM,Clouds,38.6,0,YELLOW,86
2024-02-21 10:00:00,LIC_Sq,85,48.9,LOW,Clear,38.0,0,RED,38
2024-02-21 10:00:00,Empress_Mall_Sq,113,42.1,LOW,Clouds,35.1,0,RED,53
2024-02-21 11:00:00,Sitabuldi_Sq,143,35.9,MEDIUM,Clouds,38.8,0,GREEN,69
2024-02-21 11:00:00,Zero_Mile,148,38.3,MEDIUM,Clear,34.5,0,YELLOW,76
2024-02-21 11:00:00,Kasturchand_Park,186,33.7,MEDIUM,Clear,36.0,0,RED,95
2024-02-21 11:00:00,Variety_Sq,79,47.6,LOW,Clear,34.7,0,GREEN,29
2024-02-21 11:00:00,LIC_Sq,178,32.3,MEDIUM,Clear,32.7,0.32,GREEN,66
2024-02-21 11:00:00,Empress_Mall_Sq,116,34.4,LOW,Clear,35.8,0,GREEN,62
2024-02-21 12:00:00,Sitabuldi_Sq,159,41.9,MEDIUM,Clear,38.4,0,YELLOW,55
2024-02-21 12:00:00,Zero_Mile,123,42.9,MEDIUM,Clouds,34.6,0,GREEN,56
2024-02-21 12:00:00,Kasturchand_Park,186,29.4,MEDIUM,Clear,35.3,0,YELLOW,84
2024-02-21 12:00:00,Variety_Sq,71,55.3,LOW,Clouds,36.1,0,GREEN,38
2024-02-21 12:00:00,LIC_Sq,102,52.5,LOW,Clear,37.2,0,YELLOW,62
2024-02-21 12:00:00,Empress_Mall_Sq,107,40.7,LOW,Clear,36.8,0,YELLOW,40
2024-02-21 13:00:00,Sitabuldi_Sq,178,28.2,MEDIUM,Clear,35.1,0,GREEN,81
2024-02-21 13:00:00,Zero_Mile,94,48.5,LOW,Clear,36.0,0,RED,47
2024-02-21 13:00:00,Kasturchand_Park,148,43.9,MEDIUM,Clouds,36.1,0,GREEN,48
2024-02-21 13:00:00,Variety_Sq,137,44.6,MEDIUM,Clear,34.4,0,RED,60
2024-02-21 13:00:00,LIC_Sq,136,38.7,MEDIUM,Clear,34.7,0,YELLOW,53
2024-02-21 13:00:00,Empress_Mall_Sq,134,38.0,MEDIUM,Clear,36.8,0,YELLOW,59
2024-02-21 14:00:00,Sitabuldi_Sq,89,49.9,LOW,Clear,34.9,0,GREEN,41
2024-02-21 14:00:00,Zero_Mile,120,44.2,LOW,Clear,34.9,0,RED,53
2024-02-21 14:00:00,Kasturchand_Park,163,34.3,MEDIUM,Clouds,35.8,0,GREEN,75
2024-02-21 14:00:00,Variety_Sq,95,51.4,LOW,Clear,38.8,0,RED,40
2024-02-21 14:00:00,LIC_Sq,93,49.5,LOW,Clouds,31.4,0,RED,57
2024-02-21 14:00:00,Empress_Mall_Sq,118,43.0,LOW,Clear,36.6,0,RED,43
2024-02-21 15:00:00,Sitabuldi_Sq,145,42.1,MEDIUM,Clear,35.7,0,YELLOW,63
2024-02-21 15:00:00,Zero_Mile,221,29.8,HIGH,Clouds,33.8,0,YELLOW,97
2024-02-21 15:00:00,Kasturchand_Park,120,39.2,LOW,Clear,34.7,0,GREEN,49
2024-02-21 15:00:00,Variety_Sq,115,45.8,LOW,Clear,38.5,0,GREEN,49
2024-02-21 15:00:00,LIC_Sq,150,39.4,MEDIUM,Clouds,34.8,0,GREEN,54
2024-02-21 15:00:00,Empress_Mall_Sq,81,50.4,LOW,Clear,36.0,0,GREEN,54
2024-02-21 16:00:00,Sitabuldi_Sq,368,5,CRITICAL,Clear,33.2,0,RED,159
2024-02-21 16:00:00,Zero_Mile,267,16.8,HIGH,Clouds,38.2,0,GREEN,113
2024-02-21 16:00:00,Kasturchand_Park,260,18.3,HIGH,Clear,37.6,0,RED,124
2024-02-21 16:00:00,Variety_Sq,269,17.5,HIGH,Clear,37.0,0,GREEN,132
2024-02-21 16:00:00,LIC_Sq,307,5,CRITICAL,Clear,36.4,0,YELLOW,140
2024-02-21 16:00:00,Empress_Mall_Sq,390,5,CRITICAL,Clear,35.8,0,YELLOW,165
2024-02-21 17:00:00,Sitabuldi_Sq,368,5,CRITICAL,Clouds,35.8,0,RED,171
2024-02-21 17:00:00,Zero_Mile,315,10.5,CRITICAL,Clear,38.2,0,YELLOW,144
2024-02-21 17:00:00,Kasturchand_Park,246,19.3,HIGH,Clouds,32.5,0,RED,118
2024-02-21 17:00:00,Variety_Sq,338,12.1,CRITICAL,Clear,36.0,0,YELLOW,167
2024-02-21 17:00:00,LIC_Sq,353,5,CRITICAL,Clear,38.1,0,RED,167
2024-02-21 17:00:00,Empress_Mall_Sq,307,8.8,CRITICAL,Clouds,37.5,0,GREEN,131
2024-02-21 18:00:00,Sitabuldi_Sq,311,8.3,CRITICAL,Clear,34.5,0,YELLOW,145
2024-02-21 18:00:00,Zero_Mile,307,5,CRITICAL,Clear,32.4,0,YELLOW,133
2024-02-21 18:00:00,Kasturchand_Park,276,17.3,HIGH,Clear,35.7,0,RED,132
2024-02-21 18:00:00,Variety_Sq,364,5,CRITICAL,Clear,35.9,0,YELLOW,165
2024-02-21 18:00:00,LIC_Sq,291,10.3,CRITICAL,Rain,33.8,0.72,YELLOW,137
2024-02-21 18:00:00,Empress_Mall_Sq,381,5,CRITICAL,Clear,36.8,0,GREEN,147
2024-02-21 19:00:00,Sitabuldi_Sq,375,5,CRITICAL,Clear,37.3,0.09,GREEN,166
2024-02-21 19:00:00,Zero_Mile,297,15.2,CRITICAL,Clear,31.4,0,GREEN,127
2024-02-21 19:00:00,Kasturchand_Park,198,32.6,MEDIUM,Clear,39.3,0,GREEN,81
2024-02-21 19:00:00,Variety_Sq,298,14.8,CRITICAL,Clear,37.1,0,YELLOW,122
2024-02-21 19:00:00,LIC_Sq,354,5,CRITICAL,Clear,34.0,0,YELLOW,166
2024-02-21 19:00:00,Empress_Mall_Sq,313,8.9,CRITICAL,Clear,35.4,0,GREEN,146
2024-02-21 20:00:00,Sitabuldi_Sq,76,52.7,LOW,Clear,34.3,0,YELLOW,49
2024-02-21 20:00:00,Zero_Mile,149,39.1,MEDIUM,Clear,35.3,0,GREEN,70
2024-02-21 20:00:00,Kasturchand_Park,107,51.1,LOW,Clear,37.1,0,GREEN,46
2024-02-21 20:00:00,Variety_Sq,169,34.6,MEDIUM,Clear,35.9,0.16,YELLOW,69
2024-02-21 20:00:00,LIC_Sq,102,46.0,LOW,Clouds,34.3,0,GREEN,35
2024-02-21 20:00:00,Empress_Mall_Sq,74,52.4,LOW,Clear,36.7,0,RED,39
2024-02-21 21:00:00,Sitabuldi_Sq,113,45.7,LOW,Clear,35.3,0,YELLOW,34
2024-02-21 21:00:00,Zero_Mile,149,36.3,MEDIUM,Clouds,34.7,0,RED,55
2024-02-21 21:00:00,Kasturchand_Park,172,32.6,MEDIUM,Clear,33.5,0.2,YELLOW,81
2024-02-21 21:00:00,Variety_Sq,115,34.7,LOW,Clear,37.3,0.3,YELLOW,65
2024-02-21 21:00:00,LIC_Sq,126,40.3,MEDIUM,Clear,34.6,0,GREEN,55
2024-02-21 21:00:00,Empress_Mall_Sq,74,50.2,LOW,Clouds,36.6,0,RED,20
2024-02-21 22:00:00,Sitabuldi_Sq,70,55.0,LOW,Clear,34.0,0,GREEN,26
2024-02-21 22:00:00,Zero_Mile,105,37.9,LOW,Clear,37.7,0,YELLOW,36
2024-02-21 22:00:00,Kasturchand_Park,57,57.1,LOW,Clear,32.9,0,YELLOW,43
2024-02-21 22:00:00,Variety_Sq,51,58.5,LOW,Clear,32.9,0,RED,27
2024-02-21 22:00:00,LIC_Sq,74,51.9,LOW,Clouds,34.4,0,RED,16
2024-02-21 22:00:00,Empress_Mall_Sq,93,52.7,LOW,Clouds,34.8,0,RED,44
2024-02-21 23:00:00,Sitabuldi_Sq,128,48.4,MEDIUM,Clear,34.2,0,YELLOW,54
2024-02-21 23:00:00,Zero_Mile,111,41.9,LOW,Clouds,33.8,0,GREEN,46
2024-02-21 23:00:00,Kasturchand_Park,89,46.0,LOW,Clear,37.1,0,RED,37
2024-02-21 23:00:00,Variety_Sq,180,39.3,MEDIUM,Clouds,40.4,0,RED,89
2024-02-21 23:00:00,LIC_Sq,120,41.7,LOW,Clear,33.3,0,YELLOW,75
2024-02-21 23:00:00,Empress_Mall_Sq,45,58.1,LOW,Clear,31.0,0,RED,11
2024-02-22 00:00:00,Sitabuldi_Sq,177,29.1,MEDIUM,Clear,37.8,0,GREEN,78
2024-02-22 00:00:00,Zero_Mile,59,56.2,LOW,Clear,35.2,0,GREEN,7
2024-02-22 00:00:00,Kasturchand_Park,97,48.5,LOW,Clouds,35.4,0,RED,40
2024-02-22 00:00:00,Variety_Sq,115,45.5,LOW,Clouds,36.6,0,YELLOW,44
2024-02-22 00:00:00,LIC_Sq,152,37.2,MEDIUM,Clear,35.7,0,YELLOW,69
2024-02-22 00:00:00,Empress_Mall_Sq,86,45.7,LOW,Clouds,33.0,0,YELLOW,22
2024-02-22 01:00:00,Sitabuldi_Sq,155,42.1,MEDIUM,Clear,31.7,0,YELLOW,79
2024-02-22 01:00:00,Zero_Mile,167,36.0,MEDIUM,Clouds,30.7,0,YELLOW,70
2024-02-22 01:00:00,Kasturchand_Park,105,44.8,LOW,Clouds,35.8,0,RED,63
2024-02-22 01:00:00,Variety_Sq,168,33.8,MEDIUM,Clear,36.1,0,GREEN,70
2024-02-22 01:00:00,LIC_Sq,118,49.0,LOW,Clear,36.0,0,GREEN,40
2024-02-22 01:00:00,Empress_Mall_Sq,83,48.9,LOW,Clear,35.9,0,GREEN,62
2024-02-22 02:00:00,Sitabuldi_Sq,75,52.5,LOW,Clear,37.1,0,GREEN,26
2024-02-22 02:00:00,Zero_Mile,140,42.4,MEDIUM,Clear,34.8,0,RED,54
2024-02-22 02:00:00,Kasturchand_Park,125,44.4,MEDIUM,Clear,34.9,0,RED,69
2024-02-22 02:00:00,Variety_Sq,220,29.9,HIGH,Clear,39.6,0,YELLOW,93
2024-02-22 02:00:00,LIC_Sq,183,34.5,MEDIUM,Clear,35.9,0,GREEN,80
2024-02-22 02:00:00,Empress_Mall_Sq,124,41.1,MEDIUM,Clear,36.8,0,RED,54
2024-02-22 03:00:00,Sitabuldi_Sq,124,44.8,MEDIUM,Clear,35.2,0,GREEN,49
2024-02-22 03:00:00,Zero_Mile,172,35.3,MEDIUM,Clear,35.7,0,YELLOW,59
2024-02-22 03:00:00,Kasturchand_Park,137,37.4,MEDIUM,Clear,36.6,0,GREEN,49
2024-02-22 03:00:00,Variety_Sq,125,43.4,MEDIUM,Clear,34.6,0.08,RED,50
2024-02-22 03:00:00,LIC_Sq,79,49.8,LOW,Clouds,35.9,0,GREEN,31
2024-02-22 03:00:00,Empress_Mall_Sq,66,51.2,LOW,Clear,36.4,0,RED,38
2024-02-22 04:00:00,Sitabuldi_Sq,201,30.4,HIGH,Clouds,38.3,0,YELLOW,85
2024-02-22 04:00:00,Zero_Mile,105,46.9,LOW,Clouds,36.7,0,RED,44
2024-02-22 04:00:00,Kasturchand_Park,81,47.7,LOW,Clear,37.2,0,RED,28
2024-02-22 04:00:00,Variety_Sq,149,37.9,MEDIUM,Clear,32.5,0,YELLOW,65
2024-02-22 04:00:00,LIC_Sq,178,36.1,MEDIUM,Clouds,34.7,0,RED,72
2024-02-22 04:00:00,Empress_Mall_Sq,138,38.4,MEDIUM,Clear,33.7,0,RED,40
2024-02-22 05:00:00,Sitabuldi_Sq,156,39.8,MEDIUM,Clear,36.6,0,GREEN,90
2024-02-22 05:00:00,Zero_Mile,167,37.9,MEDIUM,Clear,36.8,0,GREEN,71
2024-02-22 05:00:00,Kasturchand_Park,163,39.6,MEDIUM,Clear,37.0,0,GREEN,69
2024-02-22 05:00:00,Variety_Sq,121,41.8,MEDIUM,Clouds,36.9,0,RED,76
2024-02-22 05:00:00,LIC_Sq,154,39.6,MEDIUM,Clear,37.7,0.29,GREEN,58
2024-02-22 05:00:00,Empress_Mall_Sq,138,41.5,MEDIUM,Clear,36.4,0,YELLOW,64
2024-02-22 06:00:00,Sitabuldi_Sq,216,25.4,HIGH,Clear,36.7,0,RED,105
2024-02-22 06:00:00,Zero_Mile,139,35.7,MEDIUM,Clear,37.1,0,RED,68
2024-02-22 06:00:00,Kasturchand_Park,146,37.4,MEDIUM,Clear,33.1,0,YELLOW,81
2024-02-22 06:00:00,Variety_Sq,118,43.7,LOW,Clear,37.4,0,GREEN,53
2024-02-22 06:00:00,LIC_Sq,77,47.1,LOW,Clear,35.3,0,YELLOW,40
2024-02-22 06:00:00,Empress_Mall_Sq,143,42.8,MEDIUM,Clear,39.6,0,YELLOW,63
2024-02-22 07:00:00,Sitabuldi_Sq,277,11.2,HIGH,Clear,37.0,0,YELLOW,139
2024-02-22 07:00:00,Zero_Mile,279,12.8,HIGH,Clouds,36.3,0,RED,146
2024-02-22 07:00:00,Kasturchand_Park,224,26.4,HIGH,Clear,37.6,0,YELLOW,99
2024-02-22 07:00:00,Variety_Sq,240,24.2,HIGH,Clear,36.7,0,RED,112
2024-02-22 07:00:00,LIC_Sq,326,5,CRITICAL,Clear,33.1,0,YELLOW,148
2024-02-22 07:00:00,Empress_Mall_Sq,315,10.0,CRITICAL,Clear,36.1,0.39,RED,136
2024-02-22 08:00:00,Sitabuldi_Sq,341,5,CRITICAL,Clouds,34.6,0,RED,153
2024-02-22 08:00:00,Zero_Mile,300,13.3,CRITICAL,Clouds,33.3,0,YELLOW,125
2024-02-22 08:00:00,Kasturchand_Park,317,5,CRITICAL,Clear,39.1,0,RED,133
2024-02-22 08:00:00,Variety_Sq,252,14.9,HIGH,Clear,35.9,0,RED,112
2024-02-22 08:00:00,LIC_Sq,271,13.8,HIGH,Clouds,36.7,0,GREEN,116
2024-02-22 08:00:00,Empress_Mall_Sq,290,11.4,CRITICAL,Clear,38.6,0,YELLOW,129
2024-02-22 09:00:00,Sitabuldi_Sq,360,5,CRITICAL,Clear,35.3,0,GREEN,165
2024-02-22 09:00:00,Zero_Mile,294,17.5,CRITICAL,Clear,34.0,0,YELLOW,148
2024-02-22 09:00:00,Kasturchand_Park,282,14.9,CRITICAL,Clear,36.3,0,RED,124
2024-02-22 09:00:00,Variety_Sq,279,11.1,HIGH,Clear,32.8,0,YELLOW,140
2024-02-22 09:00:00,LIC_Sq,409,5,CRITICAL,Clouds,34.1,0,GREEN,180
2024-02-22 09:00:00,Empress_Mall_Sq,228,24.9,HIGH,Clear,37.5,0,RED,106
2024-02-22 10:00:00,Sitabuldi_Sq,182,34.9,MEDIUM,Clear,33.8,0,GREEN,90
2024-02-22 10:00:00,Zero_Mile,122,47.5,MEDIUM,Clear,36.1,0,RED,38
2024-02-22 10:00:00,Kasturchand_Park,93,50.3,LOW,Clear,33.6,0,YELLOW,47
2024-02-22 10:00:00,Variety_Sq,102,44.9,LOW,Clouds,32.7,0,GREEN,43
2024-02-22 10:00:00,LIC_Sq,124,44.0,MEDIUM,Clear,34.4,0,GREEN,41
2024-02-22 10:00:00,Empress_Mall_Sq,131,42.0,MEDIUM,Clear,39.2,0.36,YELLOW,64
2024-02-22 11:00:00,Sitabuldi_Sq,104,48.5,LOW,Clear,38.2,0,RED,47
2024-02-22 11:00:00,Zero_Mile,130,40.0,MEDIUM,Clear,34.7,0,YELLOW,59
2024-02-22 11:00:00,Kasturchand_Park,98,44.8,LOW,Rain,36.8,0.64,YELLOW,41
2024-02-22 11:00:00,Variety_Sq,61,55.3,LOW,Clear,31.9,0,GREEN,18
2024-02-22 11:00:00,LIC_Sq,157,37.0,MEDIUM,Clear,37.5,0,RED,70
2024-02-22 11:00:00,Empress_Mall_Sq,140,35.7,MEDIUM,Clear,33.4,0,RED,71
2024-02-22 12:00:00,Sitabuldi_Sq,163,32.0,MEDIUM,Clear,35.7,0,YELLOW,64
2024-02-22 12:00:00,Zero_Mile,20,60.0,LOW,Clear,33.5,0,YELLOW,16
2024-02-22 12:00:00,Kasturchand_Park,135,44.2,MEDIUM,Clear,33.0,0,YELLOW,61
2024-02-22 12:00:00,Variety_Sq,83,53.6,LOW,Clear,34.6,0,RED,48
2024-02-22 12:00:00,LIC_Sq,145,36.8,MEDIUM,Clear,33.2,0,YELLOW,66
2024-02-22 12:00:00,Empress_Mall_Sq,79,46.9,LOW,Clear,37.6,0,RED,38
2024-02-22 13:00:00,Sitabuldi_Sq,105,45.1,LOW,Clear,37.0,0,YELLOW,44
2024-02-22 13:00:00,Zero_Mile,150,39.4,MEDIUM,Clear,40.3,0,GREEN,62
2024-02-22 13:00:00,Kasturchand_Park,128,40.6,MEDIUM,Clear,34.9,0,RED,50
2024-02-22 13:00:00,Variety_Sq,148,40.1,MEDIUM,Rain,38.4,0.85,YELLOW,75
2024-02-22 13:00:00,LIC_Sq,68,50.8,LOW,Clear,34.6,0,YELLOW,34
2024-02-22 13:00:00,Empress_Mall_Sq,134,37.5,MEDIUM,Clear,37.8,0,RED,61
2024-02-22 14:00:00,Sitabuldi_Sq,177,32.6,MEDIUM,Clouds,36.8,0,YELLOW,72
2024-02-22 14:00:00,Zero_Mile,129,43.1,MEDIUM,Clear,35.8,0,RED,58
2024-02-22 14:00:00,Kasturchand_Park,116,44.1,LOW,Clouds,37.0,0,RED,57
2024-02-22 14:00:00,Variety_Sq,151,41.6,MEDIUM,Clouds,35.2,0,YELLOW,53
2024-02-22 14:00:00,LIC_Sq,115,47.2,LOW,Clear,37.6,0,RED,54
2024-02-22 14:00:00,Empress_Mall_Sq,108,43.3,LOW,Clear,34.7,0,YELLOW,32
2024-02-22 15:00:00,Sitabuldi_Sq,94,50.0,LOW,Clouds,34.9,0,RED,48
2024-02-22 15:00:00,Zero_Mile,112,44.1,LOW,Clouds,35.4,0.09,YELLOW,48
2024-02-22 15:00:00,Kasturchand_Park,94,51.8,LOW,Clear,37.9,0,GREEN,49
2024-02-22 15:00:00,Variety_Sq,158,38.3,MEDIUM,Clouds,37.0,0,YELLOW,69
2024-02-22 15:00:00,LIC_Sq,120,44.3,LOW,Clear,34.8,0,YELLOW,61
2024-02-22 15:00:00,Empress_Mall_Sq,150,37.2,MEDIUM,Clouds,35.1,0,GREEN,67
2024-02-22 16:00:00,Sitabuldi_Sq,273,16.9,HIGH,Clear,38.8,0,GREEN,133
2024-02-22 16:00:00,Zero_Mile,275,14.8,HIGH,Clear,35.5,0,YELLOW,115
2024-02-22 16:00:00,Kasturchand_Park,257,17.9,HIGH,Clear,37.4,0,YELLOW,120
2024-02-22 16:00:00,Variety_Sq,303,8.2,CRITICAL,Clear,34.4,0,GREEN,133
2024-02-22 16:00:00,LIC_Sq,328,5,CRITICAL,Clouds,33.7,0,YELLOW,154
2024-02-22 16:00:00,Empress_Mall_Sq,359,5,CRITICAL,Clear,34.0,0,GREEN,158
2024-02-22 17:00:00,Sitabuldi_Sq,317,9.0,CRITICAL,Clear,33.1,0,YELLOW,145
2024-02-22 17:00:00,Zero_Mile,357,5,CRITICAL,Clear,39.4,0,YELLOW,179
2024-02-22 17:00:00,Kasturchand_Park,293,11.9,CRITICAL,Clouds,35.6,0,RED,112
2024-02-22 17:00:00,Variety_Sq,292,12.8,CRITICAL,Clear,35.2,0.17,RED,136
2024-02-22 17:00:00,LIC_Sq,283,11.6,CRITICAL,Clear,37.2,0,GREEN,146
2024-02-22 17:00:00,Empress_Mall_Sq,340,5,CRITICAL,Clear,34.1,0,RED,146
2024-02-22 18:00:00,Sitabuldi_Sq,310,8.4,CRITICAL,Clear,37.6,0,RED,114
2024-02-22 18:00:00,Zero_Mile,264,20.0,HIGH,Clear,36.8,0,GREEN,98
2024-02-22 18:00:00,Kasturchand_Park,239,26.4,HIGH,Clear,35.6,0,RED,105
2024-02-22 18:00:00,Variety_Sq,305,12.4,CRITICAL,Clear,35.1,0,GREEN,123
2024-02-22 18:00:00,LIC_Sq,236,24.0,HIGH,Clear,34.0,0,YELLOW,92
2024-02-22 18:00:00,Empress_Mall_Sq,261,18.8,HIGH,Clear,38.4,0,RED,137
2024-02-22 19:00:00,Sitabuldi_Sq,335,5,CRITICAL,Clear,33.5,0,GREEN,146
2024-02-22 19:00:00,Zero_Mile,290,19.3,CRITICAL,Clear,39.1,0,RED,120
2024-02-22 19:00:00,Kasturchand_Park,311,9.3,CRITICAL,Clouds,35.1,0,RED,140
2024-02-22 19:00:00,Variety_Sq,238,19.1,HIGH,Clear,35.1,0,GREEN,95
2024-02-22 19:00:00,LIC_Sq,264,20.2,HIGH,Clear,34.0,0,GREEN,119
2024-02-22 19:00:00,Empress_Mall_Sq,268,18.5,HIGH,Clear,40.0,0,RED,121
2024-02-22 20:00:00,Sitabuldi_Sq,118,51.3,LOW,Clear,35.7,0,GREEN,51
2024-02-22 20:00:00,Zero_Mile,132,46.8,MEDIUM,Clear,39.6,0,RED,74
2024-02-22 20:00:00,Kasturchand_Park,192,27.5,MEDIUM,Clear,40.9,0,GREEN,100
2024-02-22 20:00:00,Variety_Sq,140,44.7,MEDIUM,Rain,37.7,0.52,YELLOW,73
2024-02-22 20:00:00,LIC_Sq,188,31.6,MEDIUM,Clear,37.4,0,RED,76
2024-02-22 20:00:00,Empress_Mall_Sq,126,48.0,MEDIUM,Clear,38.3,0,GREEN,57
2024-02-22 21:00:00,Sitabuldi_Sq,139,38.6,MEDIUM,Clear,37.2,0,YELLOW,41
2024-02-22 21:00:00,Zero_Mile,170,31.3,MEDIUM,Clouds,35.0,0,GREEN,64
2024-02-22 21:00:00,Kasturchand_Park,117,44.1,LOW,Clear,37.4,0,YELLOW,61
2024-02-22 21:00:00,Variety_Sq,46,54.3,LOW,Clear,36.8,0,YELLOW,15
2024-02-22 21:00:00,LIC_Sq,138,40.4,MEDIUM,Clouds,36.4,0,YELLOW,36
2024-02-22 21:00:00,Empress_Mall_Sq,165,35.5,MEDIUM,Clouds,35.2,0,YELLOW,72
2024-02-22 22:00:00,Sitabuldi_Sq,156,31.4,MEDIUM,Clear,34.6,0,GREEN,80
2024-02-22 22:00:00,Zero_Mile,197,25.2,MEDIUM,Clear,35.8,0,RED,103
2024-02-22 22:00:00,Kasturchand_Park,105,50.4,LOW,Clear,36.1,0,YELLOW,40
2024-02-22 22:00:00,Variety_Sq,101,45.7,LOW,Clear,33.1,0,YELLOW,43
2024-02-22 22:00:00,LIC_Sq,28,58.0,LOW,Clear,37.1,0,GREEN,16
2024-02-22 22:00:00,Empress_Mall_Sq,132,43.7,MEDIUM,Clear,36.3,0,RED,57
2024-02-22 23:00:00,Sitabuldi_Sq,100,45.5,LOW,Clear,37.4,0,GREEN,51
2024-02-22 23:00:00,Zero_Mile,110,46.7,LOW,Clouds,36.1,0,GREEN,52
2024-02-22 23:00:00,Kasturchand_Park,220,23.0,HIGH,Clouds,36.9,0,YELLOW,96
2024-02-22 23:00:00,Variety_Sq,55,54.3,LOW,Clear,36.5,0,GREEN,20
2024-02-22 23:00:00,LIC_Sq,103,48.9,LOW,Clear,36.5,0,YELLOW,28
2024-02-22 23:00:00,Empress_Mall_Sq,147,42.1,MEDIUM,Clear,34.7,0,GREEN,52
2024-02-23 00:00:00,Sitabuldi_Sq,130,48.6,MEDIUM,Clouds,37.4,0,YELLOW,60
2024-02-23 00:00:00,Zero_Mile,73,53.3,LOW,Rain,34.8,0.98,GREEN,37
2024-02-23 00:00:00,Kasturchand_Park,185,30.3,MEDIUM,Clear,35.4,0,GREEN,85
2024-02-23 00:00:00,Variety_Sq,106,48.5,LOW,Clear,34.3,0,GREEN,54
2024-02-23 00:00:00,LIC_Sq,169,35.1,MEDIUM,Clouds,34.8,0,RED,72
2024-02-23 00:00:00,Empress_Mall_Sq,129,36.6,MEDIUM,Clear,36.2,0,GREEN,71
2024-02-23 01:00:00,Sitabuldi_Sq,105,47.9,LOW,Clear,35.0,0,RED,58
2024-02-23 01:00:00,Zero_Mile,125,39.5,MEDIUM,Clear,37.2,0,RED,41
2024-02-23 01:00:00,Kasturchand_Park,109,47.3,LOW,Clear,34.3,0,RED,59
2024-02-23 01:00:00,Variety_Sq,59,56.7,LOW,Clear,37.4,0,RED,39
2024-02-23 01:00:00,LIC_Sq,69,53.7,LOW,Clouds,34.2,0,YELLOW,42
2024-02-23 01:00:00,Empress_Mall_Sq,130,42.9,MEDIUM,Clear,33.6,0,YELLOW,62
2024-02-23 02:00:00,Sitabuldi_Sq,141,39.4,MEDIUM,Clouds,37.5,0,RED,46
2024-02-23 02:00:00,Zero_Mile,140,36.2,MEDIUM,Clear,35.4,0,RED,48
2024-02-23 02:00:00,Kasturchand_Park,64,52.6,LOW,Clouds,37.6,0,YELLOW,21
2024-02-23 02:00:00,Variety_Sq,87,49.3,LOW,Clouds,35.0,0,YELLOW,27
2024-02-23 02:00:00,LIC_Sq,145,40.0,MEDIUM,Clear,33.8,0,GREEN,62
2024-02-23 02:00:00,Empress_Mall_Sq,139,39.4,MEDIUM,Clear,35.7,0,YELLOW,53
2024-02-23 03:00:00,Sitabuldi_Sq,194,27.0,MEDIUM,Clear,35.4,0,GREEN,70
2024-02-23 03:00:00,Zero_Mile,151,33.1,MEDIUM,Clear,32.2,0,YELLOW,75
2024-02-23 03:00:00,Kasturchand_Park,111,45.2,LOW,Clear,37.6,0,RED,38
2024-02-23 03:00:00,Variety_Sq,153,41.5,MEDIUM,Clouds,33.2,0,YELLOW,89
2024-02-23 03:00:00,LIC_Sq,170,36.7,MEDIUM,Clouds,32.8,0,YELLOW,57
2024-02-23 03:00:00,Empress_Mall_Sq,104,45.8,LOW,Clear,36.7,0,RED,41
2024-02-23 04:00:00,Sitabuldi_Sq,124,46.2,MEDIUM,Clear,31.3,0,RED,51
2024-02-23 04:00:00,Zero_Mile,83,49.9,LOW,Clear,35.3,0,YELLOW,28
2024-02-23 04:00:00,Kasturchand_Park,179,31.8,MEDIUM,Clear,36.3,0,RED,75
2024-02-23 04:00:00,Variety_Sq,134,42.2,MEDIUM,Clear,35.0,0,RED,75
2024-02-23 04:00:00,LIC_Sq,180,34.7,MEDIUM,Clear,34.4,0,YELLOW,76
2024-02-23 04:00:00,Empress_Mall_Sq,43,55.1,LOW,Clouds,34.8,0,GREEN,18
2024-02-23 05:00:00,Sitabuldi_Sq,186,29.0,MEDIUM,Clear,35.4,0,GREEN,96
2024-02-23 05:00:00,Zero_Mile,151,41.5,MEDIUM,Clear,37.1,0,GREEN,76
2024-02-23 05:00:00,Kasturchand_Park,111,45.5,LOW,Clouds,36.9,0,YELLOW,60
2024-02-23 05:00:00,Variety_Sq,57,54.1,LOW,Clear,38.5,0,GREEN,27
2024-02-23 05:00:00,LIC_Sq,114,42.7,LOW,Clear,37.6,0,RED,36
2024-02-23 05:00:00,Empress_Mall_Sq,158,41.7,MEDIUM,Clear,36.9,0,GREEN,55
2024-02-23 06:00:00,Sitabuldi_Sq,108,42.8,LOW,Clouds,35.3,0,GREEN,47
2024-02-23 06:00:00,Zero_Mile,112,37.5,LOW,Clouds,32.4,0,YELLOW,47
2024-02-23 06:00:00,Kasturchand_Park,88,46.7,LOW,Clear,36.9,0,GREEN,44
2024-02-23 06:00:00,Variety_Sq,122,43.6,MEDIUM,Clouds,37.7,0,GREEN,50
2024-02-23 06:00:00,LIC_Sq,145,36.8,MEDIUM,Clouds,36.6,0,RED,75
2024-02-23 06:00:00,Empress_Mall_Sq,137,42.5,MEDIUM,Clouds,35.1,0,GREEN,55
2024-02-23 07:00:00,Sitabuldi_Sq,337,6.5,CRITICAL,Clear,37.4,0,GREEN,146
2024-02-23 07:00:00,Zero_Mile,358,5,CRITICAL,Clear,31.9,0,YELLOW,180
2024-02-23 07:00:00,Kasturchand_Park,273,9.4,HIGH,Clear,36.4,0,RED,110
2024-02-23 07:00:00,Variety_Sq,319,7.6,CRITICAL,Clear,37.4,0,YELLOW,139
2024-02-23 07:00:00,LIC_Sq,306,5.5,CRITICAL,Clear,37.0,0,YELLOW,139
2024-02-23 07:00:00,Empress_Mall_Sq,189,27.4,MEDIUM,Clear,32.8,0,YELLOW,76
2024-02-23 08:00:00,Sitabuldi_Sq,272,11.3,HIGH,Clouds,37.6,0,RED,114
2024-02-23 08:00:00,Zero_Mile,255,17.1,HIGH,Clear,36.4,0,RED,93
2024-02-23 08:00:00,Kasturchand_Park,278,14.2,HIGH,Clouds,36.5,0,RED,131
2024-02-23 08:00:00,Variety_Sq,326,5,CRITICAL,Clear,32.7,0,GREEN,153
2024-02-23 08:00:00,LIC_Sq,256,19.4,HIGH,Clouds,38.6,0,YELLOW,107
2024-02-23 08:00:00,Empress_Mall_Sq,323,5,CRITICAL,Clear,35.2,0,GREEN,150
2024-02-23 09:00:00,Sitabuldi_Sq,312,6.7,CRITICAL,Clear,34.8,0,YELLOW,135
2024-02-23 09:00:00,Zero_Mile,263,17.6,HIGH,Clear,38.1,0,YELLOW,113
2024-02-23 09:00:00,Kasturchand_Park,317,8.4,CRITICAL,Clear,35.5,0,YELLOW,163
2024-02-23 09:00:00,Variety_Sq,277,16.0,HIGH,Clouds,37.3,0,YELLOW,129
2024-02-23 09:00:00,LIC_Sq,212,26.5,HIGH,Clear,36.4,0,GREEN,84
2024-02-23 09:00:00,Empress_Mall_Sq,237,28.7,HIGH,Clouds,33.0,0,YELLOW,99
2024-02-23 10:00:00,Sitabuldi_Sq,84,50.9,LOW,Clouds,36.1,0,RED,53
2024-02-23 10:00:00,Zero_Mile,125,41.7,MEDIUM,Clear,34.6,0,YELLOW,64
2024-02-23 10:00:00,Kasturchand_Park,105,44.0,LOW,Clear,34.9,0,YELLOW,49
2024-02-23 10:00:00,Variety_Sq,96,46.6,LOW,Clear,38.0,0,GREEN,47
2024-02-23 10:00:00,LIC_Sq,80,48.6,LOW,Clear,36.5,0,RED,34
2024-02-23 10:00:00,Empress_Mall_Sq,52,50.4,LOW,Clear,34.6,0,GREEN,18
2024-02-23 11:00:00,Sitabuldi_Sq,140,37.1,MEDIUM,Clear,33.3,0,RED,69
2024-02-23 11:00:00,Zero_Mile,141,39.5,MEDIUM,Clear,38.0,0,RED,68
2024-02-23 11:00:00,Kasturchand_Park,86,48.8,LOW,Clouds,34.9,0,GREEN,32
2024-02-23 11:00:00,Variety_Sq,198,29.7,MEDIUM,Clear,38.8,0,GREEN,91
2024-02-23 11:00:00,LIC_Sq,95,43.0,LOW,Clouds,32.8,0,GREEN,35
2024-02-23 11:00:00,Empress_Mall_Sq,119,42.7,LOW,Clouds,37.8,0,YELLOW,58
2024-02-23 12:00:00,Sitabuldi_Sq,148,39.8,MEDIUM,Clear,33.8,0,RED,68
2024-02-23 12:00:00,Zero_Mile,139,38.7,MEDIUM,Clouds,34.6,0,RED,66
2024-02-23 12:00:00,Kasturchand_Park,73,54.0,LOW,Rain,34.1,0.82,GREEN,29
2024-02-23 12:00:00,Variety_Sq,81,48.7,LOW,Clouds,34.7,0,YELLOW,28
2024-02-23 12:00:00,LIC_Sq,111,47.6,LOW,Clear,36.7,0,RED,57
2024-02-23 12:00:00,Empress_Mall_Sq,106,44.9,LOW,Clear,34.4,0,YELLOW,63
2024-02-23 13:00:00,Sitabuldi_Sq,56,50.1,LOW,Clear,39.4,0,GREEN,25
2024-02-23 13:00:00,Zero_Mile,134,35.8,MEDIUM,Clear,34.9,0,GREEN,45
2024-02-23 13:00:00,Kasturchand_Park,78,50.8,LOW,Clear,35.4,0,RED,28
2024-02-23 13:00:00,Variety_Sq,88,52.4,LOW,Clouds,39.7,0,GREEN,41
2024-02-23 13:00:00,LIC_Sq,114,49.1,LOW,Clear,35.0,0,GREEN,48
2024-02-23 13:00:00,Empress_Mall_Sq,113,42.4,LOW,Clouds,35.3,0,GREEN,40
2024-02-23 14:00:00,Sitabuldi_Sq,115,42.2,LOW,Clear,33.8,0,YELLOW,45
2024-02-23 14:00:00,Zero_Mile,97,51.9,LOW,Clear,33.0,0,RED,51
2024-02-23 14:00:00,Kasturchand_Park,131,43.3,MEDIUM,Clear,36.6,0,RED,47
2024-02-23 14:00:00,Variety_Sq,153,41.2,MEDIUM,Clouds,36.2,0,YELLOW,66
2024-02-23 14:00:00,LIC_Sq,99,51.7,LOW,Clear,36.2,0,YELLOW,58
2024-02-23 14:00:00,Empress_Mall_Sq,123,43.3,MEDIUM,Clear,34.9,0,GREEN,54
2024-02-23 15:00:00,Sitabuldi_Sq,123,47.2,MEDIUM,Clear,39.9,0,GREEN,54
2024-02-23 15:00:00,Zero_Mile,129,39.2,MEDIUM,Clouds,34.5,0,GREEN,56
2024-02-23 15:00:00,Kasturchand_Park,126,45.8,MEDIUM,Clear,36.1,0,RED,64
2024-02-23 15:00:00,Variety_Sq,148,35.4,MEDIUM,Clouds,31.5,0,YELLOW,58
2024-02-23 15:00:00,LIC_Sq,73,49.8,LOW,Clouds,33.0,0,YELLOW,28
2024-02-23 15:00:00,Empress_Mall_Sq,140,39.4,MEDIUM,Clear,32.7,0,RED,62
2024-02-23 16:00:00,Sitabuldi_Sq,348,5.1,CRITICAL,Clear,35.3,0,RED,157
2024-02-23 16:00:00,Zero_Mile,340,10.5,CRITICAL,Clear,37.1,0,YELLOW,148
2024-02-23 16:00:00,Kasturchand_Park,270,23.0,HIGH,Clear,36.4,0,RED,118
2024-02-23 16:00:00,Variety_Sq,309,11.0,CRITICAL,Clear,32.8,0,YELLOW,141
2024-02-23 16:00:00,LIC_Sq,359,5,CRITICAL,Clouds,39.5,0,GREEN,160
2024-02-23 16:00:00,Empress_Mall_Sq,279,11.3,HIGH,Clouds,36.8,0,RED,120
2024-02-23 17:00:00,Sitabuldi_Sq,280,11.7,HIGH,Clouds,36.4,0,YELLOW,115
2024-02-23 17:00:00,Zero_Mile,392,5,CRITICAL,Clear,36.6,0,YELLOW,176
2024-02-23 17:00:00,Kasturchand_Park,311,13.3,CRITICAL,Clear,34.5,0,RED,142
2024-02-23 17:00:00,Variety_Sq,316,5,CRITICAL,Clear,34.4,0,YELLOW,151
2024-02-23 17:00:00,LIC_Sq,303,5.6,CRITICAL,Clear,34.5,0,YELLOW,137
2024-02-23 17:00:00,Empress_Mall_Sq,326,11.3,CRITICAL,Clear,35.4,0,YELLOW,145
2024-02-23 18:00:00,Sitabuldi_Sq,224,20.5,HIGH,Clear,36.0,0,YELLOW,97
2024-02-23 18:00:00,Zero_Mile,329,5,CRITICAL,Clear,38.1,0,YELLOW,156
2024-02-23 18:00:00,Kasturchand_Park,358,5,CRITICAL,Clouds,37.7,0,YELLOW,154
2024-02-23 18:00:00,Variety_Sq,360,5,CRITICAL,Clouds,35.0,0,RED,158
2024-02-23 18:00:00,LIC_Sq,300,12.3,CRITICAL,Clouds,34.5,0,GREEN,137
2024-02-23 18:00:00,Empress_Mall_Sq,246,21.4,HIGH,Clear,36.1,0,RED,103
2024-02-23 19:00:00,Sitabuldi_Sq,363,5,CRITICAL,Clouds,36.3,0,RED,171
2024-02-23 19:00:00,Zero_Mile,281,16.0,CRITICAL,Clear,34.8,0,YELLOW,96
2024-02-23 19:00:00,Kasturchand_Park,303,8.9,CRITICAL,Clear,36.0,0,YELLOW,117
2024-02-23 19:00:00,Variety_Sq,300,8.8,CRITICAL,Clear,35.8,0,GREEN,148
2024-02-23 19:00:00,LIC_Sq,304,11.1,CRITICAL,Rain,38.9,0.56,GREEN,130
2024-02-23 19:00:00,Empress_Mall_Sq,282,20.3,CRITICAL,Clear,30.6,0,YELLOW,130
2024-02-23 20:00:00,Sitabuldi_Sq,192,31.1,MEDIUM,Clouds,34.9,0,GREEN,81
2024-02-23 20:00:00,Zero_Mile,134,43.6,MEDIUM,Clear,36.9,0,GREEN,78
2024-02-23 20:00:00,Kasturchand_Park,156,40.8,MEDIUM,Clouds,33.8,0,YELLOW,81
2024-02-23 20:00:00,Variety_Sq,44,51.3,LOW,Clear,35.8,0,RED,15
2024-02-23 20:00:00,LIC_Sq,20,57.8,LOW,Clear,34.8,0,RED,10
2024-02-23 20:00:00,Empress_Mall_Sq,64,52.8,LOW,Clear,37.4,0,YELLOW,38
2024-02-23 21:00:00,Sitabuldi_Sq,142,36.9,MEDIUM,Clouds,36.5,0,RED,62
2024-02-23 21:00:00,Zero_Mile,161,29.9,MEDIUM,Clear,34.2,0,YELLOW,53
2024-02-23 21:00:00,Kasturchand_Park,99,50.7,LOW,Clear,37.0,0,YELLOW,58
2024-02-23 21:00:00,Variety_Sq,134,38.0,MEDIUM,Clear,34.3,0,YELLOW,59
2024-02-23 21:00:00,LIC_Sq,194,33.5,MEDIUM,Clouds,36.9,0.31,GREEN,92
2024-02-23 21:00:00,Empress_Mall_Sq,82,55.9,LOW,Clear,36.3,0,YELLOW,53
2024-02-23 22:00:00,Sitabuldi_Sq,83,50.2,LOW,Rain,34.7,0.93,GREEN,45
2024-02-23 22:00:00,Zero_Mile,175,27.0,MEDIUM,Clouds,36.3,0,RED,65
2024-02-23 22:00:00,Kasturchand_Park,202,29.5,HIGH,Clear,32.7,0,YELLOW,91
2024-02-23 22:00:00,Variety_Sq,199,28.9,MEDIUM,Clear,37.5,0,RED,97
2024-02-23 22:00:00,LIC_Sq,82,45.3,LOW,Clear,36.7,0,YELLOW,25
2024-02-23 22:00:00,Empress_Mall_Sq,129,37.6,MEDIUM,Clear,34.6,0,RED,55
2024-02-23 23:00:00,Sitabuldi_Sq,87,51.7,LOW,Clouds,35.0,0,RED,39
2024-02-23 23:00:00,Zero_Mile,105,46.7,LOW,Clear,34.5,0,YELLOW,34
2024-02-23 23:00:00,Kasturchand_Park,141,36.5,MEDIUM,Clear,36.0,0,YELLOW,66
2024-02-23 23:00:00,Variety_Sq,66,56.1,LOW,Clear,37.2,0,YELLOW,37
2024-02-23 23:00:00,LIC_Sq,123,49.6,MEDIUM,Clouds,36.0,0,RED,55
2024-02-23 23:00:00,Empress_Mall_Sq,111,47.0,LOW,Clear,34.1,0,GREEN,62
2024-02-24 00:00:00,Sitabuldi_Sq,75,51.3,LOW,Clouds,34.7,0,GREEN,19
2024-02-24 00:00:00,Zero_Mile,63,54.2,LOW,Clear,37.2,0,YELLOW,34
2024-02-24 00:00:00,Kasturchand_Park,92,47.6,LOW,Clouds,35.0,0,YELLOW,38
2024-02-24 00:00:00,Variety_Sq,115,42.6,LOW,Clouds,33.0,0,YELLOW,45
2024-02-24 00:00:00,LIC_Sq,80,54.6,LOW,Clouds,34.4,0,YELLOW,41
2024-02-24 00:00:00,Empress_Mall_Sq,20,58.7,LOW,Clear,31.9,0,RED,18
2024-02-24 01:00:00,Sitabuldi_Sq,20,63.0,LOW,Clear,36.0,0,YELLOW,17
2024-02-24 01:00:00,Zero_Mile,109,51.3,LOW,Clear,35.3,0,YELLOW,51
2024-02-24 01:00:00,Kasturchand_Park,58,49.5,LOW,Clear,33.4,0,RED,14
2024-02-24 01:00:00,Variety_Sq,64,49.7,LOW,Clear,35.0,0,GREEN,30
2024-02-24 01:00:00,LIC_Sq,92,50.1,LOW,Clear,35.2,0,RED,42
2024-02-24 01:00:00,Empress_Mall_Sq,59,53.6,LOW,Clear,36.1,0,YELLOW,30
2024-02-24 02:00:00,Sitabuldi_Sq,109,47.0,LOW,Clouds,36.8,0,RED,60
2024-02-24 02:00:00,Zero_Mile,68,51.9,LOW,Clear,38.3,0,GREEN,39
2024-02-24 02:00:00,Kasturchand_Park,46,56.5,LOW,Clear,35.1,0,GREEN,22
2024-02-24 02:00:00,Variety_Sq,86,51.0,LOW,Clouds,38.4,0.47,RED,52
2024-02-24 02:00:00,LIC_Sq,22,61.5,LOW,Clear,34.9,0,GREEN,5
2024-02-24 02:00:00,Empress_Mall_Sq,183,33.4,MEDIUM,Clear,33.3,0,GREEN,83
2024-02-24 03:00:00,Sitabuldi_Sq,110,42.8,LOW,Clear,38.0,0,RED,55
2024-02-24 03:00:00,Zero_Mile,44,56.6,LOW,Clear,34.2,0,YELLOW,6
2024-02-24 03:00:00,Kasturchand_Park,144,32.9,MEDIUM,Clouds,32.6,0,YELLOW,36
2024-02-24 03:00:00,Variety_Sq,71,52.2,LOW,Clear,34.2,0,RED,38
2024-02-24 03:00:00,LIC_Sq,60,57.6,LOW,Clear,35.0,0,GREEN,31
2024-02-24 03:00:00,Empress_Mall_Sq,28,59.6,LOW,Clouds,35.4,0,YELLOW,5
2024-02-24 04:00:00,Sitabuldi_Sq,97,42.3,LOW,Clear,37.1,0,RED,60
2024-02-24 04:00:00,Zero_Mile,157,32.0,MEDIUM,Clouds,36.6,0,GREEN,78
2024-02-24 04:00:00,Kasturchand_Park,58,58.9,LOW,Clear,33.8,0,RED,30
2024-02-24 04:00:00,Variety_Sq,119,43.3,LOW,Clear,37.6,0,GREEN,66
2024-02-24 04:00:00,LIC_Sq,53,54.1,LOW,Clouds,34.0,0,RED,23
2024-02-24 04:00:00,Empress_Mall_Sq,120,45.9,LOW,Clear,38.2,0,RED,54
2024-02-24 05:00:00,Sitabuldi_Sq,83,49.5,LOW,Clouds,36.8,0,RED,28
2024-02-24 05:00:00,Zero_Mile,96,45.9,LOW,Clear,34.8,0,GREEN,44
2024-02-24 05:00:00,Kasturchand_Park,69,51.0,LOW,Clear,36.2,0,GREEN,23
2024-02-24 05:00:00,Variety_Sq,78,51.2,LOW,Clear,36.8,0,YELLOW,34
2024-02-24 05:00:00,LIC_Sq,86,50.0,LOW,Clear,36.8,0,RED,31
2024-02-24 05:00:00,Empress_Mall_Sq,129,41.7,MEDIUM,Clear,34.4,0,GREEN,57
2024-02-24 06:00:00,Sitabuldi_Sq,102,41.1,LOW,Clouds,35.1,0,GREEN,58
2024-02-24 06:00:00,Zero_Mile,134,47.3,MEDIUM,Clear,35.4,0,YELLOW,60
2024-02-24 06:00:00,Kasturchand_Park,60,52.7,LOW,Clear,32.7,0,RED,11
2024-02-24 06:00:00,Variety_Sq,69,53.1,LOW,Clouds,40.8,0,YELLOW,31
2024-02-24 06:00:00,LIC_Sq,63,50.4,LOW,Clear,35.4,0,GREEN,25
2024-02-24 06:00:00,Empress_Mall_Sq,85,49.2,LOW,Clear,35.3,0,GREEN,31
2024-02-24 07:00:00,Sitabuldi_Sq,183,29.8,MEDIUM,Clouds,33.8,0,YELLOW,76
2024-02-24 07:00:00,Zero_Mile,224,22.0,HIGH,Clear,34.6,0,YELLOW,91
2024-02-24 07:00:00,Kasturchand_Park,257,16.0,HIGH,Clear,34.7,0,YELLOW,129
2024-02-24 07:00:00,Variety_Sq,212,24.1,HIGH,Clouds,33.9,0,YELLOW,79
2024-02-24 07:00:00,LIC_Sq,161,33.7,MEDIUM,Clear,35.5,0,YELLOW,73
2024-02-24 07:00:00,Empress_Mall_Sq,165,31.9,MEDIUM,Clear,36.7,0,YELLOW,71
2024-02-24 08:00:00,Sitabuldi_Sq,226,21.4,HIGH,Clear,36.5,0,YELLOW,96
2024-02-24 08:00:00,Zero_Mile,212,24.9,HIGH,Clear,36.0,0,YELLOW,81
2024-02-24 08:00:00,Kasturchand_Park,216,26.3,HIGH,Clear,37.2,0,YELLOW,119
2024-02-24 08:00:00,Variety_Sq,232,24.7,HIGH,Clear,34.1,0,RED,124
2024-02-24 08:00:00,LIC_Sq,134,44.4,MEDIUM,Clear,30.7,0,GREEN,60
2024-02-24 08:00:00,Empress_Mall_Sq,130,36.2,MEDIUM,Rain,35.1,0.66,GREEN,57
2024-02-24 09:00:00,Sitabuldi_Sq,216,26.9,HIGH,Clear,33.1,0,RED,108
2024-02-24 09:00:00,Zero_Mile,265,14.5,HIGH,Clear,41.3,0,GREEN,125
2024-02-24 09:00:00,Kasturchand_Park,201,27.1,HIGH,Clear,34.5,0,GREEN,103
2024-02-24 09:00:00,Variety_Sq,177,31.0,MEDIUM,Clouds,35.1,0,RED,73
2024-02-24 09:00:00,LIC_Sq,89,48.5,LOW,Clear,35.1,0,YELLOW,29
2024-02-24 09:00:00,Empress_Mall_Sq,275,15.9,HIGH,Clear,34.3,0,RED,130
2024-02-24 10:00:00,Sitabuldi_Sq,137,37.8,MEDIUM,Clear,36.4,0,GREEN,62
2024-02-24 10:00:00,Zero_Mile,85,49.7,LOW,Clear,38.6,0,RED,28
2024-02-24 10:00:00,Kasturchand_Park,33,57.7,LOW,Clear,34.0,0,YELLOW,14
2024-02-24 10:00:00,Variety_Sq,64,52.9,LOW,Clear,37.1,0,RED,27
2024-02-24 10:00:00,LIC_Sq,65,54.7,LOW,Clouds,35.6,0,GREEN,12
2024-02-24 10:00:00,Empress_Mall_Sq,79,49.0,LOW,Clouds,37.0,0,GREEN,23
2024-02-24 11:00:00,Sitabuldi_Sq,20,63.8,LOW,Clear,37.2,0,RED,8
2024-02-24 11:00:00,Zero_Mile,121,39.5,MEDIUM,Clear,37.6,0,GREEN,49
2024-02-24 11:00:00,Kasturchand_Park,80,51.3,LOW,Clear,36.3,0,GREEN,33
2024-02-24 11:00:00,Variety_Sq,111,47.2,LOW,Clear,37.5,0,RED,45
2024-02-24 11:00:00,LIC_Sq,165,34.9,MEDIUM,Clouds,35.9,0,YELLOW,79
2024-02-24 11:00:00,Empress_Mall_Sq,83,43.3,LOW,Clouds,36.9,0,RED,40
2024-02-24 12:00:00,Sitabuldi_Sq,95,46.2,LOW,Clear,34.4,0,YELLOW,44
2024-02-24 12:00:00,Zero_Mile,82,50.7,LOW,Clear,37.8,0,YELLOW,21
2024-02-24 12:00:00,Kasturchand_Park,53,52.0,LOW,Clear,38.0,0,YELLOW,29
2024-02-24 12:00:00,Variety_Sq,137,41.7,MEDIUM,Clear,35.1,0,YELLOW,57
2024-02-24 12:00:00,LIC_Sq,92,47.4,LOW,Clear,38.7,0,RED,43
2024-02-24 12:00:00,Empress_Mall_Sq,114,39.7,LOW,Rain,31.3,0.62,YELLOW,56
2024-02-24 13:00:00,Sitabuldi_Sq,89,46.8,LOW,Clear,34.6,0,RED,25
2024-02-24 13:00:00,Zero_Mile,51,54.8,LOW,Clouds,39.5,0,YELLOW,23
2024-02-24 13:00:00,Kasturchand_Park,41,57.8,LOW,Clear,39.9,0,YELLOW,13
2024-02-24 13:00:00,Variety_Sq,62,53.1,LOW,Rain,34.7,0.79,GREEN,37
2024-02-24 13:00:00,LIC_Sq,121,38.8,MEDIUM,Clear,35.9,0,RED,56
2024-02-24 13:00:00,Empress_Mall_Sq,110,45.5,LOW,Clear,36.8,0,GREEN,53
2024-02-24 14:00:00,Sitabuldi_Sq,117,44.6,LOW,Clouds,33.8,0.05,RED,60
2024-02-24 14:00:00,Zero_Mile,90,48.1,LOW,Clear,37.2,0,RED,26
2024-02-24 14:00:00,Kasturchand_Park,103,47.2,LOW,Clear,34.8,0,RED,35
2024-02-24 14:00:00,Variety_Sq,21,62.4,LOW,Clouds,33.9,0.48,YELLOW,7
2024-02-24 14:00:00,LIC_Sq,95,49.5,LOW,Clear,37.9,0,RED,32
2024-02-24 14:00:00,Empress_Mall_Sq,153,37.1,MEDIUM,Clear,36.0,0,RED,80
2024-02-24 15:00:00,Sitabuldi_Sq,83,42.4,LOW,Clear,39.4,0,YELLOW,36
2024-02-24 15:00:00,Zero_Mile,48,52.5,LOW,Clouds,34.9,0,RED,31
2024-02-24 15:00:00,Kasturchand_Park,69,52.7,LOW,Clear,35.6,0.31,GREEN,22
2024-02-24 15:00:00,Variety_Sq,106,48.0,LOW,Clouds,34.7,0,YELLOW,52
2024-02-24 15:00:00,LIC_Sq,49,56.6,LOW,Clear,39.1,0,RED,28
2024-02-24 15:00:00,Empress_Mall_Sq,50,57.4,LOW,Clear,35.0,0,GREEN,34
2024-02-24 16:00:00,Sitabuldi_Sq,165,37.0,MEDIUM,Clouds,35.1,0,RED,98
2024-02-24 16:00:00,Zero_Mile,155,41.0,MEDIUM,Clear,38.4,0,YELLOW,72
2024-02-24 16:00:00,Kasturchand_Park,177,39.3,MEDIUM,Clear,33.0,0,GREEN,82
2024-02-24 16:00:00,Variety_Sq,208,27.3,HIGH,Clouds,35.6,0,YELLOW,110
2024-02-24 16:00:00,LIC_Sq,216,20.8,HIGH,Clear,35.1,0,YELLOW,98
2024-02-24 16:00:00,Empress_Mall_Sq,190,33.3,MEDIUM,Clear,33.4,0,YELLOW,83
2024-02-24 17:00:00,Sitabuldi_Sq,188,34.7,MEDIUM,Clouds,34.3,0,GREEN,93
2024-02-24 17:00:00,Zero_Mile,226,21.7,HIGH,Clear,33.8,0,RED,100
2024-02-24 17:00:00,Kasturchand_Park,192,32.0,MEDIUM,Rain,37.1,0.52,RED,81
2024-02-24 17:00:00,Variety_Sq,187,33.4,MEDIUM,Clear,37.5,0,GREEN,88
2024-02-24 17:00:00,LIC_Sq,220,27.9,HIGH,Clear,37.1,0,GREEN,104
2024-02-24 17:00:00,Empress_Mall_Sq,243,25.3,HIGH,Clear,35.6,0,YELLOW,110
2024-02-24 18:00:00,Sitabuldi_Sq,208,28.0,HIGH,Clear,37.7,0,GREEN,94
2024-02-24 18:00:00,Zero_Mile,225,23.9,HIGH,Clear,37.5,0,GREEN,89
2024-02-24 18:00:00,Kasturchand_Park,248,22.7,HIGH,Clouds,35.1,0,RED,97
2024-02-24 18:00:00,Variety_Sq,212,31.2,HIGH,Clear,35.7,0,YELLOW,93
2024-02-24 18:00:00,LIC_Sq,159,35.4,MEDIUM,Clear,36.9,0,YELLOW,57
2024-02-24 18:00:00,Empress_Mall_Sq,272,17.7,HIGH,Clear,32.2,0,YELLOW,136
2024-02-24 19:00:00,Sitabuldi_Sq,225,22.6,HIGH,Clear,35.4,0.02,RED,112
2024-02-24 19:00:00,Zero_Mile,293,12.2,CRITICAL,Clear,38.6,0,RED,124
2024-02-24 19:00:00,Kasturchand_Park,187,30.2,MEDIUM,Clear,32.4,0,RED,76
2024-02-24 19:00:00,Variety_Sq,207,28.1,HIGH,Clear,35.3,0.4,RED,83
2024-02-24 19:00:00,LIC_Sq,257,19.0,HIGH,Clear,35.5,0,YELLOW,112
2024-02-24 19:00:00,Empress_Mall_Sq,186,27.4,MEDIUM,Clear,38.0,0,YELLOW,94
2024-02-24 20:00:00,Sitabuldi_Sq,104,49.7,LOW,Clear,36.4,0,GREEN,54
2024-02-24 20:00:00,Zero_Mile,109,47.5,LOW,Clear,33.1,0,RED,43
2024-02-24 20:00:00,Kasturchand_Park,48,59.3,LOW,Clear,39.6,0,GREEN,7
2024-02-24 20:00:00,Variety_Sq,136,41.1,MEDIUM,Clear,34.0,0,GREEN,54
2024-02-24 20:00:00,LIC_Sq,54,54.4,LOW,Clear,37.0,0,GREEN,40
2024-02-24 20:00:00,Empress_Mall_Sq,144,34.1,MEDIUM,Clouds,33.5,0,YELLOW,63
2024-02-24 21:00:00,Sitabuldi_Sq,20,61.5,LOW,Rain,38.4,0.72,GREEN,5
2024-02-24 21:00:00,Zero_Mile,146,43.9,MEDIUM,Rain,33.5,0.71,GREEN,73
2024-02-24 21:00:00,Kasturchand_Park,144,41.4,MEDIUM,Clear,34.2,0,RED,74
2024-02-24 21:00:00,Variety_Sq,93,50.2,LOW,Clouds,35.6,0,YELLOW,57
2024-02-24 21:00:00,LIC_Sq,151,41.9,MEDIUM,Clear,37.0,0,GREEN,68
2024-02-24 21:00:00,Empress_Mall_Sq,63,50.7,LOW,Clear,35.7,0,YELLOW,32
2024-02-24 22:00:00,Sitabuldi_Sq,79,43.7,LOW,Clouds,36.2,0,RED,26
2024-02-24 22:00:00,Zero_Mile,159,35.3,MEDIUM,Clouds,35.4,0.28,RED,70
2024-02-24 22:00:00,Kasturchand_Park,170,34.6,MEDIUM,Clouds,34.9,0,YELLOW,73
2024-02-24 22:00:00,Variety_Sq,82,49.7,LOW,Clear,34.3,0,RED,49
2024-02-24 22:00:00,LIC_Sq,78,47.5,LOW,Clouds,33.8,0,YELLOW,19
2024-02-24 22:00:00,Empress_Mall_Sq,72,55.1,LOW,Clear,35.5,0,GREEN,26
2024-02-24 23:00:00,Sitabuldi_Sq,78,48.5,LOW,Clear,34.0,0,RED,21
2024-02-24 23:00:00,Zero_Mile,85,43.9,LOW,Clouds,35.8,0,YELLOW,29
2024-02-24 23:00:00,Kasturchand_Park,70,54.2,LOW,Clear,37.7,0,GREEN,45
2024-02-24 23:00:00,Variety_Sq,172,38.9,MEDIUM,Clear,34.1,0,RED,82
2024-02-24 23:00:00,LIC_Sq,21,58.5,LOW,Clear,35.8,0,GREEN,5
2024-02-24 23:00:00,Empress_Mall_Sq,65,49.4,LOW,Clouds,34.1,0,GREEN,35
2024-02-25 00:00:00,Sitabuldi_Sq,139,33.7,MEDIUM,Clouds,36.9,0,YELLOW,72
2024-02-25 00:00:00,Zero_Mile,70,52.4,LOW,Clear,35.4,0,RED,24
2024-02-25 00:00:00,Kasturchand_Park,103,46.4,LOW,Clear,36.9,0,YELLOW,74
2024-02-25 00:00:00,Variety_Sq,90,47.6,LOW,Clear,35.2,0,YELLOW,51
2024-02-25 00:00:00,LIC_Sq,22,55.3,LOW,Clear,36.5,0,GREEN,15
2024-02-25 00:00:00,Empress_Mall_Sq,64,55.1,LOW,Clear,38.3,0,YELLOW,26
2024-02-25 01:00:00,Sitabuldi_Sq,55,54.2,LOW,Clear,33.8,0,RED,31
2024-02-25 01:00:00,Zero_Mile,54,58.7,LOW,Clouds,34.0,0,YELLOW,26
2024-02-25 01:00:00,Kasturchand_Park,93,51.7,LOW,Clear,34.2,0,YELLOW,50
2024-02-25 01:00:00,Variety_Sq,85,52.3,LOW,Clear,38.5,0,YELLOW,44
2024-02-25 01:00:00,LIC_Sq,77,52.7,LOW,Clear,34.1,0,RED,51
2024-02-25 01:00:00,Empress_Mall_Sq,40,60.5,LOW,Clouds,33.1,0,GREEN,32
2024-02-25 02:00:00,Sitabuldi_Sq,44,58.9,LOW,Clear,35.5,0,RED,36
2024-02-25 02:00:00,Zero_Mile,67,46.2,LOW,Clear,34.1,0,RED,21
2024-02-25 02:00:00,Kasturchand_Park,89,47.8,LOW,Clear,36.7,0,YELLOW,54
2024-02-25 02:00:00,Variety_Sq,51,60.0,LOW,Clear,34.2,0,YELLOW,16
2024-02-25 02:00:00,LIC_Sq,46,62.5,LOW,Clear,35.3,0,RED,19
2024-02-25 02:00:00,Empress_Mall_Sq,153,42.1,MEDIUM,Clear,34.9,0,GREEN,73
2024-02-25 03:00:00,Sitabuldi_Sq,63,52.8,LOW,Clouds,36.1,0,RED,33
2024-02-25 03:00:00,Zero_Mile,20,62.8,LOW,Clouds,35.4,0,YELLOW,5
2024-02-25 03:00:00,Kasturchand_Park,106,45.0,LOW,Clouds,40.1,0,RED,51
2024-02-25 03:00:00,Variety_Sq,63,54.5,LOW,Clear,39.0,0,YELLOW,59
2024-02-25 03:00:00,LIC_Sq,56,46.9,LOW,Clear,37.8,0,GREEN,18
2024-02-25 03:00:00,Empress_Mall_Sq,47,56.3,LOW,Clouds,35.3,0,YELLOW,25
2024-02-25 04:00:00,Sitabuldi_Sq,44,55.2,LOW,Clouds,35.2,0,GREEN,27
2024-02-25 04:00:00,Zero_Mile,108,42.2,LOW,Clear,38.4,0,RED,22
2024-02-25 04:00:00,Kasturchand_Park,114,42.9,LOW,Clear,34.2,0,RED,44
2024-02-25 04:00:00,Variety_Sq,69,52.4,LOW,Clear,37.8,0,GREEN,18
2024-02-25 04:00:00,LIC_Sq,121,41.5,MEDIUM,Clear,36.0,0,YELLOW,61
2024-02-25 04:00:00,Empress_Mall_Sq,97,48.1,LOW,Clear,38.3,0,GREEN,40
2024-02-25 05:00:00,Sitabuldi_Sq,58,52.4,LOW,Clouds,35.9,0,RED,14
2024-02-25 05:00:00,Zero_Mile,115,42.1,LOW,Clear,36.6,0,YELLOW,23
2024-02-25 05:00:00,Kasturchand_Park,115,46.0,LOW,Clouds,35.4,0.2,YELLOW,53
2024-02-25 05:00:00,Variety_Sq,76,57.0,LOW,Clear,33.1,0,YELLOW,9
2024-02-25 05:00:00,LIC_Sq,133,43.4,MEDIUM,Clouds,35.4,0.04,RED,46
2024-02-25 05:00:00,Empress_Mall_Sq,52,56.2,LOW,Clouds,36.0,0,YELLOW,40
2024-02-25 06:00:00,Sitabuldi_Sq,106,41.8,LOW,Clear,34.5,0,GREEN,40
2024-02-25 06:00:00,Zero_Mile,142,41.6,MEDIUM,Clear,35.3,0,GREEN,70
2024-02-25 06:00:00,Kasturchand_Park,111,44.7,LOW,Clouds,36.9,0,YELLOW,41
2024-02-25 06:00:00,Variety_Sq,20,56.6,LOW,Clear,34.7,0,GREEN,6
2024-02-25 06:00:00,LIC_Sq,73,49.3,LOW,Clouds,38.6,0,GREEN,28
2024-02-25 06:00:00,Empress_Mall_Sq,69,50.3,LOW,Clouds,39.8,0,GREEN,47
2024-02-25 07:00:00,Sitabuldi_Sq,197,26.8,MEDIUM,Clear,35.6,0,RED,84
2024-02-25 07:00:00,Zero_Mile,83,52.5,LOW,Clouds,34.9,0,GREEN,31
2024-02-25 07:00:00,Kasturchand_Park,223,21.8,HIGH,Clouds,35.4,0,YELLOW,97
2024-02-25 07:00:00,Variety_Sq,163,32.8,MEDIUM,Clear,38.5,0,RED,66
2024-02-25 07:00:00,LIC_Sq,235,22.1,HIGH,Clouds,39.4,0,RED,93
2024-02-25 07:00:00,Empress_Mall_Sq,241,22.9,HIGH,Clear,33.9,0,RED,101
2024-02-25 08:00:00,Sitabuldi_Sq,139,38.9,MEDIUM,Clear,39.4,0,GREEN,68
2024-02-25 08:00:00,Zero_Mile,193,30.6,MEDIUM,Clear,38.7,0,GREEN,78
2024-02-25 08:00:00,Kasturchand_Park,175,31.9,MEDIUM,Clear,37.2,0,GREEN,85
2024-02-25 08:00:00,Variety_Sq,167,35.9,MEDIUM,Clear,39.4,0,GREEN,51
2024-02-25 08:00:00,LIC_Sq,170,31.1,MEDIUM,Clear,37.8,0,RED,69
2024-02-25 08:00:00,Empress_Mall_Sq,172,27.4,MEDIUM,Clouds,31.0,0,RED,76
2024-02-25 09:00:00,Sitabuldi_Sq,181,33.9,MEDIUM,Clear,34.2,0,YELLOW,91
2024-02-25 09:00:00,Zero_Mile,220,22.3,HIGH,Clear,35.6,0,RED,100
2024-02-25 09:00:00,Kasturchand_Park,118,42.1,LOW,Clear,32.8,0,YELLOW,58
2024-02-25 09:00:00,Variety_Sq,218,28.9,HIGH,Clouds,36.5,0,YELLOW,80
2024-02-25 09:00:00,LIC_Sq,169,35.3,MEDIUM,Clear,34.2,0,YELLOW,76
2024-02-25 09:00:00,Empress_Mall_Sq,231,22.9,HIGH,Clear,30.4,0,RED,116
2024-02-25 10:00:00,Sitabuldi_Sq,29,65.8,LOW,Clear,35.7,0,RED,21
2024-02-25 10:00:00,Zero_Mile,40,57.8,LOW,Clouds,35.9,0,YELLOW,27
2024-02-25 10:00:00,Kasturchand_Park,96,48.2,LOW,Clear,35.8,0,RED,47
2024-02-25 10:00:00,Variety_Sq,93,49.7,LOW,Clear,34.6,0,YELLOW,30
2024-02-25 10:00:00,LIC_Sq,117,44.0,LOW,Clear,34.1,0,YELLOW,52
2024-02-25 10:00:00,Empress_Mall_Sq,50,58.7,LOW,Clear,38.4,0.45,GREEN,40
2024-02-25 11:00:00,Sitabuldi_Sq,101,48.1,LOW,Clear,31.7,0,GREEN,30
2024-02-25 11:00:00,Zero_Mile,61,57.5,LOW,Clear,33.2,0,GREEN,21
2024-02-25 11:00:00,Kasturchand_Park,90,50.6,LOW,Clear,36.6,0,GREEN,21
2024-02-25 11:00:00,Variety_Sq,74,47.5,LOW,Clouds,35.6,0,YELLOW,46
2024-02-25 11:00:00,LIC_Sq,133,42.3,MEDIUM,Clear,37.0,0.05,RED,70
2024-02-25 11:00:00,Empress_Mall_Sq,139,35.8,MEDIUM,Clouds,35.4,0,YELLOW,48
2024-02-25 12:00:00,Sitabuldi_Sq,135,38.9,MEDIUM,Clear,35.5,0,YELLOW,58
2024-02-25 12:00:00,Zero_Mile,90,50.1,LOW,Clear,37.6,0,GREEN,33
2024-02-25 12:00:00,Kasturchand_Park,56,54.4,LOW,Clouds,34.8,0,GREEN,28
2024-02-25 12:00:00,Variety_Sq,71,50.2,LOW,Clear,36.1,0,RED,38
2024-02-25 12:00:00,LIC_Sq,76,45.6,LOW,Rain,37.1,0.74,RED,33
2024-02-25 12:00:00,Empress_Mall_Sq,63,53.1,LOW,Clear,35.4,0,YELLOW,31
2024-02-25 13:00:00,Sitabuldi_Sq,68,52.1,LOW,Clear,33.7,0,YELLOW,46
2024-02-25 13:00:00,Zero_Mile,82,46.7,LOW,Clear,34.3,0,GREEN,38
2024-02-25 13:00:00,Kasturchand_Park,53,59.3,LOW,Clear,37.2,0,YELLOW,31
2024-02-25 13:00:00,Variety_Sq,58,50.6,LOW,Clouds,35.7,0,YELLOW,42
2024-02-25 13:00:00,LIC_Sq,105,41.1,LOW,Clear,34.8,0,YELLOW,40
2024-02-25 13:00:00,Empress_Mall_Sq,81,51.7,LOW,Clear,33.3,0,YELLOW,39
2024-02-25 14:00:00,Sitabuldi_Sq,47,54.5,LOW,Clouds,36.7,0,GREEN,9
2024-02-25 14:00:00,Zero_Mile,28,59.8,LOW,Clear,34.4,0,RED,34
2024-02-25 14:00:00,Kasturchand_Park,69,54.9,LOW,Clear,36.2,0,RED,26
2024-02-25 14:00:00,Variety_Sq,31,60.0,LOW,Clear,37.6,0,GREEN,24
2024-02-25 14:00:00,LIC_Sq,91,49.0,LOW,Clouds,35.4,0,YELLOW,42
2024-02-25 14:00:00,Empress_Mall_Sq,81,54.4,LOW,Clear,36.5,0,RED,20
2024-02-25 15:00:00,Sitabuldi_Sq,85,49.3,LOW,Clouds,36.1,0,GREEN,32
2024-02-25 15:00:00,Zero_Mile,51,59.9,LOW,Clouds,36.3,0,YELLOW,26
2024-02-25 15:00:00,Kasturchand_Park,55,61.2,LOW,Clear,38.2,0,YELLOW,21
2024-02-25 15:00:00,Variety_Sq,126,40.4,MEDIUM,Clear,38.0,0,YELLOW,62
2024-02-25 15:00:00,LIC_Sq,116,51.1,LOW,Clear,39.0,0,RED,66
2024-02-25 15:00:00,Empress_Mall_Sq,35,62.2,LOW,Clear,35.6,0,GREEN,14
2024-02-25 16:00:00,Sitabuldi_Sq,212,19.7,HIGH,Clear,35.3,0,RED,96
2024-02-25 16:00:00,Zero_Mile,212,29.7,HIGH,Clear,37.4,0,GREEN,93
2024-02-25 16:00:00,Kasturchand_Park,218,30.2,HIGH,Clear,33.8,0,GREEN,90
2024-02-25 16:00:00,Variety_Sq,282,15.3,CRITICAL,Clear,34.7,0,YELLOW,135
2024-02-25 16:00:00,LIC_Sq,210,24.9,HIGH,Clear,35.2,0,GREEN,113
2024-02-25 16:00:00,Empress_Mall_Sq,156,38.7,MEDIUM,Clear,33.0,0,YELLOW,84
2024-02-25 17:00:00,Sitabuldi_Sq,152,34.5,MEDIUM,Clear,35.5,0,YELLOW,79
2024-02-25 17:00:00,Zero_Mile,269,18.3,HIGH,Clear,34.9,0,GREEN,114
2024-02-25 17:00:00,Kasturchand_Park,253,19.0,HIGH,Clear,35.4,0,GREEN,119
2024-02-25 17:00:00,Variety_Sq,203,27.8,HIGH,Clear,37.1,0,RED,97
2024-02-25 17:00:00,LIC_Sq,204,25.9,HIGH,Clear,33.2,0,YELLOW,108
2024-02-25 17:00:00,Empress_Mall_Sq,150,39.1,MEDIUM,Clouds,38.4,0,GREEN,71
2024-02-25 18:00:00,Sitabuldi_Sq,211,25.7,HIGH,Clear,37.5,0,YELLOW,108
2024-02-25 18:00:00,Zero_Mile,167,33.9,MEDIUM,Clear,33.6,0,RED,69
2024-02-25 18:00:00,Kasturchand_Park,163,33.2,MEDIUM,Clouds,33.8,0,GREEN,74
2024-02-25 18:00:00,Variety_Sq,232,24.5,HIGH,Clear,40.1,0,GREEN,100
2024-02-25 18:00:00,LIC_Sq,152,34.8,MEDIUM,Clear,36.1,0,RED,57
2024-02-25 18:00:00,Empress_Mall_Sq,266,18.3,HIGH,Clear,36.9,0,YELLOW,135
2024-02-25 19:00:00,Sitabuldi_Sq,214,26.3,HIGH,Clear,36.8,0,GREEN,96
2024-02-25 19:00:00,Zero_Mile,230,23.7,HIGH,Clear,36.9,0,RED,114
2024-02-25 19:00:00,Kasturchand_Park,156,36.6,MEDIUM,Clear,32.2,0,GREEN,62
2024-02-25 19:00:00,Variety_Sq,250,20.3,HIGH,Clear,35.9,0,RED,104
2024-02-25 19:00:00,LIC_Sq,191,34.9,MEDIUM,Clear,35.3,0,GREEN,76
2024-02-25 19:00:00,Empress_Mall_Sq,212,31.6,HIGH,Clear,32.2,0,RED,101
2024-02-25 20:00:00,Sitabuldi_Sq,89,51.9,LOW,Clouds,34.3,0,RED,42
2024-02-25 20:00:00,Zero_Mile,95,51.1,LOW,Clear,36.7,0,RED,42
2024-02-25 20:00:00,Kasturchand_Park,82,51.5,LOW,Clear,32.6,0,YELLOW,38
2024-02-25 20:00:00,Variety_Sq,83,50.8,LOW,Rain,34.8,0.81,RED,29
2024-02-25 20:00:00,LIC_Sq,109,41.2,LOW,Clouds,35.0,0,GREEN,51
2024-02-25 20:00:00,Empress_Mall_Sq,119,39.3,LOW,Clear,37.3,0,YELLOW,73
2024-02-25 21:00:00,Sitabuldi_Sq,162,32.0,MEDIUM,Clouds,38.6,0,YELLOW,94
2024-02-25 21:00:00,Zero_Mile,77,50.8,LOW,Clouds,35.7,0,YELLOW,39
2024-02-25 21:00:00,Kasturchand_Park,47,58.4,LOW,Clear,36.8,0.27,YELLOW,22
2024-02-25 21:00:00,Variety_Sq,66,61.3,LOW,Clear,33.8,0,YELLOW,27
2024-02-25 21:00:00,LIC_Sq,47,56.3,LOW,Clear,37.1,0.27,GREEN,13
2024-02-25 21:00:00,Empress_Mall_Sq,22,61.9,LOW,Clear,34.5,0,YELLOW,15
2024-02-25 22:00:00,Sitabuldi_Sq,66,56.0,LOW,Clouds,36.6,0,RED,50
2024-02-25 22:00:00,Zero_Mile,23,55.3,LOW,Clear,33.3,0,YELLOW,11
2024-02-25 22:00:00,Kasturchand_Park,110,41.9,LOW,Clear,36.8,0,RED,45
2024-02-25 22:00:00,Variety_Sq,75,48.1,LOW,Clouds,37.0,0,YELLOW,16
2024-02-25 22:00:00,LIC_Sq,81,52.9,LOW,Clear,36.1,0.4,GREEN,25
2024-02-25 22:00:00,Empress_Mall_Sq,59,53.1,LOW,Clouds,33.9,0,GREEN,16
2024-02-25 23:00:00,Sitabuldi_Sq,20,63.2,LOW,Clouds,37.1,0,GREEN,36
2024-02-25 23:00:00,Zero_Mile,92,43.3,LOW,Clouds,35.1,0,RED,45
2024-02-25 23:00:00,Kasturchand_Park,88,51.9,LOW,Clear,36.3,0,RED,41
2024-02-25 23:00:00,Variety_Sq,54,57.2,LOW,Clear,35.3,0,RED,18
2024-02-25 23:00:00,LIC_Sq,169,36.1,MEDIUM,Clear,40.6,0,RED,67
2024-02-25 23:00:00,Empress_Mall_Sq,82,53.8,LOW,Clear,36.4,0,GREEN,24
2024-02-26 00:00:00,Sitabuldi_Sq,111,46.1,LOW,Clear,35.8,0,YELLOW,42
2024-02-26 00:00:00,Zero_Mile,102,41.6,LOW,Clear,35.5,0,GREEN,55
2024-02-26 00:00:00,Kasturchand_Park,40,57.0,LOW,Clouds,37.5,0,RED,11
2024-02-26 00:00:00,Variety_Sq,189,32.4,MEDIUM,Clear,40.5,0,GREEN,79
2024-02-26 00:00:00,LIC_Sq,113,46.4,LOW,Clear,35.9,0,RED,51
2024-02-26 00:00:00,Empress_Mall_Sq,74,50.0,LOW,Clear,35.3,0,RED,32
2024-02-26 01:00:00,Sitabuldi_Sq,110,42.9,LOW,Clouds,38.2,0,GREEN,46
2024-02-26 01:00:00,Zero_Mile,115,43.9,LOW,Clouds,34.7,0.38,YELLOW,57
2024-02-26 01:00:00,Kasturchand_Park,110,39.7,LOW,Clear,36.1,0,YELLOW,31
2024-02-26 01:00:00,Variety_Sq,108,42.3,LOW,Clear,32.8,0,YELLOW,49
2024-02-26 01:00:00,LIC_Sq,67,51.0,LOW,Clear,35.3,0,GREEN,30
2024-02-26 01:00:00,Empress_Mall_Sq,106,40.4,LOW,Clear,38.3,0,YELLOW,60
2024-02-26 02:00:00,Sitabuldi_Sq,111,48.0,LOW,Clear,36.4,0,GREEN,59
2024-02-26 02:00:00,Zero_Mile,96,48.0,LOW,Clear,36.4,0,RED,34
2024-02-26 02:00:00,Kasturchand_Park,140,43.7,MEDIUM,Clear,37.4,0,RED,68
2024-02-26 02:00:00,Variety_Sq,178,32.4,MEDIUM,Clouds,36.9,0,GREEN,79
2024-02-26 02:00:00,LIC_Sq,156,40.4,MEDIUM,Clear,40.0,0,RED,61
2024-02-26 02:00:00,Empress_Mall_Sq,157,40.0,MEDIUM,Clouds,35.4,0,RED,71
2024-02-26 03:00:00,Sitabuldi_Sq,30,58.8,LOW,Clear,39.1,0,YELLOW,21
2024-02-26 03:00:00,Zero_Mile,78,52.7,LOW,Clear,37.8,0,YELLOW,46
2024-02-26 03:00:00,Kasturchand_Park,115,45.2,LOW,Clouds,34.2,0,GREEN,52
2024-02-26 03:00:00,Variety_Sq,91,49.7,LOW,Clear,37.7,0,RED,38
2024-02-26 03:00:00,LIC_Sq,108,40.2,LOW,Clear,35.5,0,RED,65
2024-02-26 03:00:00,Empress_Mall_Sq,60,54.7,LOW,Clear,37.7,0,RED,35
2024-02-26 04:00:00,Sitabuldi_Sq,113,47.0,LOW,Clouds,35.9,0,GREEN,57
2024-02-26 04:00:00,Zero_Mile,125,42.8,MEDIUM,Clear,36.2,0,RED,59
2024-02-26 04:00:00,Kasturchand_Park,143,34.3,MEDIUM,Clouds,33.7,0,YELLOW,52
2024-02-26 04:00:00,Variety_Sq,97,43.3,LOW,Clouds,35.5,0,GREEN,61
2024-02-26 04:00:00,LIC_Sq,67,49.2,LOW,Clear,35.2,0,RED,38
2024-02-26 04:00:00,Empress_Mall_Sq,162,40.2,MEDIUM,Clear,37.6,0,YELLOW,80
2024-02-26 05:00:00,Sitabuldi_Sq,74,49.1,LOW,Clouds,37.3,0,RED,41
2024-02-26 05:00:00,Zero_Mile,136,41.0,MEDIUM,Clouds,35.1,0,YELLOW,65
2024-02-26 05:00:00,Kasturchand_Park,83,46.7,LOW,Clear,41.3,0,RED,22
2024-02-26 05:00:00,Variety_Sq,115,47.7,LOW,Clear,37.7,0,RED,67
2024-02-26 05:00:00,LIC_Sq,115,41.4,LOW,Clear,36.7,0,RED,46
2024-02-26 05:00:00,Empress_Mall_Sq,125,42.6,MEDIUM,Clear,38.3,0,RED,56
2024-02-26 06:00:00,Sitabuldi_Sq,131,35.2,MEDIUM,Clear,33.6,0,YELLOW,47
2024-02-26 06:00:00,Zero_Mile,62,52.8,LOW,Clear,35.8,0,RED,23
2024-02-26 06:00:00,Kasturchand_Park,87,49.7,LOW,Rain,37.5,0.6,GREEN,35
2024-02-26 06:00:00,Variety_Sq,118,42.1,LOW,Clear,33.7,0,RED,37
2024-02-26 06:00:00,LIC_Sq,118,42.3,LOW,Clear,39.9,0,RED,58
2024-02-26 06:00:00,Empress_Mall_Sq,127,44.6,MEDIUM,Clouds,38.2,0,YELLOW,49
2024-02-26 07:00:00,Sitabuldi_Sq,264,21.5,HIGH,Clear,36.0,0,YELLOW,135
2024-02-26 07:00:00,Zero_Mile,285,18.0,CRITICAL,Clear,37.0,0,RED,105
2024-02-26 07:00:00,Kasturchand_Park,337,5,CRITICAL,Clear,35.4,0,RED,155
2024-02-26 07:00:00,Variety_Sq,266,11.1,HIGH,Clear,35.2,0,RED,104
2024-02-26 07:00:00,LIC_Sq,309,10.4,CRITICAL,Clouds,34.9,0,RED,131
2024-02-26 07:00:00,Empress_Mall_Sq,312,14.1,CRITICAL,Clear,36.5,0,RED,139
2024-02-26 08:00:00,Sitabuldi_Sq,337,5.8,CRITICAL,Clear,37.1,0,RED,147
2024-02-26 08:00:00,Zero_Mile,271,15.5,HIGH,Clouds,37.3,0,RED,129
2024-02-26 08:00:00,Kasturchand_Park,201,21.7,HIGH,Clear,32.9,0,YELLOW,80
2024-02-26 08:00:00,Variety_Sq,257,15.8,HIGH,Clouds,35.7,0,RED,112
2024-02-26 08:00:00,LIC_Sq,287,12.9,CRITICAL,Clouds,40.4,0,GREEN,139
2024-02-26 08:00:00,Empress_Mall_Sq,247,24.2,HIGH,Clouds,40.7,0,YELLOW,107
2024-02-26 09:00:00,Sitabuldi_Sq,290,11.7,CRITICAL,Clear,36.7,0,GREEN,121
2024-02-26 09:00:00,Zero_Mile,296,13.4,CRITICAL,Clouds,34.7,0,YELLOW,143
2024-02-26 09:00:00,Kasturchand_Park,252,21.2,HIGH,Clear,39.4,0,GREEN,107
2024-02-26 09:00:00,Variety_Sq,236,19.1,HIGH,Clear,34.0,0,RED,97
2024-02-26 09:00:00,LIC_Sq,254,16.7,HIGH,Clear,35.3,0,RED,117
2024-02-26 09:00:00,Empress_Mall_Sq,303,5,CRITICAL,Clear,34.2,0,GREEN,127
2024-02-26 10:00:00,Sitabuldi_Sq,45,55.7,LOW,Clouds,31.7,0,RED,20
2024-02-26 10:00:00,Zero_Mile,98,49.1,LOW,Clouds,34.6,0,YELLOW,54
2024-02-26 10:00:00,Kasturchand_Park,106,48.8,LOW,Clear,32.3,0,RED,33
2024-02-26 10:00:00,Variety_Sq,75,50.6,LOW,Clouds,36.9,0,GREEN,30
2024-02-26 10:00:00,LIC_Sq,165,33.4,MEDIUM,Clouds,34.3,0,GREEN,76
2024-02-26 10:00:00,Empress_Mall_Sq,177,33.5,MEDIUM,Clouds,36.2,0,YELLOW,95
2024-02-26 11:00:00,Sitabuldi_Sq,135,42.7,MEDIUM,Clouds,35.7,0,RED,65
2024-02-26 11:00:00,Zero_Mile,177,32.4,MEDIUM,Clear,33.9,0.41,RED,84
2024-02-26 11:00:00,Kasturchand_Park,104,50.6,LOW,Clouds,36.2,0,RED,50
2024-02-26 11:00:00,Variety_Sq,101,49.2,LOW,Clear,35.4,0,RED,53
2024-02-26 11:00:00,LIC_Sq,109,41.6,LOW,Clouds,32.8,0,YELLOW,58
2024-02-26 11:00:00,Empress_Mall_Sq,105,44.6,LOW,Clear,39.0,0,RED,65
2024-02-26 12:00:00,Sitabuldi_Sq,180,39.1,MEDIUM,Clouds,35.5,0,GREEN,75
2024-02-26 12:00:00,Zero_Mile,145,36.5,MEDIUM,Clear,35.1,0,YELLOW,82
2024-02-26 12:00:00,Kasturchand_Park,90,47.6,LOW,Clouds,39.1,0,YELLOW,44
2024-02-26 12:00:00,Variety_Sq,61,51.8,LOW,Clear,38.2,0,GREEN,35
2024-02-26 12:00:00,LIC_Sq,151,38.8,MEDIUM,Clear,37.1,0.08,YELLOW,67
2024-02-26 12:00:00,Empress_Mall_Sq,169,41.8,MEDIUM,Clear,37.9,0,GREEN,67
2024-02-26 13:00:00,Sitabuldi_Sq,127,42.7,MEDIUM,Clear,37.1,0,GREEN,65
2024-02-26 13:00:00,Zero_Mile,74,47.7,LOW,Clear,40.6,0,YELLOW,46
2024-02-26 13:00:00,Kasturchand_Park,148,39.7,MEDIUM,Clouds,34.6,0,RED,74
2024-02-26 13:00:00,Variety_Sq,189,30.4,MEDIUM,Clear,35.7,0,GREEN,83
2024-02-26 13:00:00,LIC_Sq,50,56.4,LOW,Clouds,38.6,0,GREEN,35
2024-02-26 13:00:00,Empress_Mall_Sq,151,41.2,MEDIUM,Clear,40.0,0,RED,58
2024-02-26 14:00:00,Sitabuldi_Sq,32,58.2,LOW,Clouds,35.4,0,GREEN,19
2024-02-26 14:00:00,Zero_Mile,129,41.5,MEDIUM,Clear,40.2,0,YELLOW,54
2024-02-26 14:00:00,Kasturchand_Park,76,54.6,LOW,Clear,34.6,0,GREEN,12
2024-02-26 14:00:00,Variety_Sq,94,46.4,LOW,Clear,36.7,0,RED,46
2024-02-26 14:00:00,LIC_Sq,92,50.0,LOW,Clouds,37.3,0,YELLOW,37
2024-02-26 14:00:00,Empress_Mall_Sq,119,46.3,LOW,Clouds,34.3,0,RED,58
2024-02-26 15:00:00,Sitabuldi_Sq,122,44.5,MEDIUM,Clear,33.9,0,YELLOW,48
2024-02-26 15:00:00,Zero_Mile,82,41.5,LOW,Clear,35.6,0,YELLOW,37
2024-02-26 15:00:00,Kasturchand_Park,186,32.7,MEDIUM,Clear,38.3,0,GREEN,77
2024-02-26 15:00:00,Variety_Sq,88,49.3,LOW,Clear,33.3,0,GREEN,51
2024-02-26 15:00:00,LIC_Sq,129,46.9,MEDIUM,Rain,33.8,0.53,GREEN,67
2024-02-26 15:00:00,Empress_Mall_Sq,72,53.9,LOW,Clear,32.6,0,YELLOW,18
2024-02-26 16:00:00,Sitabuldi_Sq,291,15.4,CRITICAL,Clear,38.2,0,GREEN,141
2024-02-26 16:00:00,Zero_Mile,363,5,CRITICAL,Clear,35.9,0,YELLOW,177
2024-02-26 16:00:00,Kasturchand_Park,324,6.2,CRITICAL,Clouds,36.4,0,RED,151
2024-02-26 16:00:00,Variety_Sq,314,9.4,CRITICAL,Clear,37.7,0,YELLOW,132
2024-02-26 16:00:00,LIC_Sq,300,9.5,CRITICAL,Clear,36.0,0,GREEN,126
2024-02-26 16:00:00,Empress_Mall_Sq,373,5,CRITICAL,Clear,40.9,0,YELLOW,173
2024-02-26 17:00:00,Sitabuldi_Sq,299,7.5,CRITICAL,Clear,34.3,0,YELLOW,138
2024-02-26 17:00:00,Zero_Mile,350,5,CRITICAL,Clear,41.8,0,RED,167
2024-02-26 17:00:00,Kasturchand_Park,373,5,CRITICAL,Clear,36.8,0.22,RED,168
2024-02-26 17:00:00,Variety_Sq,282,15.9,CRITICAL,Clear,34.8,0,RED,118
2024-02-26 17:00:00,LIC_Sq,298,11.4,CRITICAL,Rain,34.8,0.94,YELLOW,133
2024-02-26 17:00:00,Empress_Mall_Sq,339,7.0,CRITICAL,Clear,36.6,0,YELLOW,149
2024-02-26 18:00:00,Sitabuldi_Sq,285,11.8,CRITICAL,Clear,37.1,0,RED,138
2024-02-26 18:00:00,Zero_Mile,300,13.7,CRITICAL,Clear,36.8,0,RED,126
2024-02-26 18:00:00,Kasturchand_Park,246,17.2,HIGH,Clear,40.8,0,RED,103
2024-02-26 18:00:00,Variety_Sq,279,13.6,HIGH,Clear,34.0,0,YELLOW,119
2024-02-26 18:00:00,LIC_Sq,280,13.4,HIGH,Clear,34.6,0,GREEN,116
2024-02-26 18:00:00,Empress_Mall_Sq,292,13.5,CRITICAL,Rain,33.7,0.54,GREEN,122
2024-02-26 19:00:00,Sitabuldi_Sq,269,14.1,HIGH,Clouds,38.6,0,GREEN,115
2024-02-26 19:00:00,Zero_Mile,323,5,CRITICAL,Clear,35.6,0,GREEN,145
2024-02-26 19:00:00,Kasturchand_Park,306,10.4,CRITICAL,Clear,37.6,0,RED,136
2024-02-26 19:00:00,Variety_Sq,275,16.4,HIGH,Clear,33.8,0,GREEN,118
2024-02-26 19:00:00,LIC_Sq,303,8.9,CRITICAL,Clear,37.4,0,GREEN,127
2024-02-26 19:00:00,Empress_Mall_Sq,246,25.5,HIGH,Clear,37.4,0,RED,117
2024-02-26 20:00:00,Sitabuldi_Sq,128,36.8,MEDIUM,Clouds,35.6,0,GREEN,56
2024-02-26 20:00:00,Zero_Mile,141,38.9,MEDIUM,Clear,35.4,0,RED,70
2024-02-26 20:00:00,Kasturchand_Park,103,44.0,LOW,Clouds,40.4,0,YELLOW,38
2024-02-26 20:00:00,Variety_Sq,59,58.4,LOW,Clouds,37.6,0.11,GREEN,22
2024-02-26 20:00:00,LIC_Sq,120,46.8,LOW,Clouds,34.5,0,YELLOW,36
2024-02-26 20:00:00,Empress_Mall_Sq,95,45.9,LOW,Clear,37.6,0,RED,47
2024-02-26 21:00:00,Sitabuldi_Sq,137,43.6,MEDIUM,Clear,36.7,0,RED,62
2024-02-26 21:00:00,Zero_Mile,153,37.6,MEDIUM,Clear,37.4,0,RED,69
2024-02-26 21:00:00,Kasturchand_Park,242,19.3,HIGH,Clear,37.2,0,RED,104
2024-02-26 21:00:00,Variety_Sq,152,38.8,MEDIUM,Clouds,36.6,0,GREEN,64
2024-02-26 21:00:00,LIC_Sq,161,34.1,MEDIUM,Clear,32.5,0,RED,80
2024-02-26 21:00:00,Empress_Mall_Sq,97,53.7,LOW,Clouds,39.8,0,GREEN,39
2024-02-26 22:00:00,Sitabuldi_Sq,159,46.9,MEDIUM,Clear,37.8,0,RED,73
2024-02-26 22:00:00,Zero_Mile,150,43.8,MEDIUM,Clear,38.6,0,GREEN,84
2024-02-26 22:00:00,Kasturchand_Park,95,48.0,LOW,Clear,34.3,0,YELLOW,59
2024-02-26 22:00:00,Variety_Sq,103,48.9,LOW,Clear,38.9,0,YELLOW,45
2024-02-26 22:00:00,LIC_Sq,159,36.6,MEDIUM,Clear,35.4,0,GREEN,69
2024-02-26 22:00:00,Empress_Mall_Sq,155,33.5,MEDIUM,Clouds,36.1,0,RED,69
2024-02-26 23:00:00,Sitabuldi_Sq,146,40.3,MEDIUM,Clear,34.4,0,RED,63
2024-02-26 23:00:00,Zero_Mile,77,51.5,LOW,Clouds,37.3,0,GREEN,46
2024-02-26 23:00:00,Kasturchand_Park,77,47.7,LOW,Clouds,34.4,0,GREEN,56
2024-02-26 23:00:00,Variety_Sq,90,44.3,LOW,Clear,35.9,0,GREEN,32
2024-02-26 23:00:00,LIC_Sq,161,38.0,MEDIUM,Clear,35.4,0,RED,70
2024-02-26 23:00:00,Empress_Mall_Sq,79,49.9,LOW,Clear,35.2,0.33,GREEN,27
2024-02-27 00:00:00,Sitabuldi_Sq,115,46.4,LOW,Clear,36.5,0,RED,48
2024-02-27 00:00:00,Zero_Mile,115,45.5,LOW,Clouds,35.4,0,RED,43
2024-02-27 00:00:00,Kasturchand_Park,133,42.6,MEDIUM,Clear,36.7,0.46,GREEN,71
2024-02-27 00:00:00,Variety_Sq,48,59.2,LOW,Clear,38.2,0,GREEN,25
2024-02-27 00:00:00,LIC_Sq,88,50.1,LOW,Clouds,39.7,0,RED,27
2024-02-27 00:00:00,Empress_Mall_Sq,124,40.6,MEDIUM,Clear,37.8,0,RED,44
2024-02-27 01:00:00,Sitabuldi_Sq,111,47.9,LOW,Clear,37.0,0,RED,36
2024-02-27 01:00:00,Zero_Mile,141,38.6,MEDIUM,Clear,36.5,0,RED,57
2024-02-27 01:00:00,Kasturchand_Park,123,41.7,MEDIUM,Clear,38.0,0,GREEN,43
2024-02-27 01:00:00,Variety_Sq,163,39.3,MEDIUM,Clear,39.7,0,YELLOW,94
2024-02-27 01:00:00,LIC_Sq,61,50.3,LOW,Clouds,33.6,0,YELLOW,30
2024-02-27 01:00:00,Empress_Mall_Sq,150,39.2,MEDIUM,Clouds,37.6,0,RED,59
2024-02-27 02:00:00,Sitabuldi_Sq,61,60.4,LOW,Clear,36.0,0,RED,30
2024-02-27 02:00:00,Zero_Mile,97,49.3,LOW,Clouds,31.8,0,GREEN,52
2024-02-27 02:00:00,Kasturchand_Park,136,40.3,MEDIUM,Clear,37.1,0,YELLOW,56
2024-02-27 02:00:00,Variety_Sq,136,41.3,MEDIUM,Clear,33.9,0,RED,63
2024-02-27 02:00:00,LIC_Sq,116,48.2,LOW,Clear,38.6,0,RED,31
2024-02-27 02:00:00,Empress_Mall_Sq,119,40.2,LOW,Clouds,36.8,0.46,GREEN,50
2024-02-27 03:00:00,Sitabuldi_Sq,137,39.2,MEDIUM,Clouds,36.4,0,RED,71
2024-02-27 03:00:00,Zero_Mile,126,37.9,MEDIUM,Clear,39.6,0,RED,64
2024-02-27 03:00:00,Kasturchand_Park,85,43.1,LOW,Clear,34.4,0,GREEN,55
2024-02-27 03:00:00,Variety_Sq,113,44.3,LOW,Clouds,34.0,0,YELLOW,64
2024-02-27 03:00:00,LIC_Sq,86,52.8,LOW,Clear,35.2,0,GREEN,44
2024-02-27 03:00:00,Empress_Mall_Sq,190,32.8,MEDIUM,Clear,37.1,0,YELLOW,69
2024-02-27 04:00:00,Sitabuldi_Sq,89,51.1,LOW,Clear,34.6,0,YELLOW,48
2024-02-27 04:00:00,Zero_Mile,116,48.1,LOW,Clear,38.6,0,YELLOW,49
2024-02-27 04:00:00,Kasturchand_Park,120,45.1,LOW,Clouds,34.7,0,YELLOW,62
2024-02-27 04:00:00,Variety_Sq,119,40.5,LOW,Clear,36.0,0,YELLOW,50
2024-02-27 04:00:00,LIC_Sq,154,42.9,MEDIUM,Clear,38.6,0,RED,76
2024-02-27 04:00:00,Empress_Mall_Sq,154,34.2,MEDIUM,Clouds,38.6,0,RED,54
2024-02-27 05:00:00,Sitabuldi_Sq,179,32.5,MEDIUM,Clouds,35.1,0,GREEN,78
2024-02-27 05:00:00,Zero_Mile,99,50.7,LOW,Clear,36.6,0,RED,54
2024-02-27 05:00:00,Kasturchand_Park,114,46.4,LOW,Clouds,34.7,0.09,RED,66
2024-02-27 05:00:00,Variety_Sq,194,25.1,MEDIUM,Clear,35.3,0,GREEN,63
2024-02-27 05:00:00,LIC_Sq,162,37.9,MEDIUM,Clear,37.4,0,GREEN,81
2024-02-27 05:00:00,Empress_Mall_Sq,139,37.6,MEDIUM,Clear,35.2,0,RED,43
2024-02-27 06:00:00,Sitabuldi_Sq,114,49.6,LOW,Clear,36.9,0,YELLOW,36
2024-02-27 06:00:00,Zero_Mile,103,45.5,LOW,Clear,36.9,0,RED,44
2024-02-27 06:00:00,Kasturchand_Park,121,47.4,MEDIUM,Clear,34.8,0,RED,45
2024-02-27 06:00:00,Variety_Sq,125,43.9,MEDIUM,Clear,34.0,0,RED,49
2024-02-27 06:00:00,LIC_Sq,89,50.8,LOW,Clear,36.5,0,YELLOW,34
2024-02-27 06:00:00,Empress_Mall_Sq,80,53.0,LOW,Clear,38.4,0,RED,29
2024-02-27 07:00:00,Sitabuldi_Sq,210,25.1,HIGH,Clear,38.0,0,RED,89
2024-02-27 07:00:00,Zero_Mile,277,10.7,HIGH,Clear,39.3,0,RED,122
2024-02-27 07:00:00,Kasturchand_Park,200,31.0,MEDIUM,Clear,40.1,0,RED,67
2024-02-27 07:00:00,Variety_Sq,308,7.3,CRITICAL,Clear,34.4,0,YELLOW,139
2024-02-27 07:00:00,LIC_Sq,287,13.6,CRITICAL,Clear,37.5,0,RED,133
2024-02-27 07:00:00,Empress_Mall_Sq,362,5,CRITICAL,Clear,33.0,0,YELLOW,167
2024-02-27 08:00:00,Sitabuldi_Sq,346,5,CRITICAL,Clear,37.1,0,RED,146
2024-02-27 08:00:00,Zero_Mile,259,22.5,HIGH,Clouds,38.6,0.43,GREEN,112
2024-02-27 08:00:00,Kasturchand_Park,263,17.0,HIGH,Clear,33.4,0,RED,102
2024-02-27 08:00:00,Variety_Sq,334,8.4,CRITICAL,Clouds,34.3,0,RED,172
2024-02-27 08:00:00,LIC_Sq,291,13.0,CRITICAL,Clear,38.3,0,GREEN,139
2024-02-27 08:00:00,Empress_Mall_Sq,242,22.7,HIGH,Clear,40.7,0,YELLOW,103
2024-02-27 09:00:00,Sitabuldi_Sq,255,13.7,HIGH,Clear,36.4,0,GREEN,120
2024-02-27 09:00:00,Zero_Mile,306,9.6,CRITICAL,Clouds,33.0,0,YELLOW,130
2024-02-27 09:00:00,Kasturchand_Park,264,17.5,HIGH,Clear,36.7,0,YELLOW,120
2024-02-27 09:00:00,Variety_Sq,240,22.8,HIGH,Clouds,37.7,0,RED,114
2024-02-27 09:00:00,LIC_Sq,272,12.7,HIGH,Clear,37.1,0,GREEN,121
2024-02-27 09:00:00,Empress_Mall_Sq,345,5,CRITICAL,Clouds,36.3,0,RED,147
2024-02-27 10:00:00,Sitabuldi_Sq,118,44.5,LOW,Clear,35.6,0,GREEN,49
2024-02-27 10:00:00,Zero_Mile,86,43.3,LOW,Clear,35.0,0,YELLOW,48
2024-02-27 10:00:00,Kasturchand_Park,156,34.5,MEDIUM,Clear,37.2,0,YELLOW,57
2024-02-27 10:00:00,Variety_Sq,127,42.1,MEDIUM,Clear,33.6,0,RED,68
2024-02-27 10:00:00,LIC_Sq,99,45.1,LOW,Clouds,37.5,0,YELLOW,49
2024-02-27 10:00:00,Empress_Mall_Sq,145,38.1,MEDIUM,Clear,36.1,0,YELLOW,70
2024-02-27 11:00:00,Sitabuldi_Sq,31,60.8,LOW,Clear,38.5,0,RED,18
2024-02-27 11:00:00,Zero_Mile,75,51.0,LOW,Clear,37.6,0,YELLOW,9
2024-02-27 11:00:00,Kasturchand_Park,153,39.9,MEDIUM,Clear,35.5,0,GREEN,72
2024-02-27 11:00:00,Variety_Sq,122,45.4,MEDIUM,Clear,35.5,0,RED,43
2024-02-27 11:00:00,LIC_Sq,80,48.3,LOW,Clear,36.3,0,RED,21
2024-02-27 11:00:00,Empress_Mall_Sq,73,56.2,LOW,Clear,37.5,0,GREEN,37
2024-02-27 12:00:00,Sitabuldi_Sq,121,41.5,MEDIUM,Clear,40.1,0,YELLOW,52
2024-02-27 12:00:00,Zero_Mile,138,40.4,MEDIUM,Clear,38.3,0,RED,49
2024-02-27 12:00:00,Kasturchand_Park,146,35.2,MEDIUM,Clear,36.1,0,GREEN,78
2024-02-27 12:00:00,Variety_Sq,106,43.1,LOW,Clouds,36.6,0,RED,18
2024-02-27 12:00:00,LIC_Sq,80,59.3,LOW,Clouds,33.3,0,RED,39
2024-02-27 12:00:00,Empress_Mall_Sq,115,45.7,LOW,Clear,40.0,0,GREEN,48
2024-02-27 13:00:00,Sitabuldi_Sq,146,35.2,MEDIUM,Clouds,36.9,0,GREEN,72
2024-02-27 13:00:00,Zero_Mile,115,44.0,LOW,Clear,40.6,0,GREEN,39
2024-02-27 13:00:00,Kasturchand_Park,145,39.4,MEDIUM,Clear,37.0,0,GREEN,55
2024-02-27 13:00:00,Variety_Sq,163,35.1,MEDIUM,Clear,34.7,0.39,YELLOW,64
2024-02-27 13:00:00,LIC_Sq,65,53.9,LOW,Clear,38.7,0,YELLOW,22
2024-02-27 13:00:00,Empress_Mall_Sq,100,44.0,LOW,Clear,36.2,0,GREEN,41
2024-02-27 14:00:00,Sitabuldi_Sq,110,46.8,LOW,Clouds,36.4,0,RED,37
2024-02-27 14:00:00,Zero_Mile,100,48.2,LOW,Clear,37.5,0,RED,38
2024-02-27 14:00:00,Kasturchand_Park,94,48.2,LOW,Clear,36.1,0,GREEN,48
2024-02-27 14:00:00,Variety_Sq,88,41.9,LOW,Clear,35.3,0,YELLOW,27
2024-02-27 14:00:00,LIC_Sq,185,30.4,MEDIUM,Clear,35.4,0,RED,80
2024-02-27 14:00:00,Empress_Mall_Sq,90,53.7,LOW,Clear,36.9,0,YELLOW,48
2024-02-27 15:00:00,Sitabuldi_Sq,138,40.9,MEDIUM,Clear,37.2,0,RED,51
2024-02-27 15:00:00,Zero_Mile,136,37.8,MEDIUM,Clear,33.2,0,RED,55
2024-02-27 15:00:00,Kasturchand_Park,112,43.4,LOW,Clear,37.0,0,GREEN,68
2024-02-27 15:00:00,Variety_Sq,112,47.7,LOW,Clouds,38.0,0,YELLOW,53
2024-02-27 15:00:00,LIC_Sq,160,36.9,MEDIUM,Clear,37.1,0,GREEN,61
2024-02-27 15:00:00,Empress_Mall_Sq,128,44.0,MEDIUM,Clouds,34.6,0,RED,56
2024-02-27 16:00:00,Sitabuldi_Sq,317,8.8,CRITICAL,Clear,41.1,0,RED,122
2024-02-27 16:00:00,Zero_Mile,265,21.2,HIGH,Clear,34.8,0,YELLOW,122
2024-02-27 16:00:00,Kasturchand_Park,265,17.2,HIGH,Clear,35.1,0,YELLOW,129
2024-02-27 16:00:00,Variety_Sq,259,15.0,HIGH,Clear,36.6,0,YELLOW,112
2024-02-27 16:00:00,LIC_Sq,228,26.5,HIGH,Clear,35.5,0,GREEN,101
2024-02-27 16:00:00,Empress_Mall_Sq,271,12.8,HIGH,Clear,38.3,0,GREEN,131
2024-02-27 17:00:00,Sitabuldi_Sq,362,5,CRITICAL,Clouds,36.6,0,GREEN,166
2024-02-27 17:00:00,Zero_Mile,358,5.8,CRITICAL,Clouds,36.7,0,YELLOW,157
2024-02-27 17:00:00,Kasturchand_Park,254,19.7,HIGH,Clear,39.9,0,GREEN,117
2024-02-27 17:00:00,Variety_Sq,239,26.5,HIGH,Clear,36.1,0,GREEN,109
2024-02-27 17:00:00,LIC_Sq,321,10.7,CRITICAL,Clouds,37.6,0,RED,141
2024-02-27 17:00:00,Empress_Mall_Sq,324,6.2,CRITICAL,Clouds,40.9,0,RED,147
2024-02-27 18:00:00,Sitabuldi_Sq,354,5,CRITICAL,Clouds,36.3,0,YELLOW,176
2024-02-27 18:00:00,Zero_Mile,282,11.2,CRITICAL,Clear,36.9,0,RED,124
2024-02-27 18:00:00,Kasturchand_Park,312,6.0,CRITICAL,Clear,36.0,0,GREEN,141
2024-02-27 18:00:00,Variety_Sq,254,20.7,HIGH,Clear,38.6,0,RED,117
2024-02-27 18:00:00,LIC_Sq,388,5,CRITICAL,Clear,35.2,0,YELLOW,176
2024-02-27 18:00:00,Empress_Mall_Sq,291,11.1,CRITICAL,Clouds,37.6,0,RED,130
2024-02-27 19:00:00,Sitabuldi_Sq,321,6.3,CRITICAL,Clear,33.5,0,YELLOW,145
2024-02-27 19:00:00,Zero_Mile,307,6.4,CRITICAL,Clear,34.6,0.02,RED,138
2024-02-27 19:00:00,Kasturchand_Park,304,12.9,CRITICAL,Clear,38.7,0,YELLOW,143
2024-02-27 19:00:00,Variety_Sq,282,12.8,CRITICAL,Clear,37.7,0,GREEN,113
2024-02-27 19:00:00,LIC_Sq,326,5,CRITICAL,Clouds,34.0,0,YELLOW,146
2024-02-27 19:00:00,Empress_Mall_Sq,312,5.1,CRITICAL,Clear,36.2,0,GREEN,122
2024-02-27 20:00:00,Sitabuldi_Sq,112,48.4,LOW,Clear,37.4,0,GREEN,66
2024-02-27 20:00:00,Zero_Mile,92,51.5,LOW,Clear,38.1,0,RED,40
2024-02-27 20:00:00,Kasturchand_Park,262,10.2,HIGH,Clear,33.5,0,YELLOW,116
2024-02-27 20:00:00,Variety_Sq,86,53.2,LOW,Clouds,34.2,0,GREEN,47
2024-02-27 20:00:00,LIC_Sq,61,49.2,LOW,Clear,34.8,0,GREEN,38
2024-02-27 20:00:00,Empress_Mall_Sq,120,44.1,LOW,Clear,35.6,0,GREEN,44
2024-02-27 21:00:00,Sitabuldi_Sq,163,38.5,MEDIUM,Clouds,37.3,0,RED,48
2024-02-27 21:00:00,Zero_Mile,161,41.1,MEDIUM,Clouds,38.8,0,YELLOW,56
2024-02-27 21:00:00,Kasturchand_Park,179,34.6,MEDIUM,Clouds,32.8,0,RED,65
2024-02-27 21:00:00,Variety_Sq,86,47.9,LOW,Clear,37.8,0,GREEN,42
2024-02-27 21:00:00,LIC_Sq,147,36.6,MEDIUM,Clear,38.7,0,GREEN,51
2024-02-27 21:00:00,Empress_Mall_Sq,191,30.8,MEDIUM,Clear,37.7,0,RED,85
2024-02-27 22:00:00,Sitabuldi_Sq,81,51.2,LOW,Clear,37.7,0,YELLOW,33
2024-02-27 22:00:00,Zero_Mile,136,36.9,MEDIUM,Clear,36.4,0,GREEN,65
2024-02-27 22:00:00,Kasturchand_Park,78,51.1,LOW,Clear,34.6,0,YELLOW,42
2024-02-27 22:00:00,Variety_Sq,82,49.5,LOW,Clear,35.3,0,RED,35
2024-02-27 22:00:00,LIC_Sq,78,50.4,LOW,Clear,38.1,0,RED,38
2024-02-27 22:00:00,Empress_Mall_Sq,101,48.8,LOW,Clear,36.5,0,RED,38
2024-02-27 23:00:00,Sitabuldi_Sq,100,44.6,LOW,Clear,32.0,0,YELLOW,31
2024-02-27 23:00:00,Zero_Mile,114,43.6,LOW,Clouds,38.0,0,YELLOW,50
2024-02-27 23:00:00,Kasturchand_Park,117,44.6,LOW,Clouds,36.2,0,YELLOW,41
2024-02-27 23:00:00,Variety_Sq,138,43.7,MEDIUM,Clear,36.5,0,RED,63
2024-02-27 23:00:00,LIC_Sq,174,32.8,MEDIUM,Clouds,34.0,0,RED,95
2024-02-27 23:00:00,Empress_Mall_Sq,99,44.5,LOW,Clear,38.7,0,GREEN,48
2024-02-28 00:00:00,Sitabuldi_Sq,183,30.2,MEDIUM,Clear,39.4,0,RED,74
2024-02-28 00:00:00,Zero_Mile,180,31.9,MEDIUM,Clear,32.4,0,RED,80
2024-02-28 00:00:00,Kasturchand_Park,104,50.4,LOW,Clouds,37.2,0,YELLOW,64
2024-02-28 00:00:00,Variety_Sq,136,41.1,MEDIUM,Clouds,34.8,0,YELLOW,56
2024-02-28 00:00:00,LIC_Sq,136,39.3,MEDIUM,Clouds,38.3,0,YELLOW,71
2024-02-28 00:00:00,Empress_Mall_Sq,108,51.1,LOW,Clear,36.5,0,GREEN,59
2024-02-28 01:00:00,Sitabuldi_Sq,73,47.9,LOW,Clear,36.4,0.19,YELLOW,29
2024-02-28 01:00:00,Zero_Mile,93,47.2,LOW,Clear,37.1,0,YELLOW,34
2024-02-28 01:00:00,Kasturchand_Park,96,45.4,LOW,Clear,36.2,0,RED,40
2024-02-28 01:00:00,Variety_Sq,126,40.7,MEDIUM,Clouds,37.4,0,YELLOW,56
2024-02-28 01:00:00,LIC_Sq,172,37.0,MEDIUM,Clear,36.0,0,YELLOW,76
2024-02-28 01:00:00,Empress_Mall_Sq,150,33.5,MEDIUM,Clear,39.0,0,GREEN,61
2024-02-28 02:00:00,Sitabuldi_Sq,100,52.7,LOW,Clouds,35.6,0,GREEN,52
2024-02-28 02:00:00,Zero_Mile,121,43.0,MEDIUM,Clear,37.3,0,YELLOW,59
2024-02-28 02:00:00,Kasturchand_Park,146,39.7,MEDIUM,Clouds,37.8,0,YELLOW,69
2024-02-28 02:00:00,Variety_Sq,134,42.8,MEDIUM,Clouds,33.0,0,YELLOW,64
2024-02-28 02:00:00,LIC_Sq,120,42.9,LOW,Clear,36.9,0,RED,38
2024-02-28 02:00:00,Empress_Mall_Sq,105,48.5,LOW,Clear,37.5,0,GREEN,47
2024-02-28 03:00:00,Sitabuldi_Sq,132,37.8,MEDIUM,Clear,33.9,0,YELLOW,67
2024-02-28 03:00:00,Zero_Mile,205,26.6,HIGH,Clouds,37.5,0,RED,85
2024-02-28 03:00:00,Kasturchand_Park,179,32.7,MEDIUM,Clear,35.4,0,RED,75
2024-02-28 03:00:00,Variety_Sq,184,31.1,MEDIUM,Clear,36.9,0,YELLOW,93
2024-02-28 03:00:00,LIC_Sq,89,55.4,LOW,Clear,35.0,0,GREEN,32
2024-02-28 03:00:00,Empress_Mall_Sq,96,46.0,LOW,Clear,37.6,0,GREEN,27
2024-02-28 04:00:00,Sitabuldi_Sq,57,61.7,LOW,Clear,38.2,0,RED,25
2024-02-28 04:00:00,Zero_Mile,124,40.5,MEDIUM,Clear,37.7,0,YELLOW,51
2024-02-28 04:00:00,Kasturchand_Park,155,41.7,MEDIUM,Clear,34.3,0,GREEN,51
2024-02-28 04:00:00,Variety_Sq,155,38.4,MEDIUM,Rain,37.8,0.67,GREEN,77
2024-02-28 04:00:00,LIC_Sq,123,43.5,MEDIUM,Clear,35.6,0,GREEN,68
2024-02-28 04:00:00,Empress_Mall_Sq,59,51.3,LOW,Clear,36.8,0,GREEN,30
2024-02-28 05:00:00,Sitabuldi_Sq,152,38.3,MEDIUM,Clouds,36.4,0,GREEN,74
2024-02-28 05:00:00,Zero_Mile,96,44.4,LOW,Clouds,35.0,0,GREEN,51
2024-02-28 05:00:00,Kasturchand_Park,105,44.2,LOW,Clear,35.1,0,RED,49
2024-02-28 05:00:00,Variety_Sq,63,53.8,LOW,Clouds,35.8,0,RED,30
2024-02-28 05:00:00,LIC_Sq,42,56.9,LOW,Clear,34.3,0,GREEN,31
2024-02-28 05:00:00,Empress_Mall_Sq,104,48.7,LOW,Clear,36.4,0,RED,55
2024-02-28 06:00:00,Sitabuldi_Sq,143,40.9,MEDIUM,Clouds,37.9,0,YELLOW,62
2024-02-28 06:00:00,Zero_Mile,36,58.8,LOW,Clear,36.9,0,RED,44
2024-02-28 06:00:00,Kasturchand_Park,114,41.3,LOW,Clear,36.3,0,GREEN,56
2024-02-28 06:00:00,Variety_Sq,72,56.2,LOW,Clear,35.5,0,GREEN,20
2024-02-28 06:00:00,LIC_Sq,126,39.7,MEDIUM,Clear,33.4,0.07,GREEN,68
2024-02-28 06:00:00,Empress_Mall_Sq,106,47.3,LOW,Clouds,35.4,0,RED,47
2024-02-28 07:00:00,Sitabuldi_Sq,284,17.4,CRITICAL,Clear,34.6,0,GREEN,122
2024-02-28 07:00:00,Zero_Mile,298,15.2,CRITICAL,Clear,32.7,0,RED,144
2024-02-28 07:00:00,Kasturchand_Park,244,23.9,HIGH,Clear,35.8,0,GREEN,98
2024-02-28 07:00:00,Variety_Sq,338,5,CRITICAL,Clear,43.8,0,GREEN,151
2024-02-28 07:00:00,LIC_Sq,326,8.0,CRITICAL,Clear,37.5,0,RED,160
2024-02-28 07:00:00,Empress_Mall_Sq,287,10.7,CRITICAL,Clouds,35.5,0,RED,132
2024-02-28 08:00:00,Sitabuldi_Sq,265,14.5,HIGH,Clear,39.2,0,RED,127
2024-02-28 08:00:00,Zero_Mile,219,23.3,HIGH,Clear,37.7,0,RED,96
2024-02-28 08:00:00,Kasturchand_Park,276,12.6,HIGH,Clear,37.5,0,GREEN,131
2024-02-28 08:00:00,Variety_Sq,307,7.9,CRITICAL,Clouds,37.7,0,RED,137
2024-02-28 08:00:00,LIC_Sq,268,15.5,HIGH,Clouds,37.8,0,YELLOW,121
2024-02-28 08:00:00,Empress_Mall_Sq,296,13.8,CRITICAL,Clear,36.3,0,GREEN,130
2024-02-28 09:00:00,Sitabuldi_Sq,230,19.1,HIGH,Clear,29.8,0,YELLOW,109
2024-02-28 09:00:00,Zero_Mile,340,5,CRITICAL,Clear,36.5,0,YELLOW,166
2024-02-28 09:00:00,Kasturchand_Park,265,20.5,HIGH,Clear,37.9,0,RED,117
2024-02-28 09:00:00,Variety_Sq,281,19.1,CRITICAL,Clear,32.8,0,GREEN,143
2024-02-28 09:00:00,LIC_Sq,248,19.7,HIGH,Clouds,36.6,0,RED,97
2024-02-28 09:00:00,Empress_Mall_Sq,268,18.4,HIGH,Clouds,37.7,0,RED,123
2024-02-28 10:00:00,Sitabuldi_Sq,113,45.9,LOW,Clear,39.0,0,RED,38
2024-02-28 10:00:00,Zero_Mile,114,42.5,LOW,Clear,34.4,0,GREEN,59
2024-02-28 10:00:00,Kasturchand_Park,47,61.3,LOW,Clouds,36.0,0.19,RED,12
2024-02-28 10:00:00,Variety_Sq,68,52.2,LOW,Clear,36.6,0,GREEN,32
2024-02-28 10:00:00,LIC_Sq,130,42.8,MEDIUM,Clear,36.2,0,RED,53
2024-02-28 10:00:00,Empress_Mall_Sq,137,40.9,MEDIUM,Clear,36.7,0,GREEN,70
2024-02-28 11:00:00,Sitabuldi_Sq,88,52.6,LOW,Clear,39.0,0,RED,48
2024-02-28 11:00:00,Zero_Mile,136,40.0,MEDIUM,Rain,38.3,0.75,RED,57
2024-02-28 11:00:00,Kasturchand_Park,158,36.6,MEDIUM,Clear,36.2,0,GREEN,72
2024-02-28 11:00:00,Variety_Sq,123,48.8,MEDIUM,Clear,37.8,0,RED,54
2024-02-28 11:00:00,LIC_Sq,138,38.3,MEDIUM,Clear,34.5,0,RED,42
2024-02-28 11:00:00,Empress_Mall_Sq,67,54.0,LOW,Clouds,37.3,0,GREEN,14
2024-02-28 12:00:00,Sitabuldi_Sq,143,44.4,MEDIUM,Clear,36.6,0,GREEN,56
2024-02-28 12:00:00,Zero_Mile,141,32.1,MEDIUM,Clear,36.5,0,GREEN,59
2024-02-28 12:00:00,Kasturchand_Park,114,50.1,LOW,Clear,37.0,0,GREEN,54
2024-02-28 12:00:00,Variety_Sq,141,40.7,MEDIUM,Clouds,34.3,0,GREEN,93
2024-02-28 12:00:00,LIC_Sq,90,46.0,LOW,Clear,38.3,0,GREEN,32
2024-02-28 12:00:00,Empress_Mall_Sq,125,44.9,MEDIUM,Clouds,38.1,0,RED,40
2024-02-28 13:00:00,Sitabuldi_Sq,126,42.2,MEDIUM,Clouds,40.7,0,YELLOW,54
2024-02-28 13:00:00,Zero_Mile,90,48.7,LOW,Clear,34.8,0,GREEN,17
2024-02-28 13:00:00,Kasturchand_Park,81,51.4,LOW,Clear,38.6,0,YELLOW,28
2024-02-28 13:00:00,Variety_Sq,114,42.7,LOW,Clear,34.3,0,RED,42
2024-02-28 13:00:00,LIC_Sq,75,54.7,LOW,Clouds,34.2,0,RED,40
2024-02-28 13:00:00,Empress_Mall_Sq,96,43.8,LOW,Clear,40.0,0,GREEN,44
2024-02-28 14:00:00,Sitabuldi_Sq,187,34.5,MEDIUM,Clouds,34.7,0,YELLOW,91
2024-02-28 14:00:00,Zero_Mile,82,50.0,LOW,Clear,37.6,0,YELLOW,38
2024-02-28 14:00:00,Kasturchand_Park,131,37.2,MEDIUM,Clear,37.4,0,GREEN,68
2024-02-28 14:00:00,Variety_Sq,106,46.8,LOW,Clouds,34.8,0,GREEN,39
2024-02-28 14:00:00,LIC_Sq,134,40.9,MEDIUM,Clouds,37.2,0.05,GREEN,55
2024-02-28 14:00:00,Empress_Mall_Sq,175,32.9,MEDIUM,Clear,39.9,0,YELLOW,90
2024-02-28 15:00:00,Sitabuldi_Sq,143,40.1,MEDIUM,Clear,37.4,0,YELLOW,48
2024-02-28 15:00:00,Zero_Mile,58,47.6,LOW,Clouds,36.6,0,YELLOW,33
2024-02-28 15:00:00,Kasturchand_Park,65,50.9,LOW,Clear,37.9,0,RED,43
2024-02-28 15:00:00,Variety_Sq,93,48.9,LOW,Clear,33.9,0.12,YELLOW,55
2024-02-28 15:00:00,LIC_Sq,20,61.8,LOW,Clear,37.6,0,RED,13
2024-02-28 15:00:00,Empress_Mall_Sq,164,37.1,MEDIUM,Clear,37.0,0,YELLOW,88
2024-02-28 16:00:00,Sitabuldi_Sq,290,12.0,CRITICAL,Clear,40.1,0,GREEN,141
2024-02-28 16:00:00,Zero_Mile,309,9.5,CRITICAL,Clear,35.1,0,RED,163
2024-02-28 16:00:00,Kasturchand_Park,276,17.4,HIGH,Clouds,39.6,0,RED,134
2024-02-28 16:00:00,Variety_Sq,405,5,CRITICAL,Clouds,36.8,0,RED,173
2024-02-28 16:00:00,LIC_Sq,341,6.6,CRITICAL,Clouds,36.4,0,GREEN,157
2024-02-28 16:00:00,Empress_Mall_Sq,292,12.6,CRITICAL,Clear,40.5,0,YELLOW,123
2024-02-28 17:00:00,Sitabuldi_Sq,382,5,CRITICAL,Clear,37.4,0,YELLOW,154
2024-02-28 17:00:00,Zero_Mile,249,23.2,HIGH,Clear,37.8,0,YELLOW,116
2024-02-28 17:00:00,Kasturchand_Park,273,11.4,HIGH,Clear,36.4,0,YELLOW,124
2024-02-28 17:00:00,Variety_Sq,303,5.1,CRITICAL,Clouds,35.0,0,RED,124
2024-02-28 17:00:00,LIC_Sq,312,5.8,CRITICAL,Clear,38.6,0.43,YELLOW,128
2024-02-28 17:00:00,Empress_Mall_Sq,321,5,CRITICAL,Clouds,37.9,0,GREEN,160
2024-02-28 18:00:00,Sitabuldi_Sq,361,5,CRITICAL,Clear,36.0,0,RED,172
2024-02-28 18:00:00,Zero_Mile,330,5,CRITICAL,Clear,32.1,0.11,RED,145
2024-02-28 18:00:00,Kasturchand_Park,250,20.8,HIGH,Clear,34.3,0,YELLOW,110
2024-02-28 18:00:00,Variety_Sq,278,19.2,HIGH,Clear,36.0,0,RED,124
2024-02-28 18:00:00,LIC_Sq,339,6.8,CRITICAL,Clear,34.8,0.08,YELLOW,140
2024-02-28 18:00:00,Empress_Mall_Sq,386,5,CRITICAL,Clear,37.4,0,GREEN,172
2024-02-28 19:00:00,Sitabuldi_Sq,254,18.1,HIGH,Clear,39.0,0,YELLOW,121
2024-02-28 19:00:00,Zero_Mile,278,15.1,HIGH,Clear,39.0,0,YELLOW,124
2024-02-28 19:00:00,Kasturchand_Park,373,5,CRITICAL,Clear,34.3,0.16,GREEN,160
2024-02-28 19:00:00,Variety_Sq,295,15.1,CRITICAL,Clear,42.0,0,RED,131
2024-02-28 19:00:00,LIC_Sq,334,5,CRITICAL,Clear,35.4,0,GREEN,142
2024-02-28 19:00:00,Empress_Mall_Sq,279,16.4,HIGH,Clear,33.8,0,YELLOW,130
2024-02-28 20:00:00,Sitabuldi_Sq,122,45.8,MEDIUM,Clouds,36.2,0,GREEN,53
2024-02-28 20:00:00,Zero_Mile,175,35.2,MEDIUM,Clear,38.6,0,GREEN,59
2024-02-28 20:00:00,Kasturchand_Park,54,55.7,LOW,Clear,37.4,0,GREEN,27
2024-02-28 20:00:00,Variety_Sq,115,38.8,LOW,Clear,34.6,0,GREEN,32
2024-02-28 20:00:00,LIC_Sq,160,39.3,MEDIUM,Clear,39.2,0,GREEN,65
2024-02-28 20:00:00,Empress_Mall_Sq,153,37.7,MEDIUM,Clear,36.5,0,GREEN,73
2024-02-28 21:00:00,Sitabuldi_Sq,180,31.1,MEDIUM,Clear,36.8,0,YELLOW,55
2024-02-28 21:00:00,Zero_Mile,144,37.4,MEDIUM,Clouds,34.9,0,YELLOW,75
2024-02-28 21:00:00,Kasturchand_Park,124,42.9,MEDIUM,Clear,39.9,0,YELLOW,54
2024-02-28 21:00:00,Variety_Sq,106,46.3,LOW,Clear,34.0,0,YELLOW,58
2024-02-28 21:00:00,LIC_Sq,150,40.3,MEDIUM,Clear,37.6,0,GREEN,62
2024-02-28 21:00:00,Empress_Mall_Sq,101,46.0,LOW,Clear,35.8,0,RED,28
2024-02-28 22:00:00,Sitabuldi_Sq,187,28.0,MEDIUM,Clear,37.1,0,GREEN,99
2024-02-28 22:00:00,Zero_Mile,109,51.9,LOW,Clear,37.1,0,YELLOW,53
2024-02-28 22:00:00,Kasturchand_Park,90,40.1,LOW,Clear,34.1,0,YELLOW,34
2024-02-28 22:00:00,Variety_Sq,160,35.0,MEDIUM,Clear,37.1,0,RED,72
2024-02-28 22:00:00,LIC_Sq,74,43.7,LOW,Clouds,36.2,0,YELLOW,37
2024-02-28 22:00:00,Empress_Mall_Sq,124,44.3,MEDIUM,Clear,37.8,0,RED,56
2024-02-28 23:00:00,Sitabuldi_Sq,124,41.9,MEDIUM,Clear,37.7,0,RED,70
2024-02-28 23:00:00,Zero_Mile,125,43.0,MEDIUM,Clear,35.2,0,GREEN,52
2024-02-28 23:00:00,Kasturchand_Park,133,40.7,MEDIUM,Clouds,36.6,0,YELLOW,53
2024-02-28 23:00:00,Variety_Sq,131,37.2,MEDIUM,Clear,39.8,0,GREEN,43
2024-02-28 23:00:00,LIC_Sq,137,35.2,MEDIUM,Clear,38.0,0,YELLOW,70
2024-02-28 23:00:00,Empress_Mall_Sq,134,38.1,MEDIUM,Clear,34.7,0,YELLOW,69
2024-02-29 00:00:00,Sitabuldi_Sq,61,52.5,LOW,Clear,35.6,0,GREEN,41
2024-02-29 00:00:00,Zero_Mile,146,43.7,MEDIUM,Clear,31.3,0,RED,84
2024-02-29 00:00:00,Kasturchand_Park,35,62.9,LOW,Clear,39.1,0,RED,24
2024-02-29 00:00:00,Variety_Sq,109,48.2,LOW,Clouds,37.5,0,GREEN,37
2024-02-29 00:00:00,LIC_Sq,160,35.6,MEDIUM,Clouds,37.7,0,GREEN,50
2024-02-29 00:00:00,Empress_Mall_Sq,109,45.7,LOW,Clear,39.4,0,GREEN,59
2024-02-29 01:00:00,Sitabuldi_Sq,129,40.6,MEDIUM,Clear,36.3,0,GREEN,54
2024-02-29 01:00:00,Zero_Mile,56,52.1,LOW,Clear,33.1,0,GREEN,11
2024-02-29 01:00:00,Kasturchand_Park,97,49.2,LOW,Clouds,36.7,0.09,GREEN,44
2024-02-29 01:00:00,Variety_Sq,105,47.5,LOW,Clouds,36.0,0,RED,33
2024-02-29 01:00:00,LIC_Sq,187,34.1,MEDIUM,Clear,36.5,0,YELLOW,79
2024-02-29 01:00:00,Empress_Mall_Sq,134,42.7,MEDIUM,Clear,33.4,0,RED,62
2024-02-29 02:00:00,Sitabuldi_Sq,49,57.5,LOW,Clouds,35.9,0,RED,9
2024-02-29 02:00:00,Zero_Mile,112,51.3,LOW,Clear,37.5,0,RED,61
2024-02-29 02:00:00,Kasturchand_Park,124,42.3,MEDIUM,Clouds,34.2,0,RED,45
2024-02-29 02:00:00,Variety_Sq,137,38.5,MEDIUM,Clouds,32.8,0.13,RED,65
2024-02-29 02:00:00,LIC_Sq,81,46.1,LOW,Clear,39.9,0,YELLOW,16
2024-02-29 02:00:00,Empress_Mall_Sq,156,39.9,MEDIUM,Clear,35.2,0,RED,70
2024-02-29 03:00:00,Sitabuldi_Sq,129,43.1,MEDIUM,Clear,36.4,0,YELLOW,39
2024-02-29 03:00:00,Zero_Mile,163,34.9,MEDIUM,Clear,35.6,0,GREEN,56
2024-02-29 03:00:00,Kasturchand_Park,144,33.6,MEDIUM,Rain,38.5,0.96,YELLOW,68
2024-02-29 03:00:00,Variety_Sq,52,53.2,LOW,Clear,36.4,0,YELLOW,31
2024-02-29 03:00:00,LIC_Sq,111,42.2,LOW,Clear,34.9,0,YELLOW,70
2024-02-29 03:00:00,Empress_Mall_Sq,136,40.9,MEDIUM,Clear,36.4,0,RED,58
2024-02-29 04:00:00,Sitabuldi_Sq,87,52.4,LOW,Clear,35.8,0,RED,25
2024-02-29 04:00:00,Zero_Mile,79,51.5,LOW,Clear,35.0,0,RED,42
2024-02-29 04:00:00,Kasturchand_Park,181,31.4,MEDIUM,Rain,37.1,0.76,YELLOW,96
2024-02-29 04:00:00,Variety_Sq,86,55.8,LOW,Clear,35.3,0,YELLOW,41
2024-02-29 04:00:00,LIC_Sq,135,40.6,MEDIUM,Clear,38.4,0,YELLOW,53
2024-02-29 04:00:00,Empress_Mall_Sq,257,17.7,HIGH,Clouds,35.7,0,RED,113
2024-02-29 05:00:00,Sitabuldi_Sq,166,36.0,MEDIUM,Clear,36.3,0.13,YELLOW,70
2024-02-29 05:00:00,Zero_Mile,133,43.7,MEDIUM,Clear,36.7,0,RED,78
2024-02-29 05:00:00,Kasturchand_Park,164,33.7,MEDIUM,Clear,37.2,0,YELLOW,84
2024-02-29 05:00:00,Variety_Sq,130,42.1,MEDIUM,Clear,38.0,0.45,YELLOW,61
2024-02-29 05:00:00,LIC_Sq,91,52.4,LOW,Clear,43.6,0,GREEN,31
2024-02-29 05:00:00,Empress_Mall_Sq,130,44.7,MEDIUM,Clear,36.3,0,GREEN,63
2024-02-29 06:00:00,Sitabuldi_Sq,142,39.1,MEDIUM,Clear,37.7,0,GREEN,50
2024-02-29 06:00:00,Zero_Mile,234,19.7,HIGH,Clouds,39.4,0,RED,115
2024-02-29 06:00:00,Kasturchand_Park,151,36.3,MEDIUM,Clear,33.2,0,RED,53
2024-02-29 06:00:00,Variety_Sq,175,35.5,MEDIUM,Clear,38.0,0,RED,85
2024-02-29 06:00:00,LIC_Sq,127,40.7,MEDIUM,Clouds,39.0,0,YELLOW,64
2024-02-29 06:00:00,Empress_Mall_Sq,149,38.8,MEDIUM,Clouds,36.0,0,RED,60
2024-02-29 07:00:00,Sitabuldi_Sq,271,21.8,HIGH,Clear,36.2,0,YELLOW,117
2024-02-29 07:00:00,Zero_Mile,266,17.7,HIGH,Clouds,39.5,0,RED,132
2024-02-29 07:00:00,Kasturchand_Park,220,18.5,HIGH,Clouds,34.9,0,GREEN,99
2024-02-29 07:00:00,Variety_Sq,286,10.9,CRITICAL,Clouds,38.3,0,RED,135
2024-02-29 07:00:00,LIC_Sq,286,10.7,CRITICAL,Clouds,34.6,0,GREEN,130
2024-02-29 07:00:00,Empress_Mall_Sq,298,13.1,CRITICAL,Clear,40.3,0,GREEN,139
2024-02-29 08:00:00,Sitabuldi_Sq,264,17.3,HIGH,Clear,39.5,0,GREEN,121
2024-02-29 08:00:00,Zero_Mile,262,22.6,HIGH,Clouds,34.8,0,RED,119
2024-02-29 08:00:00,Kasturchand_Park,311,12.0,CRITICAL,Clouds,36.7,0.49,GREEN,136
2024-02-29 08:00:00,Variety_Sq,343,5,CRITICAL,Clear,34.0,0,RED,149
2024-02-29 08:00:00,LIC_Sq,285,15.7,CRITICAL,Clouds,36.9,0,GREEN,126
2024-02-29 08:00:00,Empress_Mall_Sq,295,10.3,CRITICAL,Clear,37.0,0,YELLOW,158
2024-02-29 09:00:00,Sitabuldi_Sq,267,22.9,HIGH,Clear,35.1,0,RED,129
2024-02-29 09:00:00,Zero_Mile,242,23.9,HIGH,Clouds,35.6,0,RED,116
2024-02-29 09:00:00,Kasturchand_Park,180,29.7,MEDIUM,Clouds,39.5,0,YELLOW,90
2024-02-29 09:00:00,Variety_Sq,279,14.6,HIGH,Clear,36.5,0,YELLOW,129
2024-02-29 09:00:00,LIC_Sq,339,9.5,CRITICAL,Clear,38.0,0,GREEN,148
2024-02-29 09:00:00,Empress_Mall_Sq,249,17.9,HIGH,Clear,37.8,0,RED,115
2024-02-29 10:00:00,Sitabuldi_Sq,172,34.0,MEDIUM,Clouds,33.4,0,RED,69
2024-02-29 10:00:00,Zero_Mile,103,50.9,LOW,Clouds,36.9,0,YELLOW,51
2024-02-29 10:00:00,Kasturchand_Park,89,50.5,LOW,Clouds,39.1,0,YELLOW,34
2024-02-29 10:00:00,Variety_Sq,128,42.9,MEDIUM,Clear,32.1,0,RED,60
2024-02-29 10:00:00,LIC_Sq,37,58.1,LOW,Clouds,33.1,0,RED,23
2024-02-29 10:00:00,Empress_Mall_Sq,172,32.9,MEDIUM,Clouds,38.6,0,RED,81
2024-02-29 11:00:00,Sitabuldi_Sq,27,59.2,LOW,Clear,34.5,0,RED,5
2024-02-29 11:00:00,Zero_Mile,146,37.8,MEDIUM,Clear,36.2,0,YELLOW,68
2024-02-29 11:00:00,Kasturchand_Park,120,48.8,LOW,Clear,34.7,0,RED,38
2024-02-29 11:00:00,Variety_Sq,94,42.3,LOW,Clouds,37.5,0,GREEN,57
2024-02-29 11:00:00,LIC_Sq,81,48.7,LOW,Clouds,35.7,0,RED,25
2024-02-29 11:00:00,Empress_Mall_Sq,134,37.9,MEDIUM,Clear,35.0,0,YELLOW,43
2024-02-29 12:00:00,Sitabuldi_Sq,60,49.1,LOW,Clear,32.9,0,RED,38
2024-02-29 12:00:00,Zero_Mile,75,49.2,LOW,Clouds,35.6,0,YELLOW,44
2024-02-29 12:00:00,Kasturchand_Park,89,50.4,LOW,Clouds,38.5,0,RED,33
2024-02-29 12:00:00,Variety_Sq,165,38.7,MEDIUM,Clear,36.0,0,YELLOW,77
2024-02-29 12:00:00,LIC_Sq,113,50.3,LOW,Clear,36.7,0,YELLOW,59
2024-02-29 12:00:00,Empress_Mall_Sq,161,38.2,MEDIUM,Clear,40.5,0,YELLOW,75
2024-02-29 13:00:00,Sitabuldi_Sq,78,52.8,LOW,Clear,36.5,0,YELLOW,36
2024-02-29 13:00:00,Zero_Mile,101,49.1,LOW,Clear,38.4,0,YELLOW,30
2024-02-29 13:00:00,Kasturchand_Park,113,46.2,LOW,Clouds,38.4,0.34,RED,32
2024-02-29 13:00:00,Variety_Sq,106,45.1,LOW,Clear,37.6,0,GREEN,58
2024-02-29 13:00:00,LIC_Sq,150,41.6,MEDIUM,Clear,35.5,0,RED,57
2024-02-29 13:00:00,Empress_Mall_Sq,154,30.9,MEDIUM,Clear,39.7,0,GREEN,64
2024-02-29 14:00:00,Sitabuldi_Sq,136,38.8,MEDIUM,Clear,36.6,0,GREEN,59
2024-02-29 14:00:00,Zero_Mile,164,31.6,MEDIUM,Clear,35.8,0,GREEN,80
2024-02-29 14:00:00,Kasturchand_Park,179,39.7,MEDIUM,Clear,36.7,0,YELLOW,63
2024-02-29 14:00:00,Variety_Sq,113,42.4,LOW,Clear,34.9,0,YELLOW,66
2024-02-29 14:00:00,LIC_Sq,155,41.2,MEDIUM,Clear,35.8,0,YELLOW,68
2024-02-29 14:00:00,Empress_Mall_Sq,158,34.9,MEDIUM,Clear,36.0,0,YELLOW,91
2024-02-29 15:00:00,Sitabuldi_Sq,155,33.3,MEDIUM,Clear,34.0,0,YELLOW,57
2024-02-29 15:00:00,Zero_Mile,180,34.4,MEDIUM,Clouds,38.3,0,RED,68
2024-02-29 15:00:00,Kasturchand_Park,68,49.4,LOW,Clear,39.4,0,RED,43
2024-02-29 15:00:00,Variety_Sq,177,30.9,MEDIUM,Clear,41.8,0,YELLOW,87
2024-02-29 15:00:00,LIC_Sq,182,35.4,MEDIUM,Clear,38.2,0,GREEN,71
2024-02-29 15:00:00,Empress_Mall_Sq,103,43.9,LOW,Clear,34.0,0,GREEN,52
2024-02-29 16:00:00,Sitabuldi_Sq,274,16.3,HIGH,Clear,37.0,0,RED,107
2024-02-29 16:00:00,Zero_Mile,260,21.0,HIGH,Clear,36.1,0,RED,122
2024-02-29 16:00:00,Kasturchand_Park,359,5,CRITICAL,Clouds,35.7,0,YELLOW,172
2024-02-29 16:00:00,Variety_Sq,266,19.1,HIGH,Clear,34.6,0,RED,121
2024-02-29 16:00:00,LIC_Sq,341,7.7,CRITICAL,Clear,37.4,0,YELLOW,165
2024-02-29 16:00:00,Empress_Mall_Sq,296,11.3,CRITICAL,Clear,35.5,0,YELLOW,141
2024-02-29 17:00:00,Sitabuldi_Sq,339,5,CRITICAL,Clear,41.6,0,RED,165
2024-02-29 17:00:00,Zero_Mile,332,5,CRITICAL,Clear,38.0,0,RED,133
2024-02-29 17:00:00,Kasturchand_Park,322,8.4,CRITICAL,Clouds,37.8,0,RED,148
2024-02-29 17:00:00,Variety_Sq,297,16.3,CRITICAL,Clear,32.9,0,RED,115
2024-02-29 17:00:00,LIC_Sq,333,6.1,CRITICAL,Clear,36.9,0,RED,146
2024-02-29 17:00:00,Empress_Mall_Sq,269,24.3,HIGH,Clear,37.0,0,RED,122
2024-02-29 18:00:00,Sitabuldi_Sq,408,5,CRITICAL,Clear,30.1,0,GREEN,189
2024-02-29 18:00:00,Zero_Mile,342,5,CRITICAL,Clear,37.9,0,GREEN,159
2024-02-29 18:00:00,Kasturchand_Park,325,5,CRITICAL,Clear,37.6,0,YELLOW,147
2024-02-29 18:00:00,Variety_Sq,317,9.3,CRITICAL,Clear,35.6,0,YELLOW,141
2024-02-29 18:00:00,LIC_Sq,352,5,CRITICAL,Clear,36.8,0,YELLOW,162
2024-02-29 18:00:00,Empress_Mall_Sq,282,9.2,CRITICAL,Clear,35.9,0,GREEN,131
2024-02-29 19:00:00,Sitabuldi_Sq,304,15.6,CRITICAL,Clouds,40.0,0,RED,142
2024-02-29 19:00:00,Zero_Mile,328,5,CRITICAL,Clear,38.0,0,RED,138
2024-02-29 19:00:00,Kasturchand_Park,391,5,CRITICAL,Clouds,37.9,0,YELLOW,164
2024-02-29 19:00:00,Variety_Sq,378,5,CRITICAL,Clear,36.7,0,GREEN,168
2024-02-29 19:00:00,LIC_Sq,341,5,CRITICAL,Clear,34.8,0,YELLOW,150
2024-02-29 19:00:00,Empress_Mall_Sq,397,5,CRITICAL,Clouds,34.1,0,RED,180
2024-02-29 20:00:00,Sitabuldi_Sq,140,37.3,MEDIUM,Clouds,37.3,0,GREEN,59
2024-02-29 20:00:00,Zero_Mile,180,32.6,MEDIUM,Clear,38.1,0,YELLOW,85
2024-02-29 20:00:00,Kasturchand_Park,111,43.5,LOW,Clear,36.2,0,YELLOW,46
2024-02-29 20:00:00,Variety_Sq,86,50.5,LOW,Clear,37.8,0,YELLOW,30
2024-02-29 20:00:00,LIC_Sq,75,48.6,LOW,Clear,35.9,0,RED,45
2024-02-29 20:00:00,Empress_Mall_Sq,89,49.1,LOW,Clear,34.1,0,GREEN,59
2024-02-29 21:00:00,Sitabuldi_Sq,100,44.4,LOW,Clear,34.9,0,YELLOW,39
2024-02-29 21:00:00,Zero_Mile,109,45.6,LOW,Clear,39.8,0,YELLOW,66
2024-02-29 21:00:00,Kasturchand_Park,111,45.0,LOW,Clear,37.9,0,YELLOW,45
2024-02-29 21:00:00,Variety_Sq,161,35.7,MEDIUM,Clear,39.2,0,GREEN,80
2024-02-29 21:00:00,LIC_Sq,178,26.9,MEDIUM,Clear,37.0,0.43,RED,79
2024-02-29 21:00:00,Empress_Mall_Sq,128,41.6,MEDIUM,Clouds,41.1,0,GREEN,57
2024-02-29 22:00:00,Sitabuldi_Sq,167,34.9,MEDIUM,Clouds,32.9,0,GREEN,81
2024-02-29 22:00:00,Zero_Mile,138,33.9,MEDIUM,Clear,35.9,0,RED,49
2024-02-29 22:00:00,Kasturchand_Park,100,46.7,LOW,Clear,38.6,0,RED,48
2024-02-29 22:00:00,Variety_Sq,110,43.0,LOW,Clear,34.8,0,GREEN,68
2024-02-29 22:00:00,LIC_Sq,93,51.0,LOW,Clear,39.7,0,RED,51
2024-02-29 22:00:00,Empress_Mall_Sq,193,33.1,MEDIUM,Clear,38.1,0,GREEN,87
2024-02-29 23:00:00,Sitabuldi_Sq,50,59.7,LOW,Clear,31.9,0,GREEN,37
2024-02-29 23:00:00,Zero_Mile,158,34.0,MEDIUM,Clouds,32.9,0,YELLOW,83
2024-02-29 23:00:00,Kasturchand_Park,119,39.7,LOW,Clouds,32.8,0,RED,55
2024-02-29 23:00:00,Variety_Sq,86,51.0,LOW,Clear,35.8,0,YELLOW,48
2024-02-29 23:00:00,LIC_Sq,104,50.7,LOW,Clear,35.8,0.02,YELLOW,33
2024-02-29 23:00:00,Empress_Mall_Sq,60,52.5,LOW,Clear,36.1,0,GREEN,41
