timestamp,bin_id,zone,fill_level_pct,weight_kg,temp_c,battery_pct,collection_flag,days_since_collection,waste_type
2024-01-01 12:00:00,BIN-001,Dharampeth,17.2,40.5,37.3,94.4,0,1,Mixed
2024-01-01 12:00:00,BIN-002,Dharampeth,15.8,29.3,37.1,95.5,0,0,Mixed
2024-01-01 12:00:00,BIN-003,Sitabuldi,17.7,19.3,37.0,96.5,0,0,Mixed
2024-01-01 12:00:00,BIN-004,Sitabuldi,5.0,0.8,39.3,102.8,0,1,Mixed
2024-01-01 12:00:00,BIN-005,Gandhibagh,11.8,21.3,36.1,98.1,0,2,Mixed
2024-01-01 12:00:00,BIN-006,Gandhibagh,14.1,19.9,37.1,102.2,0,1,Mixed
2024-01-01 12:00:00,BIN-007,Lakadganj,10.7,33.5,37.3,104.1,0,1,Organic
2024-01-01 12:00:00,BIN-008,Lakadganj,22.5,41.7,38.5,100.4,0,0,Mixed
2024-01-01 12:00:00,BIN-009,Sadar,22.4,38.5,34.0,98.1,0,2,Mixed
2024-01-01 12:00:00,BIN-010,Sadar,14.7,18.1,32.1,101.9,0,2,Mixed
2024-01-01 12:00:00,BIN-011,Itwari,11.8,24.4,36.1,99.9,0,1,Organic
2024-01-01 12:00:00,BIN-012,Itwari,16.4,57.8,37.0,99.8,0,1,Organic
2024-01-01 15:00:00,BIN-001,Dharampeth,21.1,44.6,33.4,99.0,0,1,Mixed
2024-01-01 15:00:00,BIN-002,Dharampeth,16.7,36.1,34.5,99.7,0,1,Recyclable
2024-01-01 15:00:00,BIN-003,Sitabuldi,20.5,13.7,35.7,98.0,0,2,Organic
2024-01-01 15:00:00,BIN-004,Sitabuldi,22.2,42.4,35.4,103.0,0,1,Recyclable
2024-01-01 15:00:00,BIN-005,Gandhibagh,16.3,26.2,37.5,92.6,0,1,Hazardous
2024-01-01 15:00:00,BIN-006,Gandhibagh,17.3,5.9,36.9,94.6,0,0,Hazardous
2024-01-01 15:00:00,BIN-007,Lakadganj,25.0,53.9,35.3,97.2,0,0,Recyclable
2024-01-01 15:00:00,BIN-008,Lakadganj,15.6,32.0,33.7,100.7,0,1,Mixed
2024-01-01 15:00:00,BIN-009,Sadar,7.4,13.5,38.8,103.2,0,2,Mixed
2024-01-01 15:00:00,BIN-010,Sadar,7.7,20.2,32.7,97.1,0,0,Mixed
2024-01-01 15:00:00,BIN-011,Itwari,7.9,11.1,37.0,99.4,0,0,Mixed
2024-01-01 15:00:00,BIN-012,Itwari,25.7,54.1,38.9,100.7,0,2,Mixed
2024-01-01 18:00:00,BIN-001,Dharampeth,18.7,33.3,28.8,104.9,0,2,Organic
2024-01-01 18:00:00,BIN-002,Dharampeth,21.5,47.5,30.3,100.4,0,0,Mixed
2024-01-01 18:00:00,BIN-003,Sitabuldi,13.2,33.9,29.0,99.6,0,0,Mixed
2024-01-01 18:00:00,BIN-004,Sitabuldi,12.3,23.2,28.3,100.3,0,0,Mixed
2024-01-01 18:00:00,BIN-005,Gandhibagh,12.1,23.7,26.8,96.6,0,0,Organic
2024-01-01 18:00:00,BIN-006,Gandhibagh,5.0,5.8,31.5,96.1,0,0,Recyclable
2024-01-01 18:00:00,BIN-007,Lakadganj,11.8,32.2,32.1,101.1,0,1,Recyclable
2024-01-01 18:00:00,BIN-008,Lakadganj,26.7,55.0,27.5,99.6,0,0,Organic
2024-01-01 18:00:00,BIN-009,Sadar,21.6,36.4,28.8,96.3,0,0,Organic
2024-01-01 18:00:00,BIN-010,Sadar,10.6,18.6,27.3,103.2,0,1,Mixed
2024-01-01 18:00:00,BIN-011,Itwari,21.6,50.1,28.9,103.6,0,0,Organic
2024-01-01 18:00:00,BIN-012,Itwari,14.0,34.4,29.1,99.3,0,2,Mixed
2024-01-01 21:00:00,BIN-001,Dharampeth,18.1,38.0,23.8,99.0,0,0,Organic
2024-01-01 21:00:00,BIN-002,Dharampeth,20.8,44.9,22.9,100.4,0,1,Mixed
2024-01-01 21:00:00,BIN-003,Sitabuldi,25.7,42.3,26.0,97.7,0,2,Mixed
2024-01-01 21:00:00,BIN-004,Sitabuldi,29.0,46.1,24.9,100.5,0,0,Mixed
2024-01-01 21:00:00,BIN-005,Gandhibagh,16.5,31.3,25.5,101.8,0,1,Mixed
2024-01-01 21:00:00,BIN-006,Gandhibagh,10.9,-3.8,24.0,104.2,0,2,Mixed
2024-01-01 21:00:00,BIN-007,Lakadganj,25.9,46.2,25.8,97.6,0,1,Mixed
2024-01-01 21:00:00,BIN-008,Lakadganj,14.6,29.5,22.5,100.3,0,1,Mixed
2024-01-01 21:00:00,BIN-009,Sadar,17.9,40.3,28.1,102.0,0,2,Mixed
2024-01-01 21:00:00,BIN-010,Sadar,14.4,8.8,24.5,101.4,0,1,Mixed
2024-01-01 21:00:00,BIN-011,Itwari,26.1,51.3,25.0,98.9,0,0,Mixed
2024-01-01 21:00:00,BIN-012,Itwari,20.6,28.3,26.7,97.5,0,0,Organic
2024-01-02 00:00:00,BIN-001,Dharampeth,16.7,26.7,21.5,105.4,0,2,Recyclable
2024-01-02 00:00:00,BIN-002,Dharampeth,22.9,33.2,22.6,101.8,0,2,Organic
2024-01-02 00:00:00,BIN-003,Sitabuldi,23.1,37.4,21.7,93.6,0,2,Recyclable
2024-01-02 00:00:00,BIN-004,Sitabuldi,15.1,24.1,22.3,102.5,0,1,Organic
2024-01-02 00:00:00,BIN-005,Gandhibagh,17.7,24.4,21.7,96.6,0,0,Mixed
2024-01-02 00:00:00,BIN-006,Gandhibagh,18.4,25.8,22.2,101.0,0,2,Mixed
2024-01-02 00:00:00,BIN-007,Lakadganj,17.2,29.5,20.5,104.1,0,0,Organic
2024-01-02 00:00:00,BIN-008,Lakadganj,16.9,15.5,24.4,101.7,0,0,Organic
2024-01-02 00:00:00,BIN-009,Sadar,20.9,39.8,18.3,102.4,0,2,Mixed
2024-01-02 00:00:00,BIN-010,Sadar,21.8,55.0,22.2,91.5,0,0,Mixed
2024-01-02 00:00:00,BIN-011,Itwari,22.0,51.8,22.4,97.2,0,2,Recyclable
2024-01-02 00:00:00,BIN-012,Itwari,18.7,39.9,21.9,98.1,0,2,Recyclable
2024-01-02 03:00:00,BIN-001,Dharampeth,12.3,18.6,24.2,104.0,0,0,Mixed
2024-01-02 03:00:00,BIN-002,Dharampeth,27.1,43.3,21.9,103.6,0,2,Recyclable
2024-01-02 03:00:00,BIN-003,Sitabuldi,20.8,42.7,23.4,98.0,0,1,Mixed
2024-01-02 03:00:00,BIN-004,Sitabuldi,28.2,45.9,23.0,103.3,0,2,Mixed
2024-01-02 03:00:00,BIN-005,Gandhibagh,15.8,21.7,24.1,94.5,0,0,Recyclable
2024-01-02 03:00:00,BIN-006,Gandhibagh,18.2,41.1,23.3,98.4,0,1,Organic
2024-01-02 03:00:00,BIN-007,Lakadganj,26.2,43.8,23.2,96.3,0,1,Mixed
2024-01-02 03:00:00,BIN-008,Lakadganj,17.3,39.9,24.3,107.4,0,2,Mixed
2024-01-02 03:00:00,BIN-009,Sadar,24.2,57.1,24.8,100.7,0,1,Recyclable
2024-01-02 03:00:00,BIN-010,Sadar,23.0,66.8,27.9,103.7,0,1,Mixed
2024-01-02 03:00:00,BIN-011,Itwari,9.8,15.5,23.9,94.7,0,2,Organic
2024-01-02 03:00:00,BIN-012,Itwari,16.3,28.5,21.7,102.6,0,1,Mixed
2024-01-02 12:00:00,BIN-001,Dharampeth,20.5,38.0,38.6,96.4,0,2,Recyclable
2024-01-02 12:00:00,BIN-002,Dharampeth,31.7,51.9,38.3,100.3,0,0,Mixed
2024-01-02 12:00:00,BIN-003,Sitabuldi,26.4,56.9,37.2,105.0,0,0,Mixed
2024-01-02 12:00:00,BIN-004,Sitabuldi,21.2,36.3,35.7,99.5,0,0,Mixed
2024-01-02 12:00:00,BIN-005,Gandhibagh,20.8,34.9,35.9,100.5,0,1,Mixed
2024-01-02 12:00:00,BIN-006,Gandhibagh,20.1,37.2,39.4,103.5,0,2,Organic
2024-01-02 12:00:00,BIN-007,Lakadganj,16.3,41.6,39.5,98.4,0,2,Mixed
2024-01-02 12:00:00,BIN-008,Lakadganj,23.5,26.3,38.2,106.2,0,2,Mixed
2024-01-02 12:00:00,BIN-009,Sadar,21.6,42.2,38.5,99.1,0,2,Organic
2024-01-02 12:00:00,BIN-010,Sadar,17.8,33.0,40.3,99.8,0,0,Mixed
2024-01-02 12:00:00,BIN-011,Itwari,17.0,24.3,39.9,100.4,0,1,Organic
2024-01-02 12:00:00,BIN-012,Itwari,20.7,35.6,39.0,97.4,0,2,Organic
2024-01-02 15:00:00,BIN-001,Dharampeth,22.8,47.7,34.9,101.7,0,0,Mixed
2024-01-02 15:00:00,BIN-002,Dharampeth,27.2,55.5,34.0,102.9,0,2,Mixed
2024-01-02 15:00:00,BIN-003,Sitabuldi,20.4,39.6,34.1,99.5,0,2,Mixed
2024-01-02 15:00:00,BIN-004,Sitabuldi,16.5,29.1,34.8,98.1,0,2,Mixed
2024-01-02 15:00:00,BIN-005,Gandhibagh,22.0,36.4,32.1,100.6,0,1,Recyclable
2024-01-02 15:00:00,BIN-006,Gandhibagh,15.5,25.5,32.6,102.8,0,2,Mixed
2024-01-02 15:00:00,BIN-007,Lakadganj,24.1,38.5,37.2,102.0,0,2,Mixed
2024-01-02 15:00:00,BIN-008,Lakadganj,30.9,69.6,35.3,101.3,0,2,Organic
2024-01-02 15:00:00,BIN-009,Sadar,19.7,27.8,33.6,96.9,0,0,Mixed
2024-01-02 15:00:00,BIN-010,Sadar,22.2,42.1,34.8,104.8,0,0,Mixed
2024-01-02 15:00:00,BIN-011,Itwari,15.4,23.0,32.5,99.7,0,1,Organic
2024-01-02 15:00:00,BIN-012,Itwari,29.1,54.0,37.7,97.9,0,2,Mixed
2024-01-02 18:00:00,BIN-001,Dharampeth,29.8,53.6,31.9,97.2,0,1,Mixed
2024-01-02 18:00:00,BIN-002,Dharampeth,21.8,59.1,30.1,98.1,0,1,Mixed
2024-01-02 18:00:00,BIN-003,Sitabuldi,23.6,54.9,27.9,96.9,0,1,Mixed
2024-01-02 18:00:00,BIN-004,Sitabuldi,32.5,57.0,31.0,102.0,0,1,Mixed
2024-01-02 18:00:00,BIN-005,Gandhibagh,20.4,32.4,29.4,97.8,0,1,Organic
2024-01-02 18:00:00,BIN-006,Gandhibagh,17.9,34.5,27.4,94.6,0,1,Mixed
2024-01-02 18:00:00,BIN-007,Lakadganj,19.5,29.2,28.4,99.3,0,1,Mixed
2024-01-02 18:00:00,BIN-008,Lakadganj,26.2,47.6,32.5,100.2,0,0,Mixed
2024-01-02 18:00:00,BIN-009,Sadar,24.7,43.6,29.9,101.0,0,1,Mixed
2024-01-02 18:00:00,BIN-010,Sadar,32.0,48.3,28.4,95.1,0,2,Mixed
2024-01-02 18:00:00,BIN-011,Itwari,22.6,35.8,31.4,100.2,0,2,Organic
2024-01-02 18:00:00,BIN-012,Itwari,23.0,36.9,31.8,99.3,0,0,Organic
2024-01-02 21:00:00,BIN-001,Dharampeth,29.0,63.2,23.4,98.2,0,0,Recyclable
2024-01-02 21:00:00,BIN-002,Dharampeth,23.1,38.6,25.7,103.0,0,2,Organic
2024-01-02 21:00:00,BIN-003,Sitabuldi,30.4,63.8,24.6,99.3,0,1,Mixed
2024-01-02 21:00:00,BIN-004,Sitabuldi,12.1,25.8,24.0,96.5,0,0,Organic
2024-01-02 21:00:00,BIN-005,Gandhibagh,24.9,50.4,29.1,99.9,0,2,Mixed
2024-01-02 21:00:00,BIN-006,Gandhibagh,25.6,65.7,25.2,101.1,0,2,Mixed
2024-01-02 21:00:00,BIN-007,Lakadganj,25.2,54.3,27.6,100.8,0,1,Recyclable
2024-01-02 21:00:00,BIN-008,Lakadganj,24.1,38.5,23.9,99.2,0,1,Mixed
2024-01-02 21:00:00,BIN-009,Sadar,21.8,34.3,23.2,99.5,0,1,Recyclable
2024-01-02 21:00:00,BIN-010,Sadar,23.4,31.3,22.6,94.9,0,2,Mixed
2024-01-02 21:00:00,BIN-011,Itwari,31.0,62.7,27.4,100.2,0,0,Recyclable
2024-01-02 21:00:00,BIN-012,Itwari,27.3,42.5,24.0,97.1,0,2,Mixed
2024-01-03 00:00:00,BIN-001,Dharampeth,31.6,45.8,21.3,102.5,0,2,Mixed
2024-01-03 00:00:00,BIN-002,Dharampeth,30.6,51.2,19.7,99.4,0,2,Recyclable
2024-01-03 00:00:00,BIN-003,Sitabuldi,26.0,41.5,24.0,96.4,0,2,Organic
2024-01-03 00:00:00,BIN-004,Sitabuldi,24.2,51.9,22.7,104.2,0,2,Recyclable
2024-01-03 00:00:00,BIN-005,Gandhibagh,23.3,41.1,23.3,99.7,0,0,Organic
2024-01-03 00:00:00,BIN-006,Gandhibagh,20.5,24.8,20.8,101.1,0,1,Mixed
2024-01-03 00:00:00,BIN-007,Lakadganj,26.0,51.3,22.6,100.8,0,1,Mixed
2024-01-03 00:00:00,BIN-008,Lakadganj,21.3,49.2,20.8,98.6,0,2,Recyclable
2024-01-03 00:00:00,BIN-009,Sadar,22.6,39.7,21.6,99.9,0,2,Mixed
2024-01-03 00:00:00,BIN-010,Sadar,26.8,34.3,20.1,103.4,0,2,Mixed
2024-01-03 00:00:00,BIN-011,Itwari,24.2,25.7,20.4,100.1,0,1,Mixed
2024-01-03 00:00:00,BIN-012,Itwari,25.9,51.3,23.2,100.3,0,2,Mixed
2024-01-03 03:00:00,BIN-001,Dharampeth,24.7,40.9,27.3,92.4,0,1,Recyclable
2024-01-03 03:00:00,BIN-002,Dharampeth,19.7,16.8,23.5,100.2,0,2,Mixed
2024-01-03 03:00:00,BIN-003,Sitabuldi,22.7,38.8,25.1,98.7,0,1,Mixed
2024-01-03 03:00:00,BIN-004,Sitabuldi,20.0,23.3,23.4,100.0,0,1,Organic
2024-01-03 03:00:00,BIN-005,Gandhibagh,21.8,35.9,21.7,95.7,0,2,Mixed
2024-01-03 03:00:00,BIN-006,Gandhibagh,31.3,47.7,25.9,97.8,0,0,Organic
2024-01-03 03:00:00,BIN-007,Lakadganj,16.7,38.9,26.0,93.9,0,0,Organic
2024-01-03 03:00:00,BIN-008,Lakadganj,30.7,54.6,25.0,100.6,0,1,Organic
2024-01-03 03:00:00,BIN-009,Sadar,14.2,25.2,23.9,97.0,0,2,Mixed
2024-01-03 03:00:00,BIN-010,Sadar,25.8,55.9,25.0,97.4,0,2,Mixed
2024-01-03 03:00:00,BIN-011,Itwari,17.0,30.4,23.2,99.4,0,0,Mixed
2024-01-03 03:00:00,BIN-012,Itwari,23.8,33.7,22.6,102.9,0,2,Hazardous
2024-01-03 12:00:00,BIN-001,Dharampeth,31.7,76.8,41.0,98.5,0,0,Mixed
2024-01-03 12:00:00,BIN-002,Dharampeth,26.8,41.1,37.6,102.3,0,1,Mixed
2024-01-03 12:00:00,BIN-003,Sitabuldi,30.9,67.1,42.0,96.8,0,0,Mixed
2024-01-03 12:00:00,BIN-004,Sitabuldi,24.7,55.0,37.8,97.3,0,2,Organic
2024-01-03 12:00:00,BIN-005,Gandhibagh,23.0,41.6,39.3,99.0,0,0,Mixed
2024-01-03 12:00:00,BIN-006,Gandhibagh,22.2,41.6,40.2,101.9,0,1,Mixed
2024-01-03 12:00:00,BIN-007,Lakadganj,22.5,43.3,36.3,95.2,0,1,Organic
2024-01-03 12:00:00,BIN-008,Lakadganj,19.6,46.9,39.9,103.2,0,0,Mixed
2024-01-03 12:00:00,BIN-009,Sadar,28.6,49.2,37.7,96.7,0,2,Mixed
2024-01-03 12:00:00,BIN-010,Sadar,28.0,57.3,35.0,99.3,0,1,Organic
2024-01-03 12:00:00,BIN-011,Itwari,26.9,54.9,34.5,100.0,0,0,Organic
2024-01-03 12:00:00,BIN-012,Itwari,38.1,82.9,36.5,98.1,0,0,Organic
2024-01-03 15:00:00,BIN-001,Dharampeth,36.2,55.0,34.1,93.0,0,2,Organic
2024-01-03 15:00:00,BIN-002,Dharampeth,21.7,26.2,33.4,102.3,0,2,Mixed
2024-01-03 15:00:00,BIN-003,Sitabuldi,27.2,58.6,37.8,99.0,0,0,Mixed
2024-01-03 15:00:00,BIN-004,Sitabuldi,24.3,49.3,38.7,94.4,0,0,Organic
2024-01-03 15:00:00,BIN-005,Gandhibagh,23.5,37.1,36.3,99.0,0,0,Mixed
2024-01-03 15:00:00,BIN-006,Gandhibagh,22.6,40.6,36.3,98.9,0,1,Hazardous
2024-01-03 15:00:00,BIN-007,Lakadganj,25.4,43.2,36.9,99.2,0,1,Organic
2024-01-03 15:00:00,BIN-008,Lakadganj,33.1,67.4,32.8,101.2,0,1,Mixed
2024-01-03 15:00:00,BIN-009,Sadar,27.4,48.8,33.4,99.1,0,1,Organic
2024-01-03 15:00:00,BIN-010,Sadar,34.1,49.2,34.2,102.8,0,2,Recyclable
2024-01-03 15:00:00,BIN-011,Itwari,20.4,40.4,33.5,97.1,0,2,Mixed
2024-01-03 15:00:00,BIN-012,Itwari,30.8,59.5,33.8,97.6,0,0,Mixed
2024-01-03 18:00:00,BIN-001,Dharampeth,16.4,35.2,30.4,99.2,0,2,Organic
2024-01-03 18:00:00,BIN-002,Dharampeth,29.5,52.5,30.3,96.9,0,0,Organic
2024-01-03 18:00:00,BIN-003,Sitabuldi,29.0,57.6,29.6,100.7,0,2,Organic
2024-01-03 18:00:00,BIN-004,Sitabuldi,25.9,55.6,31.0,98.8,0,0,Hazardous
2024-01-03 18:00:00,BIN-005,Gandhibagh,31.0,57.0,25.9,96.1,0,1,Mixed
2024-01-03 18:00:00,BIN-006,Gandhibagh,28.5,36.9,30.9,95.1,0,0,Mixed
2024-01-03 18:00:00,BIN-007,Lakadganj,30.5,66.2,26.8,103.5,0,0,Mixed
2024-01-03 18:00:00,BIN-008,Lakadganj,27.3,47.2,28.5,103.3,0,0,Organic
2024-01-03 18:00:00,BIN-009,Sadar,33.2,64.6,24.9,99.8,0,2,Mixed
2024-01-03 18:00:00,BIN-010,Sadar,27.0,44.8,32.8,95.9,0,0,Mixed
2024-01-03 18:00:00,BIN-011,Itwari,27.1,60.1,31.6,97.9,0,0,Mixed
2024-01-03 18:00:00,BIN-012,Itwari,31.5,67.7,31.5,98.5,0,0,Organic
2024-01-03 21:00:00,BIN-001,Dharampeth,33.6,74.5,25.4,100.3,0,0,Mixed
2024-01-03 21:00:00,BIN-002,Dharampeth,29.0,53.2,26.5,99.3,0,1,Hazardous
2024-01-03 21:00:00,BIN-003,Sitabuldi,25.5,47.6,25.1,103.0,0,1,Organic
2024-01-03 21:00:00,BIN-004,Sitabuldi,29.7,43.8,20.3,98.2,0,2,Mixed
2024-01-03 21:00:00,BIN-005,Gandhibagh,29.3,51.0,25.3,101.2,0,2,Mixed
2024-01-03 21:00:00,BIN-006,Gandhibagh,26.8,38.4,25.0,97.0,0,2,Mixed
2024-01-03 21:00:00,BIN-007,Lakadganj,27.9,45.5,20.4,100.6,0,2,Mixed
2024-01-03 21:00:00,BIN-008,Lakadganj,28.4,45.2,24.9,94.8,0,0,Recyclable
2024-01-03 21:00:00,BIN-009,Sadar,22.2,31.0,22.3,97.1,0,0,Mixed
2024-01-03 21:00:00,BIN-010,Sadar,24.1,43.9,27.3,94.1,0,0,Mixed
2024-01-03 21:00:00,BIN-011,Itwari,31.7,63.9,25.8,97.9,0,0,Organic
2024-01-03 21:00:00,BIN-012,Itwari,25.0,40.6,24.7,102.6,0,2,Recyclable
2024-01-04 00:00:00,BIN-001,Dharampeth,29.1,54.6,20.2,100.5,0,2,Organic
2024-01-04 00:00:00,BIN-002,Dharampeth,28.1,43.4,20.9,103.0,0,1,Mixed
2024-01-04 00:00:00,BIN-003,Sitabuldi,28.1,53.7,23.2,102.9,0,1,Mixed
2024-01-04 00:00:00,BIN-004,Sitabuldi,26.2,48.8,22.8,99.6,0,1,Organic
2024-01-04 00:00:00,BIN-005,Gandhibagh,28.9,57.8,20.1,102.0,0,1,Recyclable
2024-01-04 00:00:00,BIN-006,Gandhibagh,16.5,41.3,26.7,100.0,0,1,Organic
2024-01-04 00:00:00,BIN-007,Lakadganj,31.5,81.3,21.2,97.3,0,1,Hazardous
2024-01-04 00:00:00,BIN-008,Lakadganj,24.6,27.5,20.3,95.7,0,1,Organic
2024-01-04 00:00:00,BIN-009,Sadar,41.6,72.8,24.0,98.0,0,0,Mixed
2024-01-04 00:00:00,BIN-010,Sadar,32.0,52.3,20.5,97.5,0,1,Mixed
2024-01-04 00:00:00,BIN-011,Itwari,21.2,35.6,20.2,100.7,0,0,Organic
2024-01-04 00:00:00,BIN-012,Itwari,34.0,56.8,19.6,106.2,0,0,Mixed
2024-01-04 03:00:00,BIN-001,Dharampeth,28.8,54.4,24.1,100.2,0,1,Organic
2024-01-04 03:00:00,BIN-002,Dharampeth,23.8,47.5,23.0,97.5,0,1,Mixed
2024-01-04 03:00:00,BIN-003,Sitabuldi,27.8,50.0,23.1,103.7,0,2,Mixed
2024-01-04 03:00:00,BIN-004,Sitabuldi,23.2,48.6,23.6,105.0,0,2,Mixed
2024-01-04 03:00:00,BIN-005,Gandhibagh,27.3,66.5,26.2,94.3,0,1,Organic
2024-01-04 03:00:00,BIN-006,Gandhibagh,34.4,67.9,17.7,102.1,0,2,Recyclable
2024-01-04 03:00:00,BIN-007,Lakadganj,35.2,58.5,24.1,98.2,0,2,Organic
2024-01-04 03:00:00,BIN-008,Lakadganj,31.4,43.9,24.7,98.7,0,2,Mixed
2024-01-04 03:00:00,BIN-009,Sadar,30.2,51.7,23.0,97.8,0,1,Organic
2024-01-04 03:00:00,BIN-010,Sadar,31.4,58.9,22.5,100.8,0,0,Mixed
2024-01-04 03:00:00,BIN-011,Itwari,35.4,78.2,20.3,96.5,0,1,Mixed
2024-01-04 03:00:00,BIN-012,Itwari,25.7,51.4,24.4,97.0,0,0,Organic
2024-01-04 12:00:00,BIN-001,Dharampeth,36.3,74.5,43.0,95.8,0,2,Mixed
2024-01-04 12:00:00,BIN-002,Dharampeth,30.6,57.1,37.5,99.3,0,1,Mixed
2024-01-04 12:00:00,BIN-003,Sitabuldi,31.8,67.0,38.7,98.8,0,0,Mixed
2024-01-04 12:00:00,BIN-004,Sitabuldi,30.8,53.1,36.0,99.2,0,1,Recyclable
2024-01-04 12:00:00,BIN-005,Gandhibagh,32.9,56.3,40.7,103.5,0,0,Mixed
2024-01-04 12:00:00,BIN-006,Gandhibagh,35.4,62.3,33.8,100.2,0,0,Mixed
2024-01-04 12:00:00,BIN-007,Lakadganj,26.9,71.1,39.9,105.3,0,1,Mixed
2024-01-04 12:00:00,BIN-008,Lakadganj,25.7,58.5,42.1,98.0,0,0,Mixed
2024-01-04 12:00:00,BIN-009,Sadar,26.3,53.9,37.6,103.9,0,1,Recyclable
2024-01-04 12:00:00,BIN-010,Sadar,25.0,36.5,40.8,97.9,0,1,Mixed
2024-01-04 12:00:00,BIN-011,Itwari,29.2,58.0,37.8,95.3,0,2,Mixed
2024-01-04 12:00:00,BIN-012,Itwari,27.0,64.4,38.8,105.4,0,2,Mixed
2024-01-04 15:00:00,BIN-001,Dharampeth,30.4,56.7,35.7,98.5,0,2,Organic
2024-01-04 15:00:00,BIN-002,Dharampeth,28.3,52.3,36.5,101.1,0,1,Mixed
2024-01-04 15:00:00,BIN-003,Sitabuldi,35.4,62.6,33.6,99.1,0,2,Organic
2024-01-04 15:00:00,BIN-004,Sitabuldi,35.9,74.4,33.2,99.0,0,0,Mixed
2024-01-04 15:00:00,BIN-005,Gandhibagh,30.7,58.2,35.0,100.3,0,2,Organic
2024-01-04 15:00:00,BIN-006,Gandhibagh,26.3,43.9,33.8,99.8,0,1,Organic
2024-01-04 15:00:00,BIN-007,Lakadganj,36.8,66.5,37.2,100.6,0,0,Mixed
2024-01-04 15:00:00,BIN-008,Lakadganj,30.7,50.8,34.8,100.6,0,2,Mixed
2024-01-04 15:00:00,BIN-009,Sadar,33.8,85.0,38.4,100.8,0,2,Mixed
2024-01-04 15:00:00,BIN-010,Sadar,30.2,52.8,35.4,100.5,0,1,Mixed
2024-01-04 15:00:00,BIN-011,Itwari,33.8,74.5,37.0,103.3,0,0,Organic
2024-01-04 15:00:00,BIN-012,Itwari,38.4,59.0,33.9,95.8,0,2,Mixed
2024-01-04 18:00:00,BIN-001,Dharampeth,37.4,59.6,28.5,100.6,0,2,Organic
2024-01-04 18:00:00,BIN-002,Dharampeth,39.9,78.3,32.7,95.2,0,2,Mixed
2024-01-04 18:00:00,BIN-003,Sitabuldi,32.2,60.7,30.4,97.5,0,1,Organic
2024-01-04 18:00:00,BIN-004,Sitabuldi,27.4,52.2,27.2,93.9,0,2,Mixed
2024-01-04 18:00:00,BIN-005,Gandhibagh,34.6,69.8,30.0,99.8,0,1,Mixed
2024-01-04 18:00:00,BIN-006,Gandhibagh,30.4,55.3,29.8,103.5,0,1,Recyclable
2024-01-04 18:00:00,BIN-007,Lakadganj,36.4,80.4,33.3,99.5,0,2,Organic
2024-01-04 18:00:00,BIN-008,Lakadganj,29.9,36.1,31.8,102.7,0,1,Mixed
2024-01-04 18:00:00,BIN-009,Sadar,31.8,46.6,27.6,96.9,0,0,Organic
2024-01-04 18:00:00,BIN-010,Sadar,32.1,56.9,30.7,102.3,0,1,Recyclable
2024-01-04 18:00:00,BIN-011,Itwari,24.8,64.0,33.3,99.9,0,1,Mixed
2024-01-04 18:00:00,BIN-012,Itwari,42.6,84.4,25.8,96.9,0,0,Mixed
2024-01-04 21:00:00,BIN-001,Dharampeth,31.3,52.6,24.7,100.5,0,1,Mixed
2024-01-04 21:00:00,BIN-002,Dharampeth,41.0,77.7,24.9,99.4,0,2,Organic
2024-01-04 21:00:00,BIN-003,Sitabuldi,32.9,60.4,24.0,102.0,0,2,Organic
2024-01-04 21:00:00,BIN-004,Sitabuldi,32.8,71.3,24.7,96.6,0,2,Organic
2024-01-04 21:00:00,BIN-005,Gandhibagh,34.4,65.7,25.0,98.0,0,2,Organic
2024-01-04 21:00:00,BIN-006,Gandhibagh,38.7,79.4,22.3,97.0,0,1,Organic
2024-01-04 21:00:00,BIN-007,Lakadganj,29.1,51.2,23.2,101.9,0,2,Mixed
2024-01-04 21:00:00,BIN-008,Lakadganj,40.2,61.6,22.3,93.6,0,2,Organic
2024-01-04 21:00:00,BIN-009,Sadar,36.9,73.4,25.4,99.6,0,2,Recyclable
2024-01-04 21:00:00,BIN-010,Sadar,32.8,54.7,26.5,99.2,0,0,Mixed
2024-01-04 21:00:00,BIN-011,Itwari,33.2,67.8,28.6,102.8,0,1,Recyclable
2024-01-04 21:00:00,BIN-012,Itwari,35.3,65.9,24.7,101.9,0,0,Organic
2024-01-05 00:00:00,BIN-001,Dharampeth,32.8,45.5,20.0,100.0,0,2,Mixed
2024-01-05 00:00:00,BIN-002,Dharampeth,36.4,81.1,22.6,97.4,0,1,Mixed
2024-01-05 00:00:00,BIN-003,Sitabuldi,35.5,60.8,23.2,92.2,0,0,Recyclable
2024-01-05 00:00:00,BIN-004,Sitabuldi,35.0,77.7,19.2,100.7,0,1,Mixed
2024-01-05 00:00:00,BIN-005,Gandhibagh,28.6,52.5,26.8,101.3,0,1,Mixed
2024-01-05 00:00:00,BIN-006,Gandhibagh,33.6,54.4,20.0,101.1,0,1,Organic
2024-01-05 00:00:00,BIN-007,Lakadganj,29.9,56.6,21.7,97.5,0,2,Mixed
2024-01-05 00:00:00,BIN-008,Lakadganj,39.9,65.1,20.7,98.1,0,2,Recyclable
2024-01-05 00:00:00,BIN-009,Sadar,26.5,52.5,19.2,99.2,0,0,Organic
2024-01-05 00:00:00,BIN-010,Sadar,47.0,90.8,18.8,96.8,0,0,Mixed
2024-01-05 00:00:00,BIN-011,Itwari,28.8,55.1,19.7,100.3,0,2,Organic
2024-01-05 00:00:00,BIN-012,Itwari,42.8,86.5,19.9,95.9,0,1,Recyclable
2024-01-05 03:00:00,BIN-001,Dharampeth,40.0,76.1,25.3,102.0,0,2,Organic
2024-01-05 03:00:00,BIN-002,Dharampeth,34.8,67.8,23.4,99.7,0,1,Mixed
2024-01-05 03:00:00,BIN-003,Sitabuldi,38.7,79.0,26.8,97.0,0,2,Organic
2024-01-05 03:00:00,BIN-004,Sitabuldi,38.7,68.8,19.2,98.0,0,1,Mixed
2024-01-05 03:00:00,BIN-005,Gandhibagh,29.2,55.1,23.2,105.0,0,1,Organic
2024-01-05 03:00:00,BIN-006,Gandhibagh,36.0,66.9,27.2,95.0,0,0,Organic
2024-01-05 03:00:00,BIN-007,Lakadganj,26.5,48.9,22.8,92.0,0,0,Mixed
2024-01-05 03:00:00,BIN-008,Lakadganj,38.7,67.3,24.2,98.8,0,0,Mixed
2024-01-05 03:00:00,BIN-009,Sadar,28.9,42.7,19.6,96.5,0,0,Mixed
2024-01-05 03:00:00,BIN-010,Sadar,39.8,84.0,21.6,97.4,0,2,Mixed
2024-01-05 03:00:00,BIN-011,Itwari,36.1,80.5,22.2,97.9,0,2,Mixed
2024-01-05 03:00:00,BIN-012,Itwari,43.7,78.8,20.8,94.6,0,2,Recyclable
2024-01-05 12:00:00,BIN-001,Dharampeth,35.8,73.6,39.2,104.5,0,2,Mixed
2024-01-05 12:00:00,BIN-002,Dharampeth,36.6,66.7,37.5,102.5,0,2,Mixed
2024-01-05 12:00:00,BIN-003,Sitabuldi,42.3,71.6,38.1,101.0,0,2,Hazardous
2024-01-05 12:00:00,BIN-004,Sitabuldi,42.4,84.1,40.5,100.7,0,2,Mixed
2024-01-05 12:00:00,BIN-005,Gandhibagh,32.7,57.1,39.1,95.2,0,0,Mixed
2024-01-05 12:00:00,BIN-006,Gandhibagh,45.5,92.6,37.4,98.1,0,0,Hazardous
2024-01-05 12:00:00,BIN-007,Lakadganj,45.7,79.5,40.6,96.9,0,1,Mixed
2024-01-05 12:00:00,BIN-008,Lakadganj,37.7,68.1,36.8,94.8,0,2,Mixed
2024-01-05 12:00:00,BIN-009,Sadar,46.2,83.7,36.5,96.4,0,1,Recyclable
2024-01-05 12:00:00,BIN-010,Sadar,35.7,62.3,39.9,101.8,0,0,Mixed
2024-01-05 12:00:00,BIN-011,Itwari,42.2,91.7,42.1,100.9,0,1,Mixed
2024-01-05 12:00:00,BIN-012,Itwari,42.5,81.0,39.0,97.2,0,0,Mixed
2024-01-05 15:00:00,BIN-001,Dharampeth,50.9,101.6,39.4,101.4,0,1,Mixed
2024-01-05 15:00:00,BIN-002,Dharampeth,39.8,64.2,34.2,103.7,0,2,Organic
2024-01-05 15:00:00,BIN-003,Sitabuldi,31.9,51.2,35.7,94.7,0,1,Mixed
2024-01-05 15:00:00,BIN-004,Sitabuldi,41.9,75.8,35.4,96.4,0,2,Recyclable
2024-01-05 15:00:00,BIN-005,Gandhibagh,40.5,55.0,37.9,102.4,0,1,Mixed
2024-01-05 15:00:00,BIN-006,Gandhibagh,30.9,66.3,34.8,97.9,0,2,Recyclable
2024-01-05 15:00:00,BIN-007,Lakadganj,38.5,60.3,37.7,101.0,0,1,Mixed
2024-01-05 15:00:00,BIN-008,Lakadganj,40.6,73.2,34.6,101.3,0,2,Mixed
2024-01-05 15:00:00,BIN-009,Sadar,37.0,68.8,36.9,97.0,0,1,Mixed
2024-01-05 15:00:00,BIN-010,Sadar,38.9,74.1,35.6,96.9,0,0,Mixed
2024-01-05 15:00:00,BIN-011,Itwari,45.2,95.9,33.1,94.3,0,0,Organic
2024-01-05 15:00:00,BIN-012,Itwari,41.4,67.2,33.7,98.6,0,2,Mixed
2024-01-05 18:00:00,BIN-001,Dharampeth,48.8,88.9,26.7,97.3,0,0,Organic
2024-01-05 18:00:00,BIN-002,Dharampeth,39.8,61.5,33.1,98.6,0,0,Mixed
2024-01-05 18:00:00,BIN-003,Sitabuldi,44.1,88.1,32.6,95.4,0,0,Mixed
2024-01-05 18:00:00,BIN-004,Sitabuldi,31.5,67.5,30.3,96.7,0,0,Mixed
2024-01-05 18:00:00,BIN-005,Gandhibagh,39.5,58.7,28.9,99.6,0,1,Hazardous
2024-01-05 18:00:00,BIN-006,Gandhibagh,37.3,79.9,29.4,96.8,0,1,Hazardous
2024-01-05 18:00:00,BIN-007,Lakadganj,39.1,78.2,26.9,100.8,0,2,Mixed
2024-01-05 18:00:00,BIN-008,Lakadganj,35.7,46.2,29.8,101.7,0,0,Recyclable
2024-01-05 18:00:00,BIN-009,Sadar,35.5,59.0,31.4,97.8,0,0,Hazardous
2024-01-05 18:00:00,BIN-010,Sadar,40.2,71.6,30.3,102.5,0,1,Mixed
2024-01-05 18:00:00,BIN-011,Itwari,39.7,74.4,28.0,93.9,0,2,Hazardous
2024-01-05 18:00:00,BIN-012,Itwari,30.2,51.9,28.8,100.1,0,1,Mixed
2024-01-05 21:00:00,BIN-001,Dharampeth,39.2,73.7,26.2,100.1,0,0,Mixed
2024-01-05 21:00:00,BIN-002,Dharampeth,39.1,66.8,23.7,99.2,0,0,Recyclable
2024-01-05 21:00:00,BIN-003,Sitabuldi,42.5,78.1,25.2,92.0,0,2,Hazardous
2024-01-05 21:00:00,BIN-004,Sitabuldi,42.3,87.2,24.1,99.3,0,1,Mixed
2024-01-05 21:00:00,BIN-005,Gandhibagh,31.5,73.1,24.9,100.8,0,1,Mixed
2024-01-05 21:00:00,BIN-006,Gandhibagh,43.5,79.7,20.9,91.6,0,1,Mixed
2024-01-05 21:00:00,BIN-007,Lakadganj,38.0,64.6,27.1,97.6,0,1,Recyclable
2024-01-05 21:00:00,BIN-008,Lakadganj,44.4,81.9,24.2,99.1,0,0,Organic
2024-01-05 21:00:00,BIN-009,Sadar,28.1,46.3,28.3,99.3,0,2,Mixed
2024-01-05 21:00:00,BIN-010,Sadar,43.1,85.0,26.7,103.8,0,2,Recyclable
2024-01-05 21:00:00,BIN-011,Itwari,39.7,67.2,20.7,98.7,0,1,Organic
2024-01-05 21:00:00,BIN-012,Itwari,45.2,77.0,27.5,95.9,0,1,Recyclable
2024-01-06 00:00:00,BIN-001,Dharampeth,43.7,86.9,22.3,99.2,0,1,Recyclable
2024-01-06 00:00:00,BIN-002,Dharampeth,45.6,97.3,20.1,98.1,0,0,Organic
2024-01-06 00:00:00,BIN-003,Sitabuldi,40.4,75.1,20.5,97.1,0,2,Mixed
2024-01-06 00:00:00,BIN-004,Sitabuldi,42.0,66.2,23.6,99.8,0,2,Mixed
2024-01-06 00:00:00,BIN-005,Gandhibagh,47.2,88.5,22.9,95.2,0,1,Mixed
2024-01-06 00:00:00,BIN-006,Gandhibagh,36.9,58.5,22.6,100.0,0,0,Organic
2024-01-06 00:00:00,BIN-007,Lakadganj,42.1,91.7,22.1,99.0,0,2,Recyclable
2024-01-06 00:00:00,BIN-008,Lakadganj,43.3,81.5,24.2,96.5,0,1,Mixed
2024-01-06 00:00:00,BIN-009,Sadar,47.1,80.1,20.0,99.0,0,1,Hazardous
2024-01-06 00:00:00,BIN-010,Sadar,34.2,63.2,19.4,94.7,0,1,Mixed
2024-01-06 00:00:00,BIN-011,Itwari,39.0,73.4,22.1,99.1,0,2,Mixed
2024-01-06 00:00:00,BIN-012,Itwari,36.3,59.9,22.0,99.7,0,1,Mixed
2024-01-06 03:00:00,BIN-001,Dharampeth,42.6,81.0,21.1,94.2,0,0,Organic
2024-01-06 03:00:00,BIN-002,Dharampeth,43.9,92.5,24.5,100.6,0,2,Mixed
2024-01-06 03:00:00,BIN-003,Sitabuldi,54.9,100.1,26.6,98.1,0,0,Organic
2024-01-06 03:00:00,BIN-004,Sitabuldi,30.8,55.7,25.8,104.1,0,2,Organic
2024-01-06 03:00:00,BIN-005,Gandhibagh,45.2,74.7,20.6,90.6,0,1,Mixed
2024-01-06 03:00:00,BIN-006,Gandhibagh,42.9,71.0,25.3,98.5,0,1,Organic
2024-01-06 03:00:00,BIN-007,Lakadganj,42.8,79.4,25.2,99.7,0,1,Mixed
2024-01-06 03:00:00,BIN-008,Lakadganj,36.4,64.2,28.9,101.2,0,2,Mixed
2024-01-06 03:00:00,BIN-009,Sadar,40.6,89.6,25.4,97.5,0,1,Mixed
2024-01-06 03:00:00,BIN-010,Sadar,43.1,89.1,24.9,103.7,0,0,Mixed
2024-01-06 03:00:00,BIN-011,Itwari,43.9,77.4,25.5,101.8,0,1,Organic
2024-01-06 03:00:00,BIN-012,Itwari,38.4,87.9,23.2,96.8,0,1,Organic
2024-01-06 12:00:00,BIN-001,Dharampeth,48.7,93.4,35.1,97.6,0,0,Recyclable
2024-01-06 12:00:00,BIN-002,Dharampeth,53.8,100.9,42.0,96.1,0,2,Recyclable
2024-01-06 12:00:00,BIN-003,Sitabuldi,41.7,68.9,37.5,97.8,0,1,Mixed
2024-01-06 12:00:00,BIN-004,Sitabuldi,46.3,85.2,34.6,100.3,0,1,Mixed
2024-01-06 12:00:00,BIN-005,Gandhibagh,48.0,103.9,39.6,97.8,0,2,Mixed
2024-01-06 12:00:00,BIN-006,Gandhibagh,48.2,68.3,39.3,95.9,0,1,Mixed
2024-01-06 12:00:00,BIN-007,Lakadganj,28.4,59.1,37.6,106.0,0,1,Mixed
2024-01-06 12:00:00,BIN-008,Lakadganj,37.1,62.0,38.0,97.6,0,1,Organic
2024-01-06 12:00:00,BIN-009,Sadar,34.0,59.7,34.4,102.2,0,1,Mixed
2024-01-06 12:00:00,BIN-010,Sadar,41.3,70.2,40.1,98.6,0,2,Mixed
2024-01-06 12:00:00,BIN-011,Itwari,49.2,100.9,38.5,97.6,0,0,Mixed
2024-01-06 12:00:00,BIN-012,Itwari,41.4,97.4,39.5,93.9,0,0,Recyclable
2024-01-06 15:00:00,BIN-001,Dharampeth,41.1,86.0,34.9,99.8,0,0,Organic
2024-01-06 15:00:00,BIN-002,Dharampeth,45.6,86.4,31.1,91.4,0,0,Recyclable
2024-01-06 15:00:00,BIN-003,Sitabuldi,43.7,79.8,36.3,98.5,0,1,Organic
2024-01-06 15:00:00,BIN-004,Sitabuldi,43.6,82.3,34.8,103.6,0,0,Mixed
2024-01-06 15:00:00,BIN-005,Gandhibagh,44.8,81.9,32.9,98.0,0,2,Mixed
2024-01-06 15:00:00,BIN-006,Gandhibagh,52.3,93.8,38.9,100.3,0,1,Organic
2024-01-06 15:00:00,BIN-007,Lakadganj,41.0,62.0,33.2,96.2,0,2,Organic
2024-01-06 15:00:00,BIN-008,Lakadganj,43.8,79.7,35.5,100.7,0,1,Mixed
2024-01-06 15:00:00,BIN-009,Sadar,38.3,70.8,35.9,97.6,0,2,Recyclable
2024-01-06 15:00:00,BIN-010,Sadar,39.9,72.4,38.4,98.2,0,2,Mixed
2024-01-06 15:00:00,BIN-011,Itwari,36.6,59.4,32.1,94.5,0,1,Organic
2024-01-06 15:00:00,BIN-012,Itwari,41.1,85.3,36.8,100.9,0,1,Recyclable
2024-01-06 18:00:00,BIN-001,Dharampeth,46.0,91.5,27.4,99.6,0,0,Mixed
2024-01-06 18:00:00,BIN-002,Dharampeth,40.2,79.2,32.9,93.1,0,2,Organic
2024-01-06 18:00:00,BIN-003,Sitabuldi,48.4,105.5,29.9,90.7,0,1,Organic
2024-01-06 18:00:00,BIN-004,Sitabuldi,41.4,81.5,32.1,104.0,0,2,Organic
2024-01-06 18:00:00,BIN-005,Gandhibagh,41.2,77.7,29.0,97.8,0,1,Hazardous
2024-01-06 18:00:00,BIN-006,Gandhibagh,39.5,68.8,32.5,95.4,0,2,Mixed
2024-01-06 18:00:00,BIN-007,Lakadganj,45.1,84.8,28.4,99.6,0,2,Organic
2024-01-06 18:00:00,BIN-008,Lakadganj,47.3,81.4,28.4,99.5,0,1,Mixed
2024-01-06 18:00:00,BIN-009,Sadar,38.0,70.8,33.2,100.6,0,2,Mixed
2024-01-06 18:00:00,BIN-010,Sadar,43.8,86.9,29.3,92.8,0,2,Organic
2024-01-06 18:00:00,BIN-011,Itwari,40.5,72.1,29.0,93.2,0,0,Mixed
2024-01-06 18:00:00,BIN-012,Itwari,39.6,73.9,29.5,94.3,0,1,Mixed
2024-01-06 21:00:00,BIN-001,Dharampeth,46.5,99.6,26.6,103.5,0,0,Mixed
2024-01-06 21:00:00,BIN-002,Dharampeth,44.0,76.5,23.6,94.4,0,0,Mixed
2024-01-06 21:00:00,BIN-003,Sitabuldi,39.9,71.0,24.9,97.3,0,1,Organic
2024-01-06 21:00:00,BIN-004,Sitabuldi,48.4,95.9,27.7,101.6,0,0,Mixed
2024-01-06 21:00:00,BIN-005,Gandhibagh,48.4,92.7,24.8,104.1,0,1,Mixed
2024-01-06 21:00:00,BIN-006,Gandhibagh,41.2,78.8,26.9,96.8,0,2,Mixed
2024-01-06 21:00:00,BIN-007,Lakadganj,43.9,96.9,22.3,95.6,0,0,Mixed
2024-01-06 21:00:00,BIN-008,Lakadganj,46.8,91.0,21.2,99.0,0,1,Organic
2024-01-06 21:00:00,BIN-009,Sadar,50.5,94.0,25.3,98.7,0,2,Mixed
2024-01-06 21:00:00,BIN-010,Sadar,40.4,79.4,22.2,103.5,0,0,Organic
2024-01-06 21:00:00,BIN-011,Itwari,37.5,54.9,22.0,94.7,0,0,Organic
2024-01-06 21:00:00,BIN-012,Itwari,34.6,53.7,24.8,98.6,0,2,Mixed
2024-01-07 00:00:00,BIN-001,Dharampeth,52.5,85.8,21.9,103.1,0,0,Mixed
2024-01-07 00:00:00,BIN-002,Dharampeth,49.8,103.6,24.1,104.9,0,0,Mixed
2024-01-07 00:00:00,BIN-003,Sitabuldi,46.1,79.3,22.5,93.3,0,2,Organic
2024-01-07 00:00:00,BIN-004,Sitabuldi,52.7,105.7,24.5,94.6,0,0,Organic
2024-01-07 00:00:00,BIN-005,Gandhibagh,42.5,91.4,22.8,99.9,0,0,Mixed
2024-01-07 00:00:00,BIN-006,Gandhibagh,48.0,78.0,19.9,96.6,0,1,Mixed
2024-01-07 00:00:00,BIN-007,Lakadganj,43.6,72.2,20.6,102.5,0,0,Mixed
2024-01-07 00:00:00,BIN-008,Lakadganj,42.8,82.5,25.4,102.3,0,1,Organic
2024-01-07 00:00:00,BIN-009,Sadar,47.0,66.9,22.9,95.9,0,2,Mixed
2024-01-07 00:00:00,BIN-010,Sadar,54.9,100.4,18.8,98.8,0,0,Mixed
2024-01-07 00:00:00,BIN-011,Itwari,45.0,76.6,19.6,102.0,0,2,Mixed
2024-01-07 00:00:00,BIN-012,Itwari,52.3,87.4,22.4,99.6,0,2,Organic
2024-01-07 03:00:00,BIN-001,Dharampeth,61.0,110.3,23.9,96.9,0,1,Mixed
2024-01-07 03:00:00,BIN-002,Dharampeth,49.8,99.4,22.1,99.0,0,2,Organic
2024-01-07 03:00:00,BIN-003,Sitabuldi,42.6,88.1,25.8,94.7,0,1,Mixed
2024-01-07 03:00:00,BIN-004,Sitabuldi,53.5,117.0,27.6,99.8,0,0,Organic
2024-01-07 03:00:00,BIN-005,Gandhibagh,37.9,71.7,24.6,96.4,0,1,Mixed
2024-01-07 03:00:00,BIN-006,Gandhibagh,48.9,98.9,21.5,101.0,0,1,Organic
2024-01-07 03:00:00,BIN-007,Lakadganj,38.1,73.6,27.6,93.8,0,2,Mixed
2024-01-07 03:00:00,BIN-008,Lakadganj,52.5,88.6,21.7,99.3,0,2,Organic
2024-01-07 03:00:00,BIN-009,Sadar,50.8,93.4,27.0,100.9,0,1,Mixed
2024-01-07 03:00:00,BIN-010,Sadar,46.6,90.1,21.8,99.5,0,2,Organic
2024-01-07 03:00:00,BIN-011,Itwari,55.6,102.0,24.4,98.1,0,1,Hazardous
2024-01-07 03:00:00,BIN-012,Itwari,47.9,87.9,24.3,99.7,0,2,Organic
2024-01-07 12:00:00,BIN-001,Dharampeth,49.3,91.3,40.5,97.5,0,0,Organic
2024-01-07 12:00:00,BIN-002,Dharampeth,47.6,93.7,39.4,100.2,0,1,Mixed
2024-01-07 12:00:00,BIN-003,Sitabuldi,47.7,93.7,39.7,99.2,0,0,Organic
2024-01-07 12:00:00,BIN-004,Sitabuldi,46.9,81.0,35.4,104.1,0,1,Mixed
2024-01-07 12:00:00,BIN-005,Gandhibagh,46.4,90.5,38.9,91.1,0,1,Mixed
2024-01-07 12:00:00,BIN-006,Gandhibagh,41.6,74.1,40.6,97.2,0,1,Mixed
2024-01-07 12:00:00,BIN-007,Lakadganj,54.6,92.5,39.2,96.5,0,1,Organic
2024-01-07 12:00:00,BIN-008,Lakadganj,41.6,58.8,40.1,97.9,0,1,Mixed
2024-01-07 12:00:00,BIN-009,Sadar,53.2,94.7,40.3,99.9,0,1,Mixed
2024-01-07 12:00:00,BIN-010,Sadar,42.6,87.6,39.1,97.1,0,1,Organic
2024-01-07 12:00:00,BIN-011,Itwari,47.1,78.7,37.9,95.1,0,1,Recyclable
2024-01-07 12:00:00,BIN-012,Itwari,55.2,104.9,36.5,97.3,0,0,Hazardous
2024-01-07 15:00:00,BIN-001,Dharampeth,44.8,82.9,36.1,102.6,0,0,Mixed
2024-01-07 15:00:00,BIN-002,Dharampeth,54.0,100.6,38.5,99.7,0,1,Mixed
2024-01-07 15:00:00,BIN-003,Sitabuldi,45.4,92.0,34.4,100.8,0,2,Recyclable
2024-01-07 15:00:00,BIN-004,Sitabuldi,48.8,101.2,33.9,94.1,0,1,Mixed
2024-01-07 15:00:00,BIN-005,Gandhibagh,48.4,85.8,35.5,94.1,0,0,Mixed
2024-01-07 15:00:00,BIN-006,Gandhibagh,46.1,97.6,34.3,93.6,0,2,Mixed
2024-01-07 15:00:00,BIN-007,Lakadganj,46.0,88.6,38.3,99.6,0,2,Mixed
2024-01-07 15:00:00,BIN-008,Lakadganj,54.0,93.6,36.9,101.1,0,0,Recyclable
2024-01-07 15:00:00,BIN-009,Sadar,51.3,101.4,33.2,102.0,0,1,Organic
2024-01-07 15:00:00,BIN-010,Sadar,42.4,75.7,36.8,95.3,0,2,Mixed
2024-01-07 15:00:00,BIN-011,Itwari,52.3,99.6,36.6,100.7,0,1,Mixed
2024-01-07 15:00:00,BIN-012,Itwari,52.5,98.5,38.5,101.4,0,1,Mixed
2024-01-07 18:00:00,BIN-001,Dharampeth,48.5,93.5,29.8,99.4,0,2,Mixed
2024-01-07 18:00:00,BIN-002,Dharampeth,51.3,99.1,29.9,102.3,0,0,Recyclable
2024-01-07 18:00:00,BIN-003,Sitabuldi,49.6,80.6,30.4,99.2,0,1,Organic
2024-01-07 18:00:00,BIN-004,Sitabuldi,45.2,81.5,25.2,98.0,0,0,Mixed
2024-01-07 18:00:00,BIN-005,Gandhibagh,45.7,85.0,35.0,97.2,0,1,Hazardous
2024-01-07 18:00:00,BIN-006,Gandhibagh,50.5,93.0,28.1,97.6,0,1,Mixed
2024-01-07 18:00:00,BIN-007,Lakadganj,48.8,83.3,31.4,94.3,0,1,Hazardous
2024-01-07 18:00:00,BIN-008,Lakadganj,50.6,89.3,29.6,99.8,0,0,Mixed
2024-01-07 18:00:00,BIN-009,Sadar,55.9,108.6,28.8,99.5,0,2,Mixed
2024-01-07 18:00:00,BIN-010,Sadar,53.7,113.3,31.6,94.7,0,1,Organic
2024-01-07 18:00:00,BIN-011,Itwari,47.2,90.1,27.4,99.6,0,1,Mixed
2024-01-07 18:00:00,BIN-012,Itwari,52.7,104.2,30.3,99.9,0,2,Mixed
2024-01-07 21:00:00,BIN-001,Dharampeth,48.0,86.8,22.1,96.8,0,2,Organic
2024-01-07 21:00:00,BIN-002,Dharampeth,53.9,92.2,19.0,99.2,0,0,Organic
2024-01-07 21:00:00,BIN-003,Sitabuldi,50.8,94.0,25.4,93.2,0,0,Mixed
2024-01-07 21:00:00,BIN-004,Sitabuldi,49.7,92.5,22.2,104.9,0,0,Organic
2024-01-07 21:00:00,BIN-005,Gandhibagh,49.1,84.1,24.4,97.0,0,1,Mixed
2024-01-07 21:00:00,BIN-006,Gandhibagh,50.5,88.9,24.5,92.9,0,1,Mixed
2024-01-07 21:00:00,BIN-007,Lakadganj,46.5,95.3,23.0,99.2,0,2,Mixed
2024-01-07 21:00:00,BIN-008,Lakadganj,47.9,90.6,28.9,100.4,0,2,Organic
2024-01-07 21:00:00,BIN-009,Sadar,48.1,94.9,23.7,98.1,0,1,Mixed
2024-01-07 21:00:00,BIN-010,Sadar,45.6,90.9,24.3,98.5,0,0,Mixed
2024-01-07 21:00:00,BIN-011,Itwari,52.3,97.7,23.4,94.9,0,1,Organic
2024-01-07 21:00:00,BIN-012,Itwari,49.9,110.3,22.3,97.2,0,1,Organic
2024-01-08 00:00:00,BIN-001,Dharampeth,49.0,105.6,22.1,97.4,0,1,Mixed
2024-01-08 00:00:00,BIN-002,Dharampeth,51.3,92.6,27.9,95.1,0,0,Mixed
2024-01-08 00:00:00,BIN-003,Sitabuldi,44.0,76.8,20.8,101.6,0,1,Recyclable
2024-01-08 00:00:00,BIN-004,Sitabuldi,57.1,101.4,21.2,95.1,0,2,Recyclable
2024-01-08 00:00:00,BIN-005,Gandhibagh,58.5,104.6,22.9,95.2,0,2,Mixed
2024-01-08 00:00:00,BIN-006,Gandhibagh,49.6,83.9,21.9,94.3,0,0,Mixed
2024-01-08 00:00:00,BIN-007,Lakadganj,43.8,65.5,18.4,95.4,0,0,Mixed
2024-01-08 00:00:00,BIN-008,Lakadganj,60.6,121.6,23.1,98.5,0,2,Organic
2024-01-08 00:00:00,BIN-009,Sadar,43.5,77.0,23.2,96.4,0,1,Mixed
2024-01-08 00:00:00,BIN-010,Sadar,53.2,100.8,21.8,93.5,0,0,Mixed
2024-01-08 00:00:00,BIN-011,Itwari,48.8,82.6,23.4,96.0,0,1,Organic
2024-01-08 00:00:00,BIN-012,Itwari,43.4,85.6,20.2,96.3,0,1,Organic
2024-01-08 03:00:00,BIN-001,Dharampeth,49.9,82.1,24.1,97.2,0,0,Mixed
2024-01-08 03:00:00,BIN-002,Dharampeth,58.4,111.5,26.6,98.6,0,0,Mixed
2024-01-08 03:00:00,BIN-003,Sitabuldi,54.9,91.8,26.4,96.5,0,0,Organic
2024-01-08 03:00:00,BIN-004,Sitabuldi,43.8,73.5,26.2,98.6,0,2,Mixed
2024-01-08 03:00:00,BIN-005,Gandhibagh,60.0,90.1,26.1,91.7,0,1,Organic
2024-01-08 03:00:00,BIN-006,Gandhibagh,52.4,85.9,23.6,96.8,0,0,Organic
2024-01-08 03:00:00,BIN-007,Lakadganj,51.9,97.2,23.9,101.7,0,0,Recyclable
2024-01-08 03:00:00,BIN-008,Lakadganj,58.0,102.1,24.0,96.1,0,2,Organic
2024-01-08 03:00:00,BIN-009,Sadar,52.3,91.4,26.4,94.1,0,0,Recyclable
2024-01-08 03:00:00,BIN-010,Sadar,49.9,108.0,25.8,95.6,0,2,Organic
2024-01-08 03:00:00,BIN-011,Itwari,51.6,88.0,24.2,100.5,0,1,Mixed
2024-01-08 03:00:00,BIN-012,Itwari,41.4,77.9,24.2,102.6,0,2,Mixed
2024-01-08 12:00:00,BIN-001,Dharampeth,53.1,116.6,36.6,100.1,0,2,Recyclable
2024-01-08 12:00:00,BIN-002,Dharampeth,53.5,96.5,36.2,100.1,0,2,Organic
2024-01-08 12:00:00,BIN-003,Sitabuldi,54.7,88.8,37.8,98.5,0,2,Mixed
2024-01-08 12:00:00,BIN-004,Sitabuldi,53.4,77.4,41.0,98.7,0,1,Mixed
2024-01-08 12:00:00,BIN-005,Gandhibagh,56.7,108.0,40.1,101.8,0,0,Organic
2024-01-08 12:00:00,BIN-006,Gandhibagh,58.7,99.6,41.2,97.1,0,0,Mixed
2024-01-08 12:00:00,BIN-007,Lakadganj,57.3,105.8,36.2,100.6,0,1,Organic
2024-01-08 12:00:00,BIN-008,Lakadganj,52.9,105.2,37.9,99.0,0,2,Organic
2024-01-08 12:00:00,BIN-009,Sadar,60.3,111.3,36.4,92.0,0,2,Recyclable
2024-01-08 12:00:00,BIN-010,Sadar,54.3,100.2,36.2,97.9,0,0,Mixed
2024-01-08 12:00:00,BIN-011,Itwari,50.2,95.7,41.7,96.4,0,2,Mixed
2024-01-08 12:00:00,BIN-012,Itwari,63.8,115.0,38.0,95.3,0,0,Mixed
2024-01-08 15:00:00,BIN-001,Dharampeth,54.1,107.1,33.9,95.8,0,1,Mixed
2024-01-08 15:00:00,BIN-002,Dharampeth,58.0,106.4,35.4,97.6,0,1,Mixed
2024-01-08 15:00:00,BIN-003,Sitabuldi,49.4,83.9,37.3,97.5,0,2,Mixed
2024-01-08 15:00:00,BIN-004,Sitabuldi,54.7,104.0,33.1,99.0,0,0,Organic
2024-01-08 15:00:00,BIN-005,Gandhibagh,52.0,105.7,33.9,99.6,0,0,Mixed
2024-01-08 15:00:00,BIN-006,Gandhibagh,57.7,90.5,36.0,102.2,0,2,Mixed
2024-01-08 15:00:00,BIN-007,Lakadganj,49.7,86.3,36.8,94.1,0,2,Mixed
2024-01-08 15:00:00,BIN-008,Lakadganj,57.3,104.1,37.7,99.3,0,0,Recyclable
2024-01-08 15:00:00,BIN-009,Sadar,46.3,83.0,37.0,100.1,0,0,Mixed
2024-01-08 15:00:00,BIN-010,Sadar,53.1,81.0,36.7,96.8,0,0,Organic
2024-01-08 15:00:00,BIN-011,Itwari,55.2,98.2,37.2,103.4,0,1,Mixed
2024-01-08 15:00:00,BIN-012,Itwari,66.4,116.3,31.8,99.5,0,2,Mixed
2024-01-08 18:00:00,BIN-001,Dharampeth,52.5,88.1,30.1,99.8,0,0,Organic
2024-01-08 18:00:00,BIN-002,Dharampeth,48.6,92.5,29.5,99.6,0,0,Mixed
2024-01-08 18:00:00,BIN-003,Sitabuldi,49.8,89.1,29.6,91.4,0,1,Hazardous
2024-01-08 18:00:00,BIN-004,Sitabuldi,53.9,103.4,31.1,97.3,0,0,Mixed
2024-01-08 18:00:00,BIN-005,Gandhibagh,55.5,104.0,29.8,99.9,0,1,Organic
2024-01-08 18:00:00,BIN-006,Gandhibagh,59.2,108.6,35.0,104.4,0,0,Mixed
2024-01-08 18:00:00,BIN-007,Lakadganj,64.1,119.9,31.6,98.4,0,0,Organic
2024-01-08 18:00:00,BIN-008,Lakadganj,51.3,98.7,29.2,93.7,0,0,Mixed
2024-01-08 18:00:00,BIN-009,Sadar,53.5,96.1,30.3,97.4,0,1,Organic
2024-01-08 18:00:00,BIN-010,Sadar,50.0,91.6,29.0,99.5,0,2,Mixed
2024-01-08 18:00:00,BIN-011,Itwari,56.9,116.1,25.8,95.2,0,1,Recyclable
2024-01-08 18:00:00,BIN-012,Itwari,60.3,111.3,34.0,95.5,0,0,Mixed
2024-01-08 21:00:00,BIN-001,Dharampeth,62.7,106.7,26.3,100.1,0,2,Organic
2024-01-08 21:00:00,BIN-002,Dharampeth,58.9,103.2,24.1,102.0,0,0,Mixed
2024-01-08 21:00:00,BIN-003,Sitabuldi,53.2,93.9,25.7,97.5,0,1,Organic
2024-01-08 21:00:00,BIN-004,Sitabuldi,61.0,111.0,24.2,105.6,0,2,Organic
2024-01-08 21:00:00,BIN-005,Gandhibagh,53.9,109.9,25.8,103.9,0,0,Recyclable
2024-01-08 21:00:00,BIN-006,Gandhibagh,55.0,96.9,25.9,92.7,0,0,Hazardous
2024-01-08 21:00:00,BIN-007,Lakadganj,49.6,103.7,20.5,99.9,0,0,Mixed
2024-01-08 21:00:00,BIN-008,Lakadganj,50.8,97.0,25.9,95.8,0,2,Organic
2024-01-08 21:00:00,BIN-009,Sadar,60.1,101.2,22.8,94.8,0,2,Mixed
2024-01-08 21:00:00,BIN-010,Sadar,57.0,93.2,26.9,97.1,0,2,Mixed
2024-01-08 21:00:00,BIN-011,Itwari,50.3,101.0,21.9,93.8,0,0,Mixed
2024-01-08 21:00:00,BIN-012,Itwari,56.0,103.9,23.0,98.7,0,0,Mixed
2024-01-09 00:00:00,BIN-001,Dharampeth,66.1,115.9,21.4,93.8,0,0,Organic
2024-01-09 00:00:00,BIN-002,Dharampeth,53.5,101.8,19.4,101.4,0,1,Recyclable
2024-01-09 00:00:00,BIN-003,Sitabuldi,57.3,111.6,23.7,96.9,0,0,Mixed
2024-01-09 00:00:00,BIN-004,Sitabuldi,51.9,102.9,23.1,98.5,0,0,Mixed
2024-01-09 00:00:00,BIN-005,Gandhibagh,49.0,86.7,24.6,99.1,0,2,Mixed
2024-01-09 00:00:00,BIN-006,Gandhibagh,59.3,108.4,21.9,101.9,0,0,Mixed
2024-01-09 00:00:00,BIN-007,Lakadganj,60.7,97.8,19.4,99.6,0,1,Organic
2024-01-09 00:00:00,BIN-008,Lakadganj,56.8,113.5,26.3,97.7,0,2,Recyclable
2024-01-09 00:00:00,BIN-009,Sadar,50.7,94.0,20.5,98.0,0,0,Mixed
2024-01-09 00:00:00,BIN-010,Sadar,60.9,125.9,22.5,100.7,0,2,Mixed
2024-01-09 00:00:00,BIN-011,Itwari,47.8,82.4,24.0,95.0,0,0,Mixed
2024-01-09 00:00:00,BIN-012,Itwari,56.6,98.6,22.8,97.3,0,2,Hazardous
2024-01-09 03:00:00,BIN-001,Dharampeth,51.8,98.9,22.9,97.2,0,2,Mixed
2024-01-09 03:00:00,BIN-002,Dharampeth,62.0,114.7,24.5,96.0,0,2,Mixed
2024-01-09 03:00:00,BIN-003,Sitabuldi,56.6,96.5,26.5,96.1,0,1,Mixed
2024-01-09 03:00:00,BIN-004,Sitabuldi,51.7,100.5,21.1,95.9,0,0,Mixed
2024-01-09 03:00:00,BIN-005,Gandhibagh,66.9,116.1,22.8,96.1,0,0,Mixed
2024-01-09 03:00:00,BIN-006,Gandhibagh,56.0,102.1,24.5,95.1,0,2,Recyclable
2024-01-09 03:00:00,BIN-007,Lakadganj,59.3,110.1,25.1,95.5,0,0,Recyclable
2024-01-09 03:00:00,BIN-008,Lakadganj,62.9,118.1,25.4,91.9,0,2,Mixed
2024-01-09 03:00:00,BIN-009,Sadar,56.5,107.2,21.8,101.1,0,2,Hazardous
2024-01-09 03:00:00,BIN-010,Sadar,52.9,95.0,24.0,93.8,0,1,Mixed
2024-01-09 03:00:00,BIN-011,Itwari,49.8,88.8,22.9,100.7,0,2,Hazardous
2024-01-09 03:00:00,BIN-012,Itwari,59.2,120.0,20.7,96.3,0,0,Mixed
2024-01-09 12:00:00,BIN-001,Dharampeth,60.5,117.0,40.9,99.8,0,0,Organic
2024-01-09 12:00:00,BIN-002,Dharampeth,60.9,111.5,35.8,97.3,0,1,Mixed
2024-01-09 12:00:00,BIN-003,Sitabuldi,63.1,124.8,40.5,100.2,0,0,Mixed
2024-01-09 12:00:00,BIN-004,Sitabuldi,59.4,103.3,37.0,102.8,0,0,Organic
2024-01-09 12:00:00,BIN-005,Gandhibagh,61.9,114.8,40.1,98.3,0,2,Mixed
2024-01-09 12:00:00,BIN-006,Gandhibagh,58.8,120.0,39.0,94.5,0,1,Organic
2024-01-09 12:00:00,BIN-007,Lakadganj,63.2,119.4,36.6,99.0,0,1,Mixed
2024-01-09 12:00:00,BIN-008,Lakadganj,59.7,114.7,35.8,101.6,0,1,Recyclable
2024-01-09 12:00:00,BIN-009,Sadar,51.5,105.3,36.9,97.0,0,1,Organic
2024-01-09 12:00:00,BIN-010,Sadar,61.2,99.7,39.1,98.7,0,2,Organic
2024-01-09 12:00:00,BIN-011,Itwari,70.3,134.4,35.0,95.8,0,2,Mixed
2024-01-09 12:00:00,BIN-012,Itwari,55.3,100.4,39.7,93.1,0,1,Recyclable
2024-01-09 15:00:00,BIN-001,Dharampeth,59.5,111.4,35.3,98.7,0,1,Mixed
2024-01-09 15:00:00,BIN-002,Dharampeth,64.9,104.2,36.7,98.7,0,2,Organic
2024-01-09 15:00:00,BIN-003,Sitabuldi,65.2,117.6,34.4,97.5,0,2,Mixed
2024-01-09 15:00:00,BIN-004,Sitabuldi,63.3,128.9,32.9,96.5,0,1,Mixed
2024-01-09 15:00:00,BIN-005,Gandhibagh,58.6,99.4,34.4,100.1,0,2,Mixed
2024-01-09 15:00:00,BIN-006,Gandhibagh,59.9,112.9,36.7,101.2,0,1,Recyclable
2024-01-09 15:00:00,BIN-007,Lakadganj,51.0,84.2,36.1,96.6,0,1,Recyclable
2024-01-09 15:00:00,BIN-008,Lakadganj,67.5,124.8,37.3,96.8,0,0,Mixed
2024-01-09 15:00:00,BIN-009,Sadar,56.5,100.5,36.9,94.8,0,1,Organic
2024-01-09 15:00:00,BIN-010,Sadar,61.4,114.7,32.6,94.1,0,0,Mixed
2024-01-09 15:00:00,BIN-011,Itwari,66.3,118.9,34.3,101.5,0,2,Mixed
2024-01-09 15:00:00,BIN-012,Itwari,56.9,118.2,36.5,98.2,0,1,Recyclable
2024-01-09 18:00:00,BIN-001,Dharampeth,44.9,84.3,33.4,96.9,0,0,Organic
2024-01-09 18:00:00,BIN-002,Dharampeth,62.9,120.1,27.5,99.8,0,1,Mixed
2024-01-09 18:00:00,BIN-003,Sitabuldi,62.0,100.9,29.0,96.5,0,2,Organic
2024-01-09 18:00:00,BIN-004,Sitabuldi,58.1,107.6,32.5,95.8,0,0,Mixed
2024-01-09 18:00:00,BIN-005,Gandhibagh,65.7,113.6,29.1,95.7,0,2,Mixed
2024-01-09 18:00:00,BIN-006,Gandhibagh,60.3,125.8,26.8,91.2,0,1,Mixed
2024-01-09 18:00:00,BIN-007,Lakadganj,55.1,112.0,29.8,94.4,0,0,Mixed
2024-01-09 18:00:00,BIN-008,Lakadganj,59.1,103.4,27.3,92.8,0,1,Organic
2024-01-09 18:00:00,BIN-009,Sadar,60.2,102.4,28.5,93.9,0,2,Mixed
2024-01-09 18:00:00,BIN-010,Sadar,66.5,136.1,28.2,95.5,0,0,Organic
2024-01-09 18:00:00,BIN-011,Itwari,54.1,100.9,27.7,97.0,0,0,Organic
2024-01-09 18:00:00,BIN-012,Itwari,57.0,104.2,30.3,95.3,0,0,Mixed
2024-01-09 21:00:00,BIN-001,Dharampeth,52.5,103.1,22.1,95.0,0,2,Mixed
2024-01-09 21:00:00,BIN-002,Dharampeth,62.6,112.0,22.6,95.1,0,1,Organic
2024-01-09 21:00:00,BIN-003,Sitabuldi,60.2,126.3,26.0,101.9,0,2,Mixed
2024-01-09 21:00:00,BIN-004,Sitabuldi,57.6,111.6,21.6,100.0,0,0,Organic
2024-01-09 21:00:00,BIN-005,Gandhibagh,67.2,139.8,28.7,99.6,0,1,Mixed
2024-01-09 21:00:00,BIN-006,Gandhibagh,56.7,113.7,26.9,100.0,0,2,Organic
2024-01-09 21:00:00,BIN-007,Lakadganj,66.0,121.5,25.0,99.3,0,1,Organic
2024-01-09 21:00:00,BIN-008,Lakadganj,63.8,109.9,23.8,98.4,0,1,Mixed
2024-01-09 21:00:00,BIN-009,Sadar,57.2,108.1,26.6,99.3,0,2,Mixed
2024-01-09 21:00:00,BIN-010,Sadar,61.4,101.8,24.5,95.1,0,1,Mixed
2024-01-09 21:00:00,BIN-011,Itwari,63.5,121.9,25.9,100.4,0,1,Organic
2024-01-09 21:00:00,BIN-012,Itwari,57.6,99.9,22.2,91.7,0,0,Mixed
2024-01-10 00:00:00,BIN-001,Dharampeth,63.5,121.6,24.8,99.7,0,2,Mixed
2024-01-10 00:00:00,BIN-002,Dharampeth,61.3,119.5,20.9,96.5,0,1,Mixed
2024-01-10 00:00:00,BIN-003,Sitabuldi,59.8,114.8,22.5,100.3,0,0,Recyclable
2024-01-10 00:00:00,BIN-004,Sitabuldi,49.8,93.1,20.9,102.9,0,2,Mixed
2024-01-10 00:00:00,BIN-005,Gandhibagh,62.9,110.0,23.9,98.0,0,0,Hazardous
2024-01-10 00:00:00,BIN-006,Gandhibagh,64.7,128.3,20.4,97.3,0,0,Organic
2024-01-10 00:00:00,BIN-007,Lakadganj,53.1,106.4,22.0,92.7,0,0,Mixed
2024-01-10 00:00:00,BIN-008,Lakadganj,70.9,130.9,22.5,102.3,0,2,Mixed
2024-01-10 00:00:00,BIN-009,Sadar,63.8,118.2,22.2,94.4,0,1,Mixed
2024-01-10 00:00:00,BIN-010,Sadar,68.1,133.5,24.3,92.0,0,0,Mixed
2024-01-10 00:00:00,BIN-011,Itwari,68.7,139.0,20.0,94.8,0,1,Organic
2024-01-10 00:00:00,BIN-012,Itwari,61.4,109.2,21.4,96.0,0,2,Mixed
2024-01-10 03:00:00,BIN-001,Dharampeth,56.1,106.6,25.0,95.1,0,1,Organic
2024-01-10 03:00:00,BIN-002,Dharampeth,61.7,120.8,23.0,95.1,0,0,Mixed
2024-01-10 03:00:00,BIN-003,Sitabuldi,57.7,106.6,25.3,92.3,0,2,Organic
2024-01-10 03:00:00,BIN-004,Sitabuldi,57.5,109.4,23.2,97.6,0,1,Recyclable
2024-01-10 03:00:00,BIN-005,Gandhibagh,63.2,122.8,24.6,96.7,0,0,Mixed
2024-01-10 03:00:00,BIN-006,Gandhibagh,57.8,106.2,23.3,95.5,0,2,Recyclable
2024-01-10 03:00:00,BIN-007,Lakadganj,67.1,128.8,25.8,98.9,0,0,Mixed
2024-01-10 03:00:00,BIN-008,Lakadganj,66.8,118.6,23.7,97.3,0,2,Mixed
2024-01-10 03:00:00,BIN-009,Sadar,64.5,121.4,26.7,96.2,0,0,Mixed
2024-01-10 03:00:00,BIN-010,Sadar,67.5,131.0,22.7,98.8,0,1,Mixed
2024-01-10 03:00:00,BIN-011,Itwari,66.1,121.2,24.1,98.6,0,1,Mixed
2024-01-10 03:00:00,BIN-012,Itwari,60.6,123.4,22.8,99.0,0,0,Mixed
2024-01-10 12:00:00,BIN-001,Dharampeth,65.5,134.7,41.1,98.1,0,2,Mixed
2024-01-10 12:00:00,BIN-002,Dharampeth,57.9,89.8,35.3,96.7,0,0,Mixed
2024-01-10 12:00:00,BIN-003,Sitabuldi,58.3,112.8,39.5,93.7,0,1,Organic
2024-01-10 12:00:00,BIN-004,Sitabuldi,76.8,143.5,38.0,102.8,0,2,Mixed
2024-01-10 12:00:00,BIN-005,Gandhibagh,68.0,118.9,36.7,99.5,0,1,Mixed
2024-01-10 12:00:00,BIN-006,Gandhibagh,61.4,113.3,37.5,94.6,0,0,Mixed
2024-01-10 12:00:00,BIN-007,Lakadganj,64.6,120.9,39.2,91.1,0,0,Mixed
2024-01-10 12:00:00,BIN-008,Lakadganj,62.1,103.8,37.1,96.0,0,1,Mixed
2024-01-10 12:00:00,BIN-009,Sadar,66.1,114.6,36.5,97.4,0,1,Mixed
2024-01-10 12:00:00,BIN-010,Sadar,61.1,119.0,38.2,102.8,0,0,Organic
2024-01-10 12:00:00,BIN-011,Itwari,70.2,112.1,36.2,93.7,0,2,Mixed
2024-01-10 12:00:00,BIN-012,Itwari,67.6,117.8,36.2,100.4,0,1,Mixed
2024-01-10 15:00:00,BIN-001,Dharampeth,64.9,121.9,33.4,91.3,0,1,Organic
2024-01-10 15:00:00,BIN-002,Dharampeth,75.9,154.2,37.2,97.2,0,0,Mixed
2024-01-10 15:00:00,BIN-003,Sitabuldi,54.2,104.0,37.1,100.0,0,1,Organic
2024-01-10 15:00:00,BIN-004,Sitabuldi,69.0,136.9,38.4,94.3,0,2,Mixed
2024-01-10 15:00:00,BIN-005,Gandhibagh,59.9,121.4,34.9,97.8,0,1,Mixed
2024-01-10 15:00:00,BIN-006,Gandhibagh,67.7,112.7,34.6,102.4,0,2,Mixed
2024-01-10 15:00:00,BIN-007,Lakadganj,71.7,137.1,36.7,100.7,0,1,Organic
2024-01-10 15:00:00,BIN-008,Lakadganj,62.4,120.2,33.3,95.6,0,2,Mixed
2024-01-10 15:00:00,BIN-009,Sadar,62.3,123.5,40.0,100.8,0,0,Organic
2024-01-10 15:00:00,BIN-010,Sadar,66.4,131.5,34.3,98.6,0,1,Hazardous
2024-01-10 15:00:00,BIN-011,Itwari,70.2,120.7,38.1,95.7,0,1,Organic
2024-01-10 15:00:00,BIN-012,Itwari,62.3,118.9,35.6,96.0,0,2,Recyclable
2024-01-10 18:00:00,BIN-001,Dharampeth,68.2,135.3,27.4,100.7,0,0,Organic
2024-01-10 18:00:00,BIN-002,Dharampeth,71.4,129.8,29.8,97.5,0,2,Mixed
2024-01-10 18:00:00,BIN-003,Sitabuldi,55.0,108.3,29.7,95.9,0,1,Mixed
2024-01-10 18:00:00,BIN-004,Sitabuldi,59.2,113.2,30.5,102.8,0,1,Mixed
2024-01-10 18:00:00,BIN-005,Gandhibagh,61.0,109.3,29.3,96.5,0,1,Mixed
2024-01-10 18:00:00,BIN-006,Gandhibagh,68.4,114.6,28.4,95.1,0,2,Organic
2024-01-10 18:00:00,BIN-007,Lakadganj,65.3,110.4,32.2,97.3,0,2,Organic
2024-01-10 18:00:00,BIN-008,Lakadganj,64.2,100.3,30.9,97.3,0,2,Mixed
2024-01-10 18:00:00,BIN-009,Sadar,59.9,115.6,29.7,95.9,0,2,Mixed
2024-01-10 18:00:00,BIN-010,Sadar,68.1,126.3,30.7,101.2,0,2,Mixed
2024-01-10 18:00:00,BIN-011,Itwari,63.1,106.3,28.4,96.3,0,1,Organic
2024-01-10 18:00:00,BIN-012,Itwari,63.8,123.6,28.9,94.8,0,0,Mixed
2024-01-10 21:00:00,BIN-001,Dharampeth,60.2,110.1,24.7,95.4,0,2,Mixed
2024-01-10 21:00:00,BIN-002,Dharampeth,68.2,135.7,25.2,94.9,0,1,Organic
2024-01-10 21:00:00,BIN-003,Sitabuldi,62.4,120.7,21.8,96.8,0,0,Recyclable
2024-01-10 21:00:00,BIN-004,Sitabuldi,67.8,131.2,24.4,93.4,0,1,Recyclable
2024-01-10 21:00:00,BIN-005,Gandhibagh,64.0,125.7,26.1,96.5,0,2,Mixed
2024-01-10 21:00:00,BIN-006,Gandhibagh,66.4,114.8,23.2,98.9,0,0,Mixed
2024-01-10 21:00:00,BIN-007,Lakadganj,65.8,116.4,24.7,101.9,0,0,Organic
2024-01-10 21:00:00,BIN-008,Lakadganj,70.6,128.7,21.8,98.7,0,0,Organic
2024-01-10 21:00:00,BIN-009,Sadar,63.1,103.7,27.2,96.5,0,2,Mixed
2024-01-10 21:00:00,BIN-010,Sadar,65.0,125.7,21.6,96.5,0,0,Organic
2024-01-10 21:00:00,BIN-011,Itwari,69.6,129.7,24.9,98.3,0,1,Mixed
2024-01-10 21:00:00,BIN-012,Itwari,62.5,111.4,28.2,98.9,0,2,Mixed
2024-01-11 00:00:00,BIN-001,Dharampeth,65.3,116.7,20.9,95.5,0,2,Organic
2024-01-11 00:00:00,BIN-002,Dharampeth,57.9,101.9,21.8,95.0,0,1,Organic
2024-01-11 00:00:00,BIN-003,Sitabuldi,64.5,126.8,22.4,93.0,0,0,Recyclable
2024-01-11 00:00:00,BIN-004,Sitabuldi,69.3,123.3,20.5,100.4,0,2,Recyclable
2024-01-11 00:00:00,BIN-005,Gandhibagh,65.4,132.0,20.9,99.4,0,2,Mixed
2024-01-11 00:00:00,BIN-006,Gandhibagh,64.6,128.4,22.6,99.4,0,0,Organic
2024-01-11 00:00:00,BIN-007,Lakadganj,70.9,131.7,23.1,99.3,0,0,Organic
2024-01-11 00:00:00,BIN-008,Lakadganj,63.0,118.3,22.5,94.5,0,1,Recyclable
2024-01-11 00:00:00,BIN-009,Sadar,69.7,134.0,20.7,97.3,0,0,Mixed
2024-01-11 00:00:00,BIN-010,Sadar,69.4,134.6,18.3,97.5,0,0,Recyclable
2024-01-11 00:00:00,BIN-011,Itwari,67.1,126.8,22.9,97.9,0,1,Organic
2024-01-11 00:00:00,BIN-012,Itwari,65.5,131.0,22.0,95.4,0,1,Organic
2024-01-11 03:00:00,BIN-001,Dharampeth,66.9,118.3,23.8,100.2,0,0,Mixed
2024-01-11 03:00:00,BIN-002,Dharampeth,66.1,121.4,22.9,100.0,0,0,Mixed
2024-01-11 03:00:00,BIN-003,Sitabuldi,59.5,96.7,29.3,96.3,0,2,Mixed
2024-01-11 03:00:00,BIN-004,Sitabuldi,69.3,123.3,24.6,99.4,0,1,Mixed
2024-01-11 03:00:00,BIN-005,Gandhibagh,80.7,149.2,24.8,97.6,0,2,Mixed
2024-01-11 03:00:00,BIN-006,Gandhibagh,67.7,131.8,22.4,96.4,0,0,Recyclable
2024-01-11 03:00:00,BIN-007,Lakadganj,68.1,137.3,27.9,103.7,0,2,Organic
2024-01-11 03:00:00,BIN-008,Lakadganj,64.7,117.7,25.7,98.4,0,2,Recyclable
2024-01-11 03:00:00,BIN-009,Sadar,67.6,118.3,29.2,99.7,0,2,Hazardous
2024-01-11 03:00:00,BIN-010,Sadar,58.4,113.6,21.0,96.3,0,1,Mixed
2024-01-11 03:00:00,BIN-011,Itwari,75.5,146.2,24.9,95.7,0,1,Recyclable
2024-01-11 03:00:00,BIN-012,Itwari,74.8,142.6,22.5,96.2,0,2,Mixed
2024-01-11 12:00:00,BIN-001,Dharampeth,69.8,135.2,34.3,102.7,0,2,Mixed
2024-01-11 12:00:00,BIN-002,Dharampeth,77.7,147.0,36.5,98.7,0,2,Mixed
2024-01-11 12:00:00,BIN-003,Sitabuldi,71.0,138.8,37.8,91.1,0,0,Mixed
2024-01-11 12:00:00,BIN-004,Sitabuldi,58.9,102.6,40.1,99.3,0,0,Hazardous
2024-01-11 12:00:00,BIN-005,Gandhibagh,68.4,135.6,39.7,105.5,0,0,Organic
2024-01-11 12:00:00,BIN-006,Gandhibagh,67.2,114.0,41.1,99.6,0,1,Mixed
2024-01-11 12:00:00,BIN-007,Lakadganj,75.7,138.0,37.9,97.1,0,2,Mixed
2024-01-11 12:00:00,BIN-008,Lakadganj,71.2,127.9,40.7,100.9,0,0,Mixed
2024-01-11 12:00:00,BIN-009,Sadar,71.7,138.6,39.1,94.8,0,2,Mixed
2024-01-11 12:00:00,BIN-010,Sadar,65.0,97.0,37.3,100.3,0,1,Mixed
2024-01-11 12:00:00,BIN-011,Itwari,69.0,126.6,38.0,100.6,0,0,Mixed
2024-01-11 12:00:00,BIN-012,Itwari,63.6,122.5,39.7,96.3,0,1,Mixed
2024-01-11 15:00:00,BIN-001,Dharampeth,69.7,129.5,34.8,99.1,0,0,Recyclable
2024-01-11 15:00:00,BIN-002,Dharampeth,66.2,123.2,34.1,98.0,0,0,Recyclable
2024-01-11 15:00:00,BIN-003,Sitabuldi,66.4,130.5,36.9,96.4,0,0,Mixed
2024-01-11 15:00:00,BIN-004,Sitabuldi,67.9,121.0,34.6,97.0,0,2,Mixed
2024-01-11 15:00:00,BIN-005,Gandhibagh,71.8,130.3,32.6,98.9,0,0,Mixed
2024-01-11 15:00:00,BIN-006,Gandhibagh,69.3,138.5,33.1,95.1,0,0,Recyclable
2024-01-11 15:00:00,BIN-007,Lakadganj,74.4,127.9,37.8,98.7,0,1,Mixed
2024-01-11 15:00:00,BIN-008,Lakadganj,66.3,111.5,33.3,96.6,0,2,Mixed
2024-01-11 15:00:00,BIN-009,Sadar,68.4,121.5,31.6,101.3,0,1,Organic
2024-01-11 15:00:00,BIN-010,Sadar,65.1,121.0,37.1,97.2,0,2,Mixed
2024-01-11 15:00:00,BIN-011,Itwari,64.8,124.1,37.8,97.5,0,2,Mixed
2024-01-11 15:00:00,BIN-012,Itwari,72.8,143.2,35.6,97.0,0,2,Organic
2024-01-11 18:00:00,BIN-001,Dharampeth,61.8,114.9,28.2,92.9,0,2,Mixed
2024-01-11 18:00:00,BIN-002,Dharampeth,65.3,121.5,30.5,95.6,0,0,Mixed
2024-01-11 18:00:00,BIN-003,Sitabuldi,73.1,132.9,29.7,96.4,0,2,Organic
2024-01-11 18:00:00,BIN-004,Sitabuldi,74.3,144.1,31.6,95.9,0,0,Mixed
2024-01-11 18:00:00,BIN-005,Gandhibagh,80.2,152.0,29.2,96.7,0,0,Hazardous
2024-01-11 18:00:00,BIN-006,Gandhibagh,67.3,128.6,28.3,97.0,0,0,Organic
2024-01-11 18:00:00,BIN-007,Lakadganj,75.9,139.3,29.9,99.0,0,0,Mixed
2024-01-11 18:00:00,BIN-008,Lakadganj,67.8,115.9,31.8,95.9,0,0,Organic
2024-01-11 18:00:00,BIN-009,Sadar,65.5,130.8,29.2,101.2,0,0,Organic
2024-01-11 18:00:00,BIN-010,Sadar,75.4,140.3,27.5,98.4,0,1,Mixed
2024-01-11 18:00:00,BIN-011,Itwari,72.9,129.6,32.1,95.9,0,1,Organic
2024-01-11 18:00:00,BIN-012,Itwari,70.9,124.3,31.8,97.7,0,0,Mixed
2024-01-11 21:00:00,BIN-001,Dharampeth,65.6,123.2,23.7,94.6,0,2,Organic
2024-01-11 21:00:00,BIN-002,Dharampeth,75.4,130.2,25.1,98.1,0,0,Mixed
2024-01-11 21:00:00,BIN-003,Sitabuldi,74.4,148.3,28.2,93.5,0,1,Recyclable
2024-01-11 21:00:00,BIN-004,Sitabuldi,82.6,153.1,20.8,97.4,0,1,Hazardous
2024-01-11 21:00:00,BIN-005,Gandhibagh,77.3,147.0,22.5,98.2,0,1,Mixed
2024-01-11 21:00:00,BIN-006,Gandhibagh,74.3,134.9,28.4,96.8,0,2,Organic
2024-01-11 21:00:00,BIN-007,Lakadganj,63.7,119.4,26.3,97.1,0,1,Organic
2024-01-11 21:00:00,BIN-008,Lakadganj,73.5,146.1,25.6,94.7,0,0,Mixed
2024-01-11 21:00:00,BIN-009,Sadar,68.6,123.2,23.6,93.2,0,0,Mixed
2024-01-11 21:00:00,BIN-010,Sadar,71.4,136.6,25.3,91.4,0,2,Mixed
2024-01-11 21:00:00,BIN-011,Itwari,76.4,136.4,24.7,97.7,0,1,Mixed
2024-01-11 21:00:00,BIN-012,Itwari,79.6,140.9,24.0,91.4,0,0,Mixed
2024-01-12 00:00:00,BIN-001,Dharampeth,63.4,115.7,19.7,96.5,0,1,Mixed
2024-01-12 00:00:00,BIN-002,Dharampeth,76.5,148.7,23.4,100.9,0,1,Mixed
2024-01-12 00:00:00,BIN-003,Sitabuldi,76.4,139.2,21.9,97.6,0,1,Organic
2024-01-12 00:00:00,BIN-004,Sitabuldi,70.5,124.5,21.7,99.7,0,1,Recyclable
2024-01-12 00:00:00,BIN-005,Gandhibagh,69.0,122.7,20.1,101.0,0,1,Mixed
2024-01-12 00:00:00,BIN-006,Gandhibagh,76.9,131.8,25.4,100.3,0,0,Organic
2024-01-12 00:00:00,BIN-007,Lakadganj,76.3,148.8,20.1,97.4,0,2,Organic
2024-01-12 00:00:00,BIN-008,Lakadganj,78.4,129.1,21.3,99.6,0,0,Mixed
2024-01-12 00:00:00,BIN-009,Sadar,69.5,128.5,20.8,100.3,0,1,Mixed
2024-01-12 00:00:00,BIN-010,Sadar,78.5,143.9,25.0,98.8,0,2,Recyclable
2024-01-12 00:00:00,BIN-011,Itwari,81.2,158.4,19.7,96.5,0,0,Mixed
2024-01-12 00:00:00,BIN-012,Itwari,76.4,143.3,24.5,94.7,0,1,Mixed
2024-01-12 03:00:00,BIN-001,Dharampeth,78.0,132.3,21.4,98.7,0,1,Mixed
2024-01-12 03:00:00,BIN-002,Dharampeth,79.2,148.4,24.4,94.0,0,1,Mixed
2024-01-12 03:00:00,BIN-003,Sitabuldi,72.2,130.7,27.3,97.8,0,1,Recyclable
2024-01-12 03:00:00,BIN-004,Sitabuldi,83.4,145.3,23.4,98.9,0,0,Recyclable
2024-01-12 03:00:00,BIN-005,Gandhibagh,65.6,115.6,24.4,98.3,0,2,Organic
2024-01-12 03:00:00,BIN-006,Gandhibagh,72.3,130.4,24.3,95.6,0,1,Organic
2024-01-12 03:00:00,BIN-007,Lakadganj,70.5,142.1,26.9,92.3,0,0,Recyclable
2024-01-12 03:00:00,BIN-008,Lakadganj,73.6,138.0,25.8,93.6,0,2,Organic
2024-01-12 03:00:00,BIN-009,Sadar,75.1,133.1,24.7,98.5,0,1,Organic
2024-01-12 03:00:00,BIN-010,Sadar,67.0,118.8,21.3,98.2,0,2,Mixed
2024-01-12 03:00:00,BIN-011,Itwari,72.3,148.8,22.3,94.9,0,2,Hazardous
2024-01-12 03:00:00,BIN-012,Itwari,73.7,134.2,26.7,99.8,0,0,Mixed
2024-01-12 12:00:00,BIN-001,Dharampeth,61.4,112.7,40.1,96.9,0,0,Organic
2024-01-12 12:00:00,BIN-002,Dharampeth,67.1,116.5,38.0,94.6,0,1,Mixed
2024-01-12 12:00:00,BIN-003,Sitabuldi,83.1,158.0,38.4,98.1,0,1,Mixed
2024-01-12 12:00:00,BIN-004,Sitabuldi,77.6,141.5,41.5,92.1,0,2,Organic
2024-01-12 12:00:00,BIN-005,Gandhibagh,79.1,144.6,36.8,98.4,0,0,Organic
2024-01-12 12:00:00,BIN-006,Gandhibagh,77.6,150.3,36.6,100.6,0,2,Recyclable
2024-01-12 12:00:00,BIN-007,Lakadganj,79.8,148.8,42.0,96.1,0,2,Mixed
2024-01-12 12:00:00,BIN-008,Lakadganj,79.5,155.2,39.1,94.6,0,2,Mixed
2024-01-12 12:00:00,BIN-009,Sadar,76.7,153.0,41.1,99.6,0,1,Organic
2024-01-12 12:00:00,BIN-010,Sadar,69.9,115.6,37.4,89.5,0,0,Hazardous
2024-01-12 12:00:00,BIN-011,Itwari,69.4,119.8,38.0,92.8,0,1,Organic
2024-01-12 12:00:00,BIN-012,Itwari,71.1,136.7,40.4,97.9,0,0,Organic
2024-01-12 15:00:00,BIN-001,Dharampeth,80.8,144.7,34.6,100.1,0,0,Hazardous
2024-01-12 15:00:00,BIN-002,Dharampeth,72.1,137.3,38.6,99.3,0,1,Recyclable
2024-01-12 15:00:00,BIN-003,Sitabuldi,73.1,133.3,34.6,94.2,0,1,Mixed
2024-01-12 15:00:00,BIN-004,Sitabuldi,68.3,116.9,37.7,98.0,0,1,Recyclable
2024-01-12 15:00:00,BIN-005,Gandhibagh,85.5,156.8,38.3,98.4,0,0,Organic
2024-01-12 15:00:00,BIN-006,Gandhibagh,77.4,147.4,36.8,100.1,0,2,Mixed
2024-01-12 15:00:00,BIN-007,Lakadganj,72.0,128.1,34.3,97.5,0,1,Mixed
2024-01-12 15:00:00,BIN-008,Lakadganj,75.3,140.7,34.1,96.7,0,2,Hazardous
2024-01-12 15:00:00,BIN-009,Sadar,86.6,161.5,38.8,100.1,0,0,Organic
2024-01-12 15:00:00,BIN-010,Sadar,81.5,138.3,30.4,98.5,0,1,Mixed
2024-01-12 15:00:00,BIN-011,Itwari,72.5,135.8,39.5,97.3,0,2,Mixed
2024-01-12 15:00:00,BIN-012,Itwari,74.6,130.7,35.2,96.4,0,0,Mixed
2024-01-12 18:00:00,BIN-001,Dharampeth,83.1,152.8,29.5,99.0,0,0,Mixed
2024-01-12 18:00:00,BIN-002,Dharampeth,68.3,134.7,27.6,97.3,0,0,Mixed
2024-01-12 18:00:00,BIN-003,Sitabuldi,75.2,151.0,31.6,94.9,0,0,Organic
2024-01-12 18:00:00,BIN-004,Sitabuldi,96.0,168.0,30.6,93.5,0,2,Hazardous
2024-01-12 18:00:00,BIN-005,Gandhibagh,71.6,129.3,28.6,91.8,0,2,Recyclable
2024-01-12 18:00:00,BIN-006,Gandhibagh,72.2,140.4,29.1,97.4,0,2,Organic
2024-01-12 18:00:00,BIN-007,Lakadganj,77.9,145.7,30.7,91.9,0,2,Mixed
2024-01-12 18:00:00,BIN-008,Lakadganj,61.3,115.0,31.6,95.9,0,2,Organic
2024-01-12 18:00:00,BIN-009,Sadar,78.8,151.6,30.5,101.0,0,0,Recyclable
2024-01-12 18:00:00,BIN-010,Sadar,78.8,141.9,31.9,96.0,0,0,Organic
2024-01-12 18:00:00,BIN-011,Itwari,77.6,138.5,29.5,103.6,0,2,Mixed
2024-01-12 18:00:00,BIN-012,Itwari,78.9,140.0,26.9,95.1,0,2,Organic
2024-01-12 21:00:00,BIN-001,Dharampeth,69.9,115.6,24.9,96.4,0,1,Mixed
2024-01-12 21:00:00,BIN-002,Dharampeth,79.1,157.0,23.5,97.2,0,2,Mixed
2024-01-12 21:00:00,BIN-003,Sitabuldi,78.4,146.1,24.4,95.1,0,1,Mixed
2024-01-12 21:00:00,BIN-004,Sitabuldi,74.5,135.4,21.6,101.9,0,1,Recyclable
2024-01-12 21:00:00,BIN-005,Gandhibagh,76.3,158.9,26.6,92.6,0,1,Mixed
2024-01-12 21:00:00,BIN-006,Gandhibagh,67.7,120.0,21.4,92.5,0,1,Organic
2024-01-12 21:00:00,BIN-007,Lakadganj,75.1,133.9,23.3,95.4,0,0,Organic
2024-01-12 21:00:00,BIN-008,Lakadganj,70.2,124.0,22.9,91.4,0,1,Mixed
2024-01-12 21:00:00,BIN-009,Sadar,77.3,158.8,26.0,94.1,0,1,Recyclable
2024-01-12 21:00:00,BIN-010,Sadar,84.3,149.6,23.4,97.9,0,0,Mixed
2024-01-12 21:00:00,BIN-011,Itwari,82.1,158.0,20.1,97.7,0,1,Mixed
2024-01-12 21:00:00,BIN-012,Itwari,78.8,147.6,23.7,93.3,0,2,Organic
2024-01-13 00:00:00,BIN-001,Dharampeth,72.4,120.8,19.8,95.6,0,0,Organic
2024-01-13 00:00:00,BIN-002,Dharampeth,77.3,152.1,16.5,90.5,0,2,Organic
2024-01-13 00:00:00,BIN-003,Sitabuldi,59.9,116.2,16.3,94.0,0,0,Organic
2024-01-13 00:00:00,BIN-004,Sitabuldi,85.8,158.7,22.0,95.4,0,2,Organic
2024-01-13 00:00:00,BIN-005,Gandhibagh,75.2,146.2,22.8,96.5,0,2,Mixed
2024-01-13 00:00:00,BIN-006,Gandhibagh,84.8,159.2,23.3,98.8,0,0,Organic
2024-01-13 00:00:00,BIN-007,Lakadganj,80.3,152.0,22.2,97.0,0,1,Mixed
2024-01-13 00:00:00,BIN-008,Lakadganj,77.7,151.0,22.9,94.0,0,2,Mixed
2024-01-13 00:00:00,BIN-009,Sadar,80.0,136.9,21.5,94.5,0,1,Mixed
2024-01-13 00:00:00,BIN-010,Sadar,69.7,119.7,23.7,99.2,0,1,Mixed
2024-01-13 00:00:00,BIN-011,Itwari,78.8,141.8,21.1,95.0,0,0,Mixed
2024-01-13 00:00:00,BIN-012,Itwari,82.7,152.6,18.0,95.4,0,0,Recyclable
2024-01-13 03:00:00,BIN-001,Dharampeth,76.0,147.8,23.7,96.1,0,0,Mixed
2024-01-13 03:00:00,BIN-002,Dharampeth,76.4,138.2,27.3,96.8,0,1,Mixed
2024-01-13 03:00:00,BIN-003,Sitabuldi,70.9,141.7,25.3,93.6,0,2,Recyclable
2024-01-13 03:00:00,BIN-004,Sitabuldi,84.2,173.0,24.5,98.6,0,1,Recyclable
2024-01-13 03:00:00,BIN-005,Gandhibagh,80.5,160.5,24.6,98.7,0,2,Mixed
2024-01-13 03:00:00,BIN-006,Gandhibagh,75.9,142.2,20.8,98.9,0,0,Recyclable
2024-01-13 03:00:00,BIN-007,Lakadganj,87.4,164.9,21.5,97.3,0,0,Recyclable
2024-01-13 03:00:00,BIN-008,Lakadganj,81.0,148.0,23.4,98.0,0,2,Mixed
2024-01-13 03:00:00,BIN-009,Sadar,75.6,140.3,23.8,96.8,0,0,Mixed
2024-01-13 03:00:00,BIN-010,Sadar,79.5,151.5,22.3,100.6,0,2,Organic
2024-01-13 03:00:00,BIN-011,Itwari,66.4,127.8,25.7,95.4,0,1,Mixed
2024-01-13 03:00:00,BIN-012,Itwari,75.6,137.8,23.8,98.2,0,1,Mixed
2024-01-13 12:00:00,BIN-001,Dharampeth,87.1,154.6,36.9,91.3,0,1,Organic
2024-01-13 12:00:00,BIN-002,Dharampeth,77.8,151.1,35.5,92.9,0,1,Mixed
2024-01-13 12:00:00,BIN-003,Sitabuldi,86.2,165.6,35.8,95.4,0,0,Organic
2024-01-13 12:00:00,BIN-004,Sitabuldi,80.4,142.5,38.6,96.7,0,1,Organic
2024-01-13 12:00:00,BIN-005,Gandhibagh,82.1,144.2,34.4,90.0,0,2,Mixed
2024-01-13 12:00:00,BIN-006,Gandhibagh,76.0,148.2,35.5,99.9,0,2,Mixed
2024-01-13 12:00:00,BIN-007,Lakadganj,74.0,147.4,35.4,94.8,0,0,Hazardous
2024-01-13 12:00:00,BIN-008,Lakadganj,80.2,131.5,39.2,98.5,0,1,Organic
2024-01-13 12:00:00,BIN-009,Sadar,78.5,138.7,40.2,97.2,0,0,Mixed
2024-01-13 12:00:00,BIN-010,Sadar,78.1,130.5,37.1,102.6,0,1,Organic
2024-01-13 12:00:00,BIN-011,Itwari,70.0,124.2,35.7,91.1,0,0,Organic
2024-01-13 12:00:00,BIN-012,Itwari,83.5,152.9,39.4,99.5,0,2,Recyclable
2024-01-13 15:00:00,BIN-001,Dharampeth,76.9,137.7,34.5,98.8,0,0,Organic
2024-01-13 15:00:00,BIN-002,Dharampeth,82.0,137.5,33.9,94.6,0,2,Mixed
2024-01-13 15:00:00,BIN-003,Sitabuldi,85.5,152.3,35.1,94.7,0,0,Mixed
2024-01-13 15:00:00,BIN-004,Sitabuldi,78.3,145.9,35.6,95.3,0,1,Organic
2024-01-13 15:00:00,BIN-005,Gandhibagh,83.5,158.6,34.1,98.0,0,0,Organic
2024-01-13 15:00:00,BIN-006,Gandhibagh,83.0,169.0,38.6,99.1,0,2,Organic
2024-01-13 15:00:00,BIN-007,Lakadganj,76.7,151.9,34.3,92.4,0,2,Mixed
2024-01-13 15:00:00,BIN-008,Lakadganj,81.4,151.4,37.2,89.7,0,0,Organic
2024-01-13 15:00:00,BIN-009,Sadar,74.5,131.8,33.8,93.8,0,2,Mixed
2024-01-13 15:00:00,BIN-010,Sadar,88.7,166.0,37.0,99.6,0,2,Mixed
2024-01-13 15:00:00,BIN-011,Itwari,79.7,148.6,39.7,91.4,0,2,Mixed
2024-01-13 15:00:00,BIN-012,Itwari,77.9,139.1,35.1,97.5,0,1,Recyclable
2024-01-13 18:00:00,BIN-001,Dharampeth,82.7,152.7,29.6,96.2,0,0,Mixed
2024-01-13 18:00:00,BIN-002,Dharampeth,81.8,132.1,31.9,96.9,0,2,Mixed
2024-01-13 18:00:00,BIN-003,Sitabuldi,85.7,145.0,32.1,97.4,0,1,Recyclable
2024-01-13 18:00:00,BIN-004,Sitabuldi,80.8,153.9,32.1,96.5,0,2,Mixed
2024-01-13 18:00:00,BIN-005,Gandhibagh,80.6,143.2,25.7,98.4,0,1,Organic
2024-01-13 18:00:00,BIN-006,Gandhibagh,88.8,147.6,33.5,96.8,0,0,Mixed
2024-01-13 18:00:00,BIN-007,Lakadganj,79.5,146.0,28.2,98.1,0,2,Mixed
2024-01-13 18:00:00,BIN-008,Lakadganj,81.1,143.8,30.9,98.4,0,2,Mixed
2024-01-13 18:00:00,BIN-009,Sadar,81.9,152.6,30.1,93.3,0,1,Hazardous
2024-01-13 18:00:00,BIN-010,Sadar,80.8,157.4,30.6,99.1,0,1,Organic
2024-01-13 18:00:00,BIN-011,Itwari,85.2,147.9,32.7,96.4,0,1,Organic
2024-01-13 18:00:00,BIN-012,Itwari,86.0,154.0,27.9,92.1,0,0,Mixed
2024-01-13 21:00:00,BIN-001,Dharampeth,84.9,167.0,24.2,101.9,0,1,Mixed
2024-01-13 21:00:00,BIN-002,Dharampeth,81.0,159.2,24.1,96.9,0,1,Recyclable
2024-01-13 21:00:00,BIN-003,Sitabuldi,82.5,153.6,26.3,97.8,0,1,Organic
2024-01-13 21:00:00,BIN-004,Sitabuldi,73.7,137.8,25.4,97.9,0,2,Organic
2024-01-13 21:00:00,BIN-005,Gandhibagh,82.9,151.5,28.1,96.8,0,1,Mixed
2024-01-13 21:00:00,BIN-006,Gandhibagh,90.7,174.3,26.7,99.9,0,1,Mixed
2024-01-13 21:00:00,BIN-007,Lakadganj,72.2,130.1,23.0,100.0,0,1,Mixed
2024-01-13 21:00:00,BIN-008,Lakadganj,78.8,150.2,23.1,100.2,0,0,Organic
2024-01-13 21:00:00,BIN-009,Sadar,82.8,146.6,23.2,99.8,0,2,Mixed
2024-01-13 21:00:00,BIN-010,Sadar,86.6,171.3,20.2,94.2,0,0,Recyclable
2024-01-13 21:00:00,BIN-011,Itwari,86.0,166.5,23.5,100.6,0,0,Mixed
2024-01-13 21:00:00,BIN-012,Itwari,89.4,169.6,26.6,97.4,0,1,Mixed
2024-01-14 00:00:00,BIN-001,Dharampeth,70.8,135.3,21.2,96.5,0,0,Recyclable
2024-01-14 00:00:00,BIN-002,Dharampeth,77.3,139.0,18.6,93.4,0,2,Mixed
2024-01-14 00:00:00,BIN-003,Sitabuldi,83.0,173.6,19.4,97.2,0,1,Mixed
2024-01-14 00:00:00,BIN-004,Sitabuldi,77.0,135.5,22.3,100.4,0,0,Mixed
2024-01-14 00:00:00,BIN-005,Gandhibagh,80.1,149.3,21.1,94.7,0,1,Organic
2024-01-14 00:00:00,BIN-006,Gandhibagh,83.2,155.0,21.9,98.4,0,1,Mixed
2024-01-14 00:00:00,BIN-007,Lakadganj,89.8,169.0,23.2,99.1,0,2,Organic
2024-01-14 00:00:00,BIN-008,Lakadganj,85.1,152.1,23.0,97.6,0,2,Organic
2024-01-14 00:00:00,BIN-009,Sadar,87.7,158.0,22.3,97.1,0,2,Mixed
2024-01-14 00:00:00,BIN-010,Sadar,78.2,140.8,20.8,93.3,0,2,Mixed
2024-01-14 00:00:00,BIN-011,Itwari,85.5,153.2,21.4,101.3,0,0,Organic
2024-01-14 00:00:00,BIN-012,Itwari,89.7,178.7,20.5,95.4,0,2,Organic
2024-01-14 03:00:00,BIN-001,Dharampeth,76.9,144.0,22.2,93.7,0,0,Organic
2024-01-14 03:00:00,BIN-002,Dharampeth,88.3,156.9,27.1,96.1,0,2,Organic
2024-01-14 03:00:00,BIN-003,Sitabuldi,87.7,177.0,26.9,98.1,0,1,Mixed
2024-01-14 03:00:00,BIN-004,Sitabuldi,80.4,148.6,24.9,94.6,0,1,Organic
2024-01-14 03:00:00,BIN-005,Gandhibagh,91.5,167.6,23.5,95.4,1,2,Mixed
2024-01-14 03:00:00,BIN-006,Gandhibagh,74.7,129.6,27.0,100.6,0,1,Mixed
2024-01-14 03:00:00,BIN-007,Lakadganj,82.5,159.0,25.9,90.3,0,1,Organic
2024-01-14 03:00:00,BIN-008,Lakadganj,85.9,161.7,25.2,96.8,0,2,Mixed
2024-01-14 03:00:00,BIN-009,Sadar,89.0,161.7,22.8,96.2,0,0,Mixed
2024-01-14 03:00:00,BIN-010,Sadar,99,194.8,23.8,97.7,1,2,Mixed
2024-01-14 03:00:00,BIN-011,Itwari,87.9,170.8,27.7,96.8,0,1,Organic
2024-01-14 03:00:00,BIN-012,Itwari,89.0,155.8,22.5,91.5,0,0,Mixed
2024-01-14 12:00:00,BIN-001,Dharampeth,80.2,149.9,37.6,94.6,0,2,Organic
2024-01-14 12:00:00,BIN-002,Dharampeth,93.2,185.5,38.5,102.3,0,2,Mixed
2024-01-14 12:00:00,BIN-003,Sitabuldi,84.1,153.8,36.3,92.3,0,0,Mixed
2024-01-14 12:00:00,BIN-004,Sitabuldi,89.2,165.4,41.6,95.2,0,2,Mixed
2024-01-14 12:00:00,BIN-005,Gandhibagh,82.1,157.8,36.2,101.6,0,2,Organic
2024-01-14 12:00:00,BIN-006,Gandhibagh,91.8,175.4,39.3,95.6,0,2,Mixed
2024-01-14 12:00:00,BIN-007,Lakadganj,82.7,145.3,38.1,92.9,0,0,Mixed
2024-01-14 12:00:00,BIN-008,Lakadganj,80.1,137.6,43.2,95.0,0,2,Recyclable
2024-01-14 12:00:00,BIN-009,Sadar,93.9,187.2,40.3,96.0,0,0,Hazardous
2024-01-14 12:00:00,BIN-010,Sadar,76.3,141.7,40.0,93.2,0,1,Mixed
2024-01-14 12:00:00,BIN-011,Itwari,93.0,166.9,37.2,93.8,1,2,Recyclable
2024-01-14 12:00:00,BIN-012,Itwari,93.5,173.7,38.8,91.2,1,1,Organic
2024-01-14 15:00:00,BIN-001,Dharampeth,94.6,174.9,34.0,95.5,1,2,Organic
2024-01-14 15:00:00,BIN-002,Dharampeth,87.0,160.8,39.4,98.4,0,2,Mixed
2024-01-14 15:00:00,BIN-003,Sitabuldi,88.8,158.9,36.2,97.3,0,0,Mixed
2024-01-14 15:00:00,BIN-004,Sitabuldi,80.2,153.3,39.6,94.8,0,0,Recyclable
2024-01-14 15:00:00,BIN-005,Gandhibagh,83.9,140.0,35.6,98.0,0,2,Mixed
2024-01-14 15:00:00,BIN-006,Gandhibagh,83.6,143.0,36.9,96.4,0,2,Organic
2024-01-14 15:00:00,BIN-007,Lakadganj,85.9,159.5,34.8,96.0,0,0,Mixed
2024-01-14 15:00:00,BIN-008,Lakadganj,75.9,153.4,34.7,93.7,0,0,Organic
2024-01-14 15:00:00,BIN-009,Sadar,83.0,163.5,33.1,94.0,0,1,Mixed
2024-01-14 15:00:00,BIN-010,Sadar,89.8,163.6,35.9,96.5,0,1,Organic
2024-01-14 15:00:00,BIN-011,Itwari,82.4,178.8,32.8,98.0,0,1,Organic
2024-01-14 15:00:00,BIN-012,Itwari,86.9,158.8,36.5,97.6,0,1,Mixed
2024-01-14 18:00:00,BIN-001,Dharampeth,90.0,169.6,28.5,95.2,0,1,Mixed
2024-01-14 18:00:00,BIN-002,Dharampeth,88.6,171.9,29.9,97.4,0,2,Mixed
2024-01-14 18:00:00,BIN-003,Sitabuldi,81.1,155.1,29.3,91.6,0,0,Mixed
2024-01-14 18:00:00,BIN-004,Sitabuldi,82.4,156.1,28.2,100.3,0,1,Mixed
2024-01-14 18:00:00,BIN-005,Gandhibagh,84.1,147.5,30.4,95.7,0,0,Mixed
2024-01-14 18:00:00,BIN-006,Gandhibagh,92.4,177.9,29.8,94.1,1,0,Mixed
2024-01-14 18:00:00,BIN-007,Lakadganj,80.0,148.4,29.3,93.8,0,2,Organic
2024-01-14 18:00:00,BIN-008,Lakadganj,84.0,166.3,28.0,90.9,0,2,Organic
2024-01-14 18:00:00,BIN-009,Sadar,89.7,163.5,28.8,96.8,0,1,Mixed
2024-01-14 18:00:00,BIN-010,Sadar,90.6,155.7,30.5,96.6,1,0,Mixed
2024-01-14 18:00:00,BIN-011,Itwari,82.0,153.0,28.4,95.4,0,0,Organic
2024-01-14 18:00:00,BIN-012,Itwari,77.2,143.2,30.1,95.1,0,0,Mixed
2024-01-14 21:00:00,BIN-001,Dharampeth,92.5,173.2,22.5,99.3,0,0,Mixed
2024-01-14 21:00:00,BIN-002,Dharampeth,99,195.8,22.5,97.8,0,2,Organic
2024-01-14 21:00:00,BIN-003,Sitabuldi,94.9,182.5,24.4,97.8,1,2,Organic
2024-01-14 21:00:00,BIN-004,Sitabuldi,80.7,154.4,23.7,95.4,0,2,Mixed
2024-01-14 21:00:00,BIN-005,Gandhibagh,85.7,167.4,28.4,100.6,0,0,Organic
2024-01-14 21:00:00,BIN-006,Gandhibagh,89.4,185.4,22.2,98.0,0,2,Mixed
2024-01-14 21:00:00,BIN-007,Lakadganj,92.4,172.4,24.6,97.3,0,1,Organic
2024-01-14 21:00:00,BIN-008,Lakadganj,79.8,156.3,22.2,94.1,0,2,Mixed
2024-01-14 21:00:00,BIN-009,Sadar,89.6,157.1,25.8,94.7,0,1,Mixed
2024-01-14 21:00:00,BIN-010,Sadar,88.6,160.0,24.2,94.1,0,0,Organic
2024-01-14 21:00:00,BIN-011,Itwari,84.3,145.7,23.4,98.8,0,2,Mixed
2024-01-14 21:00:00,BIN-012,Itwari,82.3,137.1,24.8,95.3,0,2,Organic
2024-01-15 00:00:00,BIN-001,Dharampeth,81.2,143.1,26.3,95.0,0,2,Mixed
2024-01-15 00:00:00,BIN-002,Dharampeth,81.4,155.6,19.3,94.0,0,1,Mixed
2024-01-15 00:00:00,BIN-003,Sitabuldi,85.5,162.2,22.2,97.5,0,1,Organic
2024-01-15 00:00:00,BIN-004,Sitabuldi,84.3,154.1,22.4,91.9,0,2,Mixed
2024-01-15 00:00:00,BIN-005,Gandhibagh,88.1,147.7,20.8,95.5,0,1,Mixed
2024-01-15 00:00:00,BIN-006,Gandhibagh,85.4,158.3,21.4,95.9,0,1,Mixed
2024-01-15 00:00:00,BIN-007,Lakadganj,98.6,194.7,20.6,96.8,1,1,Mixed
2024-01-15 00:00:00,BIN-008,Lakadganj,96.5,168.7,23.5,92.9,1,2,Recyclable
2024-01-15 00:00:00,BIN-009,Sadar,93.7,161.6,20.6,99.9,1,2,Organic
2024-01-15 00:00:00,BIN-010,Sadar,91.5,182.4,19.6,96.6,0,0,Organic
2024-01-15 00:00:00,BIN-011,Itwari,84.9,154.2,25.3,96.8,0,1,Mixed
2024-01-15 00:00:00,BIN-012,Itwari,83.6,148.2,23.7,95.2,0,2,Organic
2024-01-15 03:00:00,BIN-001,Dharampeth,80.6,138.6,27.6,96.7,0,0,Mixed
2024-01-15 03:00:00,BIN-002,Dharampeth,82.3,148.9,24.5,100.0,0,1,Organic
2024-01-15 03:00:00,BIN-003,Sitabuldi,78.4,139.2,20.6,100.1,0,0,Mixed
2024-01-15 03:00:00,BIN-004,Sitabuldi,89.2,162.1,21.5,92.2,0,0,Mixed
2024-01-15 03:00:00,BIN-005,Gandhibagh,82.5,164.7,24.2,97.3,0,0,Mixed
2024-01-15 03:00:00,BIN-006,Gandhibagh,95.1,177.6,24.5,102.9,0,0,Mixed
2024-01-15 03:00:00,BIN-007,Lakadganj,90.3,169.4,23.7,93.7,1,2,Organic
2024-01-15 03:00:00,BIN-008,Lakadganj,87.6,151.9,24.7,100.7,0,0,Organic
2024-01-15 03:00:00,BIN-009,Sadar,95.5,176.1,28.0,98.8,1,0,Mixed
2024-01-15 03:00:00,BIN-010,Sadar,85.4,158.4,21.6,94.7,0,2,Recyclable
2024-01-15 03:00:00,BIN-011,Itwari,91.8,162.8,21.6,92.8,1,2,Mixed
2024-01-15 03:00:00,BIN-012,Itwari,84.7,174.2,21.1,94.0,0,2,Organic
2024-01-15 12:00:00,BIN-001,Dharampeth,93.0,170.9,40.1,93.2,0,1,Organic
2024-01-15 12:00:00,BIN-002,Dharampeth,85.3,152.3,39.2,90.6,0,2,Mixed
2024-01-15 12:00:00,BIN-003,Sitabuldi,92.4,155.3,38.2,98.6,1,1,Recyclable
2024-01-15 12:00:00,BIN-004,Sitabuldi,93.6,165.7,40.9,96.3,1,0,Organic
2024-01-15 12:00:00,BIN-005,Gandhibagh,90.8,180.5,37.2,96.5,1,0,Organic
2024-01-15 12:00:00,BIN-006,Gandhibagh,94.7,195.9,39.8,99.4,1,2,Mixed
2024-01-15 12:00:00,BIN-007,Lakadganj,95.7,175.6,38.9,98.1,1,2,Organic
2024-01-15 12:00:00,BIN-008,Lakadganj,89.3,165.2,37.0,97.8,0,1,Mixed
2024-01-15 12:00:00,BIN-009,Sadar,92.1,178.3,39.4,96.2,0,2,Mixed
2024-01-15 12:00:00,BIN-010,Sadar,85.8,143.6,41.5,95.2,0,2,Mixed
2024-01-15 12:00:00,BIN-011,Itwari,96.3,185.6,36.4,95.5,1,0,Recyclable
2024-01-15 12:00:00,BIN-012,Itwari,81.3,150.1,38.3,98.2,0,1,Organic
2024-01-15 15:00:00,BIN-001,Dharampeth,91.9,167.2,34.8,99.4,1,1,Mixed
2024-01-15 15:00:00,BIN-002,Dharampeth,85.7,151.3,36.2,98.8,0,1,Mixed
2024-01-15 15:00:00,BIN-003,Sitabuldi,82.7,158.0,36.7,97.8,0,2,Recyclable
2024-01-15 15:00:00,BIN-004,Sitabuldi,86.3,171.5,34.8,92.2,0,2,Mixed
2024-01-15 15:00:00,BIN-005,Gandhibagh,86.4,164.7,37.5,97.1,0,1,Organic
2024-01-15 15:00:00,BIN-006,Gandhibagh,89.6,169.8,35.8,89.9,0,0,Mixed
2024-01-15 15:00:00,BIN-007,Lakadganj,96.5,166.5,41.3,94.9,1,0,Organic
2024-01-15 15:00:00,BIN-008,Lakadganj,96.2,186.1,34.4,96.1,0,1,Mixed
2024-01-15 15:00:00,BIN-009,Sadar,96.1,170.1,35.1,100.5,1,2,Mixed
2024-01-15 15:00:00,BIN-010,Sadar,95.8,161.5,37.8,97.1,1,2,Recyclable
2024-01-15 15:00:00,BIN-011,Itwari,88.0,171.2,35.4,100.3,0,0,Mixed
2024-01-15 15:00:00,BIN-012,Itwari,92.3,177.5,35.7,96.9,1,1,Organic
2024-01-15 18:00:00,BIN-001,Dharampeth,93.1,187.0,31.4,93.9,0,1,Recyclable
2024-01-15 18:00:00,BIN-002,Dharampeth,94.8,177.9,30.6,93.2,0,0,Mixed
2024-01-15 18:00:00,BIN-003,Sitabuldi,96.5,177.0,29.7,97.4,1,1,Mixed
2024-01-15 18:00:00,BIN-004,Sitabuldi,88.8,165.6,31.8,100.0,0,0,Recyclable
2024-01-15 18:00:00,BIN-005,Gandhibagh,90.4,166.1,31.0,90.9,1,1,Mixed
2024-01-15 18:00:00,BIN-006,Gandhibagh,95.2,176.2,29.0,100.6,0,0,Organic
2024-01-15 18:00:00,BIN-007,Lakadganj,86.9,163.4,32.9,97.0,0,2,Organic
2024-01-15 18:00:00,BIN-008,Lakadganj,91.7,162.7,29.5,94.1,0,1,Mixed
2024-01-15 18:00:00,BIN-009,Sadar,95.5,177.5,29.9,98.0,0,2,Mixed
2024-01-15 18:00:00,BIN-010,Sadar,89.6,166.8,31.0,97.5,0,1,Mixed
2024-01-15 18:00:00,BIN-011,Itwari,87.2,162.7,28.6,92.9,0,1,Mixed
2024-01-15 18:00:00,BIN-012,Itwari,94.0,182.0,35.7,99.5,1,1,Mixed
2024-01-15 21:00:00,BIN-001,Dharampeth,99,183.7,25.6,93.1,1,1,Mixed
2024-01-15 21:00:00,BIN-002,Dharampeth,90.5,165.6,21.2,94.3,0,1,Mixed
2024-01-15 21:00:00,BIN-003,Sitabuldi,93.6,172.0,25.2,92.5,0,0,Mixed
2024-01-15 21:00:00,BIN-004,Sitabuldi,92.4,174.0,23.2,92.4,1,1,Mixed
2024-01-15 21:00:00,BIN-005,Gandhibagh,89.7,156.1,24.2,93.8,0,2,Mixed
2024-01-15 21:00:00,BIN-006,Gandhibagh,93.7,176.4,27.4,94.8,0,1,Organic
2024-01-15 21:00:00,BIN-007,Lakadganj,89.0,170.2,22.8,94.9,0,2,Mixed
2024-01-15 21:00:00,BIN-008,Lakadganj,93.8,174.7,24.1,98.1,1,2,Mixed
2024-01-15 21:00:00,BIN-009,Sadar,99,176.7,20.3,96.5,1,1,Mixed
2024-01-15 21:00:00,BIN-010,Sadar,82.7,167.2,27.1,98.1,0,0,Mixed
2024-01-15 21:00:00,BIN-011,Itwari,96.4,178.5,26.1,97.2,1,2,Recyclable
2024-01-15 21:00:00,BIN-012,Itwari,99,196.0,20.5,101.0,1,0,Mixed
2024-01-16 00:00:00,BIN-001,Dharampeth,93.7,154.7,19.2,96.7,0,1,Mixed
2024-01-16 00:00:00,BIN-002,Dharampeth,99,188.6,19.8,97.2,1,2,Mixed
2024-01-16 00:00:00,BIN-003,Sitabuldi,95.2,160.0,21.9,94.7,0,0,Mixed
2024-01-16 00:00:00,BIN-004,Sitabuldi,91.4,183.0,23.0,100.0,0,0,Mixed
2024-01-16 00:00:00,BIN-005,Gandhibagh,95.0,171.1,22.6,89.2,1,1,Hazardous
2024-01-16 00:00:00,BIN-006,Gandhibagh,93.5,183.9,20.6,92.4,1,1,Recyclable
2024-01-16 00:00:00,BIN-007,Lakadganj,86.7,156.7,23.4,90.2,0,1,Organic
2024-01-16 00:00:00,BIN-008,Lakadganj,92.8,172.9,22.8,97.5,1,0,Recyclable
2024-01-16 00:00:00,BIN-009,Sadar,93.0,179.6,25.5,93.7,1,2,Organic
2024-01-16 00:00:00,BIN-010,Sadar,86.7,142.7,22.9,93.2,0,0,Organic
2024-01-16 00:00:00,BIN-011,Itwari,92.7,172.8,21.9,93.1,1,1,Organic
2024-01-16 00:00:00,BIN-012,Itwari,89.8,157.1,24.0,96.9,0,1,Mixed
2024-01-16 03:00:00,BIN-001,Dharampeth,85.8,160.6,28.5,94.7,0,1,Mixed
2024-01-16 03:00:00,BIN-002,Dharampeth,91.6,156.9,23.7,97.7,0,0,Mixed
2024-01-16 03:00:00,BIN-003,Sitabuldi,96.8,170.5,25.0,95.2,0,2,Recyclable
2024-01-16 03:00:00,BIN-004,Sitabuldi,85.2,156.0,22.2,93.4,0,0,Organic
2024-01-16 03:00:00,BIN-005,Gandhibagh,98.1,179.7,24.3,99.8,1,0,Mixed
2024-01-16 03:00:00,BIN-006,Gandhibagh,97.3,169.8,26.3,91.7,1,2,Mixed
2024-01-16 03:00:00,BIN-007,Lakadganj,90.4,181.5,27.3,96.5,1,1,Organic
2024-01-16 03:00:00,BIN-008,Lakadganj,92.0,163.9,26.4,93.9,0,0,Mixed
2024-01-16 03:00:00,BIN-009,Sadar,97.5,185.1,28.7,92.2,1,2,Mixed
2024-01-16 03:00:00,BIN-010,Sadar,86.3,162.0,24.2,92.8,0,2,Recyclable
2024-01-16 03:00:00,BIN-011,Itwari,91.2,190.1,21.7,97.3,1,1,Mixed
2024-01-16 03:00:00,BIN-012,Itwari,99,180.2,20.9,92.5,1,2,Mixed
2024-01-16 12:00:00,BIN-001,Dharampeth,92.8,165.5,37.1,94.4,0,0,Mixed
2024-01-16 12:00:00,BIN-002,Dharampeth,95.3,164.5,43.6,96.6,1,1,Organic
2024-01-16 12:00:00,BIN-003,Sitabuldi,99,202.9,35.8,96.3,1,2,Mixed
2024-01-16 12:00:00,BIN-004,Sitabuldi,97.6,180.7,37.9,95.1,1,1,Organic
2024-01-16 12:00:00,BIN-005,Gandhibagh,97.2,180.5,36.3,97.1,1,1,Mixed
2024-01-16 12:00:00,BIN-006,Gandhibagh,92.6,173.8,38.3,92.3,1,0,Organic
2024-01-16 12:00:00,BIN-007,Lakadganj,90.6,168.1,39.4,97.2,1,0,Mixed
2024-01-16 12:00:00,BIN-008,Lakadganj,90.2,168.5,33.8,97.8,1,2,Organic
2024-01-16 12:00:00,BIN-009,Sadar,80.7,142.6,37.1,95.6,0,0,Mixed
2024-01-16 12:00:00,BIN-010,Sadar,97.3,175.7,37.5,93.7,1,2,Mixed
2024-01-16 12:00:00,BIN-011,Itwari,91.9,177.7,37.2,96.7,1,2,Organic
2024-01-16 12:00:00,BIN-012,Itwari,89.3,168.5,38.5,97.5,0,2,Organic
2024-01-16 15:00:00,BIN-001,Dharampeth,96.3,175.5,35.6,100.2,0,2,Organic
2024-01-16 15:00:00,BIN-002,Dharampeth,96.1,176.4,37.0,102.4,0,2,Mixed
2024-01-16 15:00:00,BIN-003,Sitabuldi,94.8,158.3,36.1,89.8,0,0,Organic
2024-01-16 15:00:00,BIN-004,Sitabuldi,97.3,178.5,36.4,89.9,1,1,Mixed
2024-01-16 15:00:00,BIN-005,Gandhibagh,93.7,173.1,35.2,97.1,1,1,Mixed
2024-01-16 15:00:00,BIN-006,Gandhibagh,97.2,180.4,34.7,89.6,1,0,Mixed
2024-01-16 15:00:00,BIN-007,Lakadganj,90.2,169.4,33.6,97.6,0,2,Organic
2024-01-16 15:00:00,BIN-008,Lakadganj,98.9,180.9,34.8,99.3,0,0,Mixed
2024-01-16 15:00:00,BIN-009,Sadar,93.2,162.3,36.3,95.8,1,0,Recyclable
2024-01-16 15:00:00,BIN-010,Sadar,97.5,179.9,31.6,96.0,1,2,Organic
2024-01-16 15:00:00,BIN-011,Itwari,98.4,187.2,40.4,92.3,0,0,Organic
2024-01-16 15:00:00,BIN-012,Itwari,97.3,176.2,37.8,101.1,0,1,Hazardous
2024-01-16 18:00:00,BIN-001,Dharampeth,99,181.3,32.5,94.0,1,1,Organic
2024-01-16 18:00:00,BIN-002,Dharampeth,92.2,164.4,33.3,97.3,1,2,Mixed
2024-01-16 18:00:00,BIN-003,Sitabuldi,99,186.2,29.2,90.9,1,1,Organic
2024-01-16 18:00:00,BIN-004,Sitabuldi,96.6,182.6,30.3,95.5,1,0,Recyclable
2024-01-16 18:00:00,BIN-005,Gandhibagh,93.4,171.4,29.5,96.2,0,1,Mixed
2024-01-16 18:00:00,BIN-006,Gandhibagh,97.4,181.1,29.7,95.0,1,2,Hazardous
2024-01-16 18:00:00,BIN-007,Lakadganj,93.6,166.1,30.6,98.7,1,2,Mixed
2024-01-16 18:00:00,BIN-008,Lakadganj,82.0,143.7,30.9,90.8,0,2,Mixed
2024-01-16 18:00:00,BIN-009,Sadar,99,192.2,32.8,96.0,0,2,Mixed
2024-01-16 18:00:00,BIN-010,Sadar,98.3,186.4,32.4,92.7,1,0,Organic
2024-01-16 18:00:00,BIN-011,Itwari,96.2,192.3,32.8,95.4,1,2,Mixed
2024-01-16 18:00:00,BIN-012,Itwari,98.8,175.0,29.0,96.2,1,1,Organic
2024-01-16 21:00:00,BIN-001,Dharampeth,91.4,169.9,26.6,94.4,0,1,Mixed
2024-01-16 21:00:00,BIN-002,Dharampeth,95.1,177.6,22.2,89.3,1,1,Organic
2024-01-16 21:00:00,BIN-003,Sitabuldi,97.7,176.9,25.4,96.8,1,0,Mixed
2024-01-16 21:00:00,BIN-004,Sitabuldi,98.5,186.9,24.6,100.7,1,0,Mixed
2024-01-16 21:00:00,BIN-005,Gandhibagh,99,176.1,21.2,98.4,0,0,Mixed
2024-01-16 21:00:00,BIN-006,Gandhibagh,98.8,198.7,26.3,98.4,0,0,Mixed
2024-01-16 21:00:00,BIN-007,Lakadganj,97.3,187.1,24.7,92.9,1,0,Mixed
2024-01-16 21:00:00,BIN-008,Lakadganj,91.9,177.9,23.6,99.9,1,2,Mixed
2024-01-16 21:00:00,BIN-009,Sadar,95.2,172.7,22.5,93.7,1,0,Organic
2024-01-16 21:00:00,BIN-010,Sadar,99,182.5,19.8,94.5,1,1,Mixed
2024-01-16 21:00:00,BIN-011,Itwari,94.7,161.0,25.1,100.6,1,2,Organic
2024-01-16 21:00:00,BIN-012,Itwari,91.4,180.7,23.1,100.5,0,2,Organic
2024-01-17 00:00:00,BIN-001,Dharampeth,97.2,172.6,22.8,95.7,0,1,Mixed
2024-01-17 00:00:00,BIN-002,Dharampeth,96.7,175.9,22.5,88.5,0,1,Mixed
2024-01-17 00:00:00,BIN-003,Sitabuldi,99,180.5,23.3,94.1,1,0,Mixed
2024-01-17 00:00:00,BIN-004,Sitabuldi,87.3,174.5,18.2,92.9,0,1,Mixed
2024-01-17 00:00:00,BIN-005,Gandhibagh,99,171.4,23.1,95.2,1,0,Mixed
2024-01-17 00:00:00,BIN-006,Gandhibagh,99,182.6,24.7,95.7,0,1,Organic
2024-01-17 00:00:00,BIN-007,Lakadganj,99,191.1,20.6,96.8,1,2,Mixed
2024-01-17 00:00:00,BIN-008,Lakadganj,99,181.9,21.3,102.0,1,1,Mixed
2024-01-17 00:00:00,BIN-009,Sadar,99,180.8,22.1,96.0,1,1,Mixed
2024-01-17 00:00:00,BIN-010,Sadar,90.6,161.9,21.9,89.7,0,0,Mixed
2024-01-17 00:00:00,BIN-011,Itwari,99,184.1,23.8,102.6,1,1,Mixed
2024-01-17 00:00:00,BIN-012,Itwari,98.4,184.1,23.0,95.8,1,2,Mixed
2024-01-17 03:00:00,BIN-001,Dharampeth,99,190.0,23.5,92.1,0,1,Mixed
2024-01-17 03:00:00,BIN-002,Dharampeth,96.8,175.5,25.2,91.9,0,2,Mixed
2024-01-17 03:00:00,BIN-003,Sitabuldi,99,169.5,26.7,94.4,1,1,Recyclable
2024-01-17 03:00:00,BIN-004,Sitabuldi,99,183.1,23.7,95.1,0,2,Mixed
2024-01-17 03:00:00,BIN-005,Gandhibagh,89.6,170.9,31.0,102.1,0,1,Mixed
2024-01-17 03:00:00,BIN-006,Gandhibagh,95.4,185.4,21.9,92.9,1,2,Organic
2024-01-17 03:00:00,BIN-007,Lakadganj,99,181.1,25.8,98.3,0,0,Mixed
2024-01-17 03:00:00,BIN-008,Lakadganj,99,185.1,19.5,97.8,0,2,Organic
2024-01-17 03:00:00,BIN-009,Sadar,99,181.6,23.0,98.8,1,2,Recyclable
2024-01-17 03:00:00,BIN-010,Sadar,97.6,181.5,24.4,95.1,0,0,Recyclable
2024-01-17 03:00:00,BIN-011,Itwari,92.1,181.8,24.1,91.9,0,1,Recyclable
2024-01-17 03:00:00,BIN-012,Itwari,99,189.2,21.2,93.5,0,2,Mixed
2024-01-17 12:00:00,BIN-001,Dharampeth,99,177.7,35.3,99.4,1,0,Organic
2024-01-17 12:00:00,BIN-002,Dharampeth,99,176.1,39.6,95.3,1,1,Organic
2024-01-17 12:00:00,BIN-003,Sitabuldi,96.9,172.2,34.6,96.2,1,0,Mixed
2024-01-17 12:00:00,BIN-004,Sitabuldi,99,178.2,37.5,92.4,1,0,Mixed
2024-01-17 12:00:00,BIN-005,Gandhibagh,99,176.3,34.8,95.4,0,1,Organic
2024-01-17 12:00:00,BIN-006,Gandhibagh,99,189.4,40.7,93.8,0,0,Mixed
2024-01-17 12:00:00,BIN-007,Lakadganj,99,182.8,36.3,97.0,0,1,Mixed
2024-01-17 12:00:00,BIN-008,Lakadganj,96.3,184.1,34.7,92.7,0,0,Mixed
2024-01-17 12:00:00,BIN-009,Sadar,99,181.7,37.9,91.4,1,1,Mixed
2024-01-17 12:00:00,BIN-010,Sadar,99,176.3,34.7,91.4,1,1,Mixed
2024-01-17 12:00:00,BIN-011,Itwari,99,185.5,38.9,95.5,1,1,Mixed
2024-01-17 12:00:00,BIN-012,Itwari,93.7,176.6,37.8,100.6,0,0,Mixed
2024-01-17 15:00:00,BIN-001,Dharampeth,99,187.4,35.1,92.7,0,1,Mixed
2024-01-17 15:00:00,BIN-002,Dharampeth,98.2,189.7,37.1,94.7,1,1,Organic
2024-01-17 15:00:00,BIN-003,Sitabuldi,99,189.7,36.3,93.0,1,2,Mixed
2024-01-17 15:00:00,BIN-004,Sitabuldi,99,191.8,36.9,93.8,1,2,Hazardous
2024-01-17 15:00:00,BIN-005,Gandhibagh,98.7,180.6,35.0,96.7,0,2,Mixed
2024-01-17 15:00:00,BIN-006,Gandhibagh,99,186.9,32.2,94.5,0,1,Mixed
2024-01-17 15:00:00,BIN-007,Lakadganj,99,184.3,34.3,95.7,1,2,Recyclable
2024-01-17 15:00:00,BIN-008,Lakadganj,99,177.4,34.0,98.0,0,0,Organic
2024-01-17 15:00:00,BIN-009,Sadar,98.6,183.3,35.8,96.6,0,0,Mixed
2024-01-17 15:00:00,BIN-010,Sadar,99,190.4,35.1,91.9,1,1,Organic
2024-01-17 15:00:00,BIN-011,Itwari,99,186.4,37.5,92.7,1,2,Mixed
2024-01-17 15:00:00,BIN-012,Itwari,95.5,184.0,35.5,98.0,1,1,Mixed
2024-01-17 18:00:00,BIN-001,Dharampeth,99,184.6,31.3,97.8,1,2,Mixed
2024-01-17 18:00:00,BIN-002,Dharampeth,99,178.0,29.5,94.0,0,2,Organic
2024-01-17 18:00:00,BIN-003,Sitabuldi,99,191.1,28.6,100.1,0,2,Recyclable
2024-01-17 18:00:00,BIN-004,Sitabuldi,99,184.9,32.6,90.7,0,1,Organic
2024-01-17 18:00:00,BIN-005,Gandhibagh,95.0,162.1,29.5,93.6,0,1,Mixed
2024-01-17 18:00:00,BIN-006,Gandhibagh,99,189.5,34.1,95.8,0,0,Recyclable
2024-01-17 18:00:00,BIN-007,Lakadganj,99,187.7,27.9,93.9,1,0,Organic
2024-01-17 18:00:00,BIN-008,Lakadganj,99,176.6,26.3,99.0,1,1,Organic
2024-01-17 18:00:00,BIN-009,Sadar,99,180.1,29.9,96.3,0,2,Mixed
2024-01-17 18:00:00,BIN-010,Sadar,99,181.5,32.0,97.1,0,1,Mixed
2024-01-17 18:00:00,BIN-011,Itwari,99,179.7,31.3,96.7,1,0,Mixed
2024-01-17 18:00:00,BIN-012,Itwari,99,182.0,33.1,97.2,1,2,Mixed
2024-01-17 21:00:00,BIN-001,Dharampeth,99,177.1,23.4,92.8,1,1,Mixed
2024-01-17 21:00:00,BIN-002,Dharampeth,99,187.9,25.8,95.0,0,1,Organic
2024-01-17 21:00:00,BIN-003,Sitabuldi,99,186.4,23.0,91.6,1,1,Mixed
2024-01-17 21:00:00,BIN-004,Sitabuldi,94.7,182.4,25.5,93.5,1,1,Mixed
2024-01-17 21:00:00,BIN-005,Gandhibagh,99,184.3,21.6,98.3,0,0,Organic
2024-01-17 21:00:00,BIN-006,Gandhibagh,99,177.8,23.7,93.9,0,1,Mixed
2024-01-17 21:00:00,BIN-007,Lakadganj,99,178.2,23.4,101.1,1,1,Mixed
2024-01-17 21:00:00,BIN-008,Lakadganj,99,183.5,26.8,100.1,1,0,Mixed
2024-01-17 21:00:00,BIN-009,Sadar,99,177.5,25.1,94.8,0,2,Mixed
2024-01-17 21:00:00,BIN-010,Sadar,99,197.0,30.1,102.3,1,1,Organic
2024-01-17 21:00:00,BIN-011,Itwari,99,182.3,23.1,91.7,1,2,Mixed
2024-01-17 21:00:00,BIN-012,Itwari,93.7,172.9,24.7,97.1,1,2,Mixed
2024-01-18 00:00:00,BIN-001,Dharampeth,98.8,176.4,20.8,99.4,0,1,Mixed
2024-01-18 00:00:00,BIN-002,Dharampeth,99,193.5,23.1,97.2,0,0,Recyclable
2024-01-18 00:00:00,BIN-003,Sitabuldi,93.6,167.6,24.9,96.4,1,1,Organic
2024-01-18 00:00:00,BIN-004,Sitabuldi,99,183.0,22.2,96.4,0,2,Organic
2024-01-18 00:00:00,BIN-005,Gandhibagh,98.9,190.5,20.4,97.0,0,0,Organic
2024-01-18 00:00:00,BIN-006,Gandhibagh,99,173.0,22.7,97.4,0,2,Mixed
2024-01-18 00:00:00,BIN-007,Lakadganj,98.6,185.2,19.9,91.6,0,2,Recyclable
2024-01-18 00:00:00,BIN-008,Lakadganj,99,171.1,21.6,99.5,0,0,Mixed
2024-01-18 00:00:00,BIN-009,Sadar,99,180.2,18.2,89.7,1,0,Mixed
2024-01-18 00:00:00,BIN-010,Sadar,99,191.3,23.9,93.5,1,0,Mixed
2024-01-18 00:00:00,BIN-011,Itwari,99,189.1,19.1,99.0,0,1,Organic
2024-01-18 00:00:00,BIN-012,Itwari,99,189.8,22.0,91.8,1,0,Mixed
2024-01-18 03:00:00,BIN-001,Dharampeth,98.8,175.2,24.5,102.0,0,0,Mixed
2024-01-18 03:00:00,BIN-002,Dharampeth,99,190.5,22.3,94.5,1,1,Mixed
2024-01-18 03:00:00,BIN-003,Sitabuldi,99,179.8,25.6,95.4,1,2,Mixed
2024-01-18 03:00:00,BIN-004,Sitabuldi,99,187.0,23.5,93.6,1,2,Mixed
2024-01-18 03:00:00,BIN-005,Gandhibagh,99,182.4,24.5,100.4,1,0,Organic
2024-01-18 03:00:00,BIN-006,Gandhibagh,99,177.3,21.5,101.1,0,1,Mixed
2024-01-18 03:00:00,BIN-007,Lakadganj,99,177.9,25.3,92.0,1,2,Mixed
2024-01-18 03:00:00,BIN-008,Lakadganj,99,192.5,22.8,90.2,0,1,Organic
2024-01-18 03:00:00,BIN-009,Sadar,96.2,166.7,23.4,89.4,1,1,Mixed
2024-01-18 03:00:00,BIN-010,Sadar,99,174.7,27.7,97.0,0,1,Recyclable
2024-01-18 03:00:00,BIN-011,Itwari,99,181.9,25.5,95.8,1,0,Organic
2024-01-18 03:00:00,BIN-012,Itwari,99,181.1,24.1,94.2,1,1,Organic
2024-01-18 12:00:00,BIN-001,Dharampeth,99,189.5,35.7,94.3,1,2,Mixed
2024-01-18 12:00:00,BIN-002,Dharampeth,99,187.6,37.6,93.0,1,1,Recyclable
2024-01-18 12:00:00,BIN-003,Sitabuldi,99,191.5,35.5,99.0,1,2,Mixed
2024-01-18 12:00:00,BIN-004,Sitabuldi,96.9,179.7,38.3,97.6,0,2,Organic
2024-01-18 12:00:00,BIN-005,Gandhibagh,99,164.9,37.1,91.1,0,0,Organic
2024-01-18 12:00:00,BIN-006,Gandhibagh,99,169.2,39.9,94.5,0,2,Mixed
2024-01-18 12:00:00,BIN-007,Lakadganj,99,175.1,39.0,96.7,1,2,Mixed
2024-01-18 12:00:00,BIN-008,Lakadganj,99,175.7,40.0,91.2,0,2,Mixed
2024-01-18 12:00:00,BIN-009,Sadar,99,184.2,36.4,91.6,0,2,Organic
2024-01-18 12:00:00,BIN-010,Sadar,99,186.1,35.5,98.9,0,1,Organic
2024-01-18 12:00:00,BIN-011,Itwari,99,196.5,36.0,97.4,1,2,Mixed
2024-01-18 12:00:00,BIN-012,Itwari,99,188.6,39.0,95.9,1,1,Mixed
2024-01-18 15:00:00,BIN-001,Dharampeth,99,187.6,33.1,98.7,1,0,Mixed
2024-01-18 15:00:00,BIN-002,Dharampeth,99,167.3,35.5,94.6,1,0,Organic
2024-01-18 15:00:00,BIN-003,Sitabuldi,99,189.0,34.6,93.6,1,0,Organic
2024-01-18 15:00:00,BIN-004,Sitabuldi,99,189.0,33.9,96.9,1,2,Mixed
2024-01-18 15:00:00,BIN-005,Gandhibagh,99,185.0,36.1,101.7,0,0,Mixed
2024-01-18 15:00:00,BIN-006,Gandhibagh,99,184.6,36.9,93.5,0,2,Organic
2024-01-18 15:00:00,BIN-007,Lakadganj,99,184.3,34.2,92.4,1,2,Mixed
2024-01-18 15:00:00,BIN-008,Lakadganj,99,193.0,32.7,95.7,1,1,Mixed
2024-01-18 15:00:00,BIN-009,Sadar,99,172.2,37.0,97.7,1,0,Mixed
2024-01-18 15:00:00,BIN-010,Sadar,99,175.5,34.4,96.8,0,1,Mixed
2024-01-18 15:00:00,BIN-011,Itwari,99,185.2,34.0,98.0,0,1,Organic
2024-01-18 15:00:00,BIN-012,Itwari,99,189.1,33.0,97.2,1,1,Organic
2024-01-18 18:00:00,BIN-001,Dharampeth,97.5,176.9,34.0,91.8,1,1,Recyclable
2024-01-18 18:00:00,BIN-002,Dharampeth,99,184.9,29.6,96.2,1,2,Mixed
2024-01-18 18:00:00,BIN-003,Sitabuldi,99,193.6,29.5,91.0,1,0,Mixed
2024-01-18 18:00:00,BIN-004,Sitabuldi,99,187.3,28.6,90.5,0,1,Recyclable
2024-01-18 18:00:00,BIN-005,Gandhibagh,99,183.7,29.1,91.5,1,1,Mixed
2024-01-18 18:00:00,BIN-006,Gandhibagh,99,169.6,28.5,94.0,0,1,Mixed
2024-01-18 18:00:00,BIN-007,Lakadganj,99,183.7,30.3,89.5,0,0,Recyclable
2024-01-18 18:00:00,BIN-008,Lakadganj,99,181.3,31.1,93.2,0,1,Mixed
2024-01-18 18:00:00,BIN-009,Sadar,99,185.5,32.8,94.3,1,2,Recyclable
2024-01-18 18:00:00,BIN-010,Sadar,99,183.5,29.7,92.8,0,2,Organic
2024-01-18 18:00:00,BIN-011,Itwari,99,186.2,32.8,93.2,1,2,Mixed
2024-01-18 18:00:00,BIN-012,Itwari,99,185.7,33.9,91.9,1,0,Mixed
2024-01-18 21:00:00,BIN-001,Dharampeth,99,179.6,25.7,97.2,0,1,Mixed
2024-01-18 21:00:00,BIN-002,Dharampeth,99,179.3,25.3,88.7,1,0,Mixed
2024-01-18 21:00:00,BIN-003,Sitabuldi,99,194.1,23.5,91.4,0,2,Recyclable
2024-01-18 21:00:00,BIN-004,Sitabuldi,99,184.6,24.9,97.9,1,0,Mixed
2024-01-18 21:00:00,BIN-005,Gandhibagh,99,182.6,27.2,95.5,1,0,Hazardous
2024-01-18 21:00:00,BIN-006,Gandhibagh,99,196.3,23.1,92.8,1,2,Mixed
2024-01-18 21:00:00,BIN-007,Lakadganj,99,182.5,26.9,97.3,1,2,Mixed
2024-01-18 21:00:00,BIN-008,Lakadganj,99,161.6,25.3,93.0,0,0,Mixed
2024-01-18 21:00:00,BIN-009,Sadar,99,182.8,23.2,95.2,0,0,Mixed
2024-01-18 21:00:00,BIN-010,Sadar,99,173.8,20.8,97.3,0,2,Mixed
2024-01-18 21:00:00,BIN-011,Itwari,99,177.7,26.2,93.7,1,2,Mixed
2024-01-18 21:00:00,BIN-012,Itwari,99,192.2,28.1,95.7,1,0,Organic
2024-01-19 00:00:00,BIN-001,Dharampeth,99,181.5,24.4,93.8,0,1,Organic
2024-01-19 00:00:00,BIN-002,Dharampeth,99,180.2,25.3,93.7,1,2,Mixed
2024-01-19 00:00:00,BIN-003,Sitabuldi,99,199.6,19.1,96.5,0,2,Mixed
2024-01-19 00:00:00,BIN-004,Sitabuldi,99,176.2,20.6,97.0,0,0,Recyclable
2024-01-19 00:00:00,BIN-005,Gandhibagh,99,176.7,19.5,94.1,1,0,Organic
2024-01-19 00:00:00,BIN-006,Gandhibagh,99,173.7,22.8,92.5,1,1,Organic
2024-01-19 00:00:00,BIN-007,Lakadganj,99,188.3,23.4,96.1,0,2,Mixed
2024-01-19 00:00:00,BIN-008,Lakadganj,99,184.2,26.4,93.0,1,1,Mixed
2024-01-19 00:00:00,BIN-009,Sadar,99,186.3,19.8,94.3,0,1,Mixed
2024-01-19 00:00:00,BIN-010,Sadar,99,179.0,24.4,95.7,1,1,Organic
2024-01-19 00:00:00,BIN-011,Itwari,99,193.2,24.0,91.5,0,1,Organic
2024-01-19 00:00:00,BIN-012,Itwari,99,179.9,22.3,92.4,1,1,Organic
2024-01-19 03:00:00,BIN-001,Dharampeth,99,181.3,26.2,96.0,0,0,Mixed
2024-01-19 03:00:00,BIN-002,Dharampeth,99,185.2,25.4,89.7,0,2,Mixed
2024-01-19 03:00:00,BIN-003,Sitabuldi,98.9,180.1,28.2,91.2,1,1,Mixed
2024-01-19 03:00:00,BIN-004,Sitabuldi,99,162.6,22.4,94.4,1,1,Mixed
2024-01-19 03:00:00,BIN-005,Gandhibagh,99,182.7,25.1,94.5,0,1,Organic
2024-01-19 03:00:00,BIN-006,Gandhibagh,99,184.1,26.5,98.7,1,2,Mixed
2024-01-19 03:00:00,BIN-007,Lakadganj,99,180.1,25.9,92.6,0,2,Recyclable
2024-01-19 03:00:00,BIN-008,Lakadganj,99,181.2,24.8,94.0,0,2,Organic
2024-01-19 03:00:00,BIN-009,Sadar,99,190.5,23.6,94.0,1,0,Mixed
2024-01-19 03:00:00,BIN-010,Sadar,99,179.2,19.5,93.8,1,0,Mixed
2024-01-19 03:00:00,BIN-011,Itwari,99,184.1,27.5,97.2,0,2,Organic
2024-01-19 03:00:00,BIN-012,Itwari,99,185.0,25.9,96.8,0,1,Organic
2024-01-19 12:00:00,BIN-001,Dharampeth,99,171.3,36.4,94.2,1,2,Mixed
2024-01-19 12:00:00,BIN-002,Dharampeth,99,176.4,35.6,94.0,1,0,Mixed
2024-01-19 12:00:00,BIN-003,Sitabuldi,99,169.4,39.6,99.4,1,0,Organic
2024-01-19 12:00:00,BIN-004,Sitabuldi,99,181.2,37.2,96.7,1,1,Organic
2024-01-19 12:00:00,BIN-005,Gandhibagh,99,184.0,35.6,98.4,1,2,Organic
2024-01-19 12:00:00,BIN-006,Gandhibagh,99,190.5,37.6,96.8,1,1,Mixed
2024-01-19 12:00:00,BIN-007,Lakadganj,99,174.5,37.5,93.6,0,0,Mixed
2024-01-19 12:00:00,BIN-008,Lakadganj,99,189.7,36.7,94.6,0,1,Organic
2024-01-19 12:00:00,BIN-009,Sadar,99,184.2,37.0,96.8,1,0,Mixed
2024-01-19 12:00:00,BIN-010,Sadar,99,183.6,38.4,93.2,1,2,Recyclable
2024-01-19 12:00:00,BIN-011,Itwari,99,189.5,35.6,94.2,1,0,Organic
2024-01-19 12:00:00,BIN-012,Itwari,99,176.4,36.7,95.7,0,1,Mixed
2024-01-19 15:00:00,BIN-001,Dharampeth,99,175.1,35.4,94.4,0,2,Mixed
2024-01-19 15:00:00,BIN-002,Dharampeth,99,172.2,35.6,94.9,1,2,Organic
2024-01-19 15:00:00,BIN-003,Sitabuldi,99,175.0,37.1,91.7,1,0,Recyclable
2024-01-19 15:00:00,BIN-004,Sitabuldi,99,189.7,37.4,94.0,1,1,Mixed
2024-01-19 15:00:00,BIN-005,Gandhibagh,99,182.0,37.5,97.2,1,2,Mixed
2024-01-19 15:00:00,BIN-006,Gandhibagh,99,189.6,37.0,96.2,0,2,Mixed
2024-01-19 15:00:00,BIN-007,Lakadganj,99,169.1,34.7,94.7,0,0,Mixed
2024-01-19 15:00:00,BIN-008,Lakadganj,99,173.6,35.3,96.9,0,1,Mixed
2024-01-19 15:00:00,BIN-009,Sadar,99,178.8,37.6,95.0,0,0,Mixed
2024-01-19 15:00:00,BIN-010,Sadar,99,185.3,33.4,95.7,1,1,Mixed
2024-01-19 15:00:00,BIN-011,Itwari,99,173.8,34.4,97.4,1,1,Recyclable
2024-01-19 15:00:00,BIN-012,Itwari,99,179.3,37.1,97.2,1,0,Organic
2024-01-19 18:00:00,BIN-001,Dharampeth,99,177.3,30.4,91.1,1,0,Mixed
2024-01-19 18:00:00,BIN-002,Dharampeth,99,168.8,29.3,96.2,1,0,Mixed
2024-01-19 18:00:00,BIN-003,Sitabuldi,99,185.2,29.0,97.0,1,0,Mixed
2024-01-19 18:00:00,BIN-004,Sitabuldi,99,200.3,29.5,96.4,1,2,Recyclable
2024-01-19 18:00:00,BIN-005,Gandhibagh,99,186.6,31.4,98.9,1,1,Mixed
2024-01-19 18:00:00,BIN-006,Gandhibagh,99,190.5,29.2,94.8,1,0,Organic
2024-01-19 18:00:00,BIN-007,Lakadganj,99,185.5,33.2,98.0,1,2,Mixed
2024-01-19 18:00:00,BIN-008,Lakadganj,99,184.8,28.0,95.8,1,1,Mixed
2024-01-19 18:00:00,BIN-009,Sadar,99,162.2,28.1,97.8,0,1,Mixed
2024-01-19 18:00:00,BIN-010,Sadar,99,172.1,28.2,94.0,0,2,Mixed
2024-01-19 18:00:00,BIN-011,Itwari,99,179.9,28.3,96.8,0,2,Organic
2024-01-19 18:00:00,BIN-012,Itwari,99,180.3,32.4,97.3,1,0,Mixed
2024-01-19 21:00:00,BIN-001,Dharampeth,99,178.7,23.0,88.0,1,1,Organic
2024-01-19 21:00:00,BIN-002,Dharampeth,99,172.8,22.8,95.8,1,2,Organic
2024-01-19 21:00:00,BIN-003,Sitabuldi,99,183.9,22.8,93.8,1,0,Mixed
2024-01-19 21:00:00,BIN-004,Sitabuldi,99,192.3,19.5,97.1,0,1,Organic
2024-01-19 21:00:00,BIN-005,Gandhibagh,99,184.1,23.8,95.8,0,2,Mixed
2024-01-19 21:00:00,BIN-006,Gandhibagh,99,194.1,22.9,93.5,0,1,Organic
2024-01-19 21:00:00,BIN-007,Lakadganj,99,186.5,25.9,93.8,1,1,Organic
2024-01-19 21:00:00,BIN-008,Lakadganj,99,168.5,26.5,96.3,1,2,Organic
2024-01-19 21:00:00,BIN-009,Sadar,99,173.4,25.5,96.9,1,0,Mixed
2024-01-19 21:00:00,BIN-010,Sadar,99,180.9,28.7,88.9,1,2,Mixed
2024-01-19 21:00:00,BIN-011,Itwari,99,174.5,22.5,94.1,0,1,Recyclable
2024-01-19 21:00:00,BIN-012,Itwari,99,177.2,24.6,98.4,1,2,Organic
2024-01-20 00:00:00,BIN-001,Dharampeth,99,186.7,24.6,90.4,0,0,Mixed
2024-01-20 00:00:00,BIN-002,Dharampeth,99,185.5,21.9,94.7,0,2,Organic
2024-01-20 00:00:00,BIN-003,Sitabuldi,99,188.6,20.8,99.5,1,2,Hazardous
2024-01-20 00:00:00,BIN-004,Sitabuldi,99,181.3,21.5,93.2,0,1,Mixed
2024-01-20 00:00:00,BIN-005,Gandhibagh,99,197.3,24.2,96.9,1,2,Mixed
2024-01-20 00:00:00,BIN-006,Gandhibagh,99,186.5,19.3,100.1,0,1,Mixed
2024-01-20 00:00:00,BIN-007,Lakadganj,99,176.0,24.2,94.0,1,1,Organic
2024-01-20 00:00:00,BIN-008,Lakadganj,99,186.8,22.2,91.2,1,1,Mixed
2024-01-20 00:00:00,BIN-009,Sadar,99,186.8,20.9,94.5,1,2,Mixed
2024-01-20 00:00:00,BIN-010,Sadar,99,191.9,21.6,93.1,0,2,Organic
2024-01-20 00:00:00,BIN-011,Itwari,99,185.2,21.7,93.0,1,1,Recyclable
2024-01-20 00:00:00,BIN-012,Itwari,99,173.7,21.5,96.2,1,0,Mixed
2024-01-20 03:00:00,BIN-001,Dharampeth,99,181.5,24.7,94.5,0,1,Mixed
2024-01-20 03:00:00,BIN-002,Dharampeth,99,184.7,23.7,90.7,1,1,Mixed
2024-01-20 03:00:00,BIN-003,Sitabuldi,99,173.0,26.3,95.2,1,2,Organic
2024-01-20 03:00:00,BIN-004,Sitabuldi,99,195.6,24.5,91.0,1,0,Mixed
2024-01-20 03:00:00,BIN-005,Gandhibagh,99,165.2,21.6,92.7,1,0,Mixed
2024-01-20 03:00:00,BIN-006,Gandhibagh,99,167.8,23.5,100.9,1,1,Mixed
2024-01-20 03:00:00,BIN-007,Lakadganj,99,173.9,23.1,97.9,0,1,Organic
2024-01-20 03:00:00,BIN-008,Lakadganj,99,185.5,23.9,97.9,0,0,Organic
2024-01-20 03:00:00,BIN-009,Sadar,99,190.3,27.5,99.1,0,0,Mixed
2024-01-20 03:00:00,BIN-010,Sadar,99,190.4,24.3,95.2,1,1,Mixed
2024-01-20 03:00:00,BIN-011,Itwari,99,174.4,22.8,97.8,0,1,Recyclable
2024-01-20 03:00:00,BIN-012,Itwari,99,184.2,23.2,94.1,0,2,Mixed
2024-01-20 12:00:00,BIN-001,Dharampeth,13.0,10.1,35.4,95.7,0,1,Organic
2024-01-20 12:00:00,BIN-002,Dharampeth,11.5,-2.4,35.7,100.1,0,0,Recyclable
2024-01-20 12:00:00,BIN-003,Sitabuldi,27.2,53.9,36.8,91.3,0,0,Mixed
2024-01-20 12:00:00,BIN-004,Sitabuldi,11.6,17.3,38.3,94.0,0,0,Organic
2024-01-20 12:00:00,BIN-005,Gandhibagh,18.8,38.0,40.2,96.4,0,1,Organic
2024-01-20 12:00:00,BIN-006,Gandhibagh,15.5,45.9,40.7,93.2,0,1,Mixed
2024-01-20 12:00:00,BIN-007,Lakadganj,16.2,31.4,36.6,99.1,0,1,Organic
2024-01-20 12:00:00,BIN-008,Lakadganj,13.5,8.6,35.3,92.1,0,1,Mixed
2024-01-20 12:00:00,BIN-009,Sadar,19.2,7.3,35.4,105.2,0,0,Recyclable
2024-01-20 12:00:00,BIN-010,Sadar,14.8,27.7,38.8,97.7,0,2,Organic
2024-01-20 12:00:00,BIN-011,Itwari,21.8,48.5,34.3,99.0,0,2,Mixed
2024-01-20 12:00:00,BIN-012,Itwari,18.5,29.0,41.4,92.6,0,0,Recyclable
2024-01-20 15:00:00,BIN-001,Dharampeth,18.7,38.4,36.3,93.4,0,0,Mixed
2024-01-20 15:00:00,BIN-002,Dharampeth,21.6,38.6,37.3,101.9,0,1,Organic
2024-01-20 15:00:00,BIN-003,Sitabuldi,13.4,22.8,39.4,94.5,0,0,Mixed
2024-01-20 15:00:00,BIN-004,Sitabuldi,18.8,41.5,35.9,98.9,0,1,Mixed
2024-01-20 15:00:00,BIN-005,Gandhibagh,25.0,44.3,31.5,96.8,0,1,Organic
2024-01-20 15:00:00,BIN-006,Gandhibagh,9.6,8.0,34.2,98.1,0,2,Organic
2024-01-20 15:00:00,BIN-007,Lakadganj,16.2,33.6,36.4,88.3,0,2,Mixed
2024-01-20 15:00:00,BIN-008,Lakadganj,19.4,48.7,38.1,92.3,0,0,Hazardous
2024-01-20 15:00:00,BIN-009,Sadar,14.5,31.4,37.1,89.8,0,1,Organic
2024-01-20 15:00:00,BIN-010,Sadar,16.9,32.0,32.5,95.8,0,1,Organic
2024-01-20 15:00:00,BIN-011,Itwari,16.8,36.5,34.2,94.4,0,1,Mixed
2024-01-20 15:00:00,BIN-012,Itwari,9.0,17.4,33.7,94.2,0,1,Mixed
2024-01-20 18:00:00,BIN-001,Dharampeth,30.9,46.8,27.9,94.2,0,2,Organic
2024-01-20 18:00:00,BIN-002,Dharampeth,19.1,47.8,30.8,89.9,0,0,Hazardous
2024-01-20 18:00:00,BIN-003,Sitabuldi,22.5,59.4,30.3,96.5,0,2,Organic
2024-01-20 18:00:00,BIN-004,Sitabuldi,20.9,37.9,32.3,89.3,0,2,Organic
2024-01-20 18:00:00,BIN-005,Gandhibagh,25.2,48.4,29.3,93.0,0,2,Recyclable
2024-01-20 18:00:00,BIN-006,Gandhibagh,20.2,29.8,31.1,93.9,0,2,Organic
2024-01-20 18:00:00,BIN-007,Lakadganj,17.7,30.7,28.9,91.7,0,1,Organic
2024-01-20 18:00:00,BIN-008,Lakadganj,24.5,46.4,29.2,95.7,0,0,Mixed
2024-01-20 18:00:00,BIN-009,Sadar,16.6,29.7,29.9,96.7,0,2,Mixed
2024-01-20 18:00:00,BIN-010,Sadar,19.6,40.3,29.9,92.9,0,1,Recyclable
2024-01-20 18:00:00,BIN-011,Itwari,12.2,25.5,27.6,93.0,0,0,Mixed
2024-01-20 18:00:00,BIN-012,Itwari,21.9,50.5,28.7,96.4,0,2,Mixed
2024-01-20 21:00:00,BIN-001,Dharampeth,21.2,47.0,27.3,93.2,0,1,Mixed
2024-01-20 21:00:00,BIN-002,Dharampeth,11.0,33.2,22.9,93.3,0,0,Organic
2024-01-20 21:00:00,BIN-003,Sitabuldi,22.1,41.5,26.2,93.1,0,0,Recyclable
2024-01-20 21:00:00,BIN-004,Sitabuldi,28.4,47.4,26.0,99.4,0,2,Mixed
2024-01-20 21:00:00,BIN-005,Gandhibagh,19.7,30.9,24.0,90.4,0,0,Mixed
2024-01-20 21:00:00,BIN-006,Gandhibagh,24.3,43.6,21.8,97.3,0,0,Mixed
2024-01-20 21:00:00,BIN-007,Lakadganj,18.4,36.5,26.2,92.6,0,1,Organic
2024-01-20 21:00:00,BIN-008,Lakadganj,20.5,33.4,22.5,97.3,0,2,Recyclable
2024-01-20 21:00:00,BIN-009,Sadar,23.3,48.3,23.7,90.9,0,2,Mixed
2024-01-20 21:00:00,BIN-010,Sadar,25.6,52.7,22.9,95.5,0,0,Mixed
2024-01-20 21:00:00,BIN-011,Itwari,16.0,30.6,23.7,88.8,0,2,Organic
2024-01-20 21:00:00,BIN-012,Itwari,15.9,26.5,19.7,96.0,0,0,Mixed
2024-01-21 00:00:00,BIN-001,Dharampeth,22.9,32.1,23.6,91.9,0,2,Mixed
2024-01-21 00:00:00,BIN-002,Dharampeth,23.2,35.2,19.0,93.2,0,0,Mixed
2024-01-21 00:00:00,BIN-003,Sitabuldi,19.2,37.4,20.5,94.7,0,2,Mixed
2024-01-21 00:00:00,BIN-004,Sitabuldi,21.3,39.1,18.8,98.1,0,2,Organic
2024-01-21 00:00:00,BIN-005,Gandhibagh,26.8,41.6,21.8,95.7,0,0,Mixed
2024-01-21 00:00:00,BIN-006,Gandhibagh,28.9,52.5,23.2,91.5,0,0,Mixed
2024-01-21 00:00:00,BIN-007,Lakadganj,19.2,38.9,21.2,95.5,0,2,Hazardous
2024-01-21 00:00:00,BIN-008,Lakadganj,21.6,54.2,24.6,94.0,0,2,Mixed
2024-01-21 00:00:00,BIN-009,Sadar,21.3,37.0,24.0,95.5,0,0,Mixed
2024-01-21 00:00:00,BIN-010,Sadar,22.4,46.0,21.8,92.8,0,1,Organic
2024-01-21 00:00:00,BIN-011,Itwari,10.5,8.2,26.5,92.9,0,0,Mixed
2024-01-21 00:00:00,BIN-012,Itwari,21.5,44.8,20.9,93.8,0,2,Organic
2024-01-21 03:00:00,BIN-001,Dharampeth,21.6,48.1,24.5,97.9,0,2,Mixed
2024-01-21 03:00:00,BIN-002,Dharampeth,22.9,36.4,25.8,93.3,0,0,Organic
2024-01-21 03:00:00,BIN-003,Sitabuldi,16.0,32.7,24.1,91.0,0,1,Organic
2024-01-21 03:00:00,BIN-004,Sitabuldi,15.8,27.7,25.0,96.4,0,1,Mixed
2024-01-21 03:00:00,BIN-005,Gandhibagh,27.8,42.4,24.6,95.3,0,0,Mixed
2024-01-21 03:00:00,BIN-006,Gandhibagh,25.3,53.8,21.8,94.4,0,2,Organic
2024-01-21 03:00:00,BIN-007,Lakadganj,23.6,38.2,22.3,94.5,0,1,Mixed
2024-01-21 03:00:00,BIN-008,Lakadganj,22.3,55.5,18.0,92.1,0,2,Mixed
2024-01-21 03:00:00,BIN-009,Sadar,24.4,44.5,26.5,94.3,0,2,Organic
2024-01-21 03:00:00,BIN-010,Sadar,20.7,40.6,25.3,88.5,0,2,Mixed
2024-01-21 03:00:00,BIN-011,Itwari,21.1,41.7,21.9,93.8,0,1,Recyclable
2024-01-21 03:00:00,BIN-012,Itwari,32.4,56.1,25.0,87.2,0,1,Recyclable
2024-01-21 12:00:00,BIN-001,Dharampeth,24.6,48.5,39.1,96.8,0,1,Mixed
2024-01-21 12:00:00,BIN-002,Dharampeth,21.5,34.9,34.4,94.6,0,1,Mixed
2024-01-21 12:00:00,BIN-003,Sitabuldi,22.0,37.9,37.8,97.1,0,1,Recyclable
2024-01-21 12:00:00,BIN-004,Sitabuldi,19.4,30.9,39.4,92.7,0,2,Organic
2024-01-21 12:00:00,BIN-005,Gandhibagh,31.4,57.4,43.4,92.9,0,2,Mixed
2024-01-21 12:00:00,BIN-006,Gandhibagh,28.1,55.5,36.8,91.4,0,0,Mixed
2024-01-21 12:00:00,BIN-007,Lakadganj,22.7,45.1,35.6,88.9,0,0,Recyclable
2024-01-21 12:00:00,BIN-008,Lakadganj,20.8,32.0,38.3,93.2,0,0,Mixed
2024-01-21 12:00:00,BIN-009,Sadar,18.8,41.4,36.6,95.3,0,0,Organic
2024-01-21 12:00:00,BIN-010,Sadar,15.3,30.9,40.1,95.1,0,0,Mixed
2024-01-21 12:00:00,BIN-011,Itwari,20.9,32.9,37.7,94.1,0,1,Mixed
2024-01-21 12:00:00,BIN-012,Itwari,15.1,33.2,38.4,90.5,0,0,Recyclable
2024-01-21 15:00:00,BIN-001,Dharampeth,16.1,27.7,36.4,91.9,0,0,Mixed
2024-01-21 15:00:00,BIN-002,Dharampeth,27.1,56.8,30.0,98.3,0,2,Mixed
2024-01-21 15:00:00,BIN-003,Sitabuldi,19.8,52.7,36.0,93.2,0,1,Mixed
2024-01-21 15:00:00,BIN-004,Sitabuldi,22.1,37.4,37.2,91.4,0,1,Recyclable
2024-01-21 15:00:00,BIN-005,Gandhibagh,27.1,53.9,34.5,94.6,0,0,Organic
2024-01-21 15:00:00,BIN-006,Gandhibagh,15.8,28.7,32.2,92.4,0,0,Mixed
2024-01-21 15:00:00,BIN-007,Lakadganj,16.0,18.8,34.7,95.8,0,0,Mixed
2024-01-21 15:00:00,BIN-008,Lakadganj,12.6,14.3,33.1,91.8,0,0,Organic
2024-01-21 15:00:00,BIN-009,Sadar,22.5,45.7,36.7,100.6,0,2,Organic
2024-01-21 15:00:00,BIN-010,Sadar,24.4,61.8,35.9,93.8,0,2,Mixed
2024-01-21 15:00:00,BIN-011,Itwari,32.7,51.9,36.5,97.4,0,0,Recyclable
2024-01-21 15:00:00,BIN-012,Itwari,27.5,51.2,34.3,89.6,0,0,Mixed
2024-01-21 18:00:00,BIN-001,Dharampeth,22.9,55.8,30.6,90.7,0,2,Mixed
2024-01-21 18:00:00,BIN-002,Dharampeth,24.4,48.2,29.2,91.7,0,0,Mixed
2024-01-21 18:00:00,BIN-003,Sitabuldi,21.0,47.2,28.4,94.1,0,2,Mixed
2024-01-21 18:00:00,BIN-004,Sitabuldi,16.4,34.4,31.3,91.7,0,0,Recyclable
2024-01-21 18:00:00,BIN-005,Gandhibagh,23.8,59.3,28.5,90.9,0,1,Recyclable
2024-01-21 18:00:00,BIN-006,Gandhibagh,20.8,42.2,28.5,94.0,0,2,Mixed
2024-01-21 18:00:00,BIN-007,Lakadganj,15.9,38.6,29.7,94.8,0,0,Mixed
2024-01-21 18:00:00,BIN-008,Lakadganj,14.7,23.8,31.3,93.5,0,2,Mixed
2024-01-21 18:00:00,BIN-009,Sadar,29.3,54.3,32.9,94.1,0,1,Mixed
2024-01-21 18:00:00,BIN-010,Sadar,23.2,20.6,34.4,96.7,0,1,Recyclable
2024-01-21 18:00:00,BIN-011,Itwari,27.2,53.6,32.1,94.3,0,1,Mixed
2024-01-21 18:00:00,BIN-012,Itwari,29.5,55.0,28.2,91.1,0,2,Organic
2024-01-21 21:00:00,BIN-001,Dharampeth,21.8,40.7,28.5,88.3,0,2,Organic
2024-01-21 21:00:00,BIN-002,Dharampeth,24.0,29.9,22.5,90.4,0,2,Organic
2024-01-21 21:00:00,BIN-003,Sitabuldi,23.0,48.3,23.7,95.3,0,2,Mixed
2024-01-21 21:00:00,BIN-004,Sitabuldi,27.6,51.4,23.8,94.9,0,2,Mixed
2024-01-21 21:00:00,BIN-005,Gandhibagh,19.1,45.3,24.2,95.7,0,1,Mixed
2024-01-21 21:00:00,BIN-006,Gandhibagh,16.6,31.2,22.8,93.7,0,0,Mixed
2024-01-21 21:00:00,BIN-007,Lakadganj,22.0,43.0,25.1,92.2,0,0,Mixed
2024-01-21 21:00:00,BIN-008,Lakadganj,20.6,41.0,24.2,94.9,0,0,Recyclable
2024-01-21 21:00:00,BIN-009,Sadar,23.2,49.3,22.7,95.6,0,2,Mixed
2024-01-21 21:00:00,BIN-010,Sadar,31.0,59.8,22.4,89.4,0,1,Organic
2024-01-21 21:00:00,BIN-011,Itwari,28.7,51.9,24.8,97.0,0,0,Organic
2024-01-21 21:00:00,BIN-012,Itwari,21.9,30.6,26.6,92.9,0,2,Organic
2024-01-22 00:00:00,BIN-001,Dharampeth,22.8,47.3,21.2,91.5,0,1,Mixed
2024-01-22 00:00:00,BIN-002,Dharampeth,9.6,26.0,21.4,97.0,0,2,Organic
2024-01-22 00:00:00,BIN-003,Sitabuldi,26.8,46.4,24.0,89.9,0,2,Organic
2024-01-22 00:00:00,BIN-004,Sitabuldi,29.0,45.6,20.6,97.5,0,1,Organic
2024-01-22 00:00:00,BIN-005,Gandhibagh,22.9,38.0,21.3,95.5,0,0,Organic
2024-01-22 00:00:00,BIN-006,Gandhibagh,17.1,22.6,22.7,93.8,0,2,Mixed
2024-01-22 00:00:00,BIN-007,Lakadganj,20.3,41.4,22.1,95.6,0,0,Mixed
2024-01-22 00:00:00,BIN-008,Lakadganj,22.2,39.2,21.9,96.2,0,1,Organic
2024-01-22 00:00:00,BIN-009,Sadar,25.8,58.9,24.2,93.4,0,2,Organic
2024-01-22 00:00:00,BIN-010,Sadar,24.2,36.9,23.9,93.5,0,2,Mixed
2024-01-22 00:00:00,BIN-011,Itwari,27.1,45.9,21.2,93.8,0,2,Mixed
2024-01-22 00:00:00,BIN-012,Itwari,26.2,50.8,19.5,95.4,0,1,Organic
2024-01-22 03:00:00,BIN-001,Dharampeth,26.3,65.5,22.4,97.9,0,1,Organic
2024-01-22 03:00:00,BIN-002,Dharampeth,26.0,57.3,25.5,95.9,0,2,Mixed
2024-01-22 03:00:00,BIN-003,Sitabuldi,21.7,33.7,24.5,92.4,0,2,Organic
2024-01-22 03:00:00,BIN-004,Sitabuldi,18.3,27.1,25.0,97.4,0,2,Organic
2024-01-22 03:00:00,BIN-005,Gandhibagh,25.9,38.7,23.1,91.8,0,2,Mixed
2024-01-22 03:00:00,BIN-006,Gandhibagh,21.9,35.1,28.0,93.6,0,1,Organic
2024-01-22 03:00:00,BIN-007,Lakadganj,37.5,84.8,27.3,95.9,0,1,Organic
2024-01-22 03:00:00,BIN-008,Lakadganj,35.3,74.1,24.4,92.7,0,1,Mixed
2024-01-22 03:00:00,BIN-009,Sadar,32.5,62.1,24.6,95.8,0,2,Organic
2024-01-22 03:00:00,BIN-010,Sadar,26.8,47.8,23.1,93.8,0,1,Recyclable
2024-01-22 03:00:00,BIN-011,Itwari,21.6,43.2,23.6,97.1,0,0,Mixed
2024-01-22 03:00:00,BIN-012,Itwari,23.9,41.3,23.5,90.4,0,1,Mixed
2024-01-22 12:00:00,BIN-001,Dharampeth,29.2,59.9,37.4,91.9,0,0,Recyclable
2024-01-22 12:00:00,BIN-002,Dharampeth,27.2,54.9,35.5,95.7,0,0,Organic
2024-01-22 12:00:00,BIN-003,Sitabuldi,19.5,37.5,37.1,88.0,0,2,Organic
2024-01-22 12:00:00,BIN-004,Sitabuldi,26.7,37.6,35.2,94.5,0,2,Organic
2024-01-22 12:00:00,BIN-005,Gandhibagh,26.2,53.2,40.7,94.9,0,1,Organic
2024-01-22 12:00:00,BIN-006,Gandhibagh,21.5,27.9,39.9,90.4,0,2,Mixed
2024-01-22 12:00:00,BIN-007,Lakadganj,24.4,28.7,38.6,93.4,0,1,Organic
2024-01-22 12:00:00,BIN-008,Lakadganj,23.3,41.9,39.5,96.0,0,0,Mixed
2024-01-22 12:00:00,BIN-009,Sadar,22.7,46.5,36.5,92.4,0,0,Mixed
2024-01-22 12:00:00,BIN-010,Sadar,33.0,58.6,41.1,96.8,0,1,Organic
2024-01-22 12:00:00,BIN-011,Itwari,28.2,50.2,37.4,95.9,0,0,Organic
2024-01-22 12:00:00,BIN-012,Itwari,30.9,55.5,37.9,98.0,0,0,Mixed
2024-01-22 15:00:00,BIN-001,Dharampeth,28.1,44.2,33.7,97.6,0,1,Mixed
2024-01-22 15:00:00,BIN-002,Dharampeth,29.4,54.7,38.2,89.8,0,1,Mixed
2024-01-22 15:00:00,BIN-003,Sitabuldi,26.1,47.3,38.6,95.2,0,0,Mixed
2024-01-22 15:00:00,BIN-004,Sitabuldi,27.1,43.0,39.0,92.7,0,2,Organic
2024-01-22 15:00:00,BIN-005,Gandhibagh,28.6,50.4,35.8,93.3,0,2,Mixed
2024-01-22 15:00:00,BIN-006,Gandhibagh,29.3,50.0,36.4,95.4,0,0,Organic
2024-01-22 15:00:00,BIN-007,Lakadganj,28.8,69.1,36.4,90.4,0,1,Mixed
2024-01-22 15:00:00,BIN-008,Lakadganj,23.2,36.0,34.9,96.2,0,0,Mixed
2024-01-22 15:00:00,BIN-009,Sadar,28.3,60.2,35.8,95.9,0,2,Mixed
2024-01-22 15:00:00,BIN-010,Sadar,26.7,45.1,34.8,94.2,0,2,Organic
2024-01-22 15:00:00,BIN-011,Itwari,26.4,51.9,34.6,91.6,0,1,Organic
2024-01-22 15:00:00,BIN-012,Itwari,30.9,68.9,36.7,93.0,0,0,Mixed
2024-01-22 18:00:00,BIN-001,Dharampeth,27.0,44.1,30.1,91.3,0,1,Organic
2024-01-22 18:00:00,BIN-002,Dharampeth,34.4,63.2,28.9,93.8,0,2,Organic
2024-01-22 18:00:00,BIN-003,Sitabuldi,28.3,46.3,30.8,92.4,0,0,Recyclable
2024-01-22 18:00:00,BIN-004,Sitabuldi,28.9,66.2,30.4,93.8,0,2,Mixed
2024-01-22 18:00:00,BIN-005,Gandhibagh,16.7,38.2,32.8,94.2,0,0,Mixed
2024-01-22 18:00:00,BIN-006,Gandhibagh,21.5,44.0,30.5,94.8,0,2,Mixed
2024-01-22 18:00:00,BIN-007,Lakadganj,33.6,62.0,34.7,95.6,0,1,Organic
2024-01-22 18:00:00,BIN-008,Lakadganj,23.2,45.8,28.3,93.5,0,2,Mixed
2024-01-22 18:00:00,BIN-009,Sadar,15.3,28.4,28.4,97.4,0,2,Mixed
2024-01-22 18:00:00,BIN-010,Sadar,20.8,42.0,32.9,94.0,0,2,Organic
2024-01-22 18:00:00,BIN-011,Itwari,26.9,58.0,28.2,91.9,0,1,Mixed
2024-01-22 18:00:00,BIN-012,Itwari,27.5,44.1,31.5,98.5,0,0,Recyclable
2024-01-22 21:00:00,BIN-001,Dharampeth,30.2,51.2,24.9,91.7,0,1,Organic
2024-01-22 21:00:00,BIN-002,Dharampeth,32.7,66.2,27.6,93.3,0,1,Recyclable
2024-01-22 21:00:00,BIN-003,Sitabuldi,40.1,82.8,23.2,90.3,0,2,Mixed
2024-01-22 21:00:00,BIN-004,Sitabuldi,36.5,71.9,24.1,92.1,0,1,Organic
2024-01-22 21:00:00,BIN-005,Gandhibagh,22.9,45.9,24.1,94.7,0,1,Recyclable
2024-01-22 21:00:00,BIN-006,Gandhibagh,30.6,54.2,21.8,97.7,0,2,Organic
2024-01-22 21:00:00,BIN-007,Lakadganj,23.5,40.8,27.3,97.0,0,2,Recyclable
2024-01-22 21:00:00,BIN-008,Lakadganj,21.5,50.1,24.5,86.9,0,2,Organic
2024-01-22 21:00:00,BIN-009,Sadar,25.9,52.4,24.9,93.8,0,0,Recyclable
2024-01-22 21:00:00,BIN-010,Sadar,26.6,50.7,27.2,95.6,0,1,Mixed
2024-01-22 21:00:00,BIN-011,Itwari,35.4,66.5,27.0,92.1,0,1,Organic
2024-01-22 21:00:00,BIN-012,Itwari,22.9,42.8,23.8,95.0,0,0,Mixed
2024-01-23 00:00:00,BIN-001,Dharampeth,44.4,90.7,16.7,93.6,0,1,Mixed
2024-01-23 00:00:00,BIN-002,Dharampeth,26.4,52.9,24.9,99.2,0,1,Mixed
2024-01-23 00:00:00,BIN-003,Sitabuldi,30.6,58.7,19.8,97.4,0,2,Organic
2024-01-23 00:00:00,BIN-004,Sitabuldi,19.6,50.3,22.4,99.5,0,0,Mixed
2024-01-23 00:00:00,BIN-005,Gandhibagh,28.5,53.7,18.1,96.9,0,0,Organic
2024-01-23 00:00:00,BIN-006,Gandhibagh,25.9,52.4,20.8,99.7,0,0,Mixed
2024-01-23 00:00:00,BIN-007,Lakadganj,31.5,73.3,23.8,94.3,0,1,Mixed
2024-01-23 00:00:00,BIN-008,Lakadganj,21.3,39.7,18.5,89.1,0,2,Mixed
2024-01-23 00:00:00,BIN-009,Sadar,28.9,47.6,23.4,91.5,0,2,Recyclable
2024-01-23 00:00:00,BIN-010,Sadar,32.2,65.3,26.7,95.5,0,0,Hazardous
2024-01-23 00:00:00,BIN-011,Itwari,23.3,55.1,20.8,98.2,0,0,Recyclable
2024-01-23 00:00:00,BIN-012,Itwari,27.8,43.2,20.5,90.2,0,0,Organic
2024-01-23 03:00:00,BIN-001,Dharampeth,36.1,64.9,27.0,94.0,0,0,Mixed
2024-01-23 03:00:00,BIN-002,Dharampeth,32.1,62.8,28.5,94.5,0,0,Organic
2024-01-23 03:00:00,BIN-003,Sitabuldi,20.5,44.9,19.7,92.9,0,1,Mixed
2024-01-23 03:00:00,BIN-004,Sitabuldi,26.9,40.2,25.9,99.5,0,1,Mixed
2024-01-23 03:00:00,BIN-005,Gandhibagh,33.6,63.1,26.1,94.7,0,2,Mixed
2024-01-23 03:00:00,BIN-006,Gandhibagh,21.5,38.9,22.3,94.3,0,1,Organic
2024-01-23 03:00:00,BIN-007,Lakadganj,32.9,60.6,27.1,93.3,0,0,Organic
2024-01-23 03:00:00,BIN-008,Lakadganj,27.5,51.7,27.2,91.2,0,2,Mixed
2024-01-23 03:00:00,BIN-009,Sadar,38.3,68.9,27.2,91.9,0,2,Mixed
2024-01-23 03:00:00,BIN-010,Sadar,23.4,54.2,23.2,93.5,0,0,Organic
2024-01-23 03:00:00,BIN-011,Itwari,27.3,51.3,28.4,94.5,0,0,Organic
2024-01-23 03:00:00,BIN-012,Itwari,27.9,54.9,22.4,92.4,0,0,Recyclable
2024-01-23 12:00:00,BIN-001,Dharampeth,37.9,70.1,40.6,92.6,0,2,Hazardous
2024-01-23 12:00:00,BIN-002,Dharampeth,35.2,67.1,37.5,92.1,0,1,Mixed
2024-01-23 12:00:00,BIN-003,Sitabuldi,28.3,58.9,32.9,89.3,0,2,Hazardous
2024-01-23 12:00:00,BIN-004,Sitabuldi,42.9,71.3,38.1,98.8,0,0,Recyclable
2024-01-23 12:00:00,BIN-005,Gandhibagh,35.1,72.3,37.5,97.2,0,0,Mixed
2024-01-23 12:00:00,BIN-006,Gandhibagh,25.7,45.5,35.6,96.3,0,0,Organic
2024-01-23 12:00:00,BIN-007,Lakadganj,31.8,53.3,37.7,96.1,0,1,Recyclable
2024-01-23 12:00:00,BIN-008,Lakadganj,31.5,48.3,37.6,92.7,0,1,Mixed
2024-01-23 12:00:00,BIN-009,Sadar,36.1,59.8,36.7,97.1,0,2,Mixed
2024-01-23 12:00:00,BIN-010,Sadar,34.9,68.3,39.0,100.5,0,0,Recyclable
2024-01-23 12:00:00,BIN-011,Itwari,33.7,69.3,36.2,93.0,0,0,Mixed
2024-01-23 12:00:00,BIN-012,Itwari,38.5,70.9,39.2,95.9,0,0,Mixed
2024-01-23 15:00:00,BIN-001,Dharampeth,27.2,56.8,33.1,87.8,0,2,Organic
2024-01-23 15:00:00,BIN-002,Dharampeth,29.3,45.8,37.3,91.5,0,2,Mixed
2024-01-23 15:00:00,BIN-003,Sitabuldi,38.1,66.9,32.0,97.7,0,0,Mixed
2024-01-23 15:00:00,BIN-004,Sitabuldi,37.3,63.1,34.5,90.5,0,0,Recyclable
2024-01-23 15:00:00,BIN-005,Gandhibagh,31.7,66.8,32.9,93.3,0,2,Hazardous
2024-01-23 15:00:00,BIN-006,Gandhibagh,32.2,62.9,31.8,94.2,0,2,Mixed
2024-01-23 15:00:00,BIN-007,Lakadganj,40.0,78.0,37.0,93.7,0,1,Recyclable
2024-01-23 15:00:00,BIN-008,Lakadganj,28.2,54.9,38.0,93.6,0,2,Hazardous
2024-01-23 15:00:00,BIN-009,Sadar,31.2,53.2,32.2,93.8,0,0,Mixed
2024-01-23 15:00:00,BIN-010,Sadar,29.7,69.5,31.5,89.9,0,0,Recyclable
2024-01-23 15:00:00,BIN-011,Itwari,32.6,62.9,31.0,91.8,0,2,Organic
2024-01-23 15:00:00,BIN-012,Itwari,39.2,80.6,35.2,91.2,0,0,Organic
2024-01-23 18:00:00,BIN-001,Dharampeth,34.0,68.4,33.1,91.1,0,2,Organic
2024-01-23 18:00:00,BIN-002,Dharampeth,33.1,67.3,29.2,97.1,0,2,Organic
2024-01-23 18:00:00,BIN-003,Sitabuldi,43.8,95.6,29.1,95.8,0,1,Mixed
2024-01-23 18:00:00,BIN-004,Sitabuldi,33.0,53.6,29.6,96.1,0,1,Mixed
2024-01-23 18:00:00,BIN-005,Gandhibagh,39.1,83.5,30.6,91.2,0,0,Mixed
2024-01-23 18:00:00,BIN-006,Gandhibagh,36.2,60.6,31.2,95.7,0,1,Mixed
2024-01-23 18:00:00,BIN-007,Lakadganj,35.1,61.7,29.1,89.1,0,1,Mixed
2024-01-23 18:00:00,BIN-008,Lakadganj,31.8,59.8,29.7,96.5,0,1,Mixed
2024-01-23 18:00:00,BIN-009,Sadar,31.8,60.1,28.2,93.3,0,2,Mixed
2024-01-23 18:00:00,BIN-010,Sadar,33.2,65.1,32.3,93.3,0,1,Mixed
2024-01-23 18:00:00,BIN-011,Itwari,35.0,62.4,31.2,98.0,0,1,Organic
2024-01-23 18:00:00,BIN-012,Itwari,32.1,55.3,31.6,90.6,0,2,Mixed
2024-01-23 21:00:00,BIN-001,Dharampeth,31.8,48.0,21.8,91.4,0,2,Mixed
2024-01-23 21:00:00,BIN-002,Dharampeth,29.6,52.5,24.3,93.3,0,1,Organic
2024-01-23 21:00:00,BIN-003,Sitabuldi,35.4,60.8,22.1,89.1,0,0,Mixed
2024-01-23 21:00:00,BIN-004,Sitabuldi,32.0,66.7,22.7,94.4,0,0,Organic
2024-01-23 21:00:00,BIN-005,Gandhibagh,32.7,66.2,23.7,88.2,0,0,Recyclable
2024-01-23 21:00:00,BIN-006,Gandhibagh,35.5,66.6,23.2,92.4,0,2,Mixed
2024-01-23 21:00:00,BIN-007,Lakadganj,34.2,83.9,22.6,100.9,0,0,Mixed
2024-01-23 21:00:00,BIN-008,Lakadganj,42.9,96.3,23.8,91.3,0,0,Mixed
2024-01-23 21:00:00,BIN-009,Sadar,35.7,69.1,23.8,94.2,0,1,Mixed
2024-01-23 21:00:00,BIN-010,Sadar,28.4,46.7,22.7,91.5,0,2,Organic
2024-01-23 21:00:00,BIN-011,Itwari,30.6,50.1,21.6,93.7,0,1,Mixed
2024-01-23 21:00:00,BIN-012,Itwari,35.5,75.5,29.2,99.8,0,2,Mixed
2024-01-24 00:00:00,BIN-001,Dharampeth,39.2,62.5,20.1,94.6,0,0,Mixed
2024-01-24 00:00:00,BIN-002,Dharampeth,24.7,47.2,23.3,98.0,0,2,Hazardous
2024-01-24 00:00:00,BIN-003,Sitabuldi,43.7,77.1,18.0,91.2,0,1,Mixed
2024-01-24 00:00:00,BIN-004,Sitabuldi,36.7,69.2,23.2,97.4,0,2,Mixed
2024-01-24 00:00:00,BIN-005,Gandhibagh,38.7,65.0,19.0,92.1,0,1,Organic
2024-01-24 00:00:00,BIN-006,Gandhibagh,33.8,65.0,21.9,94.9,0,2,Hazardous
2024-01-24 00:00:00,BIN-007,Lakadganj,32.5,52.4,22.9,94.7,0,0,Organic
2024-01-24 00:00:00,BIN-008,Lakadganj,38.1,56.3,22.0,95.7,0,1,Recyclable
2024-01-24 00:00:00,BIN-009,Sadar,36.0,66.1,23.3,94.3,0,0,Mixed
2024-01-24 00:00:00,BIN-010,Sadar,36.3,67.2,19.9,92.4,0,1,Mixed
2024-01-24 00:00:00,BIN-011,Itwari,36.3,68.8,19.4,95.4,0,1,Mixed
2024-01-24 00:00:00,BIN-012,Itwari,39.4,72.9,27.4,91.6,0,1,Mixed
2024-01-24 03:00:00,BIN-001,Dharampeth,32.7,66.8,26.9,96.0,0,1,Mixed
2024-01-24 03:00:00,BIN-002,Dharampeth,29.7,54.2,20.0,92.4,0,0,Organic
2024-01-24 03:00:00,BIN-003,Sitabuldi,39.9,66.8,24.5,93.8,0,2,Mixed
2024-01-24 03:00:00,BIN-004,Sitabuldi,30.6,58.8,25.7,93.3,0,0,Organic
2024-01-24 03:00:00,BIN-005,Gandhibagh,32.8,42.9,25.2,99.7,0,1,Organic
2024-01-24 03:00:00,BIN-006,Gandhibagh,43.1,80.6,21.7,95.2,0,0,Organic
2024-01-24 03:00:00,BIN-007,Lakadganj,41.9,75.9,24.2,89.6,0,1,Organic
2024-01-24 03:00:00,BIN-008,Lakadganj,35.0,65.8,24.0,96.3,0,1,Mixed
2024-01-24 03:00:00,BIN-009,Sadar,36.6,63.1,28.1,90.1,0,0,Recyclable
2024-01-24 03:00:00,BIN-010,Sadar,28.9,60.6,22.1,93.6,0,0,Recyclable
2024-01-24 03:00:00,BIN-011,Itwari,28.8,50.0,28.5,91.3,0,0,Mixed
2024-01-24 03:00:00,BIN-012,Itwari,37.9,77.7,21.2,92.7,0,1,Organic
2024-01-24 12:00:00,BIN-001,Dharampeth,41.8,55.5,39.4,97.1,0,2,Recyclable
2024-01-24 12:00:00,BIN-002,Dharampeth,40.0,79.5,34.9,89.8,0,0,Organic
2024-01-24 12:00:00,BIN-003,Sitabuldi,27.7,58.6,38.3,98.2,0,0,Mixed
2024-01-24 12:00:00,BIN-004,Sitabuldi,38.8,66.5,38.6,88.5,0,1,Organic
2024-01-24 12:00:00,BIN-005,Gandhibagh,37.5,77.4,36.6,95.0,0,0,Mixed
2024-01-24 12:00:00,BIN-006,Gandhibagh,34.8,62.1,38.3,94.3,0,2,Organic
2024-01-24 12:00:00,BIN-007,Lakadganj,31.8,64.3,40.4,91.5,0,0,Recyclable
2024-01-24 12:00:00,BIN-008,Lakadganj,35.3,58.6,39.7,97.0,0,1,Organic
2024-01-24 12:00:00,BIN-009,Sadar,31.6,59.5,38.4,93.7,0,1,Mixed
2024-01-24 12:00:00,BIN-010,Sadar,36.5,64.6,39.1,92.7,0,0,Mixed
2024-01-24 12:00:00,BIN-011,Itwari,41.9,79.4,37.1,94.7,0,0,Mixed
2024-01-24 12:00:00,BIN-012,Itwari,38.5,78.1,37.8,95.5,0,1,Mixed
2024-01-24 15:00:00,BIN-001,Dharampeth,37.7,63.4,33.7,93.3,0,0,Recyclable
2024-01-24 15:00:00,BIN-002,Dharampeth,37.3,74.3,31.6,94.5,0,0,Mixed
2024-01-24 15:00:00,BIN-003,Sitabuldi,41.4,74.6,34.6,93.3,0,2,Mixed
2024-01-24 15:00:00,BIN-004,Sitabuldi,44.7,79.0,34.7,96.4,0,0,Mixed
2024-01-24 15:00:00,BIN-005,Gandhibagh,43.3,86.0,34.5,92.1,0,2,Organic
2024-01-24 15:00:00,BIN-006,Gandhibagh,35.5,63.1,32.9,95.7,0,1,Mixed
2024-01-24 15:00:00,BIN-007,Lakadganj,38.9,75.7,35.5,92.2,0,1,Mixed
2024-01-24 15:00:00,BIN-008,Lakadganj,39.6,75.6,36.6,97.8,0,1,Mixed
2024-01-24 15:00:00,BIN-009,Sadar,30.8,65.2,36.8,88.1,0,2,Mixed
2024-01-24 15:00:00,BIN-010,Sadar,35.8,73.5,35.1,91.9,0,0,Mixed
2024-01-24 15:00:00,BIN-011,Itwari,30.0,38.2,37.2,94.1,0,1,Mixed
2024-01-24 15:00:00,BIN-012,Itwari,34.8,55.0,37.1,93.8,0,1,Mixed
2024-01-24 18:00:00,BIN-001,Dharampeth,39.7,65.8,28.6,90.2,0,2,Mixed
2024-01-24 18:00:00,BIN-002,Dharampeth,39.5,67.8,28.5,89.6,0,1,Organic
2024-01-24 18:00:00,BIN-003,Sitabuldi,44.9,98.7,31.0,92.3,0,1,Recyclable
2024-01-24 18:00:00,BIN-004,Sitabuldi,35.9,64.6,30.8,86.3,0,0,Mixed
2024-01-24 18:00:00,BIN-005,Gandhibagh,48.2,88.6,29.6,92.1,0,0,Mixed
2024-01-24 18:00:00,BIN-006,Gandhibagh,38.6,72.4,31.0,92.8,0,0,Organic
2024-01-24 18:00:00,BIN-007,Lakadganj,38.6,60.5,31.1,91.8,0,0,Mixed
2024-01-24 18:00:00,BIN-008,Lakadganj,38.8,79.1,30.1,94.8,0,1,Organic
2024-01-24 18:00:00,BIN-009,Sadar,35.7,57.7,31.5,90.9,0,1,Mixed
2024-01-24 18:00:00,BIN-010,Sadar,38.0,79.6,29.6,96.8,0,1,Mixed
2024-01-24 18:00:00,BIN-011,Itwari,41.5,83.0,34.4,90.2,0,0,Mixed
2024-01-24 18:00:00,BIN-012,Itwari,38.6,70.2,31.0,89.6,0,0,Mixed
2024-01-24 21:00:00,BIN-001,Dharampeth,44.0,79.9,24.3,93.3,0,1,Mixed
2024-01-24 21:00:00,BIN-002,Dharampeth,45.3,85.4,22.1,94.3,0,1,Mixed
2024-01-24 21:00:00,BIN-003,Sitabuldi,38.7,71.6,24.7,91.7,0,2,Mixed
2024-01-24 21:00:00,BIN-004,Sitabuldi,40.2,85.2,23.1,94.1,0,2,Organic
2024-01-24 21:00:00,BIN-005,Gandhibagh,37.3,75.0,25.4,94.7,0,1,Recyclable
2024-01-24 21:00:00,BIN-006,Gandhibagh,45.3,70.8,27.0,92.2,0,0,Mixed
2024-01-24 21:00:00,BIN-007,Lakadganj,40.5,81.3,24.5,90.0,0,2,Mixed
2024-01-24 21:00:00,BIN-008,Lakadganj,34.9,71.1,24.9,89.1,0,1,Organic
2024-01-24 21:00:00,BIN-009,Sadar,45.5,89.3,21.6,89.4,0,0,Organic
2024-01-24 21:00:00,BIN-010,Sadar,39.3,69.0,19.5,91.0,0,2,Mixed
2024-01-24 21:00:00,BIN-011,Itwari,40.0,76.3,23.1,95.3,0,1,Mixed
2024-01-24 21:00:00,BIN-012,Itwari,31.2,50.7,24.0,95.6,0,1,Recyclable
2024-01-25 00:00:00,BIN-001,Dharampeth,36.1,78.5,24.5,97.5,0,0,Recyclable
2024-01-25 00:00:00,BIN-002,Dharampeth,44.3,91.1,20.6,97.8,0,1,Organic
2024-01-25 00:00:00,BIN-003,Sitabuldi,43.0,85.6,17.9,91.4,0,1,Organic
2024-01-25 00:00:00,BIN-004,Sitabuldi,35.7,76.1,21.5,89.9,0,2,Mixed
2024-01-25 00:00:00,BIN-005,Gandhibagh,37.3,70.9,17.2,93.9,0,2,Mixed
2024-01-25 00:00:00,BIN-006,Gandhibagh,40.2,80.0,21.0,95.3,0,0,Mixed
2024-01-25 00:00:00,BIN-007,Lakadganj,34.8,47.0,20.7,87.4,0,1,Organic
2024-01-25 00:00:00,BIN-008,Lakadganj,40.7,83.5,20.5,94.3,0,2,Mixed
2024-01-25 00:00:00,BIN-009,Sadar,32.4,65.8,18.0,88.9,0,2,Mixed
2024-01-25 00:00:00,BIN-010,Sadar,38.8,52.6,21.2,95.4,0,1,Organic
2024-01-25 00:00:00,BIN-011,Itwari,39.7,72.2,22.8,93.3,0,2,Mixed
2024-01-25 00:00:00,BIN-012,Itwari,34.6,56.4,23.5,91.3,0,0,Organic
2024-01-25 03:00:00,BIN-001,Dharampeth,40.8,70.3,26.4,91.2,0,1,Organic
2024-01-25 03:00:00,BIN-002,Dharampeth,44.6,113.9,24.6,91.9,0,2,Organic
2024-01-25 03:00:00,BIN-003,Sitabuldi,32.0,58.0,25.9,93.2,0,0,Mixed
2024-01-25 03:00:00,BIN-004,Sitabuldi,43.6,84.3,26.0,92.9,0,2,Mixed
2024-01-25 03:00:00,BIN-005,Gandhibagh,49.5,84.8,29.3,96.4,0,0,Mixed
2024-01-25 03:00:00,BIN-006,Gandhibagh,30.7,57.4,27.4,93.4,0,2,Mixed
2024-01-25 03:00:00,BIN-007,Lakadganj,36.0,73.2,23.0,89.2,0,2,Organic
2024-01-25 03:00:00,BIN-008,Lakadganj,48.1,83.4,25.7,93.2,0,2,Hazardous
2024-01-25 03:00:00,BIN-009,Sadar,37.4,77.3,29.3,91.5,0,1,Recyclable
2024-01-25 03:00:00,BIN-010,Sadar,32.9,66.7,26.2,95.5,0,1,Mixed
2024-01-25 03:00:00,BIN-011,Itwari,43.4,81.8,25.7,98.2,0,2,Mixed
2024-01-25 03:00:00,BIN-012,Itwari,41.3,77.5,28.1,96.7,0,2,Recyclable
2024-01-25 12:00:00,BIN-001,Dharampeth,47.5,79.1,38.2,86.1,0,2,Organic
2024-01-25 12:00:00,BIN-002,Dharampeth,46.3,94.3,37.0,88.4,0,0,Organic
2024-01-25 12:00:00,BIN-003,Sitabuldi,46.7,82.6,36.7,95.0,0,1,Organic
2024-01-25 12:00:00,BIN-004,Sitabuldi,36.5,74.2,35.8,97.6,0,1,Mixed
2024-01-25 12:00:00,BIN-005,Gandhibagh,45.7,84.8,39.3,95.1,0,2,Organic
2024-01-25 12:00:00,BIN-006,Gandhibagh,53.1,106.7,36.6,93.2,0,1,Mixed
2024-01-25 12:00:00,BIN-007,Lakadganj,29.4,62.2,38.7,91.6,0,1,Mixed
2024-01-25 12:00:00,BIN-008,Lakadganj,44.7,84.9,36.7,91.8,0,0,Organic
2024-01-25 12:00:00,BIN-009,Sadar,52.4,104.0,41.0,88.7,0,2,Mixed
2024-01-25 12:00:00,BIN-010,Sadar,46.9,83.5,35.9,94.6,0,2,Mixed
2024-01-25 12:00:00,BIN-011,Itwari,46.7,70.7,35.8,90.1,0,1,Recyclable
2024-01-25 12:00:00,BIN-012,Itwari,37.6,79.4,38.8,93.8,0,2,Mixed
2024-01-25 15:00:00,BIN-001,Dharampeth,39.2,63.7,32.5,91.5,0,1,Organic
2024-01-25 15:00:00,BIN-002,Dharampeth,40.0,72.6,37.4,90.6,0,2,Mixed
2024-01-25 15:00:00,BIN-003,Sitabuldi,42.6,77.7,38.9,91.4,0,2,Recyclable
2024-01-25 15:00:00,BIN-004,Sitabuldi,45.5,100.1,34.1,89.7,0,1,Mixed
2024-01-25 15:00:00,BIN-005,Gandhibagh,37.1,78.9,36.4,85.6,0,2,Mixed
2024-01-25 15:00:00,BIN-006,Gandhibagh,45.1,88.2,31.3,87.7,0,0,Organic
2024-01-25 15:00:00,BIN-007,Lakadganj,47.9,82.0,35.5,91.6,0,0,Recyclable
2024-01-25 15:00:00,BIN-008,Lakadganj,44.3,77.1,35.3,91.6,0,2,Hazardous
2024-01-25 15:00:00,BIN-009,Sadar,38.1,74.6,37.3,90.8,0,2,Mixed
2024-01-25 15:00:00,BIN-010,Sadar,47.2,88.2,32.9,93.0,0,1,Mixed
2024-01-25 15:00:00,BIN-011,Itwari,38.3,66.8,36.0,96.6,0,2,Organic
2024-01-25 15:00:00,BIN-012,Itwari,40.1,59.3,35.6,95.0,0,0,Organic
2024-01-25 18:00:00,BIN-001,Dharampeth,46.6,71.1,28.1,97.2,0,2,Recyclable
2024-01-25 18:00:00,BIN-002,Dharampeth,45.4,86.1,30.2,89.0,0,0,Mixed
2024-01-25 18:00:00,BIN-003,Sitabuldi,43.8,80.4,30.7,94.0,0,2,Mixed
2024-01-25 18:00:00,BIN-004,Sitabuldi,49.3,89.5,27.0,97.0,0,2,Mixed
2024-01-25 18:00:00,BIN-005,Gandhibagh,41.5,82.1,29.4,99.9,0,0,Mixed
2024-01-25 18:00:00,BIN-006,Gandhibagh,42.3,83.2,33.2,91.3,0,0,Mixed
2024-01-25 18:00:00,BIN-007,Lakadganj,48.8,87.5,27.5,90.6,0,0,Mixed
2024-01-25 18:00:00,BIN-008,Lakadganj,44.4,77.6,32.5,94.3,0,2,Mixed
2024-01-25 18:00:00,BIN-009,Sadar,39.3,80.1,27.8,94.3,0,2,Mixed
2024-01-25 18:00:00,BIN-010,Sadar,46.5,88.1,29.9,88.4,0,2,Mixed
2024-01-25 18:00:00,BIN-011,Itwari,39.7,61.2,30.6,90.4,0,0,Mixed
2024-01-25 18:00:00,BIN-012,Itwari,39.5,83.3,32.8,93.5,0,0,Mixed
2024-01-25 21:00:00,BIN-001,Dharampeth,43.0,93.1,23.9,92.3,0,1,Mixed
2024-01-25 21:00:00,BIN-002,Dharampeth,46.7,86.7,22.9,93.6,0,1,Recyclable
2024-01-25 21:00:00,BIN-003,Sitabuldi,35.0,63.4,24.9,87.0,0,2,Organic
2024-01-25 21:00:00,BIN-004,Sitabuldi,43.4,74.2,22.6,91.5,0,0,Organic
2024-01-25 21:00:00,BIN-005,Gandhibagh,45.9,80.5,26.6,90.0,0,2,Recyclable
2024-01-25 21:00:00,BIN-006,Gandhibagh,50.4,79.8,26.7,90.4,0,2,Mixed
2024-01-25 21:00:00,BIN-007,Lakadganj,42.1,79.1,25.6,95.7,0,0,Mixed
2024-01-25 21:00:00,BIN-008,Lakadganj,46.5,87.6,26.6,91.6,0,0,Mixed
2024-01-25 21:00:00,BIN-009,Sadar,53.1,78.8,24.0,94.8,0,2,Mixed
2024-01-25 21:00:00,BIN-010,Sadar,45.2,69.4,23.0,89.3,0,0,Mixed
2024-01-25 21:00:00,BIN-011,Itwari,47.8,91.7,25.6,91.3,0,1,Mixed
2024-01-25 21:00:00,BIN-012,Itwari,38.5,76.6,24.2,92.4,0,1,Organic
2024-01-26 00:00:00,BIN-001,Dharampeth,38.6,64.9,20.7,92.0,0,2,Mixed
2024-01-26 00:00:00,BIN-002,Dharampeth,51.7,78.3,20.8,92.6,0,2,Organic
2024-01-26 00:00:00,BIN-003,Sitabuldi,54.2,110.8,20.0,95.2,0,1,Mixed
2024-01-26 00:00:00,BIN-004,Sitabuldi,44.3,86.7,25.3,85.9,0,0,Mixed
2024-01-26 00:00:00,BIN-005,Gandhibagh,40.8,77.3,18.5,94.2,0,1,Mixed
2024-01-26 00:00:00,BIN-006,Gandhibagh,48.8,74.7,22.0,94.4,0,0,Mixed
2024-01-26 00:00:00,BIN-007,Lakadganj,48.4,83.2,21.0,94.5,0,0,Organic
2024-01-26 00:00:00,BIN-008,Lakadganj,48.3,91.7,21.9,83.8,0,0,Mixed
2024-01-26 00:00:00,BIN-009,Sadar,50.7,80.3,19.1,95.0,0,0,Hazardous
2024-01-26 00:00:00,BIN-010,Sadar,47.9,79.2,22.1,94.3,0,2,Organic
2024-01-26 00:00:00,BIN-011,Itwari,42.4,62.6,20.3,95.6,0,0,Recyclable
2024-01-26 00:00:00,BIN-012,Itwari,44.9,78.5,20.4,90.0,0,1,Organic
2024-01-26 03:00:00,BIN-001,Dharampeth,44.4,87.0,26.9,91.9,0,1,Mixed
2024-01-26 03:00:00,BIN-002,Dharampeth,61.4,120.4,22.3,96.0,0,2,Mixed
2024-01-26 03:00:00,BIN-003,Sitabuldi,39.2,72.1,23.4,88.1,0,1,Organic
2024-01-26 03:00:00,BIN-004,Sitabuldi,46.1,86.2,22.4,88.0,0,0,Organic
2024-01-26 03:00:00,BIN-005,Gandhibagh,41.6,98.1,26.2,97.5,0,0,Organic
2024-01-26 03:00:00,BIN-006,Gandhibagh,40.0,67.5,25.0,89.6,0,1,Mixed
2024-01-26 03:00:00,BIN-007,Lakadganj,43.8,73.8,23.3,92.5,0,2,Organic
2024-01-26 03:00:00,BIN-008,Lakadganj,41.3,69.0,22.6,90.2,0,0,Mixed
2024-01-26 03:00:00,BIN-009,Sadar,50.2,94.3,24.0,94.0,0,1,Hazardous
2024-01-26 03:00:00,BIN-010,Sadar,42.3,87.9,25.3,96.2,0,1,Mixed
2024-01-26 03:00:00,BIN-011,Itwari,52.8,93.4,23.8,93.2,0,1,Mixed
2024-01-26 03:00:00,BIN-012,Itwari,39.6,72.6,22.2,89.7,0,0,Recyclable
2024-01-26 12:00:00,BIN-001,Dharampeth,53.0,107.8,37.1,91.7,0,1,Organic
2024-01-26 12:00:00,BIN-002,Dharampeth,55.6,98.4,40.2,98.2,0,2,Organic
2024-01-26 12:00:00,BIN-003,Sitabuldi,43.0,88.9,38.1,92.0,0,1,Organic
2024-01-26 12:00:00,BIN-004,Sitabuldi,59.8,93.3,37.8,96.4,0,0,Mixed
2024-01-26 12:00:00,BIN-005,Gandhibagh,55.5,106.9,40.6,96.9,0,1,Recyclable
2024-01-26 12:00:00,BIN-006,Gandhibagh,57.1,103.9,37.8,95.3,0,1,Mixed
2024-01-26 12:00:00,BIN-007,Lakadganj,53.2,100.3,38.6,93.9,0,2,Mixed
2024-01-26 12:00:00,BIN-008,Lakadganj,51.6,84.4,35.4,93.4,0,0,Recyclable
2024-01-26 12:00:00,BIN-009,Sadar,50.7,96.5,40.1,95.3,0,1,Organic
2024-01-26 12:00:00,BIN-010,Sadar,52.7,99.4,36.1,96.8,0,1,Mixed
2024-01-26 12:00:00,BIN-011,Itwari,49.9,75.3,41.3,95.7,0,2,Organic
2024-01-26 12:00:00,BIN-012,Itwari,48.0,78.6,35.3,89.0,0,1,Recyclable
2024-01-26 15:00:00,BIN-001,Dharampeth,52.4,86.9,33.9,96.7,0,0,Mixed
2024-01-26 15:00:00,BIN-002,Dharampeth,45.5,81.8,33.9,94.9,0,0,Hazardous
2024-01-26 15:00:00,BIN-003,Sitabuldi,52.8,95.3,33.1,94.1,0,0,Organic
2024-01-26 15:00:00,BIN-004,Sitabuldi,60.2,106.1,35.8,87.6,0,2,Organic
2024-01-26 15:00:00,BIN-005,Gandhibagh,44.0,90.3,35.1,96.8,0,0,Organic
2024-01-26 15:00:00,BIN-006,Gandhibagh,57.6,100.7,32.8,91.7,0,1,Organic
2024-01-26 15:00:00,BIN-007,Lakadganj,45.2,61.8,33.0,93.8,0,1,Mixed
2024-01-26 15:00:00,BIN-008,Lakadganj,47.2,92.6,38.4,94.1,0,0,Organic
2024-01-26 15:00:00,BIN-009,Sadar,54.9,105.7,36.1,95.2,0,1,Recyclable
2024-01-26 15:00:00,BIN-010,Sadar,58.8,109.6,37.6,95.3,0,2,Mixed
2024-01-26 15:00:00,BIN-011,Itwari,42.6,85.8,37.4,97.7,0,0,Organic
2024-01-26 15:00:00,BIN-012,Itwari,48.2,98.4,34.0,94.0,0,2,Organic
2024-01-26 18:00:00,BIN-001,Dharampeth,52.2,97.6,31.9,90.6,0,2,Mixed
2024-01-26 18:00:00,BIN-002,Dharampeth,54.6,100.4,29.8,91.9,0,1,Mixed
2024-01-26 18:00:00,BIN-003,Sitabuldi,56.2,99.2,30.5,96.8,0,0,Organic
2024-01-26 18:00:00,BIN-004,Sitabuldi,52.7,116.5,33.6,92.0,0,1,Organic
2024-01-26 18:00:00,BIN-005,Gandhibagh,43.2,73.9,33.7,89.5,0,2,Mixed
2024-01-26 18:00:00,BIN-006,Gandhibagh,41.4,78.0,29.6,97.0,0,2,Organic
2024-01-26 18:00:00,BIN-007,Lakadganj,48.3,88.4,33.3,91.0,0,0,Organic
2024-01-26 18:00:00,BIN-008,Lakadganj,60.6,107.8,27.7,92.4,0,2,Recyclable
2024-01-26 18:00:00,BIN-009,Sadar,47.9,84.6,26.8,99.3,0,1,Mixed
2024-01-26 18:00:00,BIN-010,Sadar,41.9,70.4,28.3,95.2,0,2,Organic
2024-01-26 18:00:00,BIN-011,Itwari,54.4,83.6,30.6,87.0,0,2,Mixed
2024-01-26 18:00:00,BIN-012,Itwari,52.2,82.7,33.0,91.5,0,1,Mixed
2024-01-26 21:00:00,BIN-001,Dharampeth,50.9,97.1,22.9,93.6,0,1,Mixed
2024-01-26 21:00:00,BIN-002,Dharampeth,46.7,90.7,25.1,89.5,0,0,Organic
2024-01-26 21:00:00,BIN-003,Sitabuldi,49.4,96.3,25.6,95.0,0,0,Organic
2024-01-26 21:00:00,BIN-004,Sitabuldi,37.8,60.8,23.7,88.6,0,2,Mixed
2024-01-26 21:00:00,BIN-005,Gandhibagh,45.6,92.7,25.4,86.9,0,1,Mixed
2024-01-26 21:00:00,BIN-006,Gandhibagh,43.9,81.1,27.8,88.1,0,2,Mixed
2024-01-26 21:00:00,BIN-007,Lakadganj,42.6,93.5,22.0,95.2,0,0,Mixed
2024-01-26 21:00:00,BIN-008,Lakadganj,49.1,89.1,22.3,92.7,0,2,Mixed
2024-01-26 21:00:00,BIN-009,Sadar,48.3,89.5,22.2,92.4,0,2,Mixed
2024-01-26 21:00:00,BIN-010,Sadar,42.7,73.9,26.3,90.5,0,2,Organic
2024-01-26 21:00:00,BIN-011,Itwari,50.7,95.9,24.3,98.1,0,1,Organic
2024-01-26 21:00:00,BIN-012,Itwari,41.0,71.9,21.1,93.5,0,1,Recyclable
2024-01-27 00:00:00,BIN-001,Dharampeth,54.0,111.4,22.3,94.7,0,1,Mixed
2024-01-27 00:00:00,BIN-002,Dharampeth,51.3,92.7,24.2,96.1,0,0,Mixed
2024-01-27 00:00:00,BIN-003,Sitabuldi,52.2,93.7,19.6,92.6,0,2,Mixed
2024-01-27 00:00:00,BIN-004,Sitabuldi,53.8,93.3,24.1,95.2,0,0,Organic
2024-01-27 00:00:00,BIN-005,Gandhibagh,57.4,87.2,20.9,92.8,0,0,Organic
2024-01-27 00:00:00,BIN-006,Gandhibagh,57.7,106.8,21.9,90.3,0,0,Organic
2024-01-27 00:00:00,BIN-007,Lakadganj,47.1,95.2,23.5,97.8,0,1,Mixed
2024-01-27 00:00:00,BIN-008,Lakadganj,51.3,99.7,21.3,90.4,0,2,Mixed
2024-01-27 00:00:00,BIN-009,Sadar,44.2,84.1,20.2,90.6,0,1,Organic
2024-01-27 00:00:00,BIN-010,Sadar,56.2,110.0,21.4,91.9,0,1,Mixed
2024-01-27 00:00:00,BIN-011,Itwari,53.2,101.6,19.4,95.5,0,1,Mixed
2024-01-27 00:00:00,BIN-012,Itwari,43.2,80.1,25.9,93.6,0,1,Mixed
2024-01-27 03:00:00,BIN-001,Dharampeth,52.7,106.4,26.6,93.2,0,1,Organic
2024-01-27 03:00:00,BIN-002,Dharampeth,55.3,82.3,26.0,93.3,0,2,Recyclable
2024-01-27 03:00:00,BIN-003,Sitabuldi,54.5,89.6,23.1,90.5,0,0,Mixed
2024-01-27 03:00:00,BIN-004,Sitabuldi,52.5,98.2,24.1,90.1,0,2,Mixed
2024-01-27 03:00:00,BIN-005,Gandhibagh,47.4,81.8,24.7,91.6,0,2,Mixed
2024-01-27 03:00:00,BIN-006,Gandhibagh,54.1,89.0,24.9,87.2,0,1,Organic
2024-01-27 03:00:00,BIN-007,Lakadganj,50.7,101.2,26.1,91.1,0,0,Mixed
2024-01-27 03:00:00,BIN-008,Lakadganj,51.6,113.1,24.9,93.2,0,1,Organic
2024-01-27 03:00:00,BIN-009,Sadar,37.2,66.0,26.3,98.2,0,1,Mixed
2024-01-27 03:00:00,BIN-010,Sadar,42.3,78.3,27.2,94.9,0,2,Recyclable
2024-01-27 03:00:00,BIN-011,Itwari,50.7,112.7,21.0,96.4,0,1,Organic
2024-01-27 03:00:00,BIN-012,Itwari,50.7,88.2,26.4,91.4,0,0,Organic
2024-01-27 12:00:00,BIN-001,Dharampeth,52.7,92.9,38.5,95.7,0,2,Organic
2024-01-27 12:00:00,BIN-002,Dharampeth,49.2,94.2,37.4,88.8,0,0,Organic
2024-01-27 12:00:00,BIN-003,Sitabuldi,46.8,80.3,39.1,92.4,0,1,Organic
2024-01-27 12:00:00,BIN-004,Sitabuldi,55.9,108.6,41.0,93.6,0,1,Mixed
2024-01-27 12:00:00,BIN-005,Gandhibagh,42.6,74.6,40.0,90.7,0,0,Mixed
2024-01-27 12:00:00,BIN-006,Gandhibagh,61.6,128.5,36.4,90.0,0,2,Mixed
2024-01-27 12:00:00,BIN-007,Lakadganj,45.6,64.5,38.3,98.5,0,0,Mixed
2024-01-27 12:00:00,BIN-008,Lakadganj,54.6,101.5,34.4,88.2,0,2,Mixed
2024-01-27 12:00:00,BIN-009,Sadar,52.4,98.2,38.4,93.4,0,0,Mixed
2024-01-27 12:00:00,BIN-010,Sadar,45.3,84.8,37.1,92.6,0,2,Mixed
2024-01-27 12:00:00,BIN-011,Itwari,46.8,91.5,35.7,95.4,0,1,Recyclable
2024-01-27 12:00:00,BIN-012,Itwari,49.2,87.8,39.4,96.0,0,0,Organic
2024-01-27 15:00:00,BIN-001,Dharampeth,63.4,113.4,34.7,98.1,0,0,Organic
2024-01-27 15:00:00,BIN-002,Dharampeth,53.9,114.6,32.4,90.7,0,0,Organic
2024-01-27 15:00:00,BIN-003,Sitabuldi,46.2,85.4,35.8,92.9,0,2,Organic
2024-01-27 15:00:00,BIN-004,Sitabuldi,52.1,89.9,33.7,88.0,0,2,Organic
2024-01-27 15:00:00,BIN-005,Gandhibagh,44.1,75.9,38.7,95.2,0,2,Organic
2024-01-27 15:00:00,BIN-006,Gandhibagh,51.9,103.3,35.7,94.1,0,1,Organic
2024-01-27 15:00:00,BIN-007,Lakadganj,55.8,99.3,35.1,93.2,0,1,Mixed
2024-01-27 15:00:00,BIN-008,Lakadganj,63.0,117.2,37.4,95.3,0,0,Mixed
2024-01-27 15:00:00,BIN-009,Sadar,51.6,91.5,34.8,92.4,0,0,Mixed
2024-01-27 15:00:00,BIN-010,Sadar,57.1,104.1,33.1,92.1,0,1,Organic
2024-01-27 15:00:00,BIN-011,Itwari,60.0,105.5,35.7,90.7,0,0,Mixed
2024-01-27 15:00:00,BIN-012,Itwari,57.1,92.5,35.8,95.6,0,1,Recyclable
2024-01-27 18:00:00,BIN-001,Dharampeth,58.5,108.0,30.0,90.8,0,1,Mixed
2024-01-27 18:00:00,BIN-002,Dharampeth,59.0,104.4,30.5,89.5,0,0,Organic
2024-01-27 18:00:00,BIN-003,Sitabuldi,54.6,105.2,30.4,91.2,0,2,Mixed
2024-01-27 18:00:00,BIN-004,Sitabuldi,50.3,93.1,34.2,93.6,0,0,Organic
2024-01-27 18:00:00,BIN-005,Gandhibagh,59.0,109.6,33.0,91.4,0,0,Mixed
2024-01-27 18:00:00,BIN-006,Gandhibagh,50.4,99.1,29.8,90.2,0,2,Mixed
2024-01-27 18:00:00,BIN-007,Lakadganj,60.4,126.1,29.2,90.7,0,1,Mixed
2024-01-27 18:00:00,BIN-008,Lakadganj,52.3,97.8,34.2,84.7,0,1,Mixed
2024-01-27 18:00:00,BIN-009,Sadar,52.8,106.0,26.0,95.8,0,0,Organic
2024-01-27 18:00:00,BIN-010,Sadar,57.8,105.6,31.5,93.7,0,0,Mixed
2024-01-27 18:00:00,BIN-011,Itwari,46.6,90.0,29.7,93.9,0,0,Mixed
2024-01-27 18:00:00,BIN-012,Itwari,48.9,82.9,28.1,92.7,0,2,Organic
2024-01-27 21:00:00,BIN-001,Dharampeth,56.2,114.5,27.4,87.1,0,2,Mixed
2024-01-27 21:00:00,BIN-002,Dharampeth,54.2,86.4,27.3,95.7,0,1,Organic
2024-01-27 21:00:00,BIN-003,Sitabuldi,63.2,116.7,24.4,89.8,0,1,Mixed
2024-01-27 21:00:00,BIN-004,Sitabuldi,61.9,113.2,22.3,85.9,0,1,Mixed
2024-01-27 21:00:00,BIN-005,Gandhibagh,63.4,111.5,23.4,92.7,0,2,Mixed
2024-01-27 21:00:00,BIN-006,Gandhibagh,54.5,112.4,22.5,95.0,0,0,Recyclable
2024-01-27 21:00:00,BIN-007,Lakadganj,48.2,85.1,27.6,94.4,0,0,Recyclable
2024-01-27 21:00:00,BIN-008,Lakadganj,53.0,92.0,25.8,95.4,0,2,Mixed
2024-01-27 21:00:00,BIN-009,Sadar,49.2,95.3,26.1,89.6,0,2,Mixed
2024-01-27 21:00:00,BIN-010,Sadar,49.5,83.9,18.3,89.2,0,0,Organic
2024-01-27 21:00:00,BIN-011,Itwari,55.4,88.2,23.8,92.5,0,0,Mixed
2024-01-27 21:00:00,BIN-012,Itwari,53.9,111.7,20.3,91.1,0,1,Mixed
2024-01-28 00:00:00,BIN-001,Dharampeth,50.6,89.9,24.7,95.9,0,1,Recyclable
2024-01-28 00:00:00,BIN-002,Dharampeth,58.9,103.6,23.0,89.6,0,2,Mixed
2024-01-28 00:00:00,BIN-003,Sitabuldi,46.9,88.0,25.0,90.5,0,0,Organic
2024-01-28 00:00:00,BIN-004,Sitabuldi,54.4,106.8,20.6,91.8,0,1,Mixed
2024-01-28 00:00:00,BIN-005,Gandhibagh,62.6,116.1,21.4,90.8,0,0,Recyclable
2024-01-28 00:00:00,BIN-006,Gandhibagh,50.5,90.0,23.0,97.6,0,2,Organic
2024-01-28 00:00:00,BIN-007,Lakadganj,56.8,105.7,23.8,90.8,0,0,Recyclable
2024-01-28 00:00:00,BIN-008,Lakadganj,51.9,114.8,23.6,92.3,0,0,Mixed
2024-01-28 00:00:00,BIN-009,Sadar,58.6,103.9,23.9,96.2,0,2,Hazardous
2024-01-28 00:00:00,BIN-010,Sadar,59.8,103.6,21.7,92.4,0,1,Mixed
2024-01-28 00:00:00,BIN-011,Itwari,58.6,128.1,20.7,90.8,0,0,Recyclable
2024-01-28 00:00:00,BIN-012,Itwari,64.6,123.0,19.8,94.5,0,0,Mixed
2024-01-28 03:00:00,BIN-001,Dharampeth,60.1,89.5,25.7,92.8,0,2,Mixed
2024-01-28 03:00:00,BIN-002,Dharampeth,52.2,99.7,24.2,93.0,0,1,Organic
2024-01-28 03:00:00,BIN-003,Sitabuldi,60.2,110.3,24.3,90.4,0,2,Organic
2024-01-28 03:00:00,BIN-004,Sitabuldi,54.3,102.6,23.1,93.0,0,1,Mixed
2024-01-28 03:00:00,BIN-005,Gandhibagh,53.5,91.9,22.9,87.9,0,0,Mixed
2024-01-28 03:00:00,BIN-006,Gandhibagh,57.7,97.2,23.3,91.2,0,1,Mixed
2024-01-28 03:00:00,BIN-007,Lakadganj,56.5,101.1,25.9,92.6,0,1,Mixed
2024-01-28 03:00:00,BIN-008,Lakadganj,49.9,92.0,21.1,92.4,0,0,Mixed
2024-01-28 03:00:00,BIN-009,Sadar,64.7,117.6,25.1,89.6,0,2,Organic
2024-01-28 03:00:00,BIN-010,Sadar,51.1,85.5,22.7,88.2,0,0,Organic
2024-01-28 03:00:00,BIN-011,Itwari,53.4,114.0,25.8,88.0,0,0,Mixed
2024-01-28 03:00:00,BIN-012,Itwari,51.5,95.7,24.4,90.2,0,1,Organic
2024-01-28 12:00:00,BIN-001,Dharampeth,66.6,121.5,35.3,92.2,0,2,Mixed
2024-01-28 12:00:00,BIN-002,Dharampeth,62.1,110.7,39.7,92.9,0,1,Recyclable
2024-01-28 12:00:00,BIN-003,Sitabuldi,54.7,107.6,41.0,94.3,0,1,Organic
2024-01-28 12:00:00,BIN-004,Sitabuldi,52.7,86.7,37.7,92.4,0,2,Mixed
2024-01-28 12:00:00,BIN-005,Gandhibagh,67.9,110.3,33.9,89.5,0,2,Organic
2024-01-28 12:00:00,BIN-006,Gandhibagh,54.7,114.1,36.8,94.0,0,1,Mixed
2024-01-28 12:00:00,BIN-007,Lakadganj,52.7,106.5,36.2,93.8,0,2,Mixed
2024-01-28 12:00:00,BIN-008,Lakadganj,62.6,105.4,36.8,93.5,0,1,Mixed
2024-01-28 12:00:00,BIN-009,Sadar,53.6,99.2,40.6,95.7,0,1,Organic
2024-01-28 12:00:00,BIN-010,Sadar,68.0,123.3,38.5,86.8,0,1,Mixed
2024-01-28 12:00:00,BIN-011,Itwari,55.9,102.0,35.1,91.0,0,0,Mixed
2024-01-28 12:00:00,BIN-012,Itwari,56.1,109.3,38.3,87.7,0,2,Organic
2024-01-28 15:00:00,BIN-001,Dharampeth,62.5,106.4,36.9,90.2,0,2,Recyclable
2024-01-28 15:00:00,BIN-002,Dharampeth,59.9,105.6,32.2,87.7,0,2,Mixed
2024-01-28 15:00:00,BIN-003,Sitabuldi,60.5,102.4,33.3,95.0,0,2,Mixed
2024-01-28 15:00:00,BIN-004,Sitabuldi,59.3,117.5,36.3,93.0,0,1,Mixed
2024-01-28 15:00:00,BIN-005,Gandhibagh,55.9,91.3,33.2,88.2,0,0,Recyclable
2024-01-28 15:00:00,BIN-006,Gandhibagh,66.0,131.9,35.1,92.3,0,1,Mixed
2024-01-28 15:00:00,BIN-007,Lakadganj,62.4,122.2,37.6,91.2,0,1,Mixed
2024-01-28 15:00:00,BIN-008,Lakadganj,66.3,102.8,36.0,92.6,0,1,Recyclable
2024-01-28 15:00:00,BIN-009,Sadar,49.7,91.6,34.6,93.9,0,2,Organic
2024-01-28 15:00:00,BIN-010,Sadar,58.6,83.9,38.0,86.4,0,1,Organic
2024-01-28 15:00:00,BIN-011,Itwari,51.7,104.4,36.2,93.6,0,0,Mixed
2024-01-28 15:00:00,BIN-012,Itwari,70.5,127.8,37.2,95.6,0,2,Mixed
2024-01-28 18:00:00,BIN-001,Dharampeth,53.1,85.5,28.7,95.0,0,0,Organic
2024-01-28 18:00:00,BIN-002,Dharampeth,56.4,108.8,33.1,96.8,0,0,Mixed
2024-01-28 18:00:00,BIN-003,Sitabuldi,62.4,100.2,30.0,92.8,0,0,Mixed
2024-01-28 18:00:00,BIN-004,Sitabuldi,65.2,114.5,32.6,97.5,0,0,Mixed
2024-01-28 18:00:00,BIN-005,Gandhibagh,62.3,114.2,28.7,93.1,0,2,Organic
2024-01-28 18:00:00,BIN-006,Gandhibagh,65.2,116.2,30.2,96.8,0,1,Organic
2024-01-28 18:00:00,BIN-007,Lakadganj,63.2,109.7,32.9,99.3,0,2,Mixed
2024-01-28 18:00:00,BIN-008,Lakadganj,60.1,104.1,29.0,87.6,0,1,Mixed
2024-01-28 18:00:00,BIN-009,Sadar,54.0,92.7,30.6,92.9,0,1,Mixed
2024-01-28 18:00:00,BIN-010,Sadar,63.0,122.1,27.0,88.9,0,2,Recyclable
2024-01-28 18:00:00,BIN-011,Itwari,58.4,108.3,28.6,91.1,0,1,Organic
2024-01-28 18:00:00,BIN-012,Itwari,57.4,105.2,29.0,89.3,0,1,Organic
2024-01-28 21:00:00,BIN-001,Dharampeth,60.8,112.8,21.0,92.4,0,1,Organic
2024-01-28 21:00:00,BIN-002,Dharampeth,61.8,110.5,21.2,90.2,0,0,Hazardous
2024-01-28 21:00:00,BIN-003,Sitabuldi,62.0,117.3,28.1,89.4,0,1,Recyclable
2024-01-28 21:00:00,BIN-004,Sitabuldi,64.5,120.0,25.4,92.3,0,2,Recyclable
2024-01-28 21:00:00,BIN-005,Gandhibagh,62.5,127.5,26.3,91.1,0,0,Mixed
2024-01-28 21:00:00,BIN-006,Gandhibagh,57.7,105.0,26.7,86.0,0,1,Mixed
2024-01-28 21:00:00,BIN-007,Lakadganj,51.0,94.1,25.2,87.7,0,1,Mixed
2024-01-28 21:00:00,BIN-008,Lakadganj,61.6,98.7,26.4,86.5,0,0,Mixed
2024-01-28 21:00:00,BIN-009,Sadar,68.1,135.8,28.3,91.0,0,1,Recyclable
2024-01-28 21:00:00,BIN-010,Sadar,63.2,109.7,23.1,91.6,0,2,Organic
2024-01-28 21:00:00,BIN-011,Itwari,64.1,117.4,27.0,91.4,0,2,Organic
2024-01-28 21:00:00,BIN-012,Itwari,60.2,137.3,24.7,90.9,0,1,Recyclable
2024-01-29 00:00:00,BIN-001,Dharampeth,56.3,111.3,20.6,87.7,0,2,Organic
2024-01-29 00:00:00,BIN-002,Dharampeth,59.4,115.1,23.9,94.7,0,2,Mixed
2024-01-29 00:00:00,BIN-003,Sitabuldi,57.5,115.1,25.4,88.2,0,0,Organic
2024-01-29 00:00:00,BIN-004,Sitabuldi,60.8,103.3,22.2,90.2,0,1,Mixed
2024-01-29 00:00:00,BIN-005,Gandhibagh,53.8,103.1,23.0,91.9,0,1,Mixed
2024-01-29 00:00:00,BIN-006,Gandhibagh,64.5,119.1,22.3,91.5,0,0,Mixed
2024-01-29 00:00:00,BIN-007,Lakadganj,68.3,138.9,23.8,86.4,0,1,Recyclable
2024-01-29 00:00:00,BIN-008,Lakadganj,48.9,92.4,18.8,89.7,0,2,Organic
2024-01-29 00:00:00,BIN-009,Sadar,58.3,110.1,23.1,89.7,0,2,Hazardous
2024-01-29 00:00:00,BIN-010,Sadar,54.7,108.3,21.6,95.1,0,2,Recyclable
2024-01-29 00:00:00,BIN-011,Itwari,62.8,119.7,22.1,92.1,0,0,Mixed
2024-01-29 00:00:00,BIN-012,Itwari,53.9,97.9,18.7,95.3,0,2,Mixed
2024-01-29 03:00:00,BIN-001,Dharampeth,59.3,107.7,23.3,86.3,0,0,Hazardous
2024-01-29 03:00:00,BIN-002,Dharampeth,63.9,115.4,24.7,87.8,0,1,Mixed
2024-01-29 03:00:00,BIN-003,Sitabuldi,58.8,107.7,25.1,87.9,0,1,Mixed
2024-01-29 03:00:00,BIN-004,Sitabuldi,66.7,133.1,25.6,85.6,0,1,Mixed
2024-01-29 03:00:00,BIN-005,Gandhibagh,58.3,104.2,24.4,90.8,0,0,Organic
2024-01-29 03:00:00,BIN-006,Gandhibagh,58.4,113.4,23.9,93.6,0,1,Organic
2024-01-29 03:00:00,BIN-007,Lakadganj,58.6,113.6,25.6,90.8,0,0,Mixed
2024-01-29 03:00:00,BIN-008,Lakadganj,53.9,87.3,22.1,90.4,0,2,Mixed
2024-01-29 03:00:00,BIN-009,Sadar,69.6,129.6,24.4,92.8,0,1,Mixed
2024-01-29 03:00:00,BIN-010,Sadar,63.6,111.7,24.3,91.1,0,1,Organic
2024-01-29 03:00:00,BIN-011,Itwari,66.0,126.3,22.0,94.0,0,0,Mixed
2024-01-29 03:00:00,BIN-012,Itwari,57.0,100.9,26.0,93.6,0,2,Mixed
2024-01-29 12:00:00,BIN-001,Dharampeth,74.4,145.4,34.7,90.5,0,2,Recyclable
2024-01-29 12:00:00,BIN-002,Dharampeth,64.9,106.6,40.8,92.8,0,2,Mixed
2024-01-29 12:00:00,BIN-003,Sitabuldi,63.4,104.5,41.9,93.1,0,1,Mixed
2024-01-29 12:00:00,BIN-004,Sitabuldi,66.0,147.7,38.9,86.4,0,2,Mixed
2024-01-29 12:00:00,BIN-005,Gandhibagh,63.9,128.4,36.5,90.6,0,1,Mixed
2024-01-29 12:00:00,BIN-006,Gandhibagh,63.1,122.4,38.0,90.7,0,0,Mixed
2024-01-29 12:00:00,BIN-007,Lakadganj,70.2,132.6,35.8,92.8,0,1,Organic
2024-01-29 12:00:00,BIN-008,Lakadganj,60.0,111.3,36.6,92.3,0,2,Organic
2024-01-29 12:00:00,BIN-009,Sadar,72.5,146.5,33.7,93.8,0,0,Mixed
2024-01-29 12:00:00,BIN-010,Sadar,66.2,111.9,35.8,95.2,0,0,Mixed
2024-01-29 12:00:00,BIN-011,Itwari,70.1,128.9,35.2,95.7,0,1,Mixed
2024-01-29 12:00:00,BIN-012,Itwari,72.8,134.4,37.9,93.9,0,1,Mixed
2024-01-29 15:00:00,BIN-001,Dharampeth,62.4,132.0,36.8,92.5,0,0,Mixed
2024-01-29 15:00:00,BIN-002,Dharampeth,56.3,108.4,35.3,90.2,0,2,Recyclable
2024-01-29 15:00:00,BIN-003,Sitabuldi,61.6,116.0,34.0,96.5,0,2,Organic
2024-01-29 15:00:00,BIN-004,Sitabuldi,68.8,134.2,34.2,91.2,0,0,Mixed
2024-01-29 15:00:00,BIN-005,Gandhibagh,61.4,113.2,35.3,92.0,0,2,Mixed
2024-01-29 15:00:00,BIN-006,Gandhibagh,57.7,122.4,34.3,86.7,0,1,Organic
2024-01-29 15:00:00,BIN-007,Lakadganj,68.5,118.1,34.5,85.5,0,0,Hazardous
2024-01-29 15:00:00,BIN-008,Lakadganj,74.2,139.3,37.5,88.9,0,1,Mixed
2024-01-29 15:00:00,BIN-009,Sadar,62.2,110.5,36.2,92.9,0,2,Mixed
2024-01-29 15:00:00,BIN-010,Sadar,57.3,85.7,37.4,92.4,0,2,Mixed
2024-01-29 15:00:00,BIN-011,Itwari,66.5,119.0,35.1,91.4,0,2,Recyclable
2024-01-29 15:00:00,BIN-012,Itwari,65.7,142.5,34.8,93.8,0,0,Mixed
2024-01-29 18:00:00,BIN-001,Dharampeth,63.5,127.1,26.5,91.0,0,2,Mixed
2024-01-29 18:00:00,BIN-002,Dharampeth,61.4,130.0,33.6,90.4,0,0,Recyclable
2024-01-29 18:00:00,BIN-003,Sitabuldi,70.6,138.0,32.7,91.3,0,2,Hazardous
2024-01-29 18:00:00,BIN-004,Sitabuldi,59.2,100.4,31.1,94.3,0,0,Mixed
2024-01-29 18:00:00,BIN-005,Gandhibagh,70.8,137.3,26.6,91.0,0,0,Organic
2024-01-29 18:00:00,BIN-006,Gandhibagh,70.5,120.8,31.6,88.5,0,2,Mixed
2024-01-29 18:00:00,BIN-007,Lakadganj,63.9,120.8,30.9,89.6,0,0,Mixed
2024-01-29 18:00:00,BIN-008,Lakadganj,69.7,136.8,32.3,91.2,0,1,Mixed
2024-01-29 18:00:00,BIN-009,Sadar,62.2,102.6,31.9,90.8,0,2,Mixed
2024-01-29 18:00:00,BIN-010,Sadar,63.8,127.2,31.1,89.0,0,2,Mixed
2024-01-29 18:00:00,BIN-011,Itwari,58.6,111.3,28.6,93.4,0,1,Mixed
2024-01-29 18:00:00,BIN-012,Itwari,72.1,135.9,32.0,93.5,0,2,Mixed
2024-01-29 21:00:00,BIN-001,Dharampeth,74.5,143.7,26.6,95.8,0,1,Mixed
2024-01-29 21:00:00,BIN-002,Dharampeth,63.7,112.3,22.4,88.4,0,1,Organic
2024-01-29 21:00:00,BIN-003,Sitabuldi,58.9,114.2,26.1,92.1,0,1,Organic
2024-01-29 21:00:00,BIN-004,Sitabuldi,66.9,113.7,21.2,92.0,0,0,Mixed
2024-01-29 21:00:00,BIN-005,Gandhibagh,61.8,108.8,24.8,91.5,0,0,Mixed
2024-01-29 21:00:00,BIN-006,Gandhibagh,68.4,125.0,25.3,92.4,0,2,Mixed
2024-01-29 21:00:00,BIN-007,Lakadganj,62.8,114.9,25.0,91.0,0,1,Mixed
2024-01-29 21:00:00,BIN-008,Lakadganj,63.3,119.0,24.7,93.6,0,1,Mixed
2024-01-29 21:00:00,BIN-009,Sadar,64.1,139.1,27.0,97.9,0,2,Mixed
2024-01-29 21:00:00,BIN-010,Sadar,73.6,141.5,25.5,94.3,0,0,Organic
2024-01-29 21:00:00,BIN-011,Itwari,65.8,122.7,27.0,88.2,0,2,Hazardous
2024-01-29 21:00:00,BIN-012,Itwari,63.7,110.6,21.2,91.4,0,1,Mixed
2024-01-30 00:00:00,BIN-001,Dharampeth,75.0,137.3,22.3,85.8,0,2,Recyclable
2024-01-30 00:00:00,BIN-002,Dharampeth,60.7,117.3,21.0,90.2,0,2,Mixed
2024-01-30 00:00:00,BIN-003,Sitabuldi,67.5,126.0,21.7,91.3,0,0,Mixed
2024-01-30 00:00:00,BIN-004,Sitabuldi,63.3,120.8,20.9,91.8,0,1,Mixed
2024-01-30 00:00:00,BIN-005,Gandhibagh,63.9,122.9,25.1,93.3,0,0,Organic
2024-01-30 00:00:00,BIN-006,Gandhibagh,70.3,140.8,21.1,90.9,0,1,Mixed
2024-01-30 00:00:00,BIN-007,Lakadganj,67.1,108.7,20.3,92.2,0,1,Mixed
2024-01-30 00:00:00,BIN-008,Lakadganj,68.2,142.6,21.4,92.0,0,1,Mixed
2024-01-30 00:00:00,BIN-009,Sadar,71.8,125.5,22.6,84.4,0,1,Mixed
2024-01-30 00:00:00,BIN-010,Sadar,70.5,136.6,21.2,100.1,0,1,Organic
2024-01-30 00:00:00,BIN-011,Itwari,67.2,128.0,22.8,92.2,0,0,Recyclable
2024-01-30 00:00:00,BIN-012,Itwari,68.1,138.4,21.5,90.2,0,2,Mixed
2024-01-30 03:00:00,BIN-001,Dharampeth,65.0,123.7,23.6,88.6,0,2,Organic
2024-01-30 03:00:00,BIN-002,Dharampeth,68.4,120.1,24.0,88.5,0,0,Mixed
2024-01-30 03:00:00,BIN-003,Sitabuldi,56.3,110.7,23.4,90.5,0,1,Mixed
2024-01-30 03:00:00,BIN-004,Sitabuldi,65.9,119.0,24.6,88.5,0,2,Organic
2024-01-30 03:00:00,BIN-005,Gandhibagh,67.6,132.6,25.0,87.1,0,2,Mixed
2024-01-30 03:00:00,BIN-006,Gandhibagh,69.6,125.7,24.4,95.1,0,2,Mixed
2024-01-30 03:00:00,BIN-007,Lakadganj,66.9,115.6,22.8,90.9,0,1,Mixed
2024-01-30 03:00:00,BIN-008,Lakadganj,68.4,132.7,23.6,93.8,0,2,Organic
2024-01-30 03:00:00,BIN-009,Sadar,60.9,112.0,24.4,89.2,0,2,Mixed
2024-01-30 03:00:00,BIN-010,Sadar,65.8,123.4,24.6,90.3,0,1,Mixed
2024-01-30 03:00:00,BIN-011,Itwari,73.1,129.9,21.3,91.8,0,0,Organic
2024-01-30 03:00:00,BIN-012,Itwari,76.6,143.1,22.0,92.1,0,2,Organic
2024-01-30 12:00:00,BIN-001,Dharampeth,71.7,135.7,38.1,92.7,0,1,Recyclable
2024-01-30 12:00:00,BIN-002,Dharampeth,68.9,130.9,38.5,91.3,0,0,Organic
2024-01-30 12:00:00,BIN-003,Sitabuldi,67.2,121.8,40.7,92.5,0,2,Organic
2024-01-30 12:00:00,BIN-004,Sitabuldi,72.4,144.3,39.9,90.0,0,0,Mixed
2024-01-30 12:00:00,BIN-005,Gandhibagh,71.0,114.7,39.3,87.6,0,2,Organic
2024-01-30 12:00:00,BIN-006,Gandhibagh,76.8,143.6,37.0,91.6,0,2,Recyclable
2024-01-30 12:00:00,BIN-007,Lakadganj,75.9,162.4,36.7,100.7,0,2,Organic
2024-01-30 12:00:00,BIN-008,Lakadganj,71.2,129.9,39.0,92.6,0,2,Mixed
2024-01-30 12:00:00,BIN-009,Sadar,72.9,135.7,33.1,93.0,0,2,Mixed
2024-01-30 12:00:00,BIN-010,Sadar,78.9,148.7,38.4,93.3,0,0,Organic
2024-01-30 12:00:00,BIN-011,Itwari,66.6,119.4,34.1,92.1,0,2,Organic
2024-01-30 12:00:00,BIN-012,Itwari,69.1,115.6,39.9,90.1,0,2,Mixed
2024-01-30 15:00:00,BIN-001,Dharampeth,71.4,135.7,36.1,90.8,0,0,Mixed
2024-01-30 15:00:00,BIN-002,Dharampeth,66.9,115.8,35.6,90.6,0,1,Mixed
2024-01-30 15:00:00,BIN-003,Sitabuldi,70.3,146.3,34.8,92.9,0,1,Mixed
2024-01-30 15:00:00,BIN-004,Sitabuldi,60.3,111.6,34.8,95.0,0,2,Organic
2024-01-30 15:00:00,BIN-005,Gandhibagh,66.6,126.1,31.9,94.7,0,2,Organic
2024-01-30 15:00:00,BIN-006,Gandhibagh,71.8,125.8,37.0,90.4,0,0,Mixed
2024-01-30 15:00:00,BIN-007,Lakadganj,66.2,128.1,37.0,89.2,0,2,Recyclable
2024-01-30 15:00:00,BIN-008,Lakadganj,68.0,117.3,38.7,91.7,0,2,Recyclable
2024-01-30 15:00:00,BIN-009,Sadar,69.3,133.8,32.5,88.3,0,0,Mixed
2024-01-30 15:00:00,BIN-010,Sadar,71.3,128.1,34.6,88.5,0,2,Organic
2024-01-30 15:00:00,BIN-011,Itwari,74.7,154.6,40.0,88.5,0,1,Recyclable
2024-01-30 15:00:00,BIN-012,Itwari,79.5,150.3,39.2,91.8,0,0,Organic
2024-01-30 18:00:00,BIN-001,Dharampeth,75.9,146.7,31.4,91.3,0,0,Organic
2024-01-30 18:00:00,BIN-002,Dharampeth,59.8,123.2,30.8,97.8,0,0,Organic
2024-01-30 18:00:00,BIN-003,Sitabuldi,74.2,140.0,27.6,89.0,0,2,Hazardous
2024-01-30 18:00:00,BIN-004,Sitabuldi,71.4,127.3,30.8,87.5,0,0,Mixed
2024-01-30 18:00:00,BIN-005,Gandhibagh,78.1,159.3,31.6,86.1,0,0,Mixed
2024-01-30 18:00:00,BIN-006,Gandhibagh,71.3,137.2,32.8,94.3,0,1,Recyclable
2024-01-30 18:00:00,BIN-007,Lakadganj,76.1,133.7,30.9,90.2,0,1,Mixed
2024-01-30 18:00:00,BIN-008,Lakadganj,71.8,120.0,30.2,88.1,0,2,Mixed
2024-01-30 18:00:00,BIN-009,Sadar,69.2,132.5,28.9,87.0,0,2,Mixed
2024-01-30 18:00:00,BIN-010,Sadar,80.2,149.8,29.1,90.2,0,1,Recyclable
2024-01-30 18:00:00,BIN-011,Itwari,69.1,118.8,25.8,91.1,0,2,Mixed
2024-01-30 18:00:00,BIN-012,Itwari,75.0,151.0,28.5,91.9,0,0,Organic
2024-01-30 21:00:00,BIN-001,Dharampeth,69.7,119.2,25.9,95.8,0,2,Mixed
2024-01-30 21:00:00,BIN-002,Dharampeth,68.3,127.9,24.3,94.6,0,1,Hazardous
2024-01-30 21:00:00,BIN-003,Sitabuldi,77.6,141.3,25.3,91.1,0,1,Organic
2024-01-30 21:00:00,BIN-004,Sitabuldi,77.2,137.4,26.2,95.7,0,0,Mixed
2024-01-30 21:00:00,BIN-005,Gandhibagh,70.1,115.6,24.1,90.1,0,1,Mixed
2024-01-30 21:00:00,BIN-006,Gandhibagh,75.1,131.7,25.5,91.9,0,0,Mixed
2024-01-30 21:00:00,BIN-007,Lakadganj,74.8,135.2,24.5,85.2,0,0,Mixed
2024-01-30 21:00:00,BIN-008,Lakadganj,76.6,136.7,22.6,91.2,0,0,Mixed
2024-01-30 21:00:00,BIN-009,Sadar,68.4,133.8,23.0,91.1,0,2,Mixed
2024-01-30 21:00:00,BIN-010,Sadar,59.3,120.1,23.5,87.9,0,0,Mixed
2024-01-30 21:00:00,BIN-011,Itwari,68.5,123.0,26.6,97.6,0,1,Organic
2024-01-30 21:00:00,BIN-012,Itwari,75.0,139.6,24.2,91.4,0,2,Recyclable
2024-01-31 00:00:00,BIN-001,Dharampeth,74.2,129.1,19.0,92.5,0,1,Organic
2024-01-31 00:00:00,BIN-002,Dharampeth,82.7,148.4,24.5,90.6,0,1,Mixed
2024-01-31 00:00:00,BIN-003,Sitabuldi,78.3,133.6,22.7,94.1,0,1,Mixed
2024-01-31 00:00:00,BIN-004,Sitabuldi,81.2,157.3,19.3,88.3,0,0,Organic
2024-01-31 00:00:00,BIN-005,Gandhibagh,64.0,113.7,19.6,87.6,0,1,Organic
2024-01-31 00:00:00,BIN-006,Gandhibagh,73.6,140.7,22.6,91.3,0,2,Organic
2024-01-31 00:00:00,BIN-007,Lakadganj,78.9,140.0,21.4,87.1,0,2,Organic
2024-01-31 00:00:00,BIN-008,Lakadganj,79.3,144.1,22.4,89.5,0,2,Organic
2024-01-31 00:00:00,BIN-009,Sadar,75.5,143.6,17.6,90.0,0,1,Mixed
2024-01-31 00:00:00,BIN-010,Sadar,63.9,116.3,23.5,89.5,0,2,Organic
2024-01-31 00:00:00,BIN-011,Itwari,72.7,132.5,20.5,90.7,0,0,Mixed
2024-01-31 00:00:00,BIN-012,Itwari,82.4,145.1,23.1,91.6,0,0,Mixed
2024-01-31 03:00:00,BIN-001,Dharampeth,70.1,122.5,24.5,87.4,0,0,Recyclable
2024-01-31 03:00:00,BIN-002,Dharampeth,72.4,138.5,20.2,94.8,0,1,Mixed
2024-01-31 03:00:00,BIN-003,Sitabuldi,72.0,137.0,25.4,91.8,0,1,Mixed
2024-01-31 03:00:00,BIN-004,Sitabuldi,70.8,131.0,20.6,92.0,0,2,Recyclable
2024-01-31 03:00:00,BIN-005,Gandhibagh,68.1,120.8,24.5,89.5,0,2,Mixed
2024-01-31 03:00:00,BIN-006,Gandhibagh,71.8,128.7,18.5,89.7,0,0,Organic
2024-01-31 03:00:00,BIN-007,Lakadganj,70.4,127.1,23.4,87.5,0,2,Mixed
2024-01-31 03:00:00,BIN-008,Lakadganj,78.7,142.2,21.6,95.8,0,1,Mixed
2024-01-31 03:00:00,BIN-009,Sadar,72.3,120.6,25.0,88.9,0,0,Mixed
2024-01-31 03:00:00,BIN-010,Sadar,73.2,135.6,23.9,90.9,0,0,Organic
2024-01-31 03:00:00,BIN-011,Itwari,65.1,118.4,24.0,85.6,0,0,Organic
2024-01-31 03:00:00,BIN-012,Itwari,80.1,150.2,27.1,93.0,0,0,Mixed
2024-01-31 12:00:00,BIN-001,Dharampeth,72.1,135.5,36.1,90.9,0,1,Mixed
2024-01-31 12:00:00,BIN-002,Dharampeth,75.2,143.6,43.0,87.6,0,0,Mixed
2024-01-31 12:00:00,BIN-003,Sitabuldi,70.9,136.0,36.5,90.0,0,0,Organic
2024-01-31 12:00:00,BIN-004,Sitabuldi,64.6,125.6,36.7,90.7,0,2,Recyclable
2024-01-31 12:00:00,BIN-005,Gandhibagh,70.7,131.7,35.4,90.5,0,2,Recyclable
2024-01-31 12:00:00,BIN-006,Gandhibagh,66.8,133.0,34.3,87.9,0,1,Mixed
2024-01-31 12:00:00,BIN-007,Lakadganj,77.5,138.5,36.8,88.1,0,2,Mixed
2024-01-31 12:00:00,BIN-008,Lakadganj,68.6,126.3,37.1,86.8,0,2,Organic
2024-01-31 12:00:00,BIN-009,Sadar,79.7,146.5,36.7,86.4,0,0,Mixed
2024-01-31 12:00:00,BIN-010,Sadar,73.6,143.0,39.7,93.5,0,2,Mixed
2024-01-31 12:00:00,BIN-011,Itwari,76.4,128.5,36.0,88.5,0,1,Mixed
2024-01-31 12:00:00,BIN-012,Itwari,77.8,146.5,38.5,93.0,0,2,Recyclable
2024-01-31 15:00:00,BIN-001,Dharampeth,61.0,125.6,37.0,89.6,0,0,Mixed
2024-01-31 15:00:00,BIN-002,Dharampeth,76.8,144.7,38.1,89.2,0,2,Mixed
2024-01-31 15:00:00,BIN-003,Sitabuldi,80.1,143.1,38.2,94.9,0,2,Mixed
2024-01-31 15:00:00,BIN-004,Sitabuldi,80.1,161.8,34.4,98.8,0,1,Mixed
2024-01-31 15:00:00,BIN-005,Gandhibagh,69.9,136.8,35.3,95.2,0,0,Organic
2024-01-31 15:00:00,BIN-006,Gandhibagh,77.5,133.6,36.0,85.5,0,1,Mixed
2024-01-31 15:00:00,BIN-007,Lakadganj,75.0,145.8,41.9,94.6,0,1,Organic
2024-01-31 15:00:00,BIN-008,Lakadganj,72.1,137.6,37.0,90.6,0,0,Organic
2024-01-31 15:00:00,BIN-009,Sadar,74.8,131.8,35.1,90.7,0,2,Organic
2024-01-31 15:00:00,BIN-010,Sadar,74.7,134.9,35.3,92.9,0,0,Mixed
2024-01-31 15:00:00,BIN-011,Itwari,80.8,147.0,35.4,91.8,0,2,Recyclable
2024-01-31 15:00:00,BIN-012,Itwari,72.9,135.3,35.1,91.9,0,1,Recyclable
2024-01-31 18:00:00,BIN-001,Dharampeth,73.1,131.3,29.5,94.0,0,0,Mixed
2024-01-31 18:00:00,BIN-002,Dharampeth,70.0,129.5,30.1,89.9,0,0,Mixed
2024-01-31 18:00:00,BIN-003,Sitabuldi,79.6,147.7,25.8,92.8,0,1,Organic
2024-01-31 18:00:00,BIN-004,Sitabuldi,80.4,152.5,27.7,92.6,0,0,Mixed
2024-01-31 18:00:00,BIN-005,Gandhibagh,82.2,159.9,34.1,92.5,0,2,Mixed
2024-01-31 18:00:00,BIN-006,Gandhibagh,75.4,141.6,29.1,90.9,0,1,Mixed
2024-01-31 18:00:00,BIN-007,Lakadganj,78.1,148.8,32.0,90.1,0,2,Recyclable
2024-01-31 18:00:00,BIN-008,Lakadganj,79.2,146.5,31.2,98.3,0,1,Organic
2024-01-31 18:00:00,BIN-009,Sadar,77.4,148.0,30.1,94.0,0,2,Organic
2024-01-31 18:00:00,BIN-010,Sadar,80.2,142.3,32.1,91.1,0,2,Mixed
2024-01-31 18:00:00,BIN-011,Itwari,81.8,159.3,32.4,92.5,0,0,Organic
2024-01-31 18:00:00,BIN-012,Itwari,73.3,133.0,28.1,90.3,0,0,Recyclable
2024-01-31 21:00:00,BIN-001,Dharampeth,77.9,137.9,26.0,95.9,0,2,Mixed
2024-01-31 21:00:00,BIN-002,Dharampeth,69.5,133.5,26.6,89.0,0,2,Mixed
2024-01-31 21:00:00,BIN-003,Sitabuldi,63.7,118.8,24.8,88.8,0,2,Recyclable
2024-01-31 21:00:00,BIN-004,Sitabuldi,77.2,140.9,24.0,91.6,0,0,Recyclable
2024-01-31 21:00:00,BIN-005,Gandhibagh,77.7,140.1,22.5,89.8,0,2,Mixed
2024-01-31 21:00:00,BIN-006,Gandhibagh,71.7,128.8,21.7,87.9,0,1,Recyclable
2024-01-31 21:00:00,BIN-007,Lakadganj,73.5,129.1,25.0,90.6,0,1,Mixed
2024-01-31 21:00:00,BIN-008,Lakadganj,79.0,150.9,24.9,94.2,0,0,Organic
2024-01-31 21:00:00,BIN-009,Sadar,80.4,158.4,26.0,95.5,0,0,Recyclable
2024-01-31 21:00:00,BIN-010,Sadar,74.4,149.7,18.7,85.6,0,0,Organic
2024-01-31 21:00:00,BIN-011,Itwari,81.3,154.3,22.8,93.6,0,0,Mixed
2024-01-31 21:00:00,BIN-012,Itwari,82.4,141.4,27.6,89.3,0,2,Mixed
2024-02-01 00:00:00,BIN-001,Dharampeth,71.2,123.6,20.3,91.2,0,0,Mixed
2024-02-01 00:00:00,BIN-002,Dharampeth,78.3,155.6,16.8,96.6,0,2,Mixed
2024-02-01 00:00:00,BIN-003,Sitabuldi,84.5,157.5,23.7,87.5,0,0,Mixed
2024-02-01 00:00:00,BIN-004,Sitabuldi,83.6,160.6,22.6,90.4,0,1,Mixed
2024-02-01 00:00:00,BIN-005,Gandhibagh,80.4,144.3,22.1,90.4,0,2,Organic
2024-02-01 00:00:00,BIN-006,Gandhibagh,76.6,131.5,23.0,90.9,0,1,Recyclable
2024-02-01 00:00:00,BIN-007,Lakadganj,83.5,161.6,25.1,94.0,0,2,Mixed
2024-02-01 00:00:00,BIN-008,Lakadganj,73.3,128.9,20.1,90.4,0,2,Organic
2024-02-01 00:00:00,BIN-009,Sadar,74.7,144.7,22.7,91.7,0,0,Mixed
2024-02-01 00:00:00,BIN-010,Sadar,79.2,137.1,18.4,89.6,0,1,Mixed
2024-02-01 00:00:00,BIN-011,Itwari,74.9,129.3,20.8,93.3,0,1,Organic
2024-02-01 00:00:00,BIN-012,Itwari,83.2,168.3,20.5,93.6,0,0,Mixed
2024-02-01 03:00:00,BIN-001,Dharampeth,77.2,151.3,26.8,92.2,0,2,Mixed
2024-02-01 03:00:00,BIN-002,Dharampeth,75.5,132.9,27.2,86.7,0,1,Organic
2024-02-01 03:00:00,BIN-003,Sitabuldi,73.4,135.5,26.9,89.2,0,2,Organic
2024-02-01 03:00:00,BIN-004,Sitabuldi,79.1,152.5,23.4,94.7,0,2,Organic
2024-02-01 03:00:00,BIN-005,Gandhibagh,67.5,127.3,24.3,84.6,0,2,Mixed
2024-02-01 03:00:00,BIN-006,Gandhibagh,78.5,163.3,23.2,90.3,0,1,Mixed
2024-02-01 03:00:00,BIN-007,Lakadganj,80.8,155.0,25.4,88.5,0,1,Hazardous
2024-02-01 03:00:00,BIN-008,Lakadganj,84.9,159.8,26.8,89.5,0,2,Organic
2024-02-01 03:00:00,BIN-009,Sadar,86.2,145.9,27.5,96.0,0,2,Hazardous
2024-02-01 03:00:00,BIN-010,Sadar,87.9,164.0,24.4,84.9,0,0,Recyclable
2024-02-01 03:00:00,BIN-011,Itwari,76.0,131.3,23.5,89.7,0,2,Recyclable
2024-02-01 03:00:00,BIN-012,Itwari,77.1,152.5,23.3,89.9,0,2,Organic
2024-02-01 12:00:00,BIN-001,Dharampeth,83.1,144.2,36.4,87.2,0,2,Mixed
2024-02-01 12:00:00,BIN-002,Dharampeth,83.3,161.1,39.8,92.6,0,0,Organic
2024-02-01 12:00:00,BIN-003,Sitabuldi,87.2,157.7,34.8,94.7,0,0,Organic
2024-02-01 12:00:00,BIN-004,Sitabuldi,96.2,183.4,37.7,86.2,1,1,Recyclable
2024-02-01 12:00:00,BIN-005,Gandhibagh,79.7,141.5,40.8,90.8,0,2,Organic
2024-02-01 12:00:00,BIN-006,Gandhibagh,77.7,161.8,36.6,91.5,0,1,Organic
2024-02-01 12:00:00,BIN-007,Lakadganj,76.3,141.3,37.9,92.0,0,1,Organic
2024-02-01 12:00:00,BIN-008,Lakadganj,88.6,159.1,37.2,95.9,0,0,Mixed
2024-02-01 12:00:00,BIN-009,Sadar,78.3,144.6,36.5,90.5,0,0,Mixed
2024-02-01 12:00:00,BIN-010,Sadar,78.7,142.1,37.1,84.7,0,0,Mixed
2024-02-01 12:00:00,BIN-011,Itwari,76.4,153.3,39.2,90.1,0,0,Recyclable
2024-02-01 12:00:00,BIN-012,Itwari,68.3,127.4,38.8,88.5,0,2,Mixed
2024-02-01 15:00:00,BIN-001,Dharampeth,76.7,139.3,36.6,92.2,0,1,Organic
2024-02-01 15:00:00,BIN-002,Dharampeth,74.3,145.8,37.6,90.4,0,0,Organic
2024-02-01 15:00:00,BIN-003,Sitabuldi,82.0,143.9,35.2,93.1,0,2,Organic
2024-02-01 15:00:00,BIN-004,Sitabuldi,76.8,142.9,36.1,94.0,0,2,Recyclable
2024-02-01 15:00:00,BIN-005,Gandhibagh,76.6,145.4,35.8,94.1,0,1,Mixed
2024-02-01 15:00:00,BIN-006,Gandhibagh,79.9,141.6,35.4,87.8,0,2,Mixed
2024-02-01 15:00:00,BIN-007,Lakadganj,77.5,137.3,39.7,93.9,0,0,Mixed
2024-02-01 15:00:00,BIN-008,Lakadganj,82.1,152.3,36.5,87.4,0,2,Mixed
2024-02-01 15:00:00,BIN-009,Sadar,83.3,163.1,35.6,95.5,0,1,Mixed
2024-02-01 15:00:00,BIN-010,Sadar,78.0,141.9,35.9,92.4,0,1,Mixed
2024-02-01 15:00:00,BIN-011,Itwari,73.5,130.9,36.4,92.5,0,0,Mixed
2024-02-01 15:00:00,BIN-012,Itwari,78.1,151.6,33.3,90.9,0,0,Mixed
2024-02-01 18:00:00,BIN-001,Dharampeth,80.4,146.5,33.4,88.3,0,2,Mixed
2024-02-01 18:00:00,BIN-002,Dharampeth,77.3,146.5,27.2,87.0,0,2,Recyclable
2024-02-01 18:00:00,BIN-003,Sitabuldi,70.6,147.9,29.1,90.4,0,2,Organic
2024-02-01 18:00:00,BIN-004,Sitabuldi,77.3,131.2,30.4,90.1,0,0,Mixed
2024-02-01 18:00:00,BIN-005,Gandhibagh,80.2,144.3,30.7,89.8,0,2,Mixed
2024-02-01 18:00:00,BIN-006,Gandhibagh,91.4,176.7,31.7,91.7,1,1,Mixed
2024-02-01 18:00:00,BIN-007,Lakadganj,75.7,141.0,33.8,85.2,0,0,Recyclable
2024-02-01 18:00:00,BIN-008,Lakadganj,75.5,139.5,31.6,86.9,0,2,Mixed
2024-02-01 18:00:00,BIN-009,Sadar,84.7,157.5,25.8,91.1,0,1,Organic
2024-02-01 18:00:00,BIN-010,Sadar,80.3,155.4,29.7,89.4,0,0,Organic
2024-02-01 18:00:00,BIN-011,Itwari,77.4,133.6,27.6,84.3,0,1,Mixed
2024-02-01 18:00:00,BIN-012,Itwari,80.4,133.7,29.7,96.8,0,1,Mixed
2024-02-01 21:00:00,BIN-001,Dharampeth,88.8,153.7,23.2,90.3,0,0,Mixed
2024-02-01 21:00:00,BIN-002,Dharampeth,74.4,133.3,25.6,86.8,0,1,Recyclable
2024-02-01 21:00:00,BIN-003,Sitabuldi,81.5,142.0,22.2,86.7,0,0,Organic
2024-02-01 21:00:00,BIN-004,Sitabuldi,79.9,148.1,24.6,95.2,0,0,Mixed
2024-02-01 21:00:00,BIN-005,Gandhibagh,75.8,140.4,22.9,88.4,0,0,Organic
2024-02-01 21:00:00,BIN-006,Gandhibagh,92.3,157.0,22.6,94.1,1,1,Mixed
2024-02-01 21:00:00,BIN-007,Lakadganj,79.6,148.0,24.2,94.8,0,0,Organic
2024-02-01 21:00:00,BIN-008,Lakadganj,81.2,148.9,23.6,91.5,0,1,Mixed
2024-02-01 21:00:00,BIN-009,Sadar,78.8,147.8,22.8,92.4,0,2,Organic
2024-02-01 21:00:00,BIN-010,Sadar,72.9,123.5,24.1,94.2,0,0,Mixed
2024-02-01 21:00:00,BIN-011,Itwari,75.9,145.0,27.5,89.6,0,2,Organic
2024-02-01 21:00:00,BIN-012,Itwari,81.2,160.1,26.1,87.9,0,2,Mixed
2024-02-02 00:00:00,BIN-001,Dharampeth,85.0,154.4,22.6,81.2,0,1,Mixed
2024-02-02 00:00:00,BIN-002,Dharampeth,71.2,128.2,24.2,89.8,0,0,Mixed
2024-02-02 00:00:00,BIN-003,Sitabuldi,85.5,151.7,20.5,85.7,0,1,Mixed
2024-02-02 00:00:00,BIN-004,Sitabuldi,79.8,156.2,23.3,93.9,0,0,Mixed
2024-02-02 00:00:00,BIN-005,Gandhibagh,89.8,151.3,21.9,87.4,0,2,Mixed
2024-02-02 00:00:00,BIN-006,Gandhibagh,82.6,149.2,22.3,92.2,0,0,Mixed
2024-02-02 00:00:00,BIN-007,Lakadganj,76.9,123.9,19.2,90.1,0,0,Recyclable
2024-02-02 00:00:00,BIN-008,Lakadganj,68.9,138.2,19.7,97.1,0,2,Organic
2024-02-02 00:00:00,BIN-009,Sadar,85.6,172.1,23.7,86.4,0,1,Mixed
2024-02-02 00:00:00,BIN-010,Sadar,79.0,145.2,19.5,91.4,0,2,Mixed
2024-02-02 00:00:00,BIN-011,Itwari,85.3,163.2,25.1,88.5,0,2,Recyclable
2024-02-02 00:00:00,BIN-012,Itwari,84.0,155.6,20.2,89.3,0,1,Mixed
2024-02-02 03:00:00,BIN-001,Dharampeth,78.4,152.1,23.3,95.4,0,2,Mixed
2024-02-02 03:00:00,BIN-002,Dharampeth,85.9,155.6,24.4,93.9,0,0,Mixed
2024-02-02 03:00:00,BIN-003,Sitabuldi,84.2,154.0,26.2,87.6,0,1,Organic
2024-02-02 03:00:00,BIN-004,Sitabuldi,95.1,185.5,24.4,92.5,0,1,Mixed
2024-02-02 03:00:00,BIN-005,Gandhibagh,83.7,156.1,22.0,86.5,0,2,Mixed
2024-02-02 03:00:00,BIN-006,Gandhibagh,76.4,136.2,27.5,89.9,0,2,Mixed
2024-02-02 03:00:00,BIN-007,Lakadganj,80.2,163.4,24.5,98.0,0,2,Mixed
2024-02-02 03:00:00,BIN-008,Lakadganj,80.4,157.5,24.5,91.5,0,2,Mixed
2024-02-02 03:00:00,BIN-009,Sadar,84.4,163.2,22.8,95.5,0,2,Mixed
2024-02-02 03:00:00,BIN-010,Sadar,84.6,162.4,24.4,88.4,0,2,Recyclable
2024-02-02 03:00:00,BIN-011,Itwari,82.7,154.4,24.3,87.7,0,1,Mixed
2024-02-02 03:00:00,BIN-012,Itwari,83.6,154.3,24.7,92.5,0,1,Organic
2024-02-02 12:00:00,BIN-001,Dharampeth,86.7,163.5,38.8,82.3,0,0,Mixed
2024-02-02 12:00:00,BIN-002,Dharampeth,84.5,163.5,38.3,85.9,0,1,Recyclable
2024-02-02 12:00:00,BIN-003,Sitabuldi,85.0,176.2,39.2,88.8,0,1,Mixed
2024-02-02 12:00:00,BIN-004,Sitabuldi,83.1,148.5,40.4,84.2,0,1,Recyclable
2024-02-02 12:00:00,BIN-005,Gandhibagh,89.2,165.2,42.8,89.1,0,0,Recyclable
2024-02-02 12:00:00,BIN-006,Gandhibagh,86.7,167.1,39.8,89.4,0,0,Mixed
2024-02-02 12:00:00,BIN-007,Lakadganj,92.0,176.2,39.8,93.2,0,2,Mixed
2024-02-02 12:00:00,BIN-008,Lakadganj,86.2,163.3,36.6,88.6,0,2,Organic
2024-02-02 12:00:00,BIN-009,Sadar,87.4,161.4,37.9,95.0,0,2,Mixed
2024-02-02 12:00:00,BIN-010,Sadar,77.3,141.1,35.9,91.5,0,1,Mixed
2024-02-02 12:00:00,BIN-011,Itwari,88.9,152.3,37.2,89.7,0,1,Recyclable
2024-02-02 12:00:00,BIN-012,Itwari,88.2,173.3,39.5,89.3,0,2,Hazardous
2024-02-02 15:00:00,BIN-001,Dharampeth,93.2,177.0,33.8,85.4,1,1,Hazardous
2024-02-02 15:00:00,BIN-002,Dharampeth,82.6,162.3,35.2,86.8,0,1,Organic
2024-02-02 15:00:00,BIN-003,Sitabuldi,85.3,160.3,38.0,89.2,0,0,Organic
2024-02-02 15:00:00,BIN-004,Sitabuldi,78.3,147.5,32.0,97.7,0,2,Mixed
2024-02-02 15:00:00,BIN-005,Gandhibagh,78.5,148.8,38.1,95.7,0,2,Organic
2024-02-02 15:00:00,BIN-006,Gandhibagh,87.3,160.0,30.7,91.7,0,2,Mixed
2024-02-02 15:00:00,BIN-007,Lakadganj,90.4,165.7,35.9,89.2,1,0,Recyclable
2024-02-02 15:00:00,BIN-008,Lakadganj,90.2,172.5,35.5,89.3,1,2,Mixed
2024-02-02 15:00:00,BIN-009,Sadar,86.3,167.2,36.9,91.6,0,0,Mixed
2024-02-02 15:00:00,BIN-010,Sadar,91.3,172.7,31.7,87.6,0,0,Mixed
2024-02-02 15:00:00,BIN-011,Itwari,92.5,167.6,34.2,89.8,1,1,Mixed
2024-02-02 15:00:00,BIN-012,Itwari,89.1,152.6,33.2,89.7,0,1,Organic
2024-02-02 18:00:00,BIN-001,Dharampeth,92.5,175.1,25.2,92.6,1,2,Organic
2024-02-02 18:00:00,BIN-002,Dharampeth,77.9,144.5,34.9,89.0,0,1,Mixed
2024-02-02 18:00:00,BIN-003,Sitabuldi,94.0,167.5,30.7,85.9,0,0,Organic
2024-02-02 18:00:00,BIN-004,Sitabuldi,90.6,154.3,31.0,93.3,0,2,Mixed
2024-02-02 18:00:00,BIN-005,Gandhibagh,85.4,146.4,27.6,93.9,0,1,Organic
2024-02-02 18:00:00,BIN-006,Gandhibagh,92.4,166.4,30.4,89.3,1,0,Mixed
2024-02-02 18:00:00,BIN-007,Lakadganj,91.7,173.5,32.1,90.4,1,2,Mixed
2024-02-02 18:00:00,BIN-008,Lakadganj,81.5,153.9,28.9,89.8,0,0,Mixed
2024-02-02 18:00:00,BIN-009,Sadar,94.6,177.5,27.5,92.3,1,2,Mixed
2024-02-02 18:00:00,BIN-010,Sadar,91.3,192.9,29.1,86.7,0,1,Organic
2024-02-02 18:00:00,BIN-011,Itwari,90.1,172.9,30.2,88.4,0,2,Mixed
2024-02-02 18:00:00,BIN-012,Itwari,86.9,160.7,29.1,87.0,0,1,Hazardous
2024-02-02 21:00:00,BIN-001,Dharampeth,83.2,157.3,23.7,89.9,0,0,Mixed
2024-02-02 21:00:00,BIN-002,Dharampeth,92.5,169.0,23.8,91.4,1,2,Mixed
2024-02-02 21:00:00,BIN-003,Sitabuldi,98.3,184.2,26.2,91.7,0,0,Mixed
2024-02-02 21:00:00,BIN-004,Sitabuldi,93.8,162.3,23.1,89.7,1,0,Organic
2024-02-02 21:00:00,BIN-005,Gandhibagh,83.0,165.1,25.7,93.7,0,2,Organic
2024-02-02 21:00:00,BIN-006,Gandhibagh,99,187.7,22.4,95.5,0,2,Organic
2024-02-02 21:00:00,BIN-007,Lakadganj,91.5,159.1,22.3,88.4,1,2,Mixed
2024-02-02 21:00:00,BIN-008,Lakadganj,88.4,156.2,23.5,88.6,0,2,Organic
2024-02-02 21:00:00,BIN-009,Sadar,81.7,154.5,23.6,90.5,0,2,Mixed
2024-02-02 21:00:00,BIN-010,Sadar,83.7,160.1,21.9,87.8,0,0,Recyclable
2024-02-02 21:00:00,BIN-011,Itwari,90.2,165.8,24.1,89.3,0,1,Mixed
2024-02-02 21:00:00,BIN-012,Itwari,90.5,156.9,22.7,91.8,0,0,Organic
2024-02-03 00:00:00,BIN-001,Dharampeth,79.1,138.4,19.3,93.2,0,1,Mixed
2024-02-03 00:00:00,BIN-002,Dharampeth,86.9,159.4,18.0,89.0,0,2,Organic
2024-02-03 00:00:00,BIN-003,Sitabuldi,82.1,159.5,24.4,94.5,0,2,Mixed
2024-02-03 00:00:00,BIN-004,Sitabuldi,85.7,150.1,22.7,86.1,0,1,Mixed
2024-02-03 00:00:00,BIN-005,Gandhibagh,87.7,145.5,23.3,85.6,0,2,Mixed
2024-02-03 00:00:00,BIN-006,Gandhibagh,78.3,146.1,21.8,90.5,0,1,Organic
2024-02-03 00:00:00,BIN-007,Lakadganj,87.9,156.8,21.7,91.1,0,1,Recyclable
2024-02-03 00:00:00,BIN-008,Lakadganj,86.0,170.4,22.4,90.4,0,2,Mixed
2024-02-03 00:00:00,BIN-009,Sadar,92.6,160.3,19.8,89.0,1,2,Organic
2024-02-03 00:00:00,BIN-010,Sadar,78.8,153.1,17.7,93.5,0,2,Mixed
2024-02-03 00:00:00,BIN-011,Itwari,86.7,151.8,20.6,90.1,0,1,Recyclable
2024-02-03 00:00:00,BIN-012,Itwari,89.1,166.4,19.1,87.3,0,0,Organic
2024-02-03 03:00:00,BIN-001,Dharampeth,87.8,142.7,25.9,94.0,0,0,Organic
2024-02-03 03:00:00,BIN-002,Dharampeth,78.4,152.7,21.9,85.0,0,2,Mixed
2024-02-03 03:00:00,BIN-003,Sitabuldi,79.7,146.2,27.6,88.0,0,0,Recyclable
2024-02-03 03:00:00,BIN-004,Sitabuldi,92.1,158.2,24.1,84.9,1,0,Organic
2024-02-03 03:00:00,BIN-005,Gandhibagh,89.5,169.3,25.7,94.3,0,1,Mixed
2024-02-03 03:00:00,BIN-006,Gandhibagh,96.5,175.6,25.5,90.7,1,1,Organic
2024-02-03 03:00:00,BIN-007,Lakadganj,84.6,165.9,26.8,87.9,0,1,Mixed
2024-02-03 03:00:00,BIN-008,Lakadganj,85.4,154.3,23.5,85.7,0,0,Mixed
2024-02-03 03:00:00,BIN-009,Sadar,87.3,152.7,20.5,95.4,0,2,Organic
2024-02-03 03:00:00,BIN-010,Sadar,89.8,169.1,25.2,88.9,0,0,Mixed
2024-02-03 03:00:00,BIN-011,Itwari,92.4,172.2,22.9,93.3,0,2,Organic
2024-02-03 03:00:00,BIN-012,Itwari,90.5,164.5,25.7,95.8,1,1,Mixed
2024-02-03 12:00:00,BIN-001,Dharampeth,93.7,170.4,37.3,87.5,1,2,Mixed
2024-02-03 12:00:00,BIN-002,Dharampeth,83.9,152.9,38.6,90.3,0,0,Mixed
2024-02-03 12:00:00,BIN-003,Sitabuldi,87.4,160.8,38.9,90.8,0,2,Mixed
2024-02-03 12:00:00,BIN-004,Sitabuldi,92.2,180.2,44.4,90.0,0,2,Mixed
2024-02-03 12:00:00,BIN-005,Gandhibagh,99,168.0,37.9,90.7,1,2,Recyclable
2024-02-03 12:00:00,BIN-006,Gandhibagh,92.7,168.5,38.5,86.5,0,2,Organic
2024-02-03 12:00:00,BIN-007,Lakadganj,93.6,161.3,34.2,87.2,0,0,Mixed
2024-02-03 12:00:00,BIN-008,Lakadganj,86.5,159.4,40.2,86.3,0,0,Organic
2024-02-03 12:00:00,BIN-009,Sadar,98.8,193.9,39.3,91.8,1,2,Organic
2024-02-03 12:00:00,BIN-010,Sadar,88.1,156.6,37.1,90.8,0,1,Organic
2024-02-03 12:00:00,BIN-011,Itwari,99,177.3,34.3,90.7,1,1,Organic
2024-02-03 12:00:00,BIN-012,Itwari,89.1,155.2,40.0,92.8,0,0,Mixed
2024-02-03 15:00:00,BIN-001,Dharampeth,89.7,155.1,34.1,91.9,0,2,Mixed
2024-02-03 15:00:00,BIN-002,Dharampeth,90.5,159.8,34.3,92.0,1,2,Recyclable
2024-02-03 15:00:00,BIN-003,Sitabuldi,93.3,164.9,36.4,90.5,0,2,Mixed
2024-02-03 15:00:00,BIN-004,Sitabuldi,89.6,160.1,36.8,88.1,0,1,Mixed
2024-02-03 15:00:00,BIN-005,Gandhibagh,84.6,164.9,34.2,90.4,0,0,Mixed
2024-02-03 15:00:00,BIN-006,Gandhibagh,99,174.7,35.4,91.8,1,2,Mixed
2024-02-03 15:00:00,BIN-007,Lakadganj,99,185.2,30.9,91.8,0,0,Mixed
2024-02-03 15:00:00,BIN-008,Lakadganj,85.9,170.1,33.1,85.7,0,0,Mixed
2024-02-03 15:00:00,BIN-009,Sadar,93.5,176.8,35.3,97.2,0,2,Mixed
2024-02-03 15:00:00,BIN-010,Sadar,94.8,179.3,35.1,90.8,1,1,Organic
2024-02-03 15:00:00,BIN-011,Itwari,90.7,168.2,35.4,87.9,0,2,Mixed
2024-02-03 15:00:00,BIN-012,Itwari,87.6,169.4,34.3,88.3,0,1,Organic
2024-02-03 18:00:00,BIN-001,Dharampeth,90.7,149.9,31.0,89.0,0,2,Mixed
2024-02-03 18:00:00,BIN-002,Dharampeth,90.8,170.5,29.3,92.0,1,2,Organic
2024-02-03 18:00:00,BIN-003,Sitabuldi,82.7,154.0,26.8,87.9,0,0,Mixed
2024-02-03 18:00:00,BIN-004,Sitabuldi,89.4,156.5,29.6,86.1,0,0,Recyclable
2024-02-03 18:00:00,BIN-005,Gandhibagh,92.0,179.1,32.8,87.8,1,2,Mixed
2024-02-03 18:00:00,BIN-006,Gandhibagh,95.6,166.7,28.7,89.5,0,2,Organic
2024-02-03 18:00:00,BIN-007,Lakadganj,92.9,178.7,33.4,90.4,1,0,Recyclable
2024-02-03 18:00:00,BIN-008,Lakadganj,89.3,154.9,32.5,89.6,0,1,Organic
2024-02-03 18:00:00,BIN-009,Sadar,94.2,176.5,29.6,96.7,0,2,Mixed
2024-02-03 18:00:00,BIN-010,Sadar,91.6,161.9,26.6,86.5,1,0,Mixed
2024-02-03 18:00:00,BIN-011,Itwari,90.5,157.3,32.4,86.9,0,1,Mixed
2024-02-03 18:00:00,BIN-012,Itwari,95.2,182.6,29.5,89.2,1,0,Mixed
2024-02-03 21:00:00,BIN-001,Dharampeth,93.1,186.4,25.9,90.1,1,1,Mixed
2024-02-03 21:00:00,BIN-002,Dharampeth,93.0,174.7,23.6,90.9,0,0,Organic
2024-02-03 21:00:00,BIN-003,Sitabuldi,82.6,142.5,26.5,88.9,0,2,Organic
2024-02-03 21:00:00,BIN-004,Sitabuldi,93.9,181.4,21.5,90.9,0,2,Organic
2024-02-03 21:00:00,BIN-005,Gandhibagh,91.3,168.0,23.4,91.5,1,0,Organic
2024-02-03 21:00:00,BIN-006,Gandhibagh,87.1,158.0,27.3,88.7,0,0,Mixed
2024-02-03 21:00:00,BIN-007,Lakadganj,91.5,173.5,23.4,86.3,1,2,Mixed
2024-02-03 21:00:00,BIN-008,Lakadganj,86.9,145.4,23.6,89.8,0,1,Mixed
2024-02-03 21:00:00,BIN-009,Sadar,88.6,158.0,23.1,86.8,0,1,Mixed
2024-02-03 21:00:00,BIN-010,Sadar,88.2,163.1,25.1,89.1,0,0,Organic
2024-02-03 21:00:00,BIN-011,Itwari,85.6,148.7,24.8,92.5,0,2,Recyclable
2024-02-03 21:00:00,BIN-012,Itwari,88.8,162.6,22.6,92.8,0,2,Recyclable
2024-02-04 00:00:00,BIN-001,Dharampeth,99,181.8,22.3,84.1,0,0,Organic
2024-02-04 00:00:00,BIN-002,Dharampeth,92.7,177.8,19.4,89.9,1,0,Mixed
2024-02-04 00:00:00,BIN-003,Sitabuldi,94.6,178.7,20.3,89.1,0,1,Organic
2024-02-04 00:00:00,BIN-004,Sitabuldi,94.0,170.5,18.3,93.7,1,2,Mixed
2024-02-04 00:00:00,BIN-005,Gandhibagh,90.2,162.5,19.1,86.2,1,0,Recyclable
2024-02-04 00:00:00,BIN-006,Gandhibagh,99,179.1,18.1,90.8,1,1,Organic
2024-02-04 00:00:00,BIN-007,Lakadganj,92.8,174.5,21.1,86.5,0,0,Mixed
2024-02-04 00:00:00,BIN-008,Lakadganj,95.8,176.5,24.1,88.7,1,1,Mixed
2024-02-04 00:00:00,BIN-009,Sadar,93.8,172.9,22.2,91.5,1,0,Mixed
2024-02-04 00:00:00,BIN-010,Sadar,87.4,159.8,19.9,93.5,0,0,Mixed
2024-02-04 00:00:00,BIN-011,Itwari,97.1,181.4,22.5,88.7,0,0,Mixed
2024-02-04 00:00:00,BIN-012,Itwari,95.7,173.3,21.2,89.5,1,0,Mixed
2024-02-04 03:00:00,BIN-001,Dharampeth,97.1,181.7,24.4,83.9,1,1,Recyclable
2024-02-04 03:00:00,BIN-002,Dharampeth,95.6,181.6,24.5,88.9,1,2,Mixed
2024-02-04 03:00:00,BIN-003,Sitabuldi,89.1,178.0,24.7,90.2,0,1,Mixed
2024-02-04 03:00:00,BIN-004,Sitabuldi,91.7,171.8,25.5,91.0,1,2,Organic
2024-02-04 03:00:00,BIN-005,Gandhibagh,92.3,176.9,22.3,91.7,1,0,Mixed
2024-02-04 03:00:00,BIN-006,Gandhibagh,95.2,181.9,25.2,95.2,0,0,Mixed
2024-02-04 03:00:00,BIN-007,Lakadganj,94.7,172.3,24.9,85.6,1,2,Mixed
2024-02-04 03:00:00,BIN-008,Lakadganj,98.0,181.5,22.6,93.6,0,0,Organic
2024-02-04 03:00:00,BIN-009,Sadar,90.7,167.2,26.4,94.6,0,2,Mixed
2024-02-04 03:00:00,BIN-010,Sadar,94.2,167.4,26.1,87.5,1,2,Organic
2024-02-04 03:00:00,BIN-011,Itwari,99,183.4,21.6,89.4,1,0,Organic
2024-02-04 03:00:00,BIN-012,Itwari,84.6,163.8,20.7,97.5,0,1,Organic
2024-02-04 12:00:00,BIN-001,Dharampeth,85.1,153.5,39.2,89.8,0,0,Mixed
2024-02-04 12:00:00,BIN-002,Dharampeth,88.6,166.7,40.8,84.8,0,2,Mixed
2024-02-04 12:00:00,BIN-003,Sitabuldi,98.6,180.1,35.7,94.6,0,1,Organic
2024-02-04 12:00:00,BIN-004,Sitabuldi,97.9,199.9,40.5,90.1,1,1,Mixed
2024-02-04 12:00:00,BIN-005,Gandhibagh,95.9,179.5,38.2,87.1,1,1,Mixed
2024-02-04 12:00:00,BIN-006,Gandhibagh,96.9,174.9,37.8,92.8,1,2,Organic
2024-02-04 12:00:00,BIN-007,Lakadganj,93.0,158.7,38.6,90.5,0,1,Organic
2024-02-04 12:00:00,BIN-008,Lakadganj,95.9,173.5,36.5,85.0,0,1,Recyclable
2024-02-04 12:00:00,BIN-009,Sadar,99,175.2,41.6,92.6,1,2,Organic
2024-02-04 12:00:00,BIN-010,Sadar,96.7,169.1,39.5,91.6,1,1,Mixed
2024-02-04 12:00:00,BIN-011,Itwari,96.5,183.3,39.2,92.7,1,2,Mixed
2024-02-04 12:00:00,BIN-012,Itwari,89.4,167.6,37.0,90.0,0,1,Organic
2024-02-04 15:00:00,BIN-001,Dharampeth,90.7,162.2,33.7,90.2,1,0,Mixed
2024-02-04 15:00:00,BIN-002,Dharampeth,99,178.2,39.2,91.8,1,2,Mixed
2024-02-04 15:00:00,BIN-003,Sitabuldi,92.7,170.9,35.6,92.0,1,1,Organic
2024-02-04 15:00:00,BIN-004,Sitabuldi,93.4,169.6,36.2,89.5,0,1,Organic
2024-02-04 15:00:00,BIN-005,Gandhibagh,86.9,155.3,35.4,86.9,0,1,Mixed
2024-02-04 15:00:00,BIN-006,Gandhibagh,90.6,170.4,35.3,89.3,0,2,Mixed
2024-02-04 15:00:00,BIN-007,Lakadganj,93.0,174.5,37.0,87.5,0,2,Organic
2024-02-04 15:00:00,BIN-008,Lakadganj,94.8,182.7,35.1,82.9,1,1,Recyclable
2024-02-04 15:00:00,BIN-009,Sadar,95.6,188.1,35.7,89.6,1,0,Mixed
2024-02-04 15:00:00,BIN-010,Sadar,96.2,177.3,32.0,90.3,1,2,Mixed
2024-02-04 15:00:00,BIN-011,Itwari,98.1,190.4,38.1,88.8,0,1,Mixed
2024-02-04 15:00:00,BIN-012,Itwari,93.8,171.3,32.7,90.3,1,2,Mixed
2024-02-04 18:00:00,BIN-001,Dharampeth,99,185.9,32.1,84.4,1,1,Recyclable
2024-02-04 18:00:00,BIN-002,Dharampeth,99,189.2,33.0,87.9,1,1,Mixed
2024-02-04 18:00:00,BIN-003,Sitabuldi,89.1,171.9,28.6,93.0,0,2,Mixed
2024-02-04 18:00:00,BIN-004,Sitabuldi,98.6,175.8,28.3,84.7,0,1,Mixed
2024-02-04 18:00:00,BIN-005,Gandhibagh,96.6,177.5,33.1,87.8,1,0,Mixed
2024-02-04 18:00:00,BIN-006,Gandhibagh,97.3,182.7,28.9,94.3,1,1,Recyclable
2024-02-04 18:00:00,BIN-007,Lakadganj,99,185.1,28.8,88.5,1,2,Organic
2024-02-04 18:00:00,BIN-008,Lakadganj,87.6,152.2,31.0,91.1,0,1,Organic
2024-02-04 18:00:00,BIN-009,Sadar,95.1,182.6,27.0,91.2,1,2,Mixed
2024-02-04 18:00:00,BIN-010,Sadar,99,193.3,29.3,92.2,1,2,Mixed
2024-02-04 18:00:00,BIN-011,Itwari,89.0,177.1,31.5,87.3,0,2,Mixed
2024-02-04 18:00:00,BIN-012,Itwari,91.1,176.2,30.9,94.0,1,1,Mixed
2024-02-04 21:00:00,BIN-001,Dharampeth,91.3,153.8,24.0,91.3,1,0,Mixed
2024-02-04 21:00:00,BIN-002,Dharampeth,95.6,175.9,25.0,90.1,0,2,Organic
2024-02-04 21:00:00,BIN-003,Sitabuldi,95.3,177.1,24.1,92.3,0,0,Mixed
2024-02-04 21:00:00,BIN-004,Sitabuldi,97.4,182.9,23.0,91.8,0,0,Recyclable
2024-02-04 21:00:00,BIN-005,Gandhibagh,99,166.4,24.9,85.2,1,0,Organic
2024-02-04 21:00:00,BIN-006,Gandhibagh,98.5,177.4,23.8,90.9,1,0,Mixed
2024-02-04 21:00:00,BIN-007,Lakadganj,96.8,189.4,24.8,93.1,0,0,Mixed
2024-02-04 21:00:00,BIN-008,Lakadganj,95.1,179.0,27.0,88.6,1,1,Mixed
2024-02-04 21:00:00,BIN-009,Sadar,99,184.3,25.4,93.2,0,2,Mixed
2024-02-04 21:00:00,BIN-010,Sadar,96.4,185.9,25.1,89.7,1,2,Mixed
2024-02-04 21:00:00,BIN-011,Itwari,99,168.0,23.2,94.1,0,1,Recyclable
2024-02-04 21:00:00,BIN-012,Itwari,99,192.1,24.1,91.9,1,0,Mixed
2024-02-05 00:00:00,BIN-001,Dharampeth,94.0,177.6,22.6,87.2,1,0,Mixed
2024-02-05 00:00:00,BIN-002,Dharampeth,94.4,179.0,23.0,84.1,0,2,Mixed
2024-02-05 00:00:00,BIN-003,Sitabuldi,97.2,185.1,23.0,88.1,0,0,Mixed
2024-02-05 00:00:00,BIN-004,Sitabuldi,89.9,157.2,20.0,88.7,0,0,Recyclable
2024-02-05 00:00:00,BIN-005,Gandhibagh,89.6,157.4,20.9,86.8,0,1,Mixed
2024-02-05 00:00:00,BIN-006,Gandhibagh,98.8,190.5,23.9,91.0,1,2,Organic
2024-02-05 00:00:00,BIN-007,Lakadganj,95.1,179.8,21.4,90.8,0,2,Mixed
2024-02-05 00:00:00,BIN-008,Lakadganj,99,180.7,23.5,91.4,0,0,Organic
2024-02-05 00:00:00,BIN-009,Sadar,99,177.1,20.9,84.2,1,0,Mixed
2024-02-05 00:00:00,BIN-010,Sadar,99,170.9,25.4,91.6,0,1,Recyclable
2024-02-05 00:00:00,BIN-011,Itwari,99,187.8,22.5,91.9,1,2,Mixed
2024-02-05 00:00:00,BIN-012,Itwari,99,174.1,20.9,90.9,0,1,Mixed
2024-02-05 03:00:00,BIN-001,Dharampeth,99,175.3,23.3,92.8,1,0,Recyclable
2024-02-05 03:00:00,BIN-002,Dharampeth,99,177.0,20.8,91.9,0,1,Mixed
2024-02-05 03:00:00,BIN-003,Sitabuldi,90.0,171.7,22.9,95.1,1,0,Organic
2024-02-05 03:00:00,BIN-004,Sitabuldi,97.7,176.8,23.0,89.7,0,1,Mixed
2024-02-05 03:00:00,BIN-005,Gandhibagh,99,191.0,23.5,90.4,1,1,Mixed
2024-02-05 03:00:00,BIN-006,Gandhibagh,99,197.8,22.8,88.5,1,1,Organic
2024-02-05 03:00:00,BIN-007,Lakadganj,99,183.3,23.3,87.8,0,1,Mixed
2024-02-05 03:00:00,BIN-008,Lakadganj,99,188.4,25.5,86.1,0,2,Mixed
2024-02-05 03:00:00,BIN-009,Sadar,98.8,188.6,24.1,88.6,1,2,Mixed
2024-02-05 03:00:00,BIN-010,Sadar,92.7,164.4,26.5,90.9,0,1,Mixed
2024-02-05 03:00:00,BIN-011,Itwari,96.0,179.7,22.0,90.4,0,1,Mixed
2024-02-05 03:00:00,BIN-012,Itwari,92.8,173.4,20.7,90.3,1,0,Mixed
2024-02-05 12:00:00,BIN-001,Dharampeth,89.8,160.7,34.7,91.0,0,2,Mixed
2024-02-05 12:00:00,BIN-002,Dharampeth,93.3,163.2,37.9,87.6,0,2,Mixed
2024-02-05 12:00:00,BIN-003,Sitabuldi,98.7,193.8,38.3,88.3,1,1,Mixed
2024-02-05 12:00:00,BIN-004,Sitabuldi,99,174.4,43.0,87.8,1,2,Mixed
2024-02-05 12:00:00,BIN-005,Gandhibagh,99,179.3,36.2,90.0,0,2,Mixed
2024-02-05 12:00:00,BIN-006,Gandhibagh,99,181.0,38.0,90.9,1,1,Mixed
2024-02-05 12:00:00,BIN-007,Lakadganj,99,179.8,39.6,91.5,1,0,Organic
2024-02-05 12:00:00,BIN-008,Lakadganj,99,177.4,39.6,88.2,0,0,Organic
2024-02-05 12:00:00,BIN-009,Sadar,99,179.9,38.7,94.0,0,0,Recyclable
2024-02-05 12:00:00,BIN-010,Sadar,99,192.2,36.7,90.4,1,0,Mixed
2024-02-05 12:00:00,BIN-011,Itwari,96.6,168.7,37.9,87.9,0,1,Organic
2024-02-05 12:00:00,BIN-012,Itwari,99,189.0,37.0,87.1,0,1,Recyclable
2024-02-05 15:00:00,BIN-001,Dharampeth,99,174.7,39.8,87.8,1,1,Mixed
2024-02-05 15:00:00,BIN-002,Dharampeth,99,198.2,32.4,95.2,0,1,Organic
2024-02-05 15:00:00,BIN-003,Sitabuldi,99,195.6,35.5,91.5,0,0,Organic
2024-02-05 15:00:00,BIN-004,Sitabuldi,93.2,183.2,35.1,90.3,0,0,Organic
2024-02-05 15:00:00,BIN-005,Gandhibagh,99,195.6,37.8,96.3,0,2,Mixed
2024-02-05 15:00:00,BIN-006,Gandhibagh,99,169.9,36.4,86.9,1,0,Mixed
2024-02-05 15:00:00,BIN-007,Lakadganj,99,193.5,36.3,91.7,0,1,Organic
2024-02-05 15:00:00,BIN-008,Lakadganj,95.9,178.4,33.6,89.3,1,1,Mixed
2024-02-05 15:00:00,BIN-009,Sadar,99,177.9,34.9,84.5,1,2,Mixed
2024-02-05 15:00:00,BIN-010,Sadar,99,178.2,36.6,86.6,0,0,Organic
2024-02-05 15:00:00,BIN-011,Itwari,99,166.7,33.7,83.6,1,0,Recyclable
2024-02-05 15:00:00,BIN-012,Itwari,99,178.3,34.2,91.9,0,1,Mixed
2024-02-05 18:00:00,BIN-001,Dharampeth,97.4,174.9,29.6,90.1,0,0,Recyclable
2024-02-05 18:00:00,BIN-002,Dharampeth,99,167.7,29.7,86.5,1,0,Mixed
2024-02-05 18:00:00,BIN-003,Sitabuldi,98.3,189.3,30.4,91.0,1,2,Organic
2024-02-05 18:00:00,BIN-004,Sitabuldi,99,179.9,29.7,94.3,1,1,Mixed
2024-02-05 18:00:00,BIN-005,Gandhibagh,85.5,162.3,28.9,84.6,0,1,Mixed
2024-02-05 18:00:00,BIN-006,Gandhibagh,99,169.2,31.5,89.5,1,0,Mixed
2024-02-05 18:00:00,BIN-007,Lakadganj,98.6,168.5,31.2,91.5,1,2,Organic
2024-02-05 18:00:00,BIN-008,Lakadganj,95.3,174.8,28.8,88.6,0,0,Mixed
2024-02-05 18:00:00,BIN-009,Sadar,99,186.8,31.3,89.9,1,0,Mixed
2024-02-05 18:00:00,BIN-010,Sadar,99,196.8,32.1,95.6,1,0,Mixed
2024-02-05 18:00:00,BIN-011,Itwari,98.9,177.4,30.1,85.2,0,0,Mixed
2024-02-05 18:00:00,BIN-012,Itwari,99,184.2,32.0,91.4,1,1,Hazardous
2024-02-05 21:00:00,BIN-001,Dharampeth,99,187.4,22.2,91.0,1,2,Mixed
2024-02-05 21:00:00,BIN-002,Dharampeth,99,171.9,24.0,89.2,0,1,Mixed
2024-02-05 21:00:00,BIN-003,Sitabuldi,99,183.2,25.9,93.6,0,1,Organic
2024-02-05 21:00:00,BIN-004,Sitabuldi,99,178.8,29.5,98.0,1,0,Mixed
2024-02-05 21:00:00,BIN-005,Gandhibagh,99,189.7,23.3,88.7,1,2,Mixed
2024-02-05 21:00:00,BIN-006,Gandhibagh,94.2,176.6,26.3,90.9,0,1,Mixed
2024-02-05 21:00:00,BIN-007,Lakadganj,95.8,179.9,26.3,89.7,0,1,Organic
2024-02-05 21:00:00,BIN-008,Lakadganj,99,192.0,25.4,97.6,1,2,Organic
2024-02-05 21:00:00,BIN-009,Sadar,99,196.4,23.3,85.6,1,2,Mixed
2024-02-05 21:00:00,BIN-010,Sadar,99,175.7,27.2,88.4,0,2,Mixed
2024-02-05 21:00:00,BIN-011,Itwari,99,193.0,26.0,94.2,1,0,Mixed
2024-02-05 21:00:00,BIN-012,Itwari,99,189.0,21.8,91.1,0,2,Organic
2024-02-06 00:00:00,BIN-001,Dharampeth,99,178.5,20.7,89.2,1,0,Recyclable
2024-02-06 00:00:00,BIN-002,Dharampeth,99,185.6,19.6,88.6,1,1,Organic
2024-02-06 00:00:00,BIN-003,Sitabuldi,99,166.6,23.0,88.6,1,1,Mixed
2024-02-06 00:00:00,BIN-004,Sitabuldi,99,195.5,20.1,93.0,0,2,Mixed
2024-02-06 00:00:00,BIN-005,Gandhibagh,99,187.4,26.6,92.9,1,2,Mixed
2024-02-06 00:00:00,BIN-006,Gandhibagh,99,176.2,22.9,86.4,1,0,Recyclable
2024-02-06 00:00:00,BIN-007,Lakadganj,99,172.7,24.1,89.5,1,2,Recyclable
2024-02-06 00:00:00,BIN-008,Lakadganj,99,192.8,20.4,85.7,1,0,Mixed
2024-02-06 00:00:00,BIN-009,Sadar,99,174.6,20.2,88.3,0,1,Mixed
2024-02-06 00:00:00,BIN-010,Sadar,95.8,174.4,18.2,86.3,1,2,Recyclable
2024-02-06 00:00:00,BIN-011,Itwari,99,190.3,22.9,92.0,1,0,Mixed
2024-02-06 00:00:00,BIN-012,Itwari,99,183.2,23.7,88.6,1,1,Organic
2024-02-06 03:00:00,BIN-001,Dharampeth,99,190.2,24.0,89.1,1,1,Organic
2024-02-06 03:00:00,BIN-002,Dharampeth,99,179.7,23.6,85.6,1,2,Organic
2024-02-06 03:00:00,BIN-003,Sitabuldi,99,183.7,25.3,90.2,0,1,Hazardous
2024-02-06 03:00:00,BIN-004,Sitabuldi,98.7,174.7,21.0,92.3,0,2,Recyclable
2024-02-06 03:00:00,BIN-005,Gandhibagh,99,183.1,23.9,90.1,1,1,Recyclable
2024-02-06 03:00:00,BIN-006,Gandhibagh,99,177.0,22.5,87.6,1,1,Organic
2024-02-06 03:00:00,BIN-007,Lakadganj,99,180.2,27.5,88.6,1,1,Organic
2024-02-06 03:00:00,BIN-008,Lakadganj,92.7,173.7,25.9,87.5,0,1,Mixed
2024-02-06 03:00:00,BIN-009,Sadar,99,187.5,22.5,90.2,1,2,Organic
2024-02-06 03:00:00,BIN-010,Sadar,99,198.8,21.1,91.5,1,0,Mixed
2024-02-06 03:00:00,BIN-011,Itwari,99,188.4,23.2,83.5,1,2,Mixed
2024-02-06 03:00:00,BIN-012,Itwari,99,176.0,25.4,91.9,1,1,Mixed
2024-02-06 12:00:00,BIN-001,Dharampeth,99,189.0,40.3,89.8,0,0,Mixed
2024-02-06 12:00:00,BIN-002,Dharampeth,99,187.7,34.3,90.3,0,0,Mixed
2024-02-06 12:00:00,BIN-003,Sitabuldi,99,181.4,35.0,92.6,1,0,Recyclable
2024-02-06 12:00:00,BIN-004,Sitabuldi,99,166.4,38.5,90.0,1,2,Mixed
2024-02-06 12:00:00,BIN-005,Gandhibagh,99,179.8,38.8,89.7,1,1,Mixed
2024-02-06 12:00:00,BIN-006,Gandhibagh,99,178.4,32.9,92.6,1,0,Recyclable
2024-02-06 12:00:00,BIN-007,Lakadganj,99,179.4,41.4,89.4,0,1,Mixed
2024-02-06 12:00:00,BIN-008,Lakadganj,95.1,173.5,41.9,95.1,1,2,Organic
2024-02-06 12:00:00,BIN-009,Sadar,99,178.2,39.2,89.8,0,1,Recyclable
2024-02-06 12:00:00,BIN-010,Sadar,99,191.5,39.5,88.9,1,0,Mixed
2024-02-06 12:00:00,BIN-011,Itwari,99,190.7,38.8,91.0,1,0,Mixed
2024-02-06 12:00:00,BIN-012,Itwari,99,170.6,35.2,90.8,0,2,Recyclable
2024-02-06 15:00:00,BIN-001,Dharampeth,99,179.2,34.0,90.3,1,0,Organic
2024-02-06 15:00:00,BIN-002,Dharampeth,99,185.0,38.4,88.8,0,1,Hazardous
2024-02-06 15:00:00,BIN-003,Sitabuldi,99,178.0,34.7,92.4,1,0,Mixed
2024-02-06 15:00:00,BIN-004,Sitabuldi,99,174.2,36.1,86.6,1,2,Mixed
2024-02-06 15:00:00,BIN-005,Gandhibagh,99,188.0,36.6,90.4,0,2,Organic
2024-02-06 15:00:00,BIN-006,Gandhibagh,99,189.7,35.7,87.7,1,2,Mixed
2024-02-06 15:00:00,BIN-007,Lakadganj,99,183.0,34.3,89.8,1,0,Mixed
2024-02-06 15:00:00,BIN-008,Lakadganj,99,179.2,34.1,83.2,0,0,Mixed
2024-02-06 15:00:00,BIN-009,Sadar,99,175.6,33.5,85.2,1,1,Organic
2024-02-06 15:00:00,BIN-010,Sadar,95.8,167.6,33.8,93.8,1,1,Organic
2024-02-06 15:00:00,BIN-011,Itwari,99,193.8,35.0,88.5,0,1,Mixed
2024-02-06 15:00:00,BIN-012,Itwari,99,176.7,37.9,91.7,1,1,Organic
2024-02-06 18:00:00,BIN-001,Dharampeth,99,184.3,30.3,85.2,1,0,Organic
2024-02-06 18:00:00,BIN-002,Dharampeth,99,195.2,28.9,85.2,0,0,Mixed
2024-02-06 18:00:00,BIN-003,Sitabuldi,99,176.1,31.5,91.1,1,2,Mixed
2024-02-06 18:00:00,BIN-004,Sitabuldi,99,184.5,28.7,84.7,0,0,Mixed
2024-02-06 18:00:00,BIN-005,Gandhibagh,99,183.3,30.1,90.1,0,0,Mixed
2024-02-06 18:00:00,BIN-006,Gandhibagh,99,168.8,34.5,90.4,0,1,Organic
2024-02-06 18:00:00,BIN-007,Lakadganj,99,179.4,29.7,83.7,0,0,Organic
2024-02-06 18:00:00,BIN-008,Lakadganj,99,171.7,30.3,87.8,1,1,Recyclable
2024-02-06 18:00:00,BIN-009,Sadar,99,177.7,29.0,91.4,1,1,Hazardous
2024-02-06 18:00:00,BIN-010,Sadar,99,187.7,31.5,86.5,0,0,Recyclable
2024-02-06 18:00:00,BIN-011,Itwari,99,173.9,28.3,87.7,1,2,Organic
2024-02-06 18:00:00,BIN-012,Itwari,99,188.0,28.9,85.1,1,2,Mixed
2024-02-06 21:00:00,BIN-001,Dharampeth,99,187.3,24.9,86.3,1,1,Organic
2024-02-06 21:00:00,BIN-002,Dharampeth,99,182.9,20.6,87.2,1,1,Mixed
2024-02-06 21:00:00,BIN-003,Sitabuldi,99,185.0,23.5,85.7,1,2,Organic
2024-02-06 21:00:00,BIN-004,Sitabuldi,99,181.4,25.9,87.4,1,2,Organic
2024-02-06 21:00:00,BIN-005,Gandhibagh,99,179.1,24.9,92.2,1,1,Hazardous
2024-02-06 21:00:00,BIN-006,Gandhibagh,99,191.2,23.0,91.2,1,1,Recyclable
2024-02-06 21:00:00,BIN-007,Lakadganj,99,181.2,24.0,88.4,0,2,Mixed
2024-02-06 21:00:00,BIN-008,Lakadganj,99,188.7,22.2,89.1,1,1,Mixed
2024-02-06 21:00:00,BIN-009,Sadar,99,181.1,25.2,84.3,1,0,Mixed
2024-02-06 21:00:00,BIN-010,Sadar,99,205.4,25.9,91.7,0,1,Mixed
2024-02-06 21:00:00,BIN-011,Itwari,99,183.7,22.7,86.5,0,0,Mixed
2024-02-06 21:00:00,BIN-012,Itwari,99,194.1,23.8,85.7,0,1,Mixed
2024-02-07 00:00:00,BIN-001,Dharampeth,99,193.3,20.8,88.0,0,2,Mixed
2024-02-07 00:00:00,BIN-002,Dharampeth,97.2,184.2,23.1,91.1,1,1,Mixed
2024-02-07 00:00:00,BIN-003,Sitabuldi,99,184.3,20.4,89.0,1,1,Mixed
2024-02-07 00:00:00,BIN-004,Sitabuldi,99,175.5,22.1,90.6,1,0,Mixed
2024-02-07 00:00:00,BIN-005,Gandhibagh,99,178.2,23.5,90.0,1,2,Organic
2024-02-07 00:00:00,BIN-006,Gandhibagh,99,189.1,24.7,86.1,1,1,Organic
2024-02-07 00:00:00,BIN-007,Lakadganj,99,171.9,23.0,91.5,1,0,Organic
2024-02-07 00:00:00,BIN-008,Lakadganj,99,185.3,20.4,91.8,1,2,Organic
2024-02-07 00:00:00,BIN-009,Sadar,99,180.8,23.8,86.5,1,2,Organic
2024-02-07 00:00:00,BIN-010,Sadar,97.6,175.4,19.0,87.2,1,0,Mixed
2024-02-07 00:00:00,BIN-011,Itwari,99,189.5,24.3,91.8,1,0,Mixed
2024-02-07 00:00:00,BIN-012,Itwari,99,198.0,22.0,91.1,0,1,Hazardous
2024-02-07 03:00:00,BIN-001,Dharampeth,99,181.6,25.7,91.4,1,0,Organic
2024-02-07 03:00:00,BIN-002,Dharampeth,99,174.5,22.9,85.3,0,0,Mixed
2024-02-07 03:00:00,BIN-003,Sitabuldi,99,180.3,21.6,91.7,0,0,Mixed
2024-02-07 03:00:00,BIN-004,Sitabuldi,99,182.4,25.1,90.2,0,2,Organic
2024-02-07 03:00:00,BIN-005,Gandhibagh,99,180.7,24.2,89.0,0,0,Recyclable
2024-02-07 03:00:00,BIN-006,Gandhibagh,99,181.6,24.2,87.0,0,1,Organic
2024-02-07 03:00:00,BIN-007,Lakadganj,99,190.5,26.4,91.5,0,0,Mixed
2024-02-07 03:00:00,BIN-008,Lakadganj,99,190.2,26.6,89.2,1,1,Mixed
2024-02-07 03:00:00,BIN-009,Sadar,99,185.1,25.1,90.7,1,0,Organic
2024-02-07 03:00:00,BIN-010,Sadar,99,200.6,22.6,94.1,1,0,Organic
2024-02-07 03:00:00,BIN-011,Itwari,99,186.0,27.9,89.0,0,0,Organic
2024-02-07 03:00:00,BIN-012,Itwari,99,186.7,24.0,91.0,1,2,Mixed
2024-02-07 12:00:00,BIN-001,Dharampeth,99,179.8,37.1,85.4,1,0,Organic
2024-02-07 12:00:00,BIN-002,Dharampeth,99,180.3,38.7,88.4,0,2,Mixed
2024-02-07 12:00:00,BIN-003,Sitabuldi,99,196.1,38.4,90.7,1,0,Organic
2024-02-07 12:00:00,BIN-004,Sitabuldi,99,195.5,37.9,84.7,0,0,Organic
2024-02-07 12:00:00,BIN-005,Gandhibagh,99,188.7,36.9,91.2,0,2,Mixed
2024-02-07 12:00:00,BIN-006,Gandhibagh,99,175.7,38.7,89.4,0,2,Mixed
2024-02-07 12:00:00,BIN-007,Lakadganj,99,167.4,42.2,83.8,1,2,Organic
2024-02-07 12:00:00,BIN-008,Lakadganj,99,172.6,37.9,91.9,0,2,Mixed
2024-02-07 12:00:00,BIN-009,Sadar,99,195.8,36.1,88.3,1,0,Mixed
2024-02-07 12:00:00,BIN-010,Sadar,99,182.4,38.0,91.0,1,2,Organic
2024-02-07 12:00:00,BIN-011,Itwari,99,175.6,34.5,91.5,1,2,Mixed
2024-02-07 12:00:00,BIN-012,Itwari,99,186.7,38.5,90.7,1,1,Mixed
2024-02-07 15:00:00,BIN-001,Dharampeth,99,187.6,35.9,91.3,0,1,Recyclable
2024-02-07 15:00:00,BIN-002,Dharampeth,99,184.0,36.1,91.1,1,1,Recyclable
2024-02-07 15:00:00,BIN-003,Sitabuldi,99,167.8,35.1,81.2,1,0,Hazardous
2024-02-07 15:00:00,BIN-004,Sitabuldi,99,167.0,35.9,87.7,1,0,Mixed
2024-02-07 15:00:00,BIN-005,Gandhibagh,99,190.4,34.7,93.0,1,2,Mixed
2024-02-07 15:00:00,BIN-006,Gandhibagh,99,180.2,37.6,86.2,1,2,Mixed
2024-02-07 15:00:00,BIN-007,Lakadganj,99,183.7,38.5,91.8,1,2,Recyclable
2024-02-07 15:00:00,BIN-008,Lakadganj,99,168.4,35.3,90.8,0,2,Mixed
2024-02-07 15:00:00,BIN-009,Sadar,99,185.0,34.1,92.7,0,0,Mixed
2024-02-07 15:00:00,BIN-010,Sadar,99,193.4,37.9,90.3,1,2,Mixed
2024-02-07 15:00:00,BIN-011,Itwari,99,176.0,33.3,85.6,0,0,Mixed
2024-02-07 15:00:00,BIN-012,Itwari,99,178.8,36.1,85.9,0,1,Mixed
2024-02-07 18:00:00,BIN-001,Dharampeth,99,198.1,30.0,84.3,1,1,Mixed
2024-02-07 18:00:00,BIN-002,Dharampeth,99,182.2,30.9,83.4,1,1,Mixed
2024-02-07 18:00:00,BIN-003,Sitabuldi,99,189.1,25.2,94.9,1,0,Recyclable
2024-02-07 18:00:00,BIN-004,Sitabuldi,99,186.9,28.8,89.6,0,2,Recyclable
2024-02-07 18:00:00,BIN-005,Gandhibagh,99,186.1,31.6,85.1,0,2,Organic
2024-02-07 18:00:00,BIN-006,Gandhibagh,99,192.8,28.0,91.7,1,0,Mixed
2024-02-07 18:00:00,BIN-007,Lakadganj,99,178.1,30.8,94.1,1,2,Recyclable
2024-02-07 18:00:00,BIN-008,Lakadganj,99,189.0,32.0,84.4,1,1,Recyclable
2024-02-07 18:00:00,BIN-009,Sadar,99,183.3,30.4,87.6,1,2,Mixed
2024-02-07 18:00:00,BIN-010,Sadar,99,181.0,32.3,84.3,1,1,Mixed
2024-02-07 18:00:00,BIN-011,Itwari,99,194.8,29.0,85.0,1,1,Mixed
2024-02-07 18:00:00,BIN-012,Itwari,99,173.0,33.8,87.5,1,0,Mixed
2024-02-07 21:00:00,BIN-001,Dharampeth,99,186.5,23.6,90.5,0,2,Mixed
2024-02-07 21:00:00,BIN-002,Dharampeth,99,180.9,24.8,86.6,1,1,Organic
2024-02-07 21:00:00,BIN-003,Sitabuldi,99,182.5,26.0,90.5,1,1,Mixed
2024-02-07 21:00:00,BIN-004,Sitabuldi,99,175.5,25.3,91.3,0,1,Recyclable
2024-02-07 21:00:00,BIN-005,Gandhibagh,99,184.8,23.1,86.7,0,1,Mixed
2024-02-07 21:00:00,BIN-006,Gandhibagh,99,188.1,23.3,87.0,1,1,Organic
2024-02-07 21:00:00,BIN-007,Lakadganj,99,189.6,30.2,87.8,0,2,Mixed
2024-02-07 21:00:00,BIN-008,Lakadganj,99,179.8,23.2,87.1,0,2,Mixed
2024-02-07 21:00:00,BIN-009,Sadar,99,179.2,25.6,89.8,0,1,Mixed
2024-02-07 21:00:00,BIN-010,Sadar,99,183.0,20.4,84.9,0,0,Organic
2024-02-07 21:00:00,BIN-011,Itwari,99,181.8,22.8,88.8,0,2,Hazardous
2024-02-07 21:00:00,BIN-012,Itwari,99,185.1,23.1,89.5,1,1,Organic
2024-02-08 00:00:00,BIN-001,Dharampeth,99,177.0,22.6,85.5,1,0,Organic
2024-02-08 00:00:00,BIN-002,Dharampeth,99,191.7,25.0,86.0,0,2,Organic
2024-02-08 00:00:00,BIN-003,Sitabuldi,99,201.7,23.5,93.4,0,2,Organic
2024-02-08 00:00:00,BIN-004,Sitabuldi,99,184.3,19.3,90.3,0,1,Mixed
2024-02-08 00:00:00,BIN-005,Gandhibagh,99,187.0,19.4,91.1,1,2,Mixed
2024-02-08 00:00:00,BIN-006,Gandhibagh,99,198.5,18.6,86.2,0,2,Mixed
2024-02-08 00:00:00,BIN-007,Lakadganj,99,181.6,19.2,89.7,0,2,Organic
2024-02-08 00:00:00,BIN-008,Lakadganj,99,190.0,21.5,91.5,1,1,Mixed
2024-02-08 00:00:00,BIN-009,Sadar,99,190.9,18.3,89.3,1,1,Mixed
2024-02-08 00:00:00,BIN-010,Sadar,99,171.8,18.4,91.3,0,2,Mixed
2024-02-08 00:00:00,BIN-011,Itwari,99,191.8,22.9,94.2,0,2,Hazardous
2024-02-08 00:00:00,BIN-012,Itwari,99,180.3,23.8,85.6,0,1,Mixed
2024-02-08 03:00:00,BIN-001,Dharampeth,99,181.5,25.1,89.0,1,1,Mixed
2024-02-08 03:00:00,BIN-002,Dharampeth,99,184.9,24.2,84.6,0,1,Mixed
2024-02-08 03:00:00,BIN-003,Sitabuldi,99,191.1,22.7,88.2,1,1,Mixed
2024-02-08 03:00:00,BIN-004,Sitabuldi,99,189.1,26.2,89.3,0,2,Mixed
2024-02-08 03:00:00,BIN-005,Gandhibagh,99,182.4,25.7,92.9,0,2,Mixed
2024-02-08 03:00:00,BIN-006,Gandhibagh,99,183.3,24.7,88.6,1,0,Recyclable
2024-02-08 03:00:00,BIN-007,Lakadganj,99,172.0,23.8,91.0,1,2,Mixed
2024-02-08 03:00:00,BIN-008,Lakadganj,99,177.7,24.6,91.6,0,0,Recyclable
2024-02-08 03:00:00,BIN-009,Sadar,99,188.1,21.6,87.5,1,0,Recyclable
2024-02-08 03:00:00,BIN-010,Sadar,99,189.9,23.2,83.9,1,0,Hazardous
2024-02-08 03:00:00,BIN-011,Itwari,99,186.4,25.1,84.0,1,1,Recyclable
2024-02-08 03:00:00,BIN-012,Itwari,99,187.1,25.1,88.4,0,2,Mixed
2024-02-08 12:00:00,BIN-001,Dharampeth,16.5,32.6,40.1,96.1,0,2,Recyclable
2024-02-08 12:00:00,BIN-002,Dharampeth,20.9,38.1,41.2,87.9,0,0,Mixed
2024-02-08 12:00:00,BIN-003,Sitabuldi,17.9,27.0,36.0,85.5,0,2,Mixed
2024-02-08 12:00:00,BIN-004,Sitabuldi,18.0,39.6,38.5,85.8,0,2,Mixed
2024-02-08 12:00:00,BIN-005,Gandhibagh,9.7,18.7,39.4,93.1,0,0,Organic
2024-02-08 12:00:00,BIN-006,Gandhibagh,6.5,13.7,33.5,89.7,0,0,Mixed
2024-02-08 12:00:00,BIN-007,Lakadganj,17.5,26.1,38.4,88.6,0,1,Organic
2024-02-08 12:00:00,BIN-008,Lakadganj,33.7,78.0,35.8,87.4,0,2,Recyclable
2024-02-08 12:00:00,BIN-009,Sadar,12.8,29.6,40.5,85.1,0,1,Mixed
2024-02-08 12:00:00,BIN-010,Sadar,24.7,30.8,39.4,90.3,0,0,Recyclable
2024-02-08 12:00:00,BIN-011,Itwari,8.2,8.6,36.6,86.3,0,2,Recyclable
2024-02-08 12:00:00,BIN-012,Itwari,11.5,18.2,36.5,86.1,0,2,Mixed
2024-02-08 15:00:00,BIN-001,Dharampeth,9.4,20.4,36.4,94.0,0,0,Recyclable
2024-02-08 15:00:00,BIN-002,Dharampeth,27.1,53.6,36.4,85.1,0,1,Mixed
2024-02-08 15:00:00,BIN-003,Sitabuldi,14.2,36.7,34.4,89.4,0,1,Mixed
2024-02-08 15:00:00,BIN-004,Sitabuldi,18.0,17.9,36.8,85.7,0,1,Organic
2024-02-08 15:00:00,BIN-005,Gandhibagh,21.2,38.3,36.4,84.3,0,2,Mixed
2024-02-08 15:00:00,BIN-006,Gandhibagh,16.1,36.2,34.0,85.6,0,1,Mixed
2024-02-08 15:00:00,BIN-007,Lakadganj,13.7,36.7,37.2,91.2,0,2,Mixed
2024-02-08 15:00:00,BIN-008,Lakadganj,19.4,47.9,34.6,93.2,0,1,Hazardous
2024-02-08 15:00:00,BIN-009,Sadar,15.6,23.0,37.2,91.7,0,2,Organic
2024-02-08 15:00:00,BIN-010,Sadar,16.6,28.2,35.8,90.1,0,2,Organic
2024-02-08 15:00:00,BIN-011,Itwari,21.0,43.5,35.4,99.6,0,0,Mixed
2024-02-08 15:00:00,BIN-012,Itwari,15.4,28.7,37.2,89.6,0,0,Organic
2024-02-08 18:00:00,BIN-001,Dharampeth,25.3,42.1,30.3,91.7,0,0,Mixed
2024-02-08 18:00:00,BIN-002,Dharampeth,18.5,34.2,28.6,87.0,0,2,Organic
2024-02-08 18:00:00,BIN-003,Sitabuldi,25.1,46.3,32.1,89.2,0,1,Mixed
2024-02-08 18:00:00,BIN-004,Sitabuldi,14.0,23.8,26.6,88.5,0,2,Mixed
2024-02-08 18:00:00,BIN-005,Gandhibagh,9.5,12.1,30.2,88.4,0,1,Mixed
2024-02-08 18:00:00,BIN-006,Gandhibagh,26.5,42.1,28.9,84.5,0,0,Organic
2024-02-08 18:00:00,BIN-007,Lakadganj,13.2,22.7,30.9,83.9,0,1,Organic
2024-02-08 18:00:00,BIN-008,Lakadganj,20.3,29.3,26.5,89.4,0,1,Mixed
2024-02-08 18:00:00,BIN-009,Sadar,19.7,27.6,31.1,91.7,0,0,Mixed
2024-02-08 18:00:00,BIN-010,Sadar,19.7,50.1,32.4,86.5,0,2,Recyclable
2024-02-08 18:00:00,BIN-011,Itwari,12.3,30.9,30.2,89.7,0,1,Mixed
2024-02-08 18:00:00,BIN-012,Itwari,22.9,40.0,29.3,85.7,0,0,Organic
2024-02-08 21:00:00,BIN-001,Dharampeth,12.0,21.5,25.6,95.0,0,1,Organic
2024-02-08 21:00:00,BIN-002,Dharampeth,17.8,37.3,23.8,89.9,0,0,Organic
2024-02-08 21:00:00,BIN-003,Sitabuldi,20.0,37.0,22.8,89.4,0,2,Mixed
2024-02-08 21:00:00,BIN-004,Sitabuldi,23.2,45.2,22.6,87.2,0,1,Mixed
2024-02-08 21:00:00,BIN-005,Gandhibagh,21.1,48.6,27.4,89.3,0,0,Mixed
2024-02-08 21:00:00,BIN-006,Gandhibagh,16.8,28.1,25.1,86.1,0,0,Mixed
2024-02-08 21:00:00,BIN-007,Lakadganj,16.2,23.8,25.8,92.5,0,2,Mixed
2024-02-08 21:00:00,BIN-008,Lakadganj,16.5,22.8,21.3,86.5,0,0,Mixed
2024-02-08 21:00:00,BIN-009,Sadar,18.3,37.6,24.8,88.1,0,0,Mixed
2024-02-08 21:00:00,BIN-010,Sadar,26.6,52.2,28.6,88.7,0,1,Recyclable
2024-02-08 21:00:00,BIN-011,Itwari,16.5,22.7,26.7,89.0,0,0,Organic
2024-02-08 21:00:00,BIN-012,Itwari,28.1,51.6,27.3,86.6,0,0,Mixed
2024-02-09 00:00:00,BIN-001,Dharampeth,25.1,44.5,22.2,88.7,0,2,Organic
2024-02-09 00:00:00,BIN-002,Dharampeth,15.8,25.9,24.4,83.3,0,1,Organic
2024-02-09 00:00:00,BIN-003,Sitabuldi,20.6,39.6,24.3,87.6,0,0,Recyclable
2024-02-09 00:00:00,BIN-004,Sitabuldi,21.5,44.5,20.5,92.3,0,0,Mixed
2024-02-09 00:00:00,BIN-005,Gandhibagh,19.7,38.5,22.0,93.4,0,2,Mixed
2024-02-09 00:00:00,BIN-006,Gandhibagh,18.5,21.9,20.4,88.6,0,2,Organic
2024-02-09 00:00:00,BIN-007,Lakadganj,25.1,37.6,20.1,92.6,0,2,Mixed
2024-02-09 00:00:00,BIN-008,Lakadganj,25.8,46.7,22.9,94.4,0,1,Organic
2024-02-09 00:00:00,BIN-009,Sadar,23.7,41.8,21.8,87.0,0,2,Recyclable
2024-02-09 00:00:00,BIN-010,Sadar,14.8,36.7,21.2,89.6,0,2,Hazardous
2024-02-09 00:00:00,BIN-011,Itwari,22.6,36.3,22.8,85.7,0,2,Mixed
2024-02-09 00:00:00,BIN-012,Itwari,23.6,39.3,22.0,89.5,0,2,Organic
2024-02-09 03:00:00,BIN-001,Dharampeth,13.6,20.3,23.1,89.1,0,0,Mixed
2024-02-09 03:00:00,BIN-002,Dharampeth,28.6,61.6,26.3,92.6,0,2,Organic
2024-02-09 03:00:00,BIN-003,Sitabuldi,16.4,28.7,25.8,93.7,0,2,Mixed
2024-02-09 03:00:00,BIN-004,Sitabuldi,29.9,73.6,23.2,88.1,0,2,Mixed
2024-02-09 03:00:00,BIN-005,Gandhibagh,24.4,45.0,23.7,88.3,0,2,Organic
2024-02-09 03:00:00,BIN-006,Gandhibagh,21.3,40.0,24.0,90.6,0,2,Mixed
2024-02-09 03:00:00,BIN-007,Lakadganj,22.6,41.2,25.8,87.9,0,0,Mixed
2024-02-09 03:00:00,BIN-008,Lakadganj,20.4,42.5,24.5,89.6,0,0,Recyclable
2024-02-09 03:00:00,BIN-009,Sadar,24.8,51.4,27.4,90.6,0,1,Mixed
2024-02-09 03:00:00,BIN-010,Sadar,13.4,18.6,24.3,86.9,0,1,Organic
2024-02-09 03:00:00,BIN-011,Itwari,34.2,61.1,26.7,91.1,0,1,Mixed
2024-02-09 03:00:00,BIN-012,Itwari,23.6,40.6,21.8,87.7,0,1,Mixed
2024-02-09 12:00:00,BIN-001,Dharampeth,30.3,56.5,41.6,87.2,0,2,Organic
2024-02-09 12:00:00,BIN-002,Dharampeth,14.3,34.6,39.6,88.8,0,2,Organic
2024-02-09 12:00:00,BIN-003,Sitabuldi,23.3,42.5,34.9,86.9,0,0,Organic
2024-02-09 12:00:00,BIN-004,Sitabuldi,27.1,52.3,36.5,86.8,0,2,Mixed
2024-02-09 12:00:00,BIN-005,Gandhibagh,16.3,29.0,38.7,88.7,0,1,Mixed
2024-02-09 12:00:00,BIN-006,Gandhibagh,22.7,36.5,42.2,83.8,0,2,Mixed
2024-02-09 12:00:00,BIN-007,Lakadganj,15.6,29.0,35.4,90.8,0,1,Hazardous
2024-02-09 12:00:00,BIN-008,Lakadganj,21.0,50.0,38.0,93.6,0,2,Mixed
2024-02-09 12:00:00,BIN-009,Sadar,32.2,65.7,37.1,86.4,0,1,Recyclable
2024-02-09 12:00:00,BIN-010,Sadar,27.3,52.3,37.7,86.3,0,2,Hazardous
2024-02-09 12:00:00,BIN-011,Itwari,24.0,47.5,38.1,84.8,0,1,Organic
2024-02-09 12:00:00,BIN-012,Itwari,20.2,36.0,38.3,91.6,0,2,Recyclable
2024-02-09 15:00:00,BIN-001,Dharampeth,20.1,40.8,32.8,87.2,0,0,Mixed
2024-02-09 15:00:00,BIN-002,Dharampeth,20.1,41.0,33.7,89.6,0,1,Organic
2024-02-09 15:00:00,BIN-003,Sitabuldi,29.1,52.1,36.0,86.6,0,0,Mixed
2024-02-09 15:00:00,BIN-004,Sitabuldi,26.5,53.3,35.9,94.0,0,2,Organic
2024-02-09 15:00:00,BIN-005,Gandhibagh,20.9,47.9,32.0,90.3,0,1,Mixed
2024-02-09 15:00:00,BIN-006,Gandhibagh,12.4,12.5,36.9,87.6,0,2,Mixed
2024-02-09 15:00:00,BIN-007,Lakadganj,22.0,50.1,35.3,91.8,0,0,Mixed
2024-02-09 15:00:00,BIN-008,Lakadganj,24.8,51.3,34.9,81.9,0,2,Recyclable
2024-02-09 15:00:00,BIN-009,Sadar,15.8,28.3,32.9,93.3,0,1,Mixed
2024-02-09 15:00:00,BIN-010,Sadar,28.0,55.5,34.9,84.1,0,0,Organic
2024-02-09 15:00:00,BIN-011,Itwari,21.4,41.5,34.2,94.0,0,1,Mixed
2024-02-09 15:00:00,BIN-012,Itwari,24.0,40.9,36.8,91.8,0,0,Organic
2024-02-09 18:00:00,BIN-001,Dharampeth,18.2,37.9,30.7,82.9,0,2,Recyclable
2024-02-09 18:00:00,BIN-002,Dharampeth,16.9,30.2,30.1,89.4,0,1,Mixed
2024-02-09 18:00:00,BIN-003,Sitabuldi,18.8,39.1,28.3,89.1,0,2,Mixed
2024-02-09 18:00:00,BIN-004,Sitabuldi,25.4,42.1,30.2,92.3,0,1,Mixed
2024-02-09 18:00:00,BIN-005,Gandhibagh,24.0,35.7,30.5,89.9,0,1,Mixed
2024-02-09 18:00:00,BIN-006,Gandhibagh,24.9,46.7,34.8,95.2,0,2,Organic
2024-02-09 18:00:00,BIN-007,Lakadganj,34.3,54.4,31.0,88.3,0,1,Organic
2024-02-09 18:00:00,BIN-008,Lakadganj,19.8,25.3,28.4,88.9,0,0,Mixed
2024-02-09 18:00:00,BIN-009,Sadar,25.1,45.9,32.6,93.2,0,1,Organic
2024-02-09 18:00:00,BIN-010,Sadar,16.3,27.6,29.1,84.8,0,2,Organic
2024-02-09 18:00:00,BIN-011,Itwari,31.7,57.9,28.5,90.1,0,0,Organic
2024-02-09 18:00:00,BIN-012,Itwari,24.7,40.9,28.9,92.7,0,2,Organic
2024-02-09 21:00:00,BIN-001,Dharampeth,29.5,66.0,24.6,88.7,0,2,Mixed
2024-02-09 21:00:00,BIN-002,Dharampeth,29.8,57.7,24.6,86.3,0,0,Organic
2024-02-09 21:00:00,BIN-003,Sitabuldi,32.6,71.6,27.0,85.9,0,1,Mixed
2024-02-09 21:00:00,BIN-004,Sitabuldi,25.1,47.2,22.5,82.1,0,1,Organic
2024-02-09 21:00:00,BIN-005,Gandhibagh,25.0,40.6,25.6,87.8,0,1,Mixed
2024-02-09 21:00:00,BIN-006,Gandhibagh,25.7,45.9,24.6,87.2,0,0,Mixed
2024-02-09 21:00:00,BIN-007,Lakadganj,27.1,48.3,25.7,89.2,0,1,Mixed
2024-02-09 21:00:00,BIN-008,Lakadganj,19.3,29.4,25.9,90.0,0,2,Organic
2024-02-09 21:00:00,BIN-009,Sadar,18.2,24.9,22.7,85.5,0,0,Mixed
2024-02-09 21:00:00,BIN-010,Sadar,29.7,61.8,23.7,92.1,0,1,Mixed
2024-02-09 21:00:00,BIN-011,Itwari,24.2,37.7,23.7,83.5,0,2,Mixed
2024-02-09 21:00:00,BIN-012,Itwari,28.6,52.5,22.5,88.2,0,2,Mixed
2024-02-10 00:00:00,BIN-001,Dharampeth,18.6,22.8,21.4,94.6,0,1,Recyclable
2024-02-10 00:00:00,BIN-002,Dharampeth,19.4,38.0,25.3,79.0,0,1,Mixed
2024-02-10 00:00:00,BIN-003,Sitabuldi,27.7,53.4,21.0,90.4,0,0,Recyclable
2024-02-10 00:00:00,BIN-004,Sitabuldi,29.0,44.9,22.1,86.1,0,2,Organic
2024-02-10 00:00:00,BIN-005,Gandhibagh,26.0,45.2,24.5,87.6,0,0,Organic
2024-02-10 00:00:00,BIN-006,Gandhibagh,28.1,46.6,24.6,88.9,0,1,Mixed
2024-02-10 00:00:00,BIN-007,Lakadganj,22.9,48.5,18.0,84.4,0,2,Mixed
2024-02-10 00:00:00,BIN-008,Lakadganj,27.8,50.6,22.0,88.8,0,2,Mixed
2024-02-10 00:00:00,BIN-009,Sadar,36.0,74.4,24.7,90.1,0,0,Organic
2024-02-10 00:00:00,BIN-010,Sadar,22.3,34.0,19.6,83.6,0,1,Mixed
2024-02-10 00:00:00,BIN-011,Itwari,19.0,47.4,20.7,86.8,0,2,Organic
2024-02-10 00:00:00,BIN-012,Itwari,29.7,61.0,20.2,89.2,0,0,Mixed
2024-02-10 03:00:00,BIN-001,Dharampeth,16.4,26.0,25.7,90.0,0,2,Mixed
2024-02-10 03:00:00,BIN-002,Dharampeth,26.7,40.8,27.2,89.0,0,0,Recyclable
2024-02-10 03:00:00,BIN-003,Sitabuldi,25.2,44.6,24.2,92.4,0,2,Organic
2024-02-10 03:00:00,BIN-004,Sitabuldi,21.4,39.2,25.0,85.6,0,0,Organic
2024-02-10 03:00:00,BIN-005,Gandhibagh,17.6,33.5,24.9,86.0,0,2,Mixed
2024-02-10 03:00:00,BIN-006,Gandhibagh,24.2,46.0,25.5,82.8,0,2,Organic
2024-02-10 03:00:00,BIN-007,Lakadganj,22.6,51.5,26.8,92.0,0,1,Mixed
2024-02-10 03:00:00,BIN-008,Lakadganj,25.6,45.0,20.1,87.9,0,2,Organic
2024-02-10 03:00:00,BIN-009,Sadar,22.9,51.8,24.0,86.2,0,0,Mixed
2024-02-10 03:00:00,BIN-010,Sadar,30.6,70.2,24.8,82.7,0,1,Mixed
2024-02-10 03:00:00,BIN-011,Itwari,22.7,46.1,22.4,85.6,0,1,Recyclable
2024-02-10 03:00:00,BIN-012,Itwari,21.5,29.5,23.7,85.1,0,0,Mixed
2024-02-10 12:00:00,BIN-001,Dharampeth,23.9,42.9,37.3,87.4,0,0,Mixed
2024-02-10 12:00:00,BIN-002,Dharampeth,30.5,61.9,37.2,89.9,0,2,Organic
2024-02-10 12:00:00,BIN-003,Sitabuldi,23.4,31.0,37.3,87.2,0,2,Organic
2024-02-10 12:00:00,BIN-004,Sitabuldi,24.1,43.5,37.6,81.6,0,2,Organic
2024-02-10 12:00:00,BIN-005,Gandhibagh,33.6,68.2,40.6,93.2,0,1,Mixed
2024-02-10 12:00:00,BIN-006,Gandhibagh,22.2,26.4,36.3,86.4,0,1,Organic
2024-02-10 12:00:00,BIN-007,Lakadganj,29.4,55.1,37.7,87.5,0,0,Mixed
2024-02-10 12:00:00,BIN-008,Lakadganj,21.7,33.5,39.4,77.2,0,0,Organic
2024-02-10 12:00:00,BIN-009,Sadar,34.6,71.7,39.0,82.8,0,1,Recyclable
2024-02-10 12:00:00,BIN-010,Sadar,17.2,25.0,36.0,89.6,0,0,Organic
2024-02-10 12:00:00,BIN-011,Itwari,21.6,37.5,38.0,90.3,0,1,Mixed
2024-02-10 12:00:00,BIN-012,Itwari,26.0,37.6,40.8,91.8,0,2,Mixed
2024-02-10 15:00:00,BIN-001,Dharampeth,22.2,37.9,32.8,89.8,0,2,Mixed
2024-02-10 15:00:00,BIN-002,Dharampeth,34.3,71.6,35.9,86.7,0,2,Organic
2024-02-10 15:00:00,BIN-003,Sitabuldi,28.2,53.2,36.9,88.7,0,2,Recyclable
2024-02-10 15:00:00,BIN-004,Sitabuldi,26.7,55.3,33.2,85.4,0,1,Mixed
2024-02-10 15:00:00,BIN-005,Gandhibagh,29.5,61.3,33.9,87.0,0,2,Mixed
2024-02-10 15:00:00,BIN-006,Gandhibagh,28.3,61.1,34.2,83.2,0,0,Organic
2024-02-10 15:00:00,BIN-007,Lakadganj,38.1,89.5,35.1,87.4,0,2,Mixed
2024-02-10 15:00:00,BIN-008,Lakadganj,29.2,58.6,33.9,91.5,0,0,Mixed
2024-02-10 15:00:00,BIN-009,Sadar,25.1,47.0,36.9,90.7,0,1,Mixed
2024-02-10 15:00:00,BIN-010,Sadar,31.9,69.9,38.0,91.5,0,2,Hazardous
2024-02-10 15:00:00,BIN-011,Itwari,26.5,59.4,35.6,83.8,0,1,Organic
2024-02-10 15:00:00,BIN-012,Itwari,25.5,51.7,35.9,92.4,0,1,Organic
2024-02-10 18:00:00,BIN-001,Dharampeth,23.3,39.0,34.1,84.9,0,0,Organic
2024-02-10 18:00:00,BIN-002,Dharampeth,39.5,77.0,27.5,89.6,0,2,Mixed
2024-02-10 18:00:00,BIN-003,Sitabuldi,28.0,56.9,31.2,91.4,0,1,Mixed
2024-02-10 18:00:00,BIN-004,Sitabuldi,33.5,60.0,29.3,93.6,0,2,Mixed
2024-02-10 18:00:00,BIN-005,Gandhibagh,30.2,52.7,30.7,86.3,0,2,Mixed
2024-02-10 18:00:00,BIN-006,Gandhibagh,22.5,44.5,25.7,91.5,0,0,Organic
2024-02-10 18:00:00,BIN-007,Lakadganj,23.9,59.4,30.6,87.4,0,1,Mixed
2024-02-10 18:00:00,BIN-008,Lakadganj,17.6,41.9,31.5,91.9,0,2,Mixed
2024-02-10 18:00:00,BIN-009,Sadar,25.8,37.3,29.9,84.2,0,0,Organic
2024-02-10 18:00:00,BIN-010,Sadar,27.7,45.5,35.1,90.9,0,0,Recyclable
2024-02-10 18:00:00,BIN-011,Itwari,24.0,42.6,30.7,88.7,0,2,Recyclable
2024-02-10 18:00:00,BIN-012,Itwari,29.5,54.3,27.8,91.3,0,1,Organic
2024-02-10 21:00:00,BIN-001,Dharampeth,26.9,46.2,25.2,83.1,0,1,Mixed
2024-02-10 21:00:00,BIN-002,Dharampeth,34.5,64.5,24.7,87.3,0,2,Mixed
2024-02-10 21:00:00,BIN-003,Sitabuldi,21.8,42.4,23.0,86.4,0,0,Mixed
2024-02-10 21:00:00,BIN-004,Sitabuldi,34.8,58.0,22.7,85.4,0,1,Recyclable
2024-02-10 21:00:00,BIN-005,Gandhibagh,26.6,53.2,25.6,89.6,0,1,Recyclable
2024-02-10 21:00:00,BIN-006,Gandhibagh,29.0,46.5,26.1,90.4,0,0,Mixed
2024-02-10 21:00:00,BIN-007,Lakadganj,25.6,41.0,24.8,89.2,0,0,Organic
2024-02-10 21:00:00,BIN-008,Lakadganj,27.8,57.3,21.8,90.0,0,2,Mixed
2024-02-10 21:00:00,BIN-009,Sadar,27.7,57.6,22.2,88.5,0,2,Organic
2024-02-10 21:00:00,BIN-010,Sadar,36.8,51.4,25.7,92.2,0,0,Mixed
2024-02-10 21:00:00,BIN-011,Itwari,19.5,31.6,26.6,86.9,0,1,Organic
2024-02-10 21:00:00,BIN-012,Itwari,34.6,65.8,20.6,80.7,0,1,Mixed
2024-02-11 00:00:00,BIN-001,Dharampeth,34.5,71.6,21.9,90.8,0,2,Mixed
2024-02-11 00:00:00,BIN-002,Dharampeth,21.9,44.4,22.5,89.0,0,2,Hazardous
2024-02-11 00:00:00,BIN-003,Sitabuldi,39.7,61.9,21.3,92.1,0,2,Mixed
2024-02-11 00:00:00,BIN-004,Sitabuldi,30.8,52.2,22.3,88.3,0,2,Mixed
2024-02-11 00:00:00,BIN-005,Gandhibagh,28.1,62.6,22.1,84.7,0,0,Mixed
2024-02-11 00:00:00,BIN-006,Gandhibagh,31.7,62.5,19.3,86.4,0,1,Mixed
2024-02-11 00:00:00,BIN-007,Lakadganj,30.0,56.6,22.4,84.4,0,2,Mixed
2024-02-11 00:00:00,BIN-008,Lakadganj,28.8,52.3,19.9,88.8,0,2,Organic
2024-02-11 00:00:00,BIN-009,Sadar,25.2,41.3,17.2,89.0,0,2,Recyclable
2024-02-11 00:00:00,BIN-010,Sadar,28.0,55.4,21.7,85.9,0,0,Recyclable
2024-02-11 00:00:00,BIN-011,Itwari,32.0,77.4,23.8,87.8,0,2,Mixed
2024-02-11 00:00:00,BIN-012,Itwari,26.5,49.2,20.9,91.3,0,1,Organic
2024-02-11 03:00:00,BIN-001,Dharampeth,33.4,62.7,24.3,90.2,0,0,Mixed
2024-02-11 03:00:00,BIN-002,Dharampeth,31.0,61.5,24.1,81.9,0,1,Organic
2024-02-11 03:00:00,BIN-003,Sitabuldi,29.1,47.9,25.4,90.0,0,1,Mixed
2024-02-11 03:00:00,BIN-004,Sitabuldi,27.8,51.2,24.3,91.8,0,1,Organic
2024-02-11 03:00:00,BIN-005,Gandhibagh,31.0,47.3,24.2,87.2,0,0,Recyclable
2024-02-11 03:00:00,BIN-006,Gandhibagh,28.8,43.2,23.7,89.6,0,0,Mixed
2024-02-11 03:00:00,BIN-007,Lakadganj,29.6,51.2,24.3,88.4,0,2,Recyclable
2024-02-11 03:00:00,BIN-008,Lakadganj,20.6,38.4,23.4,89.1,0,2,Organic
2024-02-11 03:00:00,BIN-009,Sadar,24.8,38.8,24.9,90.0,0,1,Organic
2024-02-11 03:00:00,BIN-010,Sadar,29.8,56.5,25.8,95.1,0,0,Mixed
2024-02-11 03:00:00,BIN-011,Itwari,34.7,56.1,27.7,90.0,0,0,Mixed
2024-02-11 03:00:00,BIN-012,Itwari,27.3,39.8,25.9,89.5,0,1,Organic
2024-02-11 12:00:00,BIN-001,Dharampeth,37.8,70.3,39.3,86.9,0,0,Recyclable
2024-02-11 12:00:00,BIN-002,Dharampeth,26.3,49.6,38.4,85.4,0,2,Mixed
2024-02-11 12:00:00,BIN-003,Sitabuldi,27.9,50.8,38.1,92.9,0,0,Mixed
2024-02-11 12:00:00,BIN-004,Sitabuldi,23.9,42.0,39.2,90.8,0,0,Organic
2024-02-11 12:00:00,BIN-005,Gandhibagh,34.4,77.3,35.0,92.2,0,2,Organic
2024-02-11 12:00:00,BIN-006,Gandhibagh,33.9,72.1,36.8,86.3,0,1,Mixed
2024-02-11 12:00:00,BIN-007,Lakadganj,34.3,59.9,37.6,92.9,0,2,Recyclable
2024-02-11 12:00:00,BIN-008,Lakadganj,39.0,68.2,38.7,86.8,0,1,Mixed
2024-02-11 12:00:00,BIN-009,Sadar,42.7,78.0,38.6,93.0,0,2,Mixed
2024-02-11 12:00:00,BIN-010,Sadar,39.2,85.3,42.4,86.2,0,2,Mixed
2024-02-11 12:00:00,BIN-011,Itwari,35.1,71.1,40.4,90.6,0,2,Organic
2024-02-11 12:00:00,BIN-012,Itwari,26.6,55.0,38.6,87.3,0,0,Organic
2024-02-11 15:00:00,BIN-001,Dharampeth,31.7,63.9,31.0,83.9,0,0,Organic
2024-02-11 15:00:00,BIN-002,Dharampeth,38.8,81.2,38.5,90.4,0,2,Organic
2024-02-11 15:00:00,BIN-003,Sitabuldi,25.4,41.0,33.4,85.1,0,1,Organic
2024-02-11 15:00:00,BIN-004,Sitabuldi,27.8,44.1,37.8,91.2,0,1,Organic
2024-02-11 15:00:00,BIN-005,Gandhibagh,32.0,50.6,38.5,91.5,0,2,Mixed
2024-02-11 15:00:00,BIN-006,Gandhibagh,28.8,49.3,36.5,87.3,0,2,Mixed
2024-02-11 15:00:00,BIN-007,Lakadganj,34.5,64.2,36.2,85.7,0,0,Organic
2024-02-11 15:00:00,BIN-008,Lakadganj,33.5,72.8,32.2,88.4,0,2,Mixed
2024-02-11 15:00:00,BIN-009,Sadar,27.2,55.2,39.4,88.0,0,1,Organic
2024-02-11 15:00:00,BIN-010,Sadar,30.2,44.7,38.7,87.4,0,0,Mixed
2024-02-11 15:00:00,BIN-011,Itwari,36.8,72.5,32.3,85.4,0,2,Organic
2024-02-11 15:00:00,BIN-012,Itwari,45.3,88.6,36.2,92.1,0,1,Organic
2024-02-11 18:00:00,BIN-001,Dharampeth,37.4,68.1,29.7,89.8,0,2,Mixed
2024-02-11 18:00:00,BIN-002,Dharampeth,28.9,48.7,29.0,85.8,0,0,Mixed
2024-02-11 18:00:00,BIN-003,Sitabuldi,28.5,48.0,30.6,85.9,0,0,Organic
2024-02-11 18:00:00,BIN-004,Sitabuldi,41.5,86.7,33.4,84.0,0,0,Mixed
2024-02-11 18:00:00,BIN-005,Gandhibagh,32.3,63.0,31.0,89.7,0,1,Mixed
2024-02-11 18:00:00,BIN-006,Gandhibagh,38.0,66.5,28.6,84.8,0,1,Organic
2024-02-11 18:00:00,BIN-007,Lakadganj,31.1,53.7,27.9,85.6,0,0,Organic
2024-02-11 18:00:00,BIN-008,Lakadganj,44.5,86.5,30.4,86.7,0,2,Hazardous
2024-02-11 18:00:00,BIN-009,Sadar,37.0,70.0,32.0,80.7,0,0,Organic
2024-02-11 18:00:00,BIN-010,Sadar,34.7,70.2,30.0,84.7,0,0,Mixed
2024-02-11 18:00:00,BIN-011,Itwari,33.5,56.0,27.3,88.0,0,0,Organic
2024-02-11 18:00:00,BIN-012,Itwari,30.4,49.0,27.9,91.0,0,2,Recyclable
2024-02-11 21:00:00,BIN-001,Dharampeth,27.6,56.0,24.6,87.1,0,0,Mixed
2024-02-11 21:00:00,BIN-002,Dharampeth,30.4,65.5,25.4,87.5,0,0,Mixed
2024-02-11 21:00:00,BIN-003,Sitabuldi,34.3,67.7,22.2,84.7,0,2,Organic
2024-02-11 21:00:00,BIN-004,Sitabuldi,31.0,47.1,24.0,90.6,0,1,Organic
2024-02-11 21:00:00,BIN-005,Gandhibagh,36.3,71.8,28.2,87.6,0,2,Mixed
2024-02-11 21:00:00,BIN-006,Gandhibagh,41.3,80.8,24.1,88.4,0,2,Mixed
2024-02-11 21:00:00,BIN-007,Lakadganj,25.3,37.2,27.0,84.4,0,2,Mixed
2024-02-11 21:00:00,BIN-008,Lakadganj,36.5,88.0,20.4,89.0,0,2,Mixed
2024-02-11 21:00:00,BIN-009,Sadar,33.9,66.5,22.5,89.8,0,2,Mixed
2024-02-11 21:00:00,BIN-010,Sadar,30.4,56.1,22.6,88.9,0,0,Mixed
2024-02-11 21:00:00,BIN-011,Itwari,36.8,61.0,21.7,92.1,0,2,Mixed
2024-02-11 21:00:00,BIN-012,Itwari,26.3,47.1,29.3,88.8,0,2,Organic
2024-02-12 00:00:00,BIN-001,Dharampeth,24.2,30.4,21.1,87.9,0,0,Mixed
2024-02-12 00:00:00,BIN-002,Dharampeth,35.0,66.8,19.1,85.2,0,1,Organic
2024-02-12 00:00:00,BIN-003,Sitabuldi,35.4,50.6,23.6,91.2,0,0,Mixed
2024-02-12 00:00:00,BIN-004,Sitabuldi,35.2,70.9,22.0,85.0,0,0,Organic
2024-02-12 00:00:00,BIN-005,Gandhibagh,32.8,50.7,23.1,95.1,0,0,Mixed
2024-02-12 00:00:00,BIN-006,Gandhibagh,37.1,71.4,20.7,89.2,0,0,Recyclable
2024-02-12 00:00:00,BIN-007,Lakadganj,31.6,58.1,22.5,87.7,0,0,Recyclable
2024-02-12 00:00:00,BIN-008,Lakadganj,38.1,75.5,26.0,83.7,0,1,Organic
2024-02-12 00:00:00,BIN-009,Sadar,37.6,63.2,25.9,92.0,0,1,Hazardous
2024-02-12 00:00:00,BIN-010,Sadar,37.7,67.7,18.3,93.3,0,2,Mixed
2024-02-12 00:00:00,BIN-011,Itwari,31.6,62.9,23.1,85.2,0,2,Hazardous
2024-02-12 00:00:00,BIN-012,Itwari,36.6,64.9,22.3,83.0,0,0,Mixed
2024-02-12 03:00:00,BIN-001,Dharampeth,35.5,76.1,24.7,90.4,0,1,Mixed
2024-02-12 03:00:00,BIN-002,Dharampeth,38.9,74.8,22.1,86.2,0,1,Mixed
2024-02-12 03:00:00,BIN-003,Sitabuldi,32.2,59.8,25.5,89.4,0,2,Mixed
2024-02-12 03:00:00,BIN-004,Sitabuldi,33.7,67.7,27.0,83.8,0,2,Mixed
2024-02-12 03:00:00,BIN-005,Gandhibagh,33.7,64.2,26.1,84.3,0,1,Mixed
2024-02-12 03:00:00,BIN-006,Gandhibagh,32.1,72.1,26.6,88.3,0,0,Mixed
2024-02-12 03:00:00,BIN-007,Lakadganj,35.6,83.5,26.8,89.3,0,0,Organic
2024-02-12 03:00:00,BIN-008,Lakadganj,43.6,85.4,26.1,84.4,0,1,Mixed
2024-02-12 03:00:00,BIN-009,Sadar,31.2,31.5,24.5,84.9,0,0,Mixed
2024-02-12 03:00:00,BIN-010,Sadar,32.6,61.7,24.2,92.3,0,0,Recyclable
2024-02-12 03:00:00,BIN-011,Itwari,34.9,58.8,24.1,87.4,0,1,Mixed
2024-02-12 03:00:00,BIN-012,Itwari,45.8,85.2,21.2,91.1,0,1,Mixed
2024-02-12 12:00:00,BIN-001,Dharampeth,38.7,66.8,40.4,87.8,0,2,Recyclable
2024-02-12 12:00:00,BIN-002,Dharampeth,38.1,76.6,37.1,90.0,0,2,Mixed
2024-02-12 12:00:00,BIN-003,Sitabuldi,49.9,80.7,40.7,87.2,0,2,Recyclable
2024-02-12 12:00:00,BIN-004,Sitabuldi,32.8,66.1,38.0,90.0,0,1,Mixed
2024-02-12 12:00:00,BIN-005,Gandhibagh,38.5,65.1,35.7,85.6,0,0,Organic
2024-02-12 12:00:00,BIN-006,Gandhibagh,38.0,68.3,39.0,88.6,0,2,Organic
2024-02-12 12:00:00,BIN-007,Lakadganj,38.5,81.9,35.6,85.5,0,1,Recyclable
2024-02-12 12:00:00,BIN-008,Lakadganj,33.4,68.6,37.3,84.5,0,1,Organic
2024-02-12 12:00:00,BIN-009,Sadar,33.9,58.1,38.8,85.6,0,2,Organic
2024-02-12 12:00:00,BIN-010,Sadar,37.8,64.0,36.1,82.9,0,0,Organic
2024-02-12 12:00:00,BIN-011,Itwari,41.1,72.2,42.1,88.9,0,2,Recyclable
2024-02-12 12:00:00,BIN-012,Itwari,23.5,49.6,39.6,86.6,0,2,Mixed
2024-02-12 15:00:00,BIN-001,Dharampeth,45.4,76.8,37.6,88.6,0,1,Mixed
2024-02-12 15:00:00,BIN-002,Dharampeth,35.6,46.7,33.9,86.0,0,1,Mixed
2024-02-12 15:00:00,BIN-003,Sitabuldi,37.8,60.0,38.0,84.0,0,1,Mixed
2024-02-12 15:00:00,BIN-004,Sitabuldi,36.5,65.9,35.0,87.4,0,1,Mixed
2024-02-12 15:00:00,BIN-005,Gandhibagh,31.2,45.0,35.8,85.0,0,2,Organic
2024-02-12 15:00:00,BIN-006,Gandhibagh,34.8,72.7,37.2,90.9,0,2,Organic
2024-02-12 15:00:00,BIN-007,Lakadganj,36.2,79.5,34.8,83.9,0,0,Recyclable
2024-02-12 15:00:00,BIN-008,Lakadganj,35.5,64.3,36.6,86.9,0,1,Organic
2024-02-12 15:00:00,BIN-009,Sadar,39.8,59.1,37.0,85.2,0,0,Mixed
2024-02-12 15:00:00,BIN-010,Sadar,41.7,80.3,36.6,81.0,0,2,Mixed
2024-02-12 15:00:00,BIN-011,Itwari,35.3,79.7,34.0,86.8,0,2,Organic
2024-02-12 15:00:00,BIN-012,Itwari,35.1,76.6,34.7,88.8,0,0,Mixed
2024-02-12 18:00:00,BIN-001,Dharampeth,35.7,70.9,31.4,87.8,0,0,Organic
2024-02-12 18:00:00,BIN-002,Dharampeth,41.5,83.3,31.2,91.2,0,0,Organic
2024-02-12 18:00:00,BIN-003,Sitabuldi,36.7,68.0,34.6,88.9,0,1,Mixed
2024-02-12 18:00:00,BIN-004,Sitabuldi,37.0,73.8,26.2,87.8,0,2,Mixed
2024-02-12 18:00:00,BIN-005,Gandhibagh,43.4,86.6,25.4,85.4,0,2,Mixed
2024-02-12 18:00:00,BIN-006,Gandhibagh,35.9,68.2,32.5,86.8,0,1,Mixed
2024-02-12 18:00:00,BIN-007,Lakadganj,39.7,68.5,27.7,85.5,0,1,Organic
2024-02-12 18:00:00,BIN-008,Lakadganj,40.7,70.1,31.3,85.6,0,1,Mixed
2024-02-12 18:00:00,BIN-009,Sadar,42.2,87.2,28.0,86.7,0,0,Mixed
2024-02-12 18:00:00,BIN-010,Sadar,39.3,82.7,28.5,89.6,0,0,Mixed
2024-02-12 18:00:00,BIN-011,Itwari,36.7,71.2,29.6,86.3,0,2,Mixed
2024-02-12 18:00:00,BIN-012,Itwari,36.8,65.8,31.9,87.5,0,1,Organic
2024-02-12 21:00:00,BIN-001,Dharampeth,39.1,69.9,26.5,85.9,0,2,Recyclable
2024-02-12 21:00:00,BIN-002,Dharampeth,41.5,80.3,30.4,88.0,0,0,Organic
2024-02-12 21:00:00,BIN-003,Sitabuldi,43.8,87.5,25.5,87.0,0,1,Mixed
2024-02-12 21:00:00,BIN-004,Sitabuldi,44.5,78.4,25.7,88.5,0,0,Mixed
2024-02-12 21:00:00,BIN-005,Gandhibagh,37.6,77.8,22.3,89.5,0,2,Organic
2024-02-12 21:00:00,BIN-006,Gandhibagh,39.5,70.2,20.4,89.8,0,0,Organic
2024-02-12 21:00:00,BIN-007,Lakadganj,36.9,55.3,25.3,82.3,0,0,Mixed
2024-02-12 21:00:00,BIN-008,Lakadganj,28.9,42.1,23.1,90.8,0,1,Mixed
2024-02-12 21:00:00,BIN-009,Sadar,44.8,85.1,24.8,90.6,0,2,Mixed
2024-02-12 21:00:00,BIN-010,Sadar,36.4,71.3,23.6,86.6,0,1,Mixed
2024-02-12 21:00:00,BIN-011,Itwari,40.2,65.4,25.5,85.0,0,1,Organic
2024-02-12 21:00:00,BIN-012,Itwari,46.1,84.1,25.5,83.1,0,1,Organic
2024-02-13 00:00:00,BIN-001,Dharampeth,37.5,72.2,22.7,91.4,0,0,Organic
2024-02-13 00:00:00,BIN-002,Dharampeth,36.3,64.8,20.7,91.0,0,1,Mixed
2024-02-13 00:00:00,BIN-003,Sitabuldi,43.0,80.2,24.0,87.8,0,1,Organic
2024-02-13 00:00:00,BIN-004,Sitabuldi,33.5,55.8,20.9,82.8,0,2,Mixed
2024-02-13 00:00:00,BIN-005,Gandhibagh,38.6,71.0,20.7,84.7,0,1,Mixed
2024-02-13 00:00:00,BIN-006,Gandhibagh,35.8,67.9,21.0,83.8,0,2,Mixed
2024-02-13 00:00:00,BIN-007,Lakadganj,41.0,81.1,22.7,90.2,0,0,Organic
2024-02-13 00:00:00,BIN-008,Lakadganj,38.3,75.3,24.8,92.9,0,1,Organic
2024-02-13 00:00:00,BIN-009,Sadar,43.2,72.5,18.2,87.4,0,2,Organic
2024-02-13 00:00:00,BIN-010,Sadar,39.3,74.7,20.4,87.5,0,1,Mixed
2024-02-13 00:00:00,BIN-011,Itwari,41.4,74.6,22.6,81.8,0,1,Mixed
2024-02-13 00:00:00,BIN-012,Itwari,42.9,73.5,23.7,89.7,0,1,Mixed
2024-02-13 03:00:00,BIN-001,Dharampeth,42.2,77.9,25.3,87.0,0,2,Mixed
2024-02-13 03:00:00,BIN-002,Dharampeth,45.2,93.5,21.3,89.0,0,1,Mixed
2024-02-13 03:00:00,BIN-003,Sitabuldi,51.0,77.1,23.6,82.1,0,1,Recyclable
2024-02-13 03:00:00,BIN-004,Sitabuldi,30.7,62.7,24.4,84.6,0,1,Mixed
2024-02-13 03:00:00,BIN-005,Gandhibagh,49.5,78.3,24.5,87.0,0,1,Recyclable
2024-02-13 03:00:00,BIN-006,Gandhibagh,42.3,74.3,23.4,91.5,0,2,Mixed
2024-02-13 03:00:00,BIN-007,Lakadganj,41.9,84.1,25.3,88.0,0,2,Mixed
2024-02-13 03:00:00,BIN-008,Lakadganj,48.3,78.1,26.2,83.1,0,2,Mixed
2024-02-13 03:00:00,BIN-009,Sadar,35.3,61.8,24.9,86.3,0,2,Mixed
2024-02-13 03:00:00,BIN-010,Sadar,47.9,81.1,22.3,79.6,0,0,Mixed
2024-02-13 03:00:00,BIN-011,Itwari,39.2,66.8,25.3,85.9,0,1,Organic
2024-02-13 03:00:00,BIN-012,Itwari,39.2,78.0,24.2,89.2,0,1,Recyclable
2024-02-13 12:00:00,BIN-001,Dharampeth,44.4,82.2,39.5,88.1,0,2,Mixed
2024-02-13 12:00:00,BIN-002,Dharampeth,45.6,78.9,41.2,88.0,0,1,Mixed
2024-02-13 12:00:00,BIN-003,Sitabuldi,40.8,68.3,36.1,88.6,0,2,Mixed
2024-02-13 12:00:00,BIN-004,Sitabuldi,38.1,65.8,39.5,87.8,0,2,Mixed
2024-02-13 12:00:00,BIN-005,Gandhibagh,40.5,73.3,39.7,90.6,0,1,Mixed
2024-02-13 12:00:00,BIN-006,Gandhibagh,49.6,91.3,39.0,94.0,0,0,Mixed
2024-02-13 12:00:00,BIN-007,Lakadganj,45.8,83.1,36.4,88.8,0,2,Mixed
2024-02-13 12:00:00,BIN-008,Lakadganj,40.6,75.7,39.4,88.3,0,0,Mixed
2024-02-13 12:00:00,BIN-009,Sadar,49.4,82.2,37.7,82.6,0,1,Mixed
2024-02-13 12:00:00,BIN-010,Sadar,45.0,88.4,36.7,90.0,0,2,Organic
2024-02-13 12:00:00,BIN-011,Itwari,38.6,68.2,36.9,83.3,0,2,Mixed
2024-02-13 12:00:00,BIN-012,Itwari,32.2,57.7,39.7,89.1,0,2,Mixed
2024-02-13 15:00:00,BIN-001,Dharampeth,38.1,70.8,35.8,88.5,0,2,Mixed
2024-02-13 15:00:00,BIN-002,Dharampeth,42.4,69.5,36.6,91.5,0,0,Mixed
2024-02-13 15:00:00,BIN-003,Sitabuldi,44.6,87.3,33.9,84.7,0,0,Mixed
2024-02-13 15:00:00,BIN-004,Sitabuldi,36.4,76.9,35.6,86.2,0,2,Mixed
2024-02-13 15:00:00,BIN-005,Gandhibagh,41.8,67.0,34.6,86.9,0,2,Mixed
2024-02-13 15:00:00,BIN-006,Gandhibagh,42.6,88.9,35.5,83.7,0,1,Organic
2024-02-13 15:00:00,BIN-007,Lakadganj,37.0,73.0,35.6,89.0,0,0,Recyclable
2024-02-13 15:00:00,BIN-008,Lakadganj,50.3,81.8,34.1,83.9,0,1,Mixed
2024-02-13 15:00:00,BIN-009,Sadar,52.8,97.0,36.6,87.2,0,1,Organic
2024-02-13 15:00:00,BIN-010,Sadar,45.0,81.7,37.8,91.5,0,2,Organic
2024-02-13 15:00:00,BIN-011,Itwari,48.3,87.3,31.7,85.2,0,0,Organic
2024-02-13 15:00:00,BIN-012,Itwari,42.0,85.4,34.0,89.8,0,0,Mixed
2024-02-13 18:00:00,BIN-001,Dharampeth,52.9,117.7,30.3,86.5,0,1,Organic
2024-02-13 18:00:00,BIN-002,Dharampeth,52.2,86.3,29.7,86.7,0,1,Recyclable
2024-02-13 18:00:00,BIN-003,Sitabuldi,53.6,93.7,29.4,82.4,0,0,Mixed
2024-02-13 18:00:00,BIN-004,Sitabuldi,40.9,80.5,30.0,83.3,0,0,Organic
2024-02-13 18:00:00,BIN-005,Gandhibagh,41.3,72.0,33.2,87.3,0,1,Organic
2024-02-13 18:00:00,BIN-006,Gandhibagh,36.6,58.6,28.6,83.7,0,0,Recyclable
2024-02-13 18:00:00,BIN-007,Lakadganj,43.5,88.0,31.9,87.7,0,2,Mixed
2024-02-13 18:00:00,BIN-008,Lakadganj,41.1,82.9,30.5,85.2,0,1,Mixed
2024-02-13 18:00:00,BIN-009,Sadar,47.4,100.0,27.8,84.6,0,1,Mixed
2024-02-13 18:00:00,BIN-010,Sadar,38.4,70.7,28.9,89.5,0,2,Organic
2024-02-13 18:00:00,BIN-011,Itwari,39.0,72.8,28.8,91.5,0,0,Hazardous
2024-02-13 18:00:00,BIN-012,Itwari,52.4,87.9,31.0,82.2,0,2,Organic
2024-02-13 21:00:00,BIN-001,Dharampeth,41.3,71.0,23.6,88.7,0,0,Mixed
2024-02-13 21:00:00,BIN-002,Dharampeth,55.6,103.2,24.6,91.6,0,0,Mixed
2024-02-13 21:00:00,BIN-003,Sitabuldi,45.5,91.1,23.7,86.8,0,1,Mixed
2024-02-13 21:00:00,BIN-004,Sitabuldi,53.1,95.1,26.6,87.3,0,2,Mixed
2024-02-13 21:00:00,BIN-005,Gandhibagh,40.6,88.4,24.4,87.9,0,2,Recyclable
2024-02-13 21:00:00,BIN-006,Gandhibagh,42.6,70.2,24.8,92.4,0,1,Mixed
2024-02-13 21:00:00,BIN-007,Lakadganj,43.3,82.0,25.7,85.6,0,1,Mixed
2024-02-13 21:00:00,BIN-008,Lakadganj,51.8,104.1,26.4,87.9,0,0,Mixed
2024-02-13 21:00:00,BIN-009,Sadar,44.8,85.1,23.1,85.4,0,0,Organic
2024-02-13 21:00:00,BIN-010,Sadar,44.1,86.2,27.3,90.9,0,2,Mixed
2024-02-13 21:00:00,BIN-011,Itwari,46.2,84.8,22.5,87.3,0,0,Organic
2024-02-13 21:00:00,BIN-012,Itwari,38.7,78.8,25.1,84.5,0,0,Mixed
2024-02-14 00:00:00,BIN-001,Dharampeth,38.4,83.8,24.4,93.9,0,0,Mixed
2024-02-14 00:00:00,BIN-002,Dharampeth,39.0,62.6,23.8,90.4,0,2,Mixed
2024-02-14 00:00:00,BIN-003,Sitabuldi,51.2,79.6,23.7,81.9,0,0,Mixed
2024-02-14 00:00:00,BIN-004,Sitabuldi,55.4,104.0,22.4,86.1,0,2,Organic
2024-02-14 00:00:00,BIN-005,Gandhibagh,54.2,87.4,24.1,88.7,0,2,Mixed
2024-02-14 00:00:00,BIN-006,Gandhibagh,46.5,81.1,20.9,93.2,0,2,Recyclable
2024-02-14 00:00:00,BIN-007,Lakadganj,46.5,79.0,21.6,87.0,0,2,Recyclable
2024-02-14 00:00:00,BIN-008,Lakadganj,50.6,102.7,25.5,89.6,0,2,Organic
2024-02-14 00:00:00,BIN-009,Sadar,44.8,84.9,19.7,91.2,0,2,Organic
2024-02-14 00:00:00,BIN-010,Sadar,55.1,99.9,20.5,85.8,0,2,Mixed
2024-02-14 00:00:00,BIN-011,Itwari,47.2,98.6,21.1,90.2,0,0,Organic
2024-02-14 00:00:00,BIN-012,Itwari,47.1,72.9,23.7,83.4,0,1,Mixed
2024-02-14 03:00:00,BIN-001,Dharampeth,44.9,93.7,24.9,86.1,0,1,Mixed
2024-02-14 03:00:00,BIN-002,Dharampeth,49.1,95.2,24.2,87.9,0,1,Organic
2024-02-14 03:00:00,BIN-003,Sitabuldi,37.4,62.8,22.7,88.1,0,1,Mixed
2024-02-14 03:00:00,BIN-004,Sitabuldi,45.4,78.8,21.5,87.7,0,1,Organic
2024-02-14 03:00:00,BIN-005,Gandhibagh,45.1,88.4,21.4,82.8,0,1,Mixed
2024-02-14 03:00:00,BIN-006,Gandhibagh,36.6,77.3,21.8,89.8,0,0,Mixed
2024-02-14 03:00:00,BIN-007,Lakadganj,48.5,82.9,26.2,84.5,0,0,Mixed
2024-02-14 03:00:00,BIN-008,Lakadganj,57.3,91.1,23.6,83.4,0,1,Mixed
2024-02-14 03:00:00,BIN-009,Sadar,48.0,93.7,23.1,89.2,0,2,Organic
2024-02-14 03:00:00,BIN-010,Sadar,41.2,84.4,23.9,83.0,0,2,Mixed
2024-02-14 03:00:00,BIN-011,Itwari,45.6,80.2,25.0,90.2,0,1,Recyclable
2024-02-14 03:00:00,BIN-012,Itwari,45.9,73.2,25.5,85.7,0,2,Mixed
2024-02-14 12:00:00,BIN-001,Dharampeth,51.0,95.4,40.9,88.6,0,2,Mixed
2024-02-14 12:00:00,BIN-002,Dharampeth,46.9,87.6,37.7,88.6,0,2,Organic
2024-02-14 12:00:00,BIN-003,Sitabuldi,54.9,106.0,36.9,84.2,0,2,Mixed
2024-02-14 12:00:00,BIN-004,Sitabuldi,41.4,67.7,41.4,83.4,0,1,Mixed
2024-02-14 12:00:00,BIN-005,Gandhibagh,54.1,107.0,38.4,84.3,0,2,Mixed
2024-02-14 12:00:00,BIN-006,Gandhibagh,50.3,98.8,34.7,87.4,0,2,Mixed
2024-02-14 12:00:00,BIN-007,Lakadganj,48.0,97.1,40.6,87.5,0,0,Mixed
2024-02-14 12:00:00,BIN-008,Lakadganj,45.6,86.4,38.1,84.4,0,0,Organic
2024-02-14 12:00:00,BIN-009,Sadar,45.0,79.6,37.1,89.3,0,0,Mixed
2024-02-14 12:00:00,BIN-010,Sadar,50.3,108.1,38.3,84.5,0,0,Mixed
2024-02-14 12:00:00,BIN-011,Itwari,36.0,61.0,39.9,90.5,0,0,Organic
2024-02-14 12:00:00,BIN-012,Itwari,47.0,87.6,41.7,85.6,0,2,Mixed
2024-02-14 15:00:00,BIN-001,Dharampeth,48.2,87.8,34.6,85.1,0,0,Recyclable
2024-02-14 15:00:00,BIN-002,Dharampeth,54.4,100.2,35.1,87.8,0,1,Mixed
2024-02-14 15:00:00,BIN-003,Sitabuldi,44.6,87.6,34.3,82.5,0,1,Organic
2024-02-14 15:00:00,BIN-004,Sitabuldi,43.6,67.7,34.5,84.8,0,2,Organic
2024-02-14 15:00:00,BIN-005,Gandhibagh,46.3,91.3,34.3,89.2,0,0,Recyclable
2024-02-14 15:00:00,BIN-006,Gandhibagh,40.6,80.1,37.7,89.9,0,0,Recyclable
2024-02-14 15:00:00,BIN-007,Lakadganj,42.1,82.8,37.1,86.2,0,2,Mixed
2024-02-14 15:00:00,BIN-008,Lakadganj,56.2,98.9,32.9,86.9,0,1,Organic
2024-02-14 15:00:00,BIN-009,Sadar,52.7,103.3,34.5,85.0,0,2,Mixed
2024-02-14 15:00:00,BIN-010,Sadar,51.1,85.9,35.7,81.5,0,0,Organic
2024-02-14 15:00:00,BIN-011,Itwari,55.3,113.0,38.5,82.8,0,1,Mixed
2024-02-14 15:00:00,BIN-012,Itwari,50.9,90.0,36.0,83.1,0,0,Mixed
2024-02-14 18:00:00,BIN-001,Dharampeth,51.2,92.4,31.2,88.3,0,0,Mixed
2024-02-14 18:00:00,BIN-002,Dharampeth,50.9,93.8,28.2,81.4,0,1,Mixed
2024-02-14 18:00:00,BIN-003,Sitabuldi,63.6,115.1,30.6,91.0,0,2,Mixed
2024-02-14 18:00:00,BIN-004,Sitabuldi,41.2,63.6,31.9,87.1,0,1,Mixed
2024-02-14 18:00:00,BIN-005,Gandhibagh,52.1,90.3,33.4,86.4,0,2,Organic
2024-02-14 18:00:00,BIN-006,Gandhibagh,43.9,72.5,29.2,83.7,0,2,Organic
2024-02-14 18:00:00,BIN-007,Lakadganj,51.5,94.5,30.6,90.9,0,0,Organic
2024-02-14 18:00:00,BIN-008,Lakadganj,61.5,117.2,30.2,81.0,0,0,Mixed
2024-02-14 18:00:00,BIN-009,Sadar,48.0,94.7,30.4,86.0,0,1,Mixed
2024-02-14 18:00:00,BIN-010,Sadar,53.2,94.8,34.2,84.5,0,2,Mixed
2024-02-14 18:00:00,BIN-011,Itwari,39.2,69.0,25.8,89.5,0,2,Organic
2024-02-14 18:00:00,BIN-012,Itwari,54.5,80.9,31.5,85.0,0,1,Mixed
2024-02-14 21:00:00,BIN-001,Dharampeth,54.1,77.5,22.9,88.1,0,2,Hazardous
2024-02-14 21:00:00,BIN-002,Dharampeth,55.2,99.7,24.1,85.3,0,2,Mixed
2024-02-14 21:00:00,BIN-003,Sitabuldi,49.1,96.0,24.8,87.1,0,2,Mixed
2024-02-14 21:00:00,BIN-004,Sitabuldi,44.9,73.9,24.4,90.0,0,0,Organic
2024-02-14 21:00:00,BIN-005,Gandhibagh,55.9,117.7,24.4,87.5,0,2,Mixed
2024-02-14 21:00:00,BIN-006,Gandhibagh,48.5,81.0,24.0,86.5,0,1,Mixed
2024-02-14 21:00:00,BIN-007,Lakadganj,49.7,104.5,25.2,87.6,0,1,Organic
2024-02-14 21:00:00,BIN-008,Lakadganj,47.6,76.1,23.2,84.6,0,2,Organic
2024-02-14 21:00:00,BIN-009,Sadar,40.9,79.6,23.0,84.2,0,2,Mixed
2024-02-14 21:00:00,BIN-010,Sadar,43.7,78.3,26.0,89.0,0,0,Mixed
2024-02-14 21:00:00,BIN-011,Itwari,42.0,88.6,24.0,83.1,0,0,Hazardous
2024-02-14 21:00:00,BIN-012,Itwari,52.5,88.4,23.5,88.1,0,0,Organic
2024-02-15 00:00:00,BIN-001,Dharampeth,45.7,87.5,19.2,87.9,0,2,Organic
2024-02-15 00:00:00,BIN-002,Dharampeth,53.2,86.9,22.0,83.9,0,1,Organic
2024-02-15 00:00:00,BIN-003,Sitabuldi,57.5,115.0,22.0,86.9,0,1,Mixed
2024-02-15 00:00:00,BIN-004,Sitabuldi,50.0,82.8,18.3,82.5,0,1,Recyclable
2024-02-15 00:00:00,BIN-005,Gandhibagh,44.3,74.2,20.4,87.4,0,1,Organic
2024-02-15 00:00:00,BIN-006,Gandhibagh,39.9,63.5,22.6,85.2,0,2,Organic
2024-02-15 00:00:00,BIN-007,Lakadganj,52.8,98.0,22.9,81.1,0,0,Recyclable
2024-02-15 00:00:00,BIN-008,Lakadganj,48.1,83.5,23.4,87.4,0,2,Organic
2024-02-15 00:00:00,BIN-009,Sadar,60.4,109.1,23.1,83.9,0,2,Hazardous
2024-02-15 00:00:00,BIN-010,Sadar,51.4,101.7,24.8,88.1,0,0,Organic
2024-02-15 00:00:00,BIN-011,Itwari,52.8,98.6,24.8,85.0,0,1,Organic
2024-02-15 00:00:00,BIN-012,Itwari,47.6,92.4,23.2,81.5,0,0,Hazardous
2024-02-15 03:00:00,BIN-001,Dharampeth,56.0,102.0,24.8,83.9,0,1,Mixed
2024-02-15 03:00:00,BIN-002,Dharampeth,51.5,113.0,23.9,88.7,0,2,Mixed
2024-02-15 03:00:00,BIN-003,Sitabuldi,58.0,109.4,21.0,90.2,0,0,Hazardous
2024-02-15 03:00:00,BIN-004,Sitabuldi,46.1,83.1,24.3,85.2,0,1,Organic
2024-02-15 03:00:00,BIN-005,Gandhibagh,58.2,104.0,27.7,84.0,0,2,Organic
2024-02-15 03:00:00,BIN-006,Gandhibagh,50.2,97.7,22.7,86.3,0,2,Mixed
2024-02-15 03:00:00,BIN-007,Lakadganj,49.4,90.6,24.8,91.4,0,1,Mixed
2024-02-15 03:00:00,BIN-008,Lakadganj,48.9,84.1,26.7,81.4,0,0,Mixed
2024-02-15 03:00:00,BIN-009,Sadar,49.6,94.6,26.3,88.9,0,1,Organic
2024-02-15 03:00:00,BIN-010,Sadar,49.1,84.8,25.0,87.3,0,2,Mixed
2024-02-15 03:00:00,BIN-011,Itwari,49.8,77.9,24.4,93.5,0,0,Organic
2024-02-15 03:00:00,BIN-012,Itwari,53.7,102.8,21.8,84.6,0,1,Recyclable
2024-02-15 12:00:00,BIN-001,Dharampeth,61.9,125.3,34.8,82.1,0,2,Hazardous
2024-02-15 12:00:00,BIN-002,Dharampeth,57.7,105.0,37.5,83.2,0,0,Organic
2024-02-15 12:00:00,BIN-003,Sitabuldi,54.2,95.9,39.1,84.3,0,2,Organic
2024-02-15 12:00:00,BIN-004,Sitabuldi,40.3,76.9,38.9,83.2,0,1,Organic
2024-02-15 12:00:00,BIN-005,Gandhibagh,54.2,103.3,36.6,87.0,0,1,Mixed
2024-02-15 12:00:00,BIN-006,Gandhibagh,58.5,95.6,40.2,93.4,0,0,Organic
2024-02-15 12:00:00,BIN-007,Lakadganj,55.3,98.4,41.4,87.8,0,1,Organic
2024-02-15 12:00:00,BIN-008,Lakadganj,40.4,87.1,39.0,88.9,0,1,Mixed
2024-02-15 12:00:00,BIN-009,Sadar,61.2,112.1,39.5,87.3,0,0,Mixed
2024-02-15 12:00:00,BIN-010,Sadar,59.7,97.5,38.5,82.9,0,0,Mixed
2024-02-15 12:00:00,BIN-011,Itwari,56.6,99.1,39.2,83.1,0,1,Organic
2024-02-15 12:00:00,BIN-012,Itwari,51.9,97.9,35.9,88.6,0,2,Organic
2024-02-15 15:00:00,BIN-001,Dharampeth,49.2,108.5,35.5,88.9,0,2,Organic
2024-02-15 15:00:00,BIN-002,Dharampeth,47.3,93.6,33.3,89.2,0,1,Hazardous
2024-02-15 15:00:00,BIN-003,Sitabuldi,68.1,123.7,36.1,89.4,0,2,Organic
2024-02-15 15:00:00,BIN-004,Sitabuldi,51.0,90.9,37.5,88.5,0,2,Organic
2024-02-15 15:00:00,BIN-005,Gandhibagh,46.5,86.3,39.2,91.1,0,1,Recyclable
2024-02-15 15:00:00,BIN-006,Gandhibagh,56.8,114.7,33.8,86.3,0,1,Mixed
2024-02-15 15:00:00,BIN-007,Lakadganj,57.3,101.7,38.5,88.2,0,2,Organic
2024-02-15 15:00:00,BIN-008,Lakadganj,48.5,89.5,37.4,86.7,0,1,Hazardous
2024-02-15 15:00:00,BIN-009,Sadar,54.3,106.9,39.5,91.1,0,2,Mixed
2024-02-15 15:00:00,BIN-010,Sadar,55.2,91.7,32.6,91.8,0,0,Mixed
2024-02-15 15:00:00,BIN-011,Itwari,55.6,96.7,35.5,89.6,0,2,Mixed
2024-02-15 15:00:00,BIN-012,Itwari,62.3,114.1,35.9,80.0,0,1,Mixed
2024-02-15 18:00:00,BIN-001,Dharampeth,53.2,93.4,33.0,83.0,0,2,Recyclable
2024-02-15 18:00:00,BIN-002,Dharampeth,49.7,87.9,26.5,82.6,0,1,Organic
2024-02-15 18:00:00,BIN-003,Sitabuldi,54.8,103.5,27.8,84.0,0,2,Organic
2024-02-15 18:00:00,BIN-004,Sitabuldi,49.0,87.9,31.3,82.5,0,1,Mixed
2024-02-15 18:00:00,BIN-005,Gandhibagh,66.7,119.7,32.7,88.7,0,1,Mixed
2024-02-15 18:00:00,BIN-006,Gandhibagh,46.0,90.7,28.5,86.5,0,0,Mixed
2024-02-15 18:00:00,BIN-007,Lakadganj,59.7,102.4,30.0,86.0,0,2,Organic
2024-02-15 18:00:00,BIN-008,Lakadganj,54.6,103.2,25.8,90.2,0,2,Recyclable
2024-02-15 18:00:00,BIN-009,Sadar,56.6,91.2,32.3,91.5,0,1,Organic
2024-02-15 18:00:00,BIN-010,Sadar,60.6,110.2,29.0,84.3,0,1,Mixed
2024-02-15 18:00:00,BIN-011,Itwari,63.9,126.8,29.4,83.7,0,2,Mixed
2024-02-15 18:00:00,BIN-012,Itwari,54.7,97.3,28.7,88.2,0,0,Mixed
2024-02-15 21:00:00,BIN-001,Dharampeth,48.6,103.6,22.5,83.0,0,1,Mixed
2024-02-15 21:00:00,BIN-002,Dharampeth,57.0,104.6,23.1,84.0,0,0,Mixed
2024-02-15 21:00:00,BIN-003,Sitabuldi,53.7,106.1,28.2,86.1,0,2,Recyclable
2024-02-15 21:00:00,BIN-004,Sitabuldi,59.2,111.2,26.1,88.2,0,0,Recyclable
2024-02-15 21:00:00,BIN-005,Gandhibagh,62.0,118.2,24.2,87.0,0,0,Mixed
2024-02-15 21:00:00,BIN-006,Gandhibagh,58.1,108.1,25.4,83.5,0,1,Mixed
2024-02-15 21:00:00,BIN-007,Lakadganj,52.2,89.0,22.7,87.9,0,2,Mixed
2024-02-15 21:00:00,BIN-008,Lakadganj,62.5,138.6,26.2,88.1,0,0,Organic
2024-02-15 21:00:00,BIN-009,Sadar,58.6,103.6,23.9,82.9,0,0,Mixed
2024-02-15 21:00:00,BIN-010,Sadar,53.3,91.0,23.4,92.4,0,0,Organic
2024-02-15 21:00:00,BIN-011,Itwari,60.3,111.1,20.4,87.1,0,1,Mixed
2024-02-15 21:00:00,BIN-012,Itwari,56.1,122.8,25.8,85.7,0,1,Organic
2024-02-16 00:00:00,BIN-001,Dharampeth,61.1,104.4,23.0,84.1,0,0,Mixed
2024-02-16 00:00:00,BIN-002,Dharampeth,52.2,92.2,24.8,86.1,0,0,Organic
2024-02-16 00:00:00,BIN-003,Sitabuldi,57.8,97.7,24.6,80.5,0,1,Mixed
2024-02-16 00:00:00,BIN-004,Sitabuldi,54.0,87.6,22.9,89.6,0,1,Mixed
2024-02-16 00:00:00,BIN-005,Gandhibagh,57.9,94.9,24.1,87.5,0,2,Organic
2024-02-16 00:00:00,BIN-006,Gandhibagh,57.4,101.7,21.0,87.1,0,0,Mixed
2024-02-16 00:00:00,BIN-007,Lakadganj,53.1,100.1,20.5,87.4,0,2,Mixed
2024-02-16 00:00:00,BIN-008,Lakadganj,50.0,91.3,25.4,85.3,0,1,Mixed
2024-02-16 00:00:00,BIN-009,Sadar,59.5,113.1,21.1,84.1,0,1,Organic
2024-02-16 00:00:00,BIN-010,Sadar,52.4,101.2,22.0,86.6,0,2,Organic
2024-02-16 00:00:00,BIN-011,Itwari,54.1,94.1,25.0,85.6,0,0,Organic
2024-02-16 00:00:00,BIN-012,Itwari,51.2,90.9,21.6,83.7,0,2,Mixed
2024-02-16 03:00:00,BIN-001,Dharampeth,61.3,119.1,22.1,87.2,0,2,Organic
2024-02-16 03:00:00,BIN-002,Dharampeth,53.8,83.6,21.7,89.4,0,2,Organic
2024-02-16 03:00:00,BIN-003,Sitabuldi,60.7,95.9,26.3,87.1,0,0,Organic
2024-02-16 03:00:00,BIN-004,Sitabuldi,65.5,120.4,24.8,80.4,0,1,Recyclable
2024-02-16 03:00:00,BIN-005,Gandhibagh,58.3,109.4,24.8,83.9,0,2,Recyclable
2024-02-16 03:00:00,BIN-006,Gandhibagh,66.8,121.0,23.0,83.8,0,2,Recyclable
2024-02-16 03:00:00,BIN-007,Lakadganj,64.6,123.0,24.4,88.4,0,0,Mixed
2024-02-16 03:00:00,BIN-008,Lakadganj,56.2,108.3,22.2,86.0,0,1,Mixed
2024-02-16 03:00:00,BIN-009,Sadar,59.7,115.7,26.7,89.7,0,0,Mixed
2024-02-16 03:00:00,BIN-010,Sadar,68.8,104.3,24.3,84.4,0,2,Mixed
2024-02-16 03:00:00,BIN-011,Itwari,49.1,101.5,24.8,85.7,0,1,Organic
2024-02-16 03:00:00,BIN-012,Itwari,56.5,100.2,21.7,85.4,0,1,Recyclable
2024-02-16 12:00:00,BIN-001,Dharampeth,53.9,114.0,36.8,87.4,0,0,Mixed
2024-02-16 12:00:00,BIN-002,Dharampeth,57.3,100.0,36.3,87.4,0,2,Organic
2024-02-16 12:00:00,BIN-003,Sitabuldi,53.2,108.2,38.4,85.2,0,0,Mixed
2024-02-16 12:00:00,BIN-004,Sitabuldi,57.0,111.6,38.1,86.3,0,1,Mixed
2024-02-16 12:00:00,BIN-005,Gandhibagh,63.8,117.5,35.1,86.8,0,2,Mixed
2024-02-16 12:00:00,BIN-006,Gandhibagh,62.0,120.7,37.4,87.3,0,1,Mixed
2024-02-16 12:00:00,BIN-007,Lakadganj,62.0,107.9,37.5,81.3,0,2,Organic
2024-02-16 12:00:00,BIN-008,Lakadganj,61.3,102.2,36.5,88.7,0,2,Mixed
2024-02-16 12:00:00,BIN-009,Sadar,56.3,100.6,37.9,80.6,0,2,Organic
2024-02-16 12:00:00,BIN-010,Sadar,65.1,128.3,34.7,88.1,0,0,Recyclable
2024-02-16 12:00:00,BIN-011,Itwari,55.3,113.9,40.6,91.0,0,1,Recyclable
2024-02-16 12:00:00,BIN-012,Itwari,61.9,120.6,38.9,84.6,0,2,Mixed
2024-02-16 15:00:00,BIN-001,Dharampeth,61.0,126.8,33.1,87.8,0,1,Mixed
2024-02-16 15:00:00,BIN-002,Dharampeth,58.5,101.2,39.5,83.9,0,1,Mixed
2024-02-16 15:00:00,BIN-003,Sitabuldi,72.0,145.8,37.7,82.2,0,0,Mixed
2024-02-16 15:00:00,BIN-004,Sitabuldi,62.2,102.3,36.3,85.1,0,2,Mixed
2024-02-16 15:00:00,BIN-005,Gandhibagh,62.1,108.8,35.3,89.0,0,2,Mixed
2024-02-16 15:00:00,BIN-006,Gandhibagh,70.9,129.7,37.2,84.6,0,0,Recyclable
2024-02-16 15:00:00,BIN-007,Lakadganj,59.2,115.7,36.3,88.9,0,0,Organic
2024-02-16 15:00:00,BIN-008,Lakadganj,63.2,113.4,33.8,89.0,0,2,Mixed
2024-02-16 15:00:00,BIN-009,Sadar,60.6,117.8,38.0,90.0,0,1,Recyclable
2024-02-16 15:00:00,BIN-010,Sadar,56.7,119.3,36.7,85.1,0,2,Organic
2024-02-16 15:00:00,BIN-011,Itwari,54.9,105.9,36.0,85.5,0,2,Recyclable
2024-02-16 15:00:00,BIN-012,Itwari,53.2,105.8,34.7,88.8,0,1,Mixed
2024-02-16 18:00:00,BIN-001,Dharampeth,64.5,118.0,31.6,88.0,0,1,Mixed
2024-02-16 18:00:00,BIN-002,Dharampeth,60.7,112.2,30.8,91.1,0,2,Organic
2024-02-16 18:00:00,BIN-003,Sitabuldi,62.7,126.2,32.8,81.7,0,2,Mixed
2024-02-16 18:00:00,BIN-004,Sitabuldi,63.6,110.9,34.4,81.7,0,0,Hazardous
2024-02-16 18:00:00,BIN-005,Gandhibagh,63.5,129.0,30.0,84.2,0,2,Mixed
2024-02-16 18:00:00,BIN-006,Gandhibagh,68.6,130.8,26.9,86.9,0,2,Recyclable
2024-02-16 18:00:00,BIN-007,Lakadganj,65.6,130.2,30.5,84.8,0,2,Mixed
2024-02-16 18:00:00,BIN-008,Lakadganj,58.4,114.8,30.6,88.4,0,1,Mixed
2024-02-16 18:00:00,BIN-009,Sadar,60.2,98.9,28.1,88.5,0,1,Recyclable
2024-02-16 18:00:00,BIN-010,Sadar,63.0,138.7,28.3,88.3,0,0,Mixed
2024-02-16 18:00:00,BIN-011,Itwari,63.2,99.6,32.0,86.9,0,1,Mixed
2024-02-16 18:00:00,BIN-012,Itwari,65.7,124.8,29.5,82.6,0,2,Recyclable
2024-02-16 21:00:00,BIN-001,Dharampeth,64.5,116.1,25.4,87.9,0,1,Mixed
2024-02-16 21:00:00,BIN-002,Dharampeth,67.9,121.5,24.8,84.3,0,2,Mixed
2024-02-16 21:00:00,BIN-003,Sitabuldi,67.6,128.8,27.4,82.2,0,1,Recyclable
2024-02-16 21:00:00,BIN-004,Sitabuldi,67.2,123.9,27.9,90.2,0,1,Mixed
2024-02-16 21:00:00,BIN-005,Gandhibagh,60.1,118.0,26.7,81.3,0,0,Recyclable
2024-02-16 21:00:00,BIN-006,Gandhibagh,63.0,120.2,25.0,87.1,0,0,Recyclable
2024-02-16 21:00:00,BIN-007,Lakadganj,71.8,147.7,25.5,90.6,0,2,Recyclable
2024-02-16 21:00:00,BIN-008,Lakadganj,61.8,113.4,25.7,91.3,0,0,Organic
2024-02-16 21:00:00,BIN-009,Sadar,66.9,118.8,25.0,87.1,0,2,Mixed
2024-02-16 21:00:00,BIN-010,Sadar,57.8,98.0,22.6,84.4,0,1,Organic
2024-02-16 21:00:00,BIN-011,Itwari,65.0,105.6,24.9,88.8,0,1,Mixed
2024-02-16 21:00:00,BIN-012,Itwari,54.6,88.2,21.8,92.7,0,2,Mixed
2024-02-17 00:00:00,BIN-001,Dharampeth,60.1,102.9,19.9,87.2,0,1,Mixed
2024-02-17 00:00:00,BIN-002,Dharampeth,71.9,121.1,22.4,84.6,0,1,Mixed
2024-02-17 00:00:00,BIN-003,Sitabuldi,64.7,115.0,20.8,87.2,0,0,Organic
2024-02-17 00:00:00,BIN-004,Sitabuldi,60.5,126.5,20.6,85.1,0,2,Mixed
2024-02-17 00:00:00,BIN-005,Gandhibagh,66.6,117.3,21.2,78.8,0,1,Organic
2024-02-17 00:00:00,BIN-006,Gandhibagh,64.0,120.0,18.0,79.4,0,1,Hazardous
2024-02-17 00:00:00,BIN-007,Lakadganj,60.9,120.2,20.6,79.7,0,0,Organic
2024-02-17 00:00:00,BIN-008,Lakadganj,60.0,114.1,22.4,91.0,0,0,Mixed
2024-02-17 00:00:00,BIN-009,Sadar,61.5,105.7,20.1,83.9,0,0,Recyclable
2024-02-17 00:00:00,BIN-010,Sadar,63.1,119.0,26.6,87.1,0,1,Mixed
2024-02-17 00:00:00,BIN-011,Itwari,60.3,112.3,22.1,89.2,0,0,Organic
2024-02-17 00:00:00,BIN-012,Itwari,67.3,123.2,25.8,84.5,0,0,Organic
2024-02-17 03:00:00,BIN-001,Dharampeth,64.3,128.5,29.7,89.1,0,0,Organic
2024-02-17 03:00:00,BIN-002,Dharampeth,56.5,91.7,23.1,86.3,0,1,Mixed
2024-02-17 03:00:00,BIN-003,Sitabuldi,65.9,117.7,26.4,83.0,0,2,Mixed
2024-02-17 03:00:00,BIN-004,Sitabuldi,64.5,123.7,24.7,84.1,0,0,Recyclable
2024-02-17 03:00:00,BIN-005,Gandhibagh,61.5,126.3,23.3,83.3,0,0,Organic
2024-02-17 03:00:00,BIN-006,Gandhibagh,70.9,125.8,24.5,85.5,0,1,Mixed
2024-02-17 03:00:00,BIN-007,Lakadganj,60.0,134.0,25.4,85.9,0,2,Organic
2024-02-17 03:00:00,BIN-008,Lakadganj,65.8,117.7,26.0,82.7,0,1,Mixed
2024-02-17 03:00:00,BIN-009,Sadar,61.9,124.6,24.9,85.9,0,2,Organic
2024-02-17 03:00:00,BIN-010,Sadar,65.3,131.3,22.4,88.9,0,2,Organic
2024-02-17 03:00:00,BIN-011,Itwari,71.0,134.1,20.5,86.5,0,0,Mixed
2024-02-17 03:00:00,BIN-012,Itwari,61.1,104.2,25.5,79.4,0,2,Organic
2024-02-17 12:00:00,BIN-001,Dharampeth,64.7,111.6,36.4,85.6,0,2,Mixed
2024-02-17 12:00:00,BIN-002,Dharampeth,54.7,94.9,38.5,82.6,0,2,Mixed
2024-02-17 12:00:00,BIN-003,Sitabuldi,61.8,113.6,39.8,83.7,0,2,Mixed
2024-02-17 12:00:00,BIN-004,Sitabuldi,68.6,123.7,35.4,85.1,0,2,Recyclable
2024-02-17 12:00:00,BIN-005,Gandhibagh,63.5,120.7,34.7,81.3,0,0,Organic
2024-02-17 12:00:00,BIN-006,Gandhibagh,67.2,121.4,34.7,88.2,0,0,Organic
2024-02-17 12:00:00,BIN-007,Lakadganj,68.1,131.4,38.0,88.9,0,0,Organic
2024-02-17 12:00:00,BIN-008,Lakadganj,66.1,128.2,36.0,89.0,0,2,Organic
2024-02-17 12:00:00,BIN-009,Sadar,53.5,110.9,40.9,81.9,0,0,Mixed
2024-02-17 12:00:00,BIN-010,Sadar,65.2,119.7,38.5,85.1,0,1,Recyclable
2024-02-17 12:00:00,BIN-011,Itwari,63.3,119.3,34.1,85.1,0,0,Organic
2024-02-17 12:00:00,BIN-012,Itwari,62.8,111.6,37.0,85.7,0,2,Mixed
2024-02-17 15:00:00,BIN-001,Dharampeth,61.5,105.8,37.3,84.4,0,1,Mixed
2024-02-17 15:00:00,BIN-002,Dharampeth,66.2,115.6,39.0,86.4,0,0,Mixed
2024-02-17 15:00:00,BIN-003,Sitabuldi,65.9,127.8,36.9,88.0,0,1,Mixed
2024-02-17 15:00:00,BIN-004,Sitabuldi,61.0,119.8,33.5,88.3,0,0,Mixed
2024-02-17 15:00:00,BIN-005,Gandhibagh,59.4,118.8,34.2,80.6,0,0,Recyclable
2024-02-17 15:00:00,BIN-006,Gandhibagh,66.7,119.7,32.9,85.2,0,0,Organic
2024-02-17 15:00:00,BIN-007,Lakadganj,62.3,124.1,38.3,88.5,0,1,Mixed
2024-02-17 15:00:00,BIN-008,Lakadganj,67.1,120.2,34.9,87.1,0,0,Mixed
2024-02-17 15:00:00,BIN-009,Sadar,62.3,120.4,36.5,90.5,0,2,Mixed
2024-02-17 15:00:00,BIN-010,Sadar,66.5,122.9,36.4,84.5,0,0,Hazardous
2024-02-17 15:00:00,BIN-011,Itwari,70.8,136.9,38.0,83.3,0,2,Hazardous
2024-02-17 15:00:00,BIN-012,Itwari,61.0,106.9,34.8,92.2,0,1,Organic
2024-02-17 18:00:00,BIN-001,Dharampeth,69.3,118.6,31.4,89.2,0,2,Mixed
2024-02-17 18:00:00,BIN-002,Dharampeth,79.3,156.5,29.8,81.6,0,1,Mixed
2024-02-17 18:00:00,BIN-003,Sitabuldi,67.2,119.7,29.3,92.6,0,1,Mixed
2024-02-17 18:00:00,BIN-004,Sitabuldi,58.1,102.7,30.1,85.7,0,1,Mixed
2024-02-17 18:00:00,BIN-005,Gandhibagh,63.9,117.2,29.5,86.8,0,1,Mixed
2024-02-17 18:00:00,BIN-006,Gandhibagh,64.7,130.2,30.4,82.5,0,0,Mixed
2024-02-17 18:00:00,BIN-007,Lakadganj,64.8,112.0,28.7,84.6,0,1,Mixed
2024-02-17 18:00:00,BIN-008,Lakadganj,68.9,128.0,31.6,86.2,0,2,Mixed
2024-02-17 18:00:00,BIN-009,Sadar,65.1,105.1,29.6,81.8,0,0,Mixed
2024-02-17 18:00:00,BIN-010,Sadar,68.3,117.2,31.0,85.1,0,0,Mixed
2024-02-17 18:00:00,BIN-011,Itwari,69.7,135.9,31.0,90.1,0,1,Organic
2024-02-17 18:00:00,BIN-012,Itwari,75.1,148.9,30.7,83.3,0,1,Mixed
2024-02-17 21:00:00,BIN-001,Dharampeth,73.4,127.0,23.8,83.9,0,2,Recyclable
2024-02-17 21:00:00,BIN-002,Dharampeth,60.3,121.3,22.3,84.9,0,2,Mixed
2024-02-17 21:00:00,BIN-003,Sitabuldi,58.7,112.5,25.5,91.2,0,1,Mixed
2024-02-17 21:00:00,BIN-004,Sitabuldi,73.4,133.1,22.1,85.6,0,1,Mixed
2024-02-17 21:00:00,BIN-005,Gandhibagh,65.7,118.3,25.2,83.0,0,1,Mixed
2024-02-17 21:00:00,BIN-006,Gandhibagh,69.3,138.9,23.8,82.1,0,0,Mixed
2024-02-17 21:00:00,BIN-007,Lakadganj,65.2,118.3,21.7,87.8,0,2,Organic
2024-02-17 21:00:00,BIN-008,Lakadganj,71.9,131.1,23.5,86.6,0,1,Recyclable
2024-02-17 21:00:00,BIN-009,Sadar,68.3,121.2,27.2,86.5,0,1,Mixed
2024-02-17 21:00:00,BIN-010,Sadar,64.0,127.0,24.9,87.9,0,0,Organic
2024-02-17 21:00:00,BIN-011,Itwari,64.7,117.4,24.9,84.4,0,2,Mixed
2024-02-17 21:00:00,BIN-012,Itwari,70.7,144.3,24.7,85.6,0,1,Organic
2024-02-18 00:00:00,BIN-001,Dharampeth,75.8,134.1,23.3,90.7,0,2,Mixed
2024-02-18 00:00:00,BIN-002,Dharampeth,66.6,133.0,19.0,92.3,0,0,Recyclable
2024-02-18 00:00:00,BIN-003,Sitabuldi,69.8,131.5,25.9,89.3,0,0,Organic
2024-02-18 00:00:00,BIN-004,Sitabuldi,76.4,142.9,25.1,85.9,0,1,Organic
2024-02-18 00:00:00,BIN-005,Gandhibagh,71.4,138.6,19.6,92.8,0,1,Organic
2024-02-18 00:00:00,BIN-006,Gandhibagh,63.5,122.9,27.3,79.6,0,0,Recyclable
2024-02-18 00:00:00,BIN-007,Lakadganj,67.1,106.2,24.1,88.3,0,1,Organic
2024-02-18 00:00:00,BIN-008,Lakadganj,68.1,138.1,25.2,88.2,0,2,Mixed
2024-02-18 00:00:00,BIN-009,Sadar,64.1,126.1,24.0,82.9,0,2,Mixed
2024-02-18 00:00:00,BIN-010,Sadar,69.2,122.9,18.5,82.2,0,2,Recyclable
2024-02-18 00:00:00,BIN-011,Itwari,59.4,123.0,23.0,87.8,0,0,Mixed
2024-02-18 00:00:00,BIN-012,Itwari,54.1,90.4,23.3,85.0,0,1,Mixed
2024-02-18 03:00:00,BIN-001,Dharampeth,69.3,140.2,24.6,85.7,0,0,Organic
2024-02-18 03:00:00,BIN-002,Dharampeth,59.5,100.8,21.6,87.5,0,2,Mixed
2024-02-18 03:00:00,BIN-003,Sitabuldi,63.2,116.1,23.4,87.7,0,2,Mixed
2024-02-18 03:00:00,BIN-004,Sitabuldi,67.8,127.4,26.7,88.0,0,0,Recyclable
2024-02-18 03:00:00,BIN-005,Gandhibagh,63.2,133.6,21.8,86.2,0,0,Mixed
2024-02-18 03:00:00,BIN-006,Gandhibagh,68.2,106.0,25.9,85.1,0,1,Mixed
2024-02-18 03:00:00,BIN-007,Lakadganj,65.9,124.2,25.1,84.2,0,0,Mixed
2024-02-18 03:00:00,BIN-008,Lakadganj,70.5,140.2,23.5,87.1,0,0,Mixed
2024-02-18 03:00:00,BIN-009,Sadar,57.3,105.6,24.2,82.1,0,2,Mixed
2024-02-18 03:00:00,BIN-010,Sadar,71.4,126.8,23.0,88.3,0,2,Organic
2024-02-18 03:00:00,BIN-011,Itwari,72.0,131.5,24.4,81.9,0,2,Mixed
2024-02-18 03:00:00,BIN-012,Itwari,60.7,99.4,24.6,88.6,0,1,Recyclable
2024-02-18 12:00:00,BIN-001,Dharampeth,59.2,115.0,39.6,86.5,0,2,Organic
2024-02-18 12:00:00,BIN-002,Dharampeth,61.8,121.7,37.1,89.4,0,1,Mixed
2024-02-18 12:00:00,BIN-003,Sitabuldi,68.7,146.5,40.9,89.5,0,0,Recyclable
2024-02-18 12:00:00,BIN-004,Sitabuldi,69.7,130.2,41.3,83.5,0,2,Hazardous
2024-02-18 12:00:00,BIN-005,Gandhibagh,65.6,98.9,34.5,87.8,0,2,Mixed
2024-02-18 12:00:00,BIN-006,Gandhibagh,63.9,128.6,37.3,84.8,0,2,Mixed
2024-02-18 12:00:00,BIN-007,Lakadganj,68.6,123.5,39.5,83.9,0,2,Organic
2024-02-18 12:00:00,BIN-008,Lakadganj,73.2,133.3,39.7,86.4,0,1,Mixed
2024-02-18 12:00:00,BIN-009,Sadar,68.4,116.6,36.6,83.2,0,1,Organic
2024-02-18 12:00:00,BIN-010,Sadar,65.5,117.6,41.7,91.7,0,0,Organic
2024-02-18 12:00:00,BIN-011,Itwari,70.6,135.9,36.9,85.2,0,1,Mixed
2024-02-18 12:00:00,BIN-012,Itwari,73.1,128.1,38.4,92.1,0,0,Mixed
2024-02-18 15:00:00,BIN-001,Dharampeth,71.2,136.7,31.4,80.6,0,2,Mixed
2024-02-18 15:00:00,BIN-002,Dharampeth,64.6,118.3,36.2,77.6,0,1,Mixed
2024-02-18 15:00:00,BIN-003,Sitabuldi,68.2,113.7,39.1,79.6,0,0,Organic
2024-02-18 15:00:00,BIN-004,Sitabuldi,66.9,122.1,35.2,89.3,0,1,Organic
2024-02-18 15:00:00,BIN-005,Gandhibagh,59.9,115.3,31.5,76.8,0,0,Recyclable
2024-02-18 15:00:00,BIN-006,Gandhibagh,73.6,145.6,34.7,88.0,0,2,Recyclable
2024-02-18 15:00:00,BIN-007,Lakadganj,80.7,163.1,36.6,83.5,0,2,Organic
2024-02-18 15:00:00,BIN-008,Lakadganj,70.0,117.8,36.0,88.9,0,1,Organic
2024-02-18 15:00:00,BIN-009,Sadar,75.8,128.5,33.2,83.0,0,1,Mixed
2024-02-18 15:00:00,BIN-010,Sadar,73.1,130.8,32.3,81.1,0,0,Organic
2024-02-18 15:00:00,BIN-011,Itwari,66.6,124.0,38.2,85.5,0,2,Mixed
2024-02-18 15:00:00,BIN-012,Itwari,69.8,126.2,31.9,88.3,0,0,Hazardous
2024-02-18 18:00:00,BIN-001,Dharampeth,68.4,138.7,28.1,86.1,0,1,Mixed
2024-02-18 18:00:00,BIN-002,Dharampeth,76.6,145.5,29.4,83.1,0,1,Mixed
2024-02-18 18:00:00,BIN-003,Sitabuldi,71.8,131.1,32.3,85.5,0,0,Mixed
2024-02-18 18:00:00,BIN-004,Sitabuldi,69.0,133.7,30.3,85.1,0,0,Mixed
2024-02-18 18:00:00,BIN-005,Gandhibagh,76.2,145.8,27.1,82.6,0,2,Mixed
2024-02-18 18:00:00,BIN-006,Gandhibagh,75.6,149.7,30.6,86.2,0,0,Organic
2024-02-18 18:00:00,BIN-007,Lakadganj,70.3,114.9,27.6,86.5,0,1,Mixed
2024-02-18 18:00:00,BIN-008,Lakadganj,80.2,145.5,32.0,83.0,0,1,Organic
2024-02-18 18:00:00,BIN-009,Sadar,70.4,135.7,28.9,82.6,0,1,Hazardous
2024-02-18 18:00:00,BIN-010,Sadar,79.6,144.3,24.4,85.1,0,0,Mixed
2024-02-18 18:00:00,BIN-011,Itwari,71.1,129.7,30.3,86.2,0,2,Mixed
2024-02-18 18:00:00,BIN-012,Itwari,66.9,111.7,29.0,88.5,0,0,Mixed
2024-02-18 21:00:00,BIN-001,Dharampeth,70.7,133.7,23.5,89.0,0,2,Organic
2024-02-18 21:00:00,BIN-002,Dharampeth,74.4,142.1,27.1,83.6,0,2,Mixed
2024-02-18 21:00:00,BIN-003,Sitabuldi,72.2,140.0,24.3,85.2,0,2,Organic
2024-02-18 21:00:00,BIN-004,Sitabuldi,71.5,139.0,19.1,85.9,0,2,Mixed
2024-02-18 21:00:00,BIN-005,Gandhibagh,70.0,113.9,26.1,87.3,0,2,Mixed
2024-02-18 21:00:00,BIN-006,Gandhibagh,76.1,136.8,23.3,83.7,0,1,Mixed
2024-02-18 21:00:00,BIN-007,Lakadganj,71.2,141.7,27.3,82.4,0,0,Organic
2024-02-18 21:00:00,BIN-008,Lakadganj,70.8,135.2,22.3,86.0,0,2,Recyclable
2024-02-18 21:00:00,BIN-009,Sadar,73.6,155.9,23.6,82.2,0,1,Mixed
2024-02-18 21:00:00,BIN-010,Sadar,63.7,122.1,22.0,86.9,0,2,Mixed
2024-02-18 21:00:00,BIN-011,Itwari,73.9,157.8,27.7,87.8,0,1,Mixed
2024-02-18 21:00:00,BIN-012,Itwari,81.6,152.1,23.5,80.9,0,0,Organic
2024-02-19 00:00:00,BIN-001,Dharampeth,69.3,121.7,22.5,82.6,0,1,Mixed
2024-02-19 00:00:00,BIN-002,Dharampeth,77.0,124.4,21.9,87.6,0,1,Mixed
2024-02-19 00:00:00,BIN-003,Sitabuldi,72.6,133.9,22.1,81.9,0,1,Mixed
2024-02-19 00:00:00,BIN-004,Sitabuldi,73.6,139.8,23.2,84.2,0,0,Mixed
2024-02-19 00:00:00,BIN-005,Gandhibagh,65.8,114.3,25.2,81.2,0,0,Organic
2024-02-19 00:00:00,BIN-006,Gandhibagh,81.1,167.2,22.6,90.7,0,1,Organic
2024-02-19 00:00:00,BIN-007,Lakadganj,72.1,140.0,20.9,88.1,0,1,Mixed
2024-02-19 00:00:00,BIN-008,Lakadganj,77.2,157.2,22.3,86.9,0,1,Hazardous
2024-02-19 00:00:00,BIN-009,Sadar,74.7,149.7,26.8,85.3,0,0,Organic
2024-02-19 00:00:00,BIN-010,Sadar,75.2,133.5,23.0,82.6,0,2,Mixed
2024-02-19 00:00:00,BIN-011,Itwari,69.3,132.6,20.0,91.1,0,1,Mixed
2024-02-19 00:00:00,BIN-012,Itwari,77.0,147.8,23.9,80.0,0,1,Organic
2024-02-19 03:00:00,BIN-001,Dharampeth,72.5,146.7,24.1,87.1,0,2,Organic
2024-02-19 03:00:00,BIN-002,Dharampeth,81.8,153.8,27.6,82.7,0,2,Recyclable
2024-02-19 03:00:00,BIN-003,Sitabuldi,70.8,134.4,23.7,82.3,0,1,Organic
2024-02-19 03:00:00,BIN-004,Sitabuldi,67.5,126.0,24.4,85.6,0,0,Mixed
2024-02-19 03:00:00,BIN-005,Gandhibagh,66.4,129.1,24.1,88.6,0,2,Organic
2024-02-19 03:00:00,BIN-006,Gandhibagh,71.6,132.4,23.5,86.8,0,1,Mixed
2024-02-19 03:00:00,BIN-007,Lakadganj,78.4,145.2,27.6,84.1,0,0,Recyclable
2024-02-19 03:00:00,BIN-008,Lakadganj,73.7,138.3,23.1,84.8,0,1,Recyclable
2024-02-19 03:00:00,BIN-009,Sadar,62.7,119.3,24.3,90.6,0,1,Mixed
2024-02-19 03:00:00,BIN-010,Sadar,76.2,144.7,28.0,84.5,0,1,Mixed
2024-02-19 03:00:00,BIN-011,Itwari,73.0,128.7,28.8,88.7,0,0,Mixed
2024-02-19 03:00:00,BIN-012,Itwari,69.0,118.0,22.1,78.4,0,1,Organic
2024-02-19 12:00:00,BIN-001,Dharampeth,74.9,129.5,38.0,89.6,0,2,Mixed
2024-02-19 12:00:00,BIN-002,Dharampeth,75.6,135.6,39.1,87.2,0,1,Mixed
2024-02-19 12:00:00,BIN-003,Sitabuldi,75.3,137.4,34.8,87.2,0,2,Mixed
2024-02-19 12:00:00,BIN-004,Sitabuldi,77.6,142.0,37.9,87.6,0,1,Organic
2024-02-19 12:00:00,BIN-005,Gandhibagh,59.1,100.0,39.1,87.1,0,1,Mixed
2024-02-19 12:00:00,BIN-006,Gandhibagh,67.7,119.3,41.6,85.1,0,1,Mixed
2024-02-19 12:00:00,BIN-007,Lakadganj,69.6,118.7,40.3,86.2,0,2,Organic
2024-02-19 12:00:00,BIN-008,Lakadganj,72.2,131.2,35.0,84.4,0,0,Recyclable
2024-02-19 12:00:00,BIN-009,Sadar,72.0,132.3,34.5,88.0,0,2,Recyclable
2024-02-19 12:00:00,BIN-010,Sadar,79.7,145.1,40.6,83.9,0,2,Mixed
2024-02-19 12:00:00,BIN-011,Itwari,80.0,140.7,37.2,83.6,0,1,Organic
2024-02-19 12:00:00,BIN-012,Itwari,79.2,135.2,35.9,86.8,0,2,Organic
2024-02-19 15:00:00,BIN-001,Dharampeth,67.4,133.4,33.2,84.2,0,0,Organic
2024-02-19 15:00:00,BIN-002,Dharampeth,68.4,132.7,33.2,87.4,0,2,Mixed
2024-02-19 15:00:00,BIN-003,Sitabuldi,72.8,128.7,35.5,78.8,0,2,Mixed
2024-02-19 15:00:00,BIN-004,Sitabuldi,74.0,140.6,37.6,85.5,0,0,Organic
2024-02-19 15:00:00,BIN-005,Gandhibagh,79.2,154.9,32.5,87.4,0,2,Organic
2024-02-19 15:00:00,BIN-006,Gandhibagh,74.6,151.9,33.0,81.6,0,1,Organic
2024-02-19 15:00:00,BIN-007,Lakadganj,72.5,131.4,33.4,81.4,0,0,Organic
2024-02-19 15:00:00,BIN-008,Lakadganj,74.4,136.3,38.0,86.2,0,2,Organic
2024-02-19 15:00:00,BIN-009,Sadar,71.4,141.4,36.6,87.5,0,0,Mixed
2024-02-19 15:00:00,BIN-010,Sadar,67.6,133.0,31.8,85.1,0,0,Mixed
2024-02-19 15:00:00,BIN-011,Itwari,83.0,146.9,32.5,86.9,0,1,Mixed
2024-02-19 15:00:00,BIN-012,Itwari,73.5,128.2,32.2,81.9,0,0,Mixed
2024-02-19 18:00:00,BIN-001,Dharampeth,76.2,134.0,31.5,80.7,0,2,Mixed
2024-02-19 18:00:00,BIN-002,Dharampeth,86.0,150.3,30.6,89.0,0,0,Mixed
2024-02-19 18:00:00,BIN-003,Sitabuldi,77.4,143.7,28.6,90.1,0,2,Organic
2024-02-19 18:00:00,BIN-004,Sitabuldi,78.5,155.4,29.7,84.9,0,2,Organic
2024-02-19 18:00:00,BIN-005,Gandhibagh,73.3,134.7,26.2,86.5,0,1,Mixed
2024-02-19 18:00:00,BIN-006,Gandhibagh,82.5,137.1,31.7,77.6,0,0,Organic
2024-02-19 18:00:00,BIN-007,Lakadganj,77.2,139.9,32.2,82.2,0,0,Mixed
2024-02-19 18:00:00,BIN-008,Lakadganj,81.8,152.1,27.8,85.7,0,1,Mixed
2024-02-19 18:00:00,BIN-009,Sadar,74.9,139.0,30.1,89.4,0,2,Mixed
2024-02-19 18:00:00,BIN-010,Sadar,75.9,127.1,30.0,85.6,0,2,Mixed
2024-02-19 18:00:00,BIN-011,Itwari,83.4,161.6,27.3,88.0,0,0,Mixed
2024-02-19 18:00:00,BIN-012,Itwari,64.7,118.8,26.4,84.8,0,2,Mixed
2024-02-19 21:00:00,BIN-001,Dharampeth,77.2,142.1,22.5,84.6,0,2,Recyclable
2024-02-19 21:00:00,BIN-002,Dharampeth,87.0,158.9,25.6,91.2,0,2,Mixed
2024-02-19 21:00:00,BIN-003,Sitabuldi,85.5,148.2,24.4,80.7,0,2,Mixed
2024-02-19 21:00:00,BIN-004,Sitabuldi,80.6,150.5,24.5,82.7,0,2,Mixed
2024-02-19 21:00:00,BIN-005,Gandhibagh,79.6,153.2,24.1,88.0,0,1,Mixed
2024-02-19 21:00:00,BIN-006,Gandhibagh,71.7,131.4,23.6,78.7,0,1,Mixed
2024-02-19 21:00:00,BIN-007,Lakadganj,77.4,158.2,23.7,91.4,0,1,Mixed
2024-02-19 21:00:00,BIN-008,Lakadganj,80.2,164.3,26.5,87.7,0,1,Mixed
2024-02-19 21:00:00,BIN-009,Sadar,79.3,145.3,25.4,89.3,0,2,Mixed
2024-02-19 21:00:00,BIN-010,Sadar,83.4,157.2,26.5,86.7,0,0,Mixed
2024-02-19 21:00:00,BIN-011,Itwari,80.5,149.2,23.2,88.2,0,2,Mixed
2024-02-19 21:00:00,BIN-012,Itwari,87.7,150.2,25.6,84.0,0,0,Organic
2024-02-20 00:00:00,BIN-001,Dharampeth,74.5,127.9,22.9,85.9,0,2,Mixed
2024-02-20 00:00:00,BIN-002,Dharampeth,70.9,129.4,22.9,81.2,0,0,Mixed
2024-02-20 00:00:00,BIN-003,Sitabuldi,79.1,140.9,19.2,86.2,0,0,Mixed
2024-02-20 00:00:00,BIN-004,Sitabuldi,80.5,152.0,21.3,87.8,0,0,Mixed
2024-02-20 00:00:00,BIN-005,Gandhibagh,85.6,174.9,22.8,88.2,0,0,Organic
2024-02-20 00:00:00,BIN-006,Gandhibagh,78.9,132.3,21.6,85.3,0,2,Organic
2024-02-20 00:00:00,BIN-007,Lakadganj,74.4,133.6,22.5,92.7,0,0,Mixed
2024-02-20 00:00:00,BIN-008,Lakadganj,86.2,153.8,21.2,87.3,0,0,Mixed
2024-02-20 00:00:00,BIN-009,Sadar,72.9,145.7,21.2,81.6,0,1,Organic
2024-02-20 00:00:00,BIN-010,Sadar,71.8,130.7,21.2,85.5,0,0,Mixed
2024-02-20 00:00:00,BIN-011,Itwari,83.3,164.8,18.0,85.6,0,2,Mixed
2024-02-20 00:00:00,BIN-012,Itwari,72.7,127.4,18.0,88.9,0,2,Mixed
2024-02-20 03:00:00,BIN-001,Dharampeth,67.5,129.4,24.0,90.9,0,0,Recyclable
2024-02-20 03:00:00,BIN-002,Dharampeth,75.3,144.9,25.6,83.3,0,0,Mixed
2024-02-20 03:00:00,BIN-003,Sitabuldi,75.2,137.9,21.2,84.6,0,0,Organic
2024-02-20 03:00:00,BIN-004,Sitabuldi,73.1,139.7,25.6,85.3,0,1,Mixed
2024-02-20 03:00:00,BIN-005,Gandhibagh,73.4,122.2,22.4,85.8,0,1,Organic
2024-02-20 03:00:00,BIN-006,Gandhibagh,74.7,137.8,21.2,80.4,0,2,Organic
2024-02-20 03:00:00,BIN-007,Lakadganj,68.1,114.7,23.9,89.7,0,0,Organic
2024-02-20 03:00:00,BIN-008,Lakadganj,78.1,144.6,21.9,81.6,0,2,Organic
2024-02-20 03:00:00,BIN-009,Sadar,78.5,146.4,24.6,88.0,0,0,Recyclable
2024-02-20 03:00:00,BIN-010,Sadar,83.0,148.8,23.3,79.1,0,0,Organic
2024-02-20 03:00:00,BIN-011,Itwari,94.5,171.9,20.2,85.7,1,0,Mixed
2024-02-20 03:00:00,BIN-012,Itwari,82.1,148.4,24.2,84.1,0,0,Mixed
2024-02-20 12:00:00,BIN-001,Dharampeth,72.5,135.1,38.4,89.0,0,0,Mixed
2024-02-20 12:00:00,BIN-002,Dharampeth,85.9,148.9,36.3,84.7,0,1,Organic
2024-02-20 12:00:00,BIN-003,Sitabuldi,79.9,152.8,36.1,85.0,0,2,Organic
2024-02-20 12:00:00,BIN-004,Sitabuldi,75.7,133.5,38.7,83.4,0,2,Mixed
2024-02-20 12:00:00,BIN-005,Gandhibagh,74.6,132.3,36.5,83.0,0,2,Mixed
2024-02-20 12:00:00,BIN-006,Gandhibagh,79.1,158.0,40.9,86.7,0,2,Mixed
2024-02-20 12:00:00,BIN-007,Lakadganj,82.0,137.7,39.0,82.9,0,0,Organic
2024-02-20 12:00:00,BIN-008,Lakadganj,83.9,152.3,38.8,85.9,0,0,Organic
2024-02-20 12:00:00,BIN-009,Sadar,87.7,166.9,35.8,88.0,0,2,Mixed
2024-02-20 12:00:00,BIN-010,Sadar,79.5,167.5,36.3,84.4,0,0,Recyclable
2024-02-20 12:00:00,BIN-011,Itwari,77.1,156.9,36.5,86.1,0,1,Mixed
2024-02-20 12:00:00,BIN-012,Itwari,82.4,157.9,36.1,82.4,0,1,Mixed
2024-02-20 15:00:00,BIN-001,Dharampeth,79.6,144.9,38.4,81.6,0,1,Mixed
2024-02-20 15:00:00,BIN-002,Dharampeth,80.4,154.9,35.0,86.7,0,1,Organic
2024-02-20 15:00:00,BIN-003,Sitabuldi,73.1,145.4,33.2,90.0,0,1,Organic
2024-02-20 15:00:00,BIN-004,Sitabuldi,80.6,146.5,36.2,82.8,0,0,Mixed
2024-02-20 15:00:00,BIN-005,Gandhibagh,90.9,172.9,35.5,84.3,0,2,Mixed
2024-02-20 15:00:00,BIN-006,Gandhibagh,79.4,142.3,39.3,84.6,0,0,Recyclable
2024-02-20 15:00:00,BIN-007,Lakadganj,78.9,157.1,33.7,89.2,0,0,Organic
2024-02-20 15:00:00,BIN-008,Lakadganj,75.5,152.0,36.0,81.1,0,1,Mixed
2024-02-20 15:00:00,BIN-009,Sadar,82.7,151.1,35.1,80.8,0,0,Mixed
2024-02-20 15:00:00,BIN-010,Sadar,81.8,138.0,33.5,81.2,0,1,Recyclable
2024-02-20 15:00:00,BIN-011,Itwari,80.1,154.9,37.4,81.4,0,1,Mixed
2024-02-20 15:00:00,BIN-012,Itwari,87.0,161.5,33.7,86.7,0,1,Recyclable
2024-02-20 18:00:00,BIN-001,Dharampeth,79.2,143.0,31.8,86.0,0,1,Mixed
2024-02-20 18:00:00,BIN-002,Dharampeth,79.8,136.7,28.1,87.0,0,0,Organic
2024-02-20 18:00:00,BIN-003,Sitabuldi,85.0,160.9,32.2,85.8,0,2,Mixed
2024-02-20 18:00:00,BIN-004,Sitabuldi,77.3,141.0,31.1,85.5,0,1,Mixed
2024-02-20 18:00:00,BIN-005,Gandhibagh,86.8,162.1,29.4,89.1,0,0,Mixed
2024-02-20 18:00:00,BIN-006,Gandhibagh,85.0,156.6,29.0,85.7,0,0,Mixed
2024-02-20 18:00:00,BIN-007,Lakadganj,81.2,156.3,27.8,89.6,0,0,Mixed
2024-02-20 18:00:00,BIN-008,Lakadganj,76.5,135.0,28.2,87.1,0,0,Organic
2024-02-20 18:00:00,BIN-009,Sadar,75.6,133.5,30.8,84.1,0,1,Mixed
2024-02-20 18:00:00,BIN-010,Sadar,84.3,169.9,30.8,87.8,0,1,Mixed
2024-02-20 18:00:00,BIN-011,Itwari,81.3,154.1,32.8,86.1,0,2,Mixed
2024-02-20 18:00:00,BIN-012,Itwari,89.8,147.1,33.2,82.7,0,2,Recyclable
2024-02-20 21:00:00,BIN-001,Dharampeth,83.6,144.6,25.8,84.5,0,1,Organic
2024-02-20 21:00:00,BIN-002,Dharampeth,77.1,148.9,24.0,81.0,0,1,Mixed
2024-02-20 21:00:00,BIN-003,Sitabuldi,89.5,163.5,25.2,79.0,0,2,Mixed
2024-02-20 21:00:00,BIN-004,Sitabuldi,75.3,142.5,27.8,84.7,0,0,Organic
2024-02-20 21:00:00,BIN-005,Gandhibagh,79.3,152.4,24.3,85.3,0,2,Mixed
2024-02-20 21:00:00,BIN-006,Gandhibagh,85.2,162.1,24.1,81.0,0,0,Mixed
2024-02-20 21:00:00,BIN-007,Lakadganj,76.7,159.1,24.1,89.4,0,2,Mixed
2024-02-20 21:00:00,BIN-008,Lakadganj,79.8,155.9,23.8,87.7,0,0,Mixed
2024-02-20 21:00:00,BIN-009,Sadar,81.3,141.0,24.0,88.0,0,0,Mixed
2024-02-20 21:00:00,BIN-010,Sadar,87.2,148.1,30.0,84.6,0,0,Mixed
2024-02-20 21:00:00,BIN-011,Itwari,77.3,143.0,21.6,83.3,0,0,Mixed
2024-02-20 21:00:00,BIN-012,Itwari,86.6,165.5,23.2,83.7,0,2,Mixed
2024-02-21 00:00:00,BIN-001,Dharampeth,73.3,142.7,23.0,79.9,0,0,Mixed
2024-02-21 00:00:00,BIN-002,Dharampeth,91.5,166.0,20.4,84.8,1,0,Organic
2024-02-21 00:00:00,BIN-003,Sitabuldi,75.1,144.9,21.9,83.1,0,2,Organic
2024-02-21 00:00:00,BIN-004,Sitabuldi,74.4,153.5,22.3,85.7,0,0,Organic
2024-02-21 00:00:00,BIN-005,Gandhibagh,84.5,141.9,24.3,86.7,0,0,Mixed
2024-02-21 00:00:00,BIN-006,Gandhibagh,95.6,176.1,21.9,84.4,1,0,Recyclable
2024-02-21 00:00:00,BIN-007,Lakadganj,88.4,157.0,22.5,88.7,0,1,Mixed
2024-02-21 00:00:00,BIN-008,Lakadganj,79.8,148.8,23.2,80.8,0,0,Organic
2024-02-21 00:00:00,BIN-009,Sadar,84.1,162.8,23.2,83.7,0,1,Mixed
2024-02-21 00:00:00,BIN-010,Sadar,77.6,136.1,21.7,88.5,0,1,Organic
2024-02-21 00:00:00,BIN-011,Itwari,85.0,161.9,22.5,86.9,0,1,Mixed
2024-02-21 00:00:00,BIN-012,Itwari,87.4,167.9,26.3,79.6,0,0,Organic
2024-02-21 03:00:00,BIN-001,Dharampeth,83.7,164.2,24.5,89.2,0,1,Mixed
2024-02-21 03:00:00,BIN-002,Dharampeth,95.2,176.7,26.4,84.7,1,1,Mixed
2024-02-21 03:00:00,BIN-003,Sitabuldi,80.1,153.6,26.0,83.7,0,2,Organic
2024-02-21 03:00:00,BIN-004,Sitabuldi,85.4,152.9,25.9,86.7,0,0,Mixed
2024-02-21 03:00:00,BIN-005,Gandhibagh,81.0,156.2,26.8,90.7,0,0,Mixed
2024-02-21 03:00:00,BIN-006,Gandhibagh,87.7,159.8,24.7,86.5,0,1,Organic
2024-02-21 03:00:00,BIN-007,Lakadganj,86.9,160.5,27.9,85.4,0,1,Organic
2024-02-21 03:00:00,BIN-008,Lakadganj,76.9,149.9,22.2,87.3,0,0,Recyclable
2024-02-21 03:00:00,BIN-009,Sadar,78.7,156.5,23.4,81.9,0,0,Mixed
2024-02-21 03:00:00,BIN-010,Sadar,85.6,165.8,27.2,85.2,0,0,Recyclable
2024-02-21 03:00:00,BIN-011,Itwari,81.8,157.6,23.5,82.1,0,1,Mixed
2024-02-21 03:00:00,BIN-012,Itwari,80.4,144.5,23.8,82.9,0,1,Organic
2024-02-21 12:00:00,BIN-001,Dharampeth,76.5,135.6,41.5,78.3,0,2,Mixed
2024-02-21 12:00:00,BIN-002,Dharampeth,79.7,145.4,38.3,88.9,0,0,Organic
2024-02-21 12:00:00,BIN-003,Sitabuldi,92.3,168.1,36.2,87.1,0,1,Mixed
2024-02-21 12:00:00,BIN-004,Sitabuldi,82.0,149.9,40.6,81.0,0,1,Recyclable
2024-02-21 12:00:00,BIN-005,Gandhibagh,94.7,179.4,39.8,86.3,0,1,Mixed
2024-02-21 12:00:00,BIN-006,Gandhibagh,71.8,141.4,37.9,80.9,0,0,Mixed
2024-02-21 12:00:00,BIN-007,Lakadganj,75.7,136.9,34.9,82.5,0,1,Organic
2024-02-21 12:00:00,BIN-008,Lakadganj,87.2,156.5,40.5,82.3,0,2,Mixed
2024-02-21 12:00:00,BIN-009,Sadar,92.5,169.2,35.5,86.6,1,2,Recyclable
2024-02-21 12:00:00,BIN-010,Sadar,87.8,165.5,37.7,81.4,0,2,Mixed
2024-02-21 12:00:00,BIN-011,Itwari,80.7,166.7,35.7,84.1,0,1,Organic
2024-02-21 12:00:00,BIN-012,Itwari,85.4,152.5,39.8,82.0,0,2,Mixed
2024-02-21 15:00:00,BIN-001,Dharampeth,85.7,161.5,32.7,82.8,0,0,Organic
2024-02-21 15:00:00,BIN-002,Dharampeth,84.7,167.8,36.2,82.0,0,0,Mixed
2024-02-21 15:00:00,BIN-003,Sitabuldi,77.9,153.4,36.0,86.9,0,1,Mixed
2024-02-21 15:00:00,BIN-004,Sitabuldi,84.0,151.8,32.0,86.9,0,1,Mixed
2024-02-21 15:00:00,BIN-005,Gandhibagh,89.0,159.2,34.3,87.3,0,2,Organic
2024-02-21 15:00:00,BIN-006,Gandhibagh,88.4,151.3,34.6,82.7,0,0,Mixed
2024-02-21 15:00:00,BIN-007,Lakadganj,83.5,148.1,35.1,85.3,0,2,Mixed
2024-02-21 15:00:00,BIN-008,Lakadganj,85.6,170.5,34.9,86.8,0,0,Mixed
2024-02-21 15:00:00,BIN-009,Sadar,93.5,168.0,36.6,86.3,1,2,Mixed
2024-02-21 15:00:00,BIN-010,Sadar,93.1,179.0,35.0,84.0,1,1,Recyclable
2024-02-21 15:00:00,BIN-011,Itwari,89.2,162.7,37.0,84.3,0,2,Mixed
2024-02-21 15:00:00,BIN-012,Itwari,82.8,140.1,36.2,83.6,0,0,Organic
2024-02-21 18:00:00,BIN-001,Dharampeth,91.6,187.3,31.3,85.6,1,0,Mixed
2024-02-21 18:00:00,BIN-002,Dharampeth,76.1,138.6,30.2,88.6,0,0,Mixed
2024-02-21 18:00:00,BIN-003,Sitabuldi,89.4,151.9,28.2,80.3,0,2,Mixed
2024-02-21 18:00:00,BIN-004,Sitabuldi,83.8,160.2,33.3,87.3,0,0,Mixed
2024-02-21 18:00:00,BIN-005,Gandhibagh,88.9,160.6,30.4,83.8,0,2,Organic
2024-02-21 18:00:00,BIN-006,Gandhibagh,87.3,172.1,30.9,81.6,0,1,Organic
2024-02-21 18:00:00,BIN-007,Lakadganj,97.3,178.7,27.9,81.9,1,2,Mixed
2024-02-21 18:00:00,BIN-008,Lakadganj,94.3,184.8,31.2,85.2,0,0,Organic
2024-02-21 18:00:00,BIN-009,Sadar,86.3,172.2,28.9,82.1,0,2,Mixed
2024-02-21 18:00:00,BIN-010,Sadar,82.2,152.2,29.4,91.4,0,2,Mixed
2024-02-21 18:00:00,BIN-011,Itwari,91.9,173.6,33.3,84.5,0,2,Mixed
2024-02-21 18:00:00,BIN-012,Itwari,76.1,132.1,31.6,75.7,0,1,Organic
2024-02-21 21:00:00,BIN-001,Dharampeth,83.1,156.9,23.5,83.5,0,2,Organic
2024-02-21 21:00:00,BIN-002,Dharampeth,83.1,154.2,26.7,85.7,0,1,Organic
2024-02-21 21:00:00,BIN-003,Sitabuldi,86.0,151.8,24.2,86.6,0,2,Mixed
2024-02-21 21:00:00,BIN-004,Sitabuldi,86.6,157.6,23.7,85.1,0,2,Organic
2024-02-21 21:00:00,BIN-005,Gandhibagh,89.1,153.1,21.1,87.0,0,0,Recyclable
2024-02-21 21:00:00,BIN-006,Gandhibagh,84.9,157.7,25.4,84.2,0,2,Mixed
2024-02-21 21:00:00,BIN-007,Lakadganj,82.3,149.4,23.2,89.3,0,1,Organic
2024-02-21 21:00:00,BIN-008,Lakadganj,89.1,154.2,26.7,82.6,0,0,Mixed
2024-02-21 21:00:00,BIN-009,Sadar,90.1,159.7,28.4,82.8,1,1,Mixed
2024-02-21 21:00:00,BIN-010,Sadar,85.4,160.6,24.2,85.9,0,0,Mixed
2024-02-21 21:00:00,BIN-011,Itwari,99,177.8,25.0,83.3,0,0,Mixed
2024-02-21 21:00:00,BIN-012,Itwari,78.3,140.3,21.8,84.8,0,1,Organic
2024-02-22 00:00:00,BIN-001,Dharampeth,89.1,162.6,20.3,86.4,0,1,Mixed
2024-02-22 00:00:00,BIN-002,Dharampeth,83.6,146.0,21.0,85.7,0,0,Organic
2024-02-22 00:00:00,BIN-003,Sitabuldi,89.4,165.6,18.3,86.4,0,2,Mixed
2024-02-22 00:00:00,BIN-004,Sitabuldi,79.2,137.8,22.4,85.5,0,0,Mixed
2024-02-22 00:00:00,BIN-005,Gandhibagh,85.6,154.9,22.7,89.6,0,1,Mixed
2024-02-22 00:00:00,BIN-006,Gandhibagh,89.9,182.0,22.1,89.5,0,0,Mixed
2024-02-22 00:00:00,BIN-007,Lakadganj,91.7,160.9,21.5,87.0,1,0,Mixed
2024-02-22 00:00:00,BIN-008,Lakadganj,85.5,156.2,20.9,80.4,0,1,Mixed
2024-02-22 00:00:00,BIN-009,Sadar,89.6,162.1,21.5,84.5,0,0,Mixed
2024-02-22 00:00:00,BIN-010,Sadar,83.2,156.3,25.1,81.3,0,1,Organic
2024-02-22 00:00:00,BIN-011,Itwari,87.4,165.2,22.0,82.0,0,2,Organic
2024-02-22 00:00:00,BIN-012,Itwari,91.9,170.6,17.3,81.9,1,1,Mixed
2024-02-22 03:00:00,BIN-001,Dharampeth,85.4,156.3,27.5,83.6,0,1,Organic
2024-02-22 03:00:00,BIN-002,Dharampeth,97.9,195.0,24.1,92.3,1,1,Organic
2024-02-22 03:00:00,BIN-003,Sitabuldi,92.6,171.4,26.4,80.7,1,1,Mixed
2024-02-22 03:00:00,BIN-004,Sitabuldi,87.4,168.6,30.0,82.9,0,1,Organic
2024-02-22 03:00:00,BIN-005,Gandhibagh,92.2,165.4,22.1,83.4,1,0,Organic
2024-02-22 03:00:00,BIN-006,Gandhibagh,94.9,172.9,22.7,85.1,1,2,Mixed
2024-02-22 03:00:00,BIN-007,Lakadganj,86.6,168.9,23.8,73.4,0,1,Organic
2024-02-22 03:00:00,BIN-008,Lakadganj,93.9,180.7,23.9,84.7,1,0,Organic
2024-02-22 03:00:00,BIN-009,Sadar,85.9,157.6,24.0,86.2,0,2,Mixed
2024-02-22 03:00:00,BIN-010,Sadar,90.0,186.5,23.2,86.1,0,2,Mixed
2024-02-22 03:00:00,BIN-011,Itwari,83.2,152.9,26.8,86.4,0,1,Organic
2024-02-22 03:00:00,BIN-012,Itwari,85.5,161.3,25.6,88.1,0,2,Recyclable
2024-02-22 12:00:00,BIN-001,Dharampeth,85.1,155.8,40.1,88.0,0,1,Organic
2024-02-22 12:00:00,BIN-002,Dharampeth,92.5,171.0,36.9,77.9,0,0,Mixed
2024-02-22 12:00:00,BIN-003,Sitabuldi,92.0,173.1,39.0,80.2,1,2,Mixed
2024-02-22 12:00:00,BIN-004,Sitabuldi,90.5,164.0,38.1,85.0,1,1,Mixed
2024-02-22 12:00:00,BIN-005,Gandhibagh,89.9,158.4,39.7,82.0,0,1,Recyclable
2024-02-22 12:00:00,BIN-006,Gandhibagh,89.5,170.4,39.4,89.3,0,2,Mixed
2024-02-22 12:00:00,BIN-007,Lakadganj,86.6,159.7,40.6,83.3,0,0,Mixed
2024-02-22 12:00:00,BIN-008,Lakadganj,93.9,180.0,35.5,85.0,1,0,Mixed
2024-02-22 12:00:00,BIN-009,Sadar,99,177.8,37.8,88.4,1,1,Mixed
2024-02-22 12:00:00,BIN-010,Sadar,88.0,148.7,36.2,82.2,0,1,Mixed
2024-02-22 12:00:00,BIN-011,Itwari,88.6,170.1,37.6,79.8,0,0,Mixed
2024-02-22 12:00:00,BIN-012,Itwari,84.8,165.4,37.6,86.1,0,1,Mixed
2024-02-22 15:00:00,BIN-001,Dharampeth,90.9,177.0,33.6,84.6,1,0,Mixed
2024-02-22 15:00:00,BIN-002,Dharampeth,91.2,162.4,35.9,89.3,1,1,Mixed
2024-02-22 15:00:00,BIN-003,Sitabuldi,96.0,183.1,34.7,87.0,1,2,Organic
2024-02-22 15:00:00,BIN-004,Sitabuldi,92.7,176.3,37.5,84.9,1,2,Mixed
2024-02-22 15:00:00,BIN-005,Gandhibagh,90.4,170.4,37.0,88.3,1,1,Mixed
2024-02-22 15:00:00,BIN-006,Gandhibagh,92.7,164.9,39.0,84.7,0,1,Mixed
2024-02-22 15:00:00,BIN-007,Lakadganj,96.0,174.3,35.7,85.2,0,1,Mixed
2024-02-22 15:00:00,BIN-008,Lakadganj,89.0,169.8,34.6,85.5,0,0,Organic
2024-02-22 15:00:00,BIN-009,Sadar,91.6,178.0,34.9,89.9,1,2,Recyclable
2024-02-22 15:00:00,BIN-010,Sadar,89.8,160.7,33.2,89.4,0,0,Mixed
2024-02-22 15:00:00,BIN-011,Itwari,87.7,166.2,34.1,93.3,0,0,Mixed
2024-02-22 15:00:00,BIN-012,Itwari,93.0,173.9,33.9,87.7,1,2,Organic
2024-02-22 18:00:00,BIN-001,Dharampeth,87.7,176.2,25.5,83.0,0,1,Recyclable
2024-02-22 18:00:00,BIN-002,Dharampeth,86.8,168.5,31.1,84.6,0,0,Recyclable
2024-02-22 18:00:00,BIN-003,Sitabuldi,91.0,174.3,28.4,85.7,0,1,Organic
2024-02-22 18:00:00,BIN-004,Sitabuldi,89.7,170.0,30.1,91.8,0,0,Mixed
2024-02-22 18:00:00,BIN-005,Gandhibagh,92.2,168.7,29.0,88.2,1,1,Mixed
2024-02-22 18:00:00,BIN-006,Gandhibagh,96.2,167.0,31.5,82.7,1,1,Organic
2024-02-22 18:00:00,BIN-007,Lakadganj,84.7,150.4,29.8,86.0,0,2,Mixed
2024-02-22 18:00:00,BIN-008,Lakadganj,92.6,172.3,30.9,79.5,1,0,Mixed
2024-02-22 18:00:00,BIN-009,Sadar,86.3,161.1,30.9,85.5,0,2,Mixed
2024-02-22 18:00:00,BIN-010,Sadar,94.3,171.1,30.9,86.8,0,2,Recyclable
2024-02-22 18:00:00,BIN-011,Itwari,99,187.8,30.6,86.4,0,0,Organic
2024-02-22 18:00:00,BIN-012,Itwari,93.3,200.8,26.7,85.3,1,2,Organic
2024-02-22 21:00:00,BIN-001,Dharampeth,90.3,166.9,24.3,84.1,1,2,Organic
2024-02-22 21:00:00,BIN-002,Dharampeth,89.1,165.7,19.3,87.4,0,0,Organic
2024-02-22 21:00:00,BIN-003,Sitabuldi,91.1,176.9,23.8,82.8,1,2,Mixed
2024-02-22 21:00:00,BIN-004,Sitabuldi,96.9,184.9,25.3,86.3,1,1,Mixed
2024-02-22 21:00:00,BIN-005,Gandhibagh,95.8,177.3,22.3,81.5,1,1,Organic
2024-02-22 21:00:00,BIN-006,Gandhibagh,98.5,173.1,23.8,83.0,1,2,Recyclable
2024-02-22 21:00:00,BIN-007,Lakadganj,94.3,172.6,25.7,81.6,1,1,Organic
2024-02-22 21:00:00,BIN-008,Lakadganj,88.7,178.6,25.0,82.1,0,0,Hazardous
2024-02-22 21:00:00,BIN-009,Sadar,88.1,161.2,23.8,83.8,0,1,Mixed
2024-02-22 21:00:00,BIN-010,Sadar,91.7,169.5,23.6,79.4,1,1,Recyclable
2024-02-22 21:00:00,BIN-011,Itwari,85.8,157.0,24.7,87.7,0,2,Mixed
2024-02-22 21:00:00,BIN-012,Itwari,90.4,170.7,26.8,84.0,0,2,Organic
2024-02-23 00:00:00,BIN-001,Dharampeth,93.0,173.5,23.9,78.7,1,0,Mixed
2024-02-23 00:00:00,BIN-002,Dharampeth,91.1,155.8,22.7,81.0,1,2,Mixed
2024-02-23 00:00:00,BIN-003,Sitabuldi,93.7,169.2,21.9,80.7,1,1,Mixed
2024-02-23 00:00:00,BIN-004,Sitabuldi,92.1,166.9,22.1,87.2,1,2,Organic
2024-02-23 00:00:00,BIN-005,Gandhibagh,95.4,181.0,24.8,82.3,0,0,Hazardous
2024-02-23 00:00:00,BIN-006,Gandhibagh,96.6,186.1,25.5,84.8,1,0,Mixed
2024-02-23 00:00:00,BIN-007,Lakadganj,99,184.4,24.0,90.7,0,1,Organic
2024-02-23 00:00:00,BIN-008,Lakadganj,86.7,151.3,22.4,90.1,0,1,Recyclable
2024-02-23 00:00:00,BIN-009,Sadar,98.6,179.7,25.2,84.0,1,1,Mixed
2024-02-23 00:00:00,BIN-010,Sadar,88.5,171.3,23.5,83.0,0,2,Mixed
2024-02-23 00:00:00,BIN-011,Itwari,99,188.5,22.4,92.5,0,0,Mixed
2024-02-23 00:00:00,BIN-012,Itwari,95.4,171.9,21.0,83.5,1,2,Mixed
2024-02-23 03:00:00,BIN-001,Dharampeth,99,189.1,26.5,85.1,0,2,Mixed
2024-02-23 03:00:00,BIN-002,Dharampeth,92.7,158.1,24.3,82.9,1,0,Mixed
2024-02-23 03:00:00,BIN-003,Sitabuldi,99,190.8,25.3,87.5,1,2,Recyclable
2024-02-23 03:00:00,BIN-004,Sitabuldi,90.3,159.1,21.3,86.4,0,2,Organic
2024-02-23 03:00:00,BIN-005,Gandhibagh,99,184.5,25.1,86.4,1,1,Organic
2024-02-23 03:00:00,BIN-006,Gandhibagh,99,185.8,24.2,88.6,1,0,Organic
2024-02-23 03:00:00,BIN-007,Lakadganj,91.6,173.7,24.2,81.8,1,0,Organic
2024-02-23 03:00:00,BIN-008,Lakadganj,96.1,183.7,23.6,87.6,1,2,Organic
2024-02-23 03:00:00,BIN-009,Sadar,91.5,164.5,24.3,85.3,0,1,Organic
2024-02-23 03:00:00,BIN-010,Sadar,97.9,187.2,25.3,82.5,1,0,Mixed
2024-02-23 03:00:00,BIN-011,Itwari,95.9,167.4,24.8,82.6,1,1,Recyclable
2024-02-23 03:00:00,BIN-012,Itwari,88.5,144.5,24.9,84.4,0,0,Organic
2024-02-23 12:00:00,BIN-001,Dharampeth,99,191.6,38.0,84.6,1,2,Mixed
2024-02-23 12:00:00,BIN-002,Dharampeth,86.4,154.2,35.2,86.3,0,1,Organic
2024-02-23 12:00:00,BIN-003,Sitabuldi,91.9,181.9,36.9,81.8,1,0,Mixed
2024-02-23 12:00:00,BIN-004,Sitabuldi,99,197.4,36.0,84.4,0,0,Organic
2024-02-23 12:00:00,BIN-005,Gandhibagh,99,191.0,43.1,85.8,0,1,Hazardous
2024-02-23 12:00:00,BIN-006,Gandhibagh,88.4,160.3,39.9,85.3,0,1,Recyclable
2024-02-23 12:00:00,BIN-007,Lakadganj,92.7,177.0,35.8,83.5,1,2,Mixed
2024-02-23 12:00:00,BIN-008,Lakadganj,87.3,159.5,37.5,85.9,0,2,Mixed
2024-02-23 12:00:00,BIN-009,Sadar,92.4,149.1,39.2,81.4,1,0,Mixed
2024-02-23 12:00:00,BIN-010,Sadar,94.1,182.4,37.4,87.1,1,0,Recyclable
2024-02-23 12:00:00,BIN-011,Itwari,99,191.4,37.9,81.7,1,1,Mixed
2024-02-23 12:00:00,BIN-012,Itwari,91.9,165.0,40.2,82.0,1,2,Organic
2024-02-23 15:00:00,BIN-001,Dharampeth,82.2,154.9,33.4,80.8,0,1,Mixed
2024-02-23 15:00:00,BIN-002,Dharampeth,95.7,179.5,37.2,86.4,1,2,Mixed
2024-02-23 15:00:00,BIN-003,Sitabuldi,91.5,177.9,31.0,84.8,1,0,Organic
2024-02-23 15:00:00,BIN-004,Sitabuldi,99,188.1,34.2,84.0,1,0,Mixed
2024-02-23 15:00:00,BIN-005,Gandhibagh,99,198.1,34.7,76.4,1,2,Recyclable
2024-02-23 15:00:00,BIN-006,Gandhibagh,99,201.2,41.7,89.9,1,2,Organic
2024-02-23 15:00:00,BIN-007,Lakadganj,99,178.7,38.7,85.2,1,1,Mixed
2024-02-23 15:00:00,BIN-008,Lakadganj,95.0,171.6,34.3,81.7,1,2,Mixed
2024-02-23 15:00:00,BIN-009,Sadar,99,182.9,36.4,84.0,1,2,Mixed
2024-02-23 15:00:00,BIN-010,Sadar,86.5,166.0,35.0,82.5,0,2,Recyclable
2024-02-23 15:00:00,BIN-011,Itwari,99,181.3,36.0,85.8,1,2,Mixed
2024-02-23 15:00:00,BIN-012,Itwari,98.0,186.8,35.5,83.8,1,2,Organic
2024-02-23 18:00:00,BIN-001,Dharampeth,96.7,177.5,33.5,86.3,0,0,Mixed
2024-02-23 18:00:00,BIN-002,Dharampeth,99,178.4,31.3,81.8,1,1,Organic
2024-02-23 18:00:00,BIN-003,Sitabuldi,99,176.8,30.3,82.9,0,2,Mixed
2024-02-23 18:00:00,BIN-004,Sitabuldi,99,180.8,32.5,83.1,1,1,Recyclable
2024-02-23 18:00:00,BIN-005,Gandhibagh,99,173.2,31.5,86.5,0,0,Recyclable
2024-02-23 18:00:00,BIN-006,Gandhibagh,97.7,188.7,31.6,85.8,1,2,Recyclable
2024-02-23 18:00:00,BIN-007,Lakadganj,92.2,185.2,29.0,83.2,1,0,Organic
2024-02-23 18:00:00,BIN-008,Lakadganj,90.4,173.3,32.5,80.6,0,0,Organic
2024-02-23 18:00:00,BIN-009,Sadar,94.8,166.6,27.8,81.2,1,0,Organic
2024-02-23 18:00:00,BIN-010,Sadar,95.0,174.0,28.9,82.0,0,2,Mixed
2024-02-23 18:00:00,BIN-011,Itwari,99,180.3,31.7,86.7,1,2,Organic
2024-02-23 18:00:00,BIN-012,Itwari,92.6,178.4,31.7,86.9,0,0,Mixed
2024-02-23 21:00:00,BIN-001,Dharampeth,89.6,163.3,22.6,81.7,0,1,Mixed
2024-02-23 21:00:00,BIN-002,Dharampeth,99,199.3,20.7,87.7,1,0,Recyclable
2024-02-23 21:00:00,BIN-003,Sitabuldi,99,194.3,23.5,88.3,1,2,Recyclable
2024-02-23 21:00:00,BIN-004,Sitabuldi,97.4,175.3,24.7,84.5,1,2,Recyclable
2024-02-23 21:00:00,BIN-005,Gandhibagh,97.9,173.2,26.3,86.2,0,2,Mixed
2024-02-23 21:00:00,BIN-006,Gandhibagh,99,189.0,23.2,77.9,1,2,Mixed
2024-02-23 21:00:00,BIN-007,Lakadganj,99,177.8,22.1,84.7,1,0,Mixed
2024-02-23 21:00:00,BIN-008,Lakadganj,93.9,170.5,25.1,82.2,0,0,Mixed
2024-02-23 21:00:00,BIN-009,Sadar,99,179.4,24.6,90.8,0,2,Mixed
2024-02-23 21:00:00,BIN-010,Sadar,99,171.6,27.9,81.7,1,2,Mixed
2024-02-23 21:00:00,BIN-011,Itwari,98.4,196.2,23.5,83.4,1,2,Mixed
2024-02-23 21:00:00,BIN-012,Itwari,96.7,195.8,24.0,83.2,1,2,Mixed
2024-02-24 00:00:00,BIN-001,Dharampeth,99,169.5,19.1,87.0,0,0,Organic
2024-02-24 00:00:00,BIN-002,Dharampeth,99,165.9,18.0,85.4,1,1,Organic
2024-02-24 00:00:00,BIN-003,Sitabuldi,99,198.1,21.6,83.0,1,2,Mixed
2024-02-24 00:00:00,BIN-004,Sitabuldi,99,180.0,20.5,86.4,0,0,Recyclable
2024-02-24 00:00:00,BIN-005,Gandhibagh,99,185.4,22.3,85.0,0,1,Recyclable
2024-02-24 00:00:00,BIN-006,Gandhibagh,95.1,186.5,18.1,83.2,1,2,Mixed
2024-02-24 00:00:00,BIN-007,Lakadganj,99,184.6,22.6,85.0,1,1,Organic
2024-02-24 00:00:00,BIN-008,Lakadganj,96.6,181.5,24.8,84.8,0,1,Organic
2024-02-24 00:00:00,BIN-009,Sadar,97.7,185.4,22.0,88.6,1,0,Organic
2024-02-24 00:00:00,BIN-010,Sadar,92.5,173.2,26.9,88.4,1,1,Mixed
2024-02-24 00:00:00,BIN-011,Itwari,99,186.9,16.9,86.1,0,0,Mixed
2024-02-24 00:00:00,BIN-012,Itwari,91.5,176.4,21.9,81.0,1,1,Organic
2024-02-24 03:00:00,BIN-001,Dharampeth,99,173.0,22.1,83.7,1,0,Organic
2024-02-24 03:00:00,BIN-002,Dharampeth,92.7,196.6,25.3,83.3,0,0,Mixed
2024-02-24 03:00:00,BIN-003,Sitabuldi,96.4,182.3,24.5,85.2,0,1,Mixed
2024-02-24 03:00:00,BIN-004,Sitabuldi,97.3,205.1,27.9,85.2,0,2,Mixed
2024-02-24 03:00:00,BIN-005,Gandhibagh,99,174.0,23.4,81.5,0,1,Mixed
2024-02-24 03:00:00,BIN-006,Gandhibagh,99,182.5,24.2,80.8,0,1,Recyclable
2024-02-24 03:00:00,BIN-007,Lakadganj,99,181.9,21.2,80.0,1,2,Mixed
2024-02-24 03:00:00,BIN-008,Lakadganj,99,186.0,26.6,80.9,1,2,Mixed
2024-02-24 03:00:00,BIN-009,Sadar,99,187.9,21.2,81.4,1,0,Organic
2024-02-24 03:00:00,BIN-010,Sadar,91.2,177.4,26.1,85.9,1,2,Mixed
2024-02-24 03:00:00,BIN-011,Itwari,99,179.3,21.8,87.2,1,2,Mixed
2024-02-24 03:00:00,BIN-012,Itwari,97.6,185.5,24.4,85.1,0,2,Mixed
2024-02-24 12:00:00,BIN-001,Dharampeth,99,178.7,40.2,85.6,1,0,Mixed
2024-02-24 12:00:00,BIN-002,Dharampeth,99,185.4,38.2,85.6,0,0,Mixed
2024-02-24 12:00:00,BIN-003,Sitabuldi,95.6,173.0,36.4,82.8,1,0,Mixed
2024-02-24 12:00:00,BIN-004,Sitabuldi,97.6,174.4,36.6,83.6,0,1,Mixed
2024-02-24 12:00:00,BIN-005,Gandhibagh,99,181.1,40.1,83.7,0,2,Hazardous
2024-02-24 12:00:00,BIN-006,Gandhibagh,99,173.5,36.3,84.8,1,0,Mixed
2024-02-24 12:00:00,BIN-007,Lakadganj,99,185.5,34.6,80.6,0,1,Mixed
2024-02-24 12:00:00,BIN-008,Lakadganj,99,185.4,35.2,84.9,0,0,Organic
2024-02-24 12:00:00,BIN-009,Sadar,98.2,177.4,37.1,80.8,1,0,Organic
2024-02-24 12:00:00,BIN-010,Sadar,99,170.8,36.4,82.2,1,1,Organic
2024-02-24 12:00:00,BIN-011,Itwari,99,181.0,36.4,82.2,1,1,Mixed
2024-02-24 12:00:00,BIN-012,Itwari,99,192.0,37.2,86.1,0,1,Mixed
2024-02-24 15:00:00,BIN-001,Dharampeth,99,188.0,36.1,83.6,1,0,Mixed
2024-02-24 15:00:00,BIN-002,Dharampeth,98.5,176.0,32.0,84.2,1,2,Organic
2024-02-24 15:00:00,BIN-003,Sitabuldi,99,183.4,37.9,89.3,1,0,Organic
2024-02-24 15:00:00,BIN-004,Sitabuldi,98.4,171.1,34.7,84.7,0,1,Organic
2024-02-24 15:00:00,BIN-005,Gandhibagh,99,176.3,36.0,83.9,1,1,Mixed
2024-02-24 15:00:00,BIN-006,Gandhibagh,99,181.0,34.1,84.6,1,1,Mixed
2024-02-24 15:00:00,BIN-007,Lakadganj,96.8,180.3,36.8,82.1,1,1,Mixed
2024-02-24 15:00:00,BIN-008,Lakadganj,99,169.9,36.0,80.7,1,1,Mixed
2024-02-24 15:00:00,BIN-009,Sadar,99,193.6,35.9,82.1,1,2,Mixed
2024-02-24 15:00:00,BIN-010,Sadar,99,183.2,34.7,80.6,0,0,Organic
2024-02-24 15:00:00,BIN-011,Itwari,99,185.7,34.7,83.5,0,2,Recyclable
2024-02-24 15:00:00,BIN-012,Itwari,99,184.0,33.1,87.1,0,2,Mixed
2024-02-24 18:00:00,BIN-001,Dharampeth,99,184.2,29.1,82.6,1,2,Mixed
2024-02-24 18:00:00,BIN-002,Dharampeth,99,179.4,29.2,81.6,1,0,Recyclable
2024-02-24 18:00:00,BIN-003,Sitabuldi,99,195.9,28.3,85.2,0,1,Mixed
2024-02-24 18:00:00,BIN-004,Sitabuldi,99,189.4,31.3,84.4,1,1,Organic
2024-02-24 18:00:00,BIN-005,Gandhibagh,99,195.5,31.6,88.8,1,0,Mixed
2024-02-24 18:00:00,BIN-006,Gandhibagh,94.2,167.3,30.7,79.5,0,0,Mixed
2024-02-24 18:00:00,BIN-007,Lakadganj,99,188.3,33.3,84.5,1,1,Organic
2024-02-24 18:00:00,BIN-008,Lakadganj,99,164.1,30.8,81.8,1,1,Mixed
2024-02-24 18:00:00,BIN-009,Sadar,99,199.9,30.8,84.7,0,0,Mixed
2024-02-24 18:00:00,BIN-010,Sadar,99,183.1,32.4,79.7,1,2,Organic
2024-02-24 18:00:00,BIN-011,Itwari,99,186.4,29.9,86.9,0,2,Mixed
2024-02-24 18:00:00,BIN-012,Itwari,95.1,167.8,31.2,82.1,0,2,Mixed
2024-02-24 21:00:00,BIN-001,Dharampeth,99,186.5,27.1,88.8,0,2,Mixed
2024-02-24 21:00:00,BIN-002,Dharampeth,99,177.9,22.6,82.1,1,2,Mixed
2024-02-24 21:00:00,BIN-003,Sitabuldi,99,175.4,23.0,86.5,0,0,Mixed
2024-02-24 21:00:00,BIN-004,Sitabuldi,99,178.2,22.6,80.2,1,2,Mixed
2024-02-24 21:00:00,BIN-005,Gandhibagh,99,178.7,21.8,85.2,0,1,Mixed
2024-02-24 21:00:00,BIN-006,Gandhibagh,97.5,181.7,24.5,84.2,0,0,Recyclable
2024-02-24 21:00:00,BIN-007,Lakadganj,99,190.4,23.9,82.0,0,1,Mixed
2024-02-24 21:00:00,BIN-008,Lakadganj,97.3,169.9,23.3,83.4,0,2,Hazardous
2024-02-24 21:00:00,BIN-009,Sadar,99,185.8,27.0,84.8,1,0,Mixed
2024-02-24 21:00:00,BIN-010,Sadar,99,181.4,22.2,87.4,1,2,Organic
2024-02-24 21:00:00,BIN-011,Itwari,99,189.7,25.5,82.3,1,1,Mixed
2024-02-24 21:00:00,BIN-012,Itwari,99,173.3,24.4,77.7,1,0,Mixed
2024-02-25 00:00:00,BIN-001,Dharampeth,99,189.8,23.7,90.5,1,2,Mixed
2024-02-25 00:00:00,BIN-002,Dharampeth,99,190.0,21.0,84.8,1,2,Organic
2024-02-25 00:00:00,BIN-003,Sitabuldi,99,186.9,21.9,82.2,1,1,Mixed
2024-02-25 00:00:00,BIN-004,Sitabuldi,95.9,190.3,24.0,84.6,1,2,Mixed
2024-02-25 00:00:00,BIN-005,Gandhibagh,99,188.3,25.6,84.5,0,1,Recyclable
2024-02-25 00:00:00,BIN-006,Gandhibagh,99,196.7,23.8,84.0,0,0,Recyclable
2024-02-25 00:00:00,BIN-007,Lakadganj,99,194.4,20.3,78.4,1,2,Mixed
2024-02-25 00:00:00,BIN-008,Lakadganj,99,174.7,22.3,83.7,1,2,Mixed
2024-02-25 00:00:00,BIN-009,Sadar,99,194.7,24.3,80.6,0,0,Mixed
2024-02-25 00:00:00,BIN-010,Sadar,99,193.1,22.2,87.7,1,2,Hazardous
2024-02-25 00:00:00,BIN-011,Itwari,99,190.9,22.5,86.5,1,1,Mixed
2024-02-25 00:00:00,BIN-012,Itwari,99,192.6,20.0,84.3,0,1,Mixed
2024-02-25 03:00:00,BIN-001,Dharampeth,99,174.1,25.1,87.5,1,1,Organic
2024-02-25 03:00:00,BIN-002,Dharampeth,99,177.0,22.0,86.8,0,2,Organic
2024-02-25 03:00:00,BIN-003,Sitabuldi,99,176.5,24.7,83.7,1,2,Recyclable
2024-02-25 03:00:00,BIN-004,Sitabuldi,99,180.2,28.6,86.2,1,0,Recyclable
2024-02-25 03:00:00,BIN-005,Gandhibagh,99,181.9,20.9,84.0,1,1,Organic
2024-02-25 03:00:00,BIN-006,Gandhibagh,99,186.8,25.9,85.7,0,1,Mixed
2024-02-25 03:00:00,BIN-007,Lakadganj,98.4,178.6,21.9,89.1,0,2,Mixed
2024-02-25 03:00:00,BIN-008,Lakadganj,99,179.2,22.7,86.6,0,1,Hazardous
2024-02-25 03:00:00,BIN-009,Sadar,99,176.7,25.1,83.0,0,2,Recyclable
2024-02-25 03:00:00,BIN-010,Sadar,99,169.3,21.4,81.3,1,1,Mixed
2024-02-25 03:00:00,BIN-011,Itwari,99,183.8,22.7,86.9,1,0,Mixed
2024-02-25 03:00:00,BIN-012,Itwari,99,175.3,30.6,82.8,1,0,Organic
2024-02-25 12:00:00,BIN-001,Dharampeth,99,179.6,38.0,86.6,0,0,Mixed
2024-02-25 12:00:00,BIN-002,Dharampeth,99,177.9,37.9,85.9,0,0,Recyclable
2024-02-25 12:00:00,BIN-003,Sitabuldi,99,190.2,37.3,78.9,1,1,Hazardous
2024-02-25 12:00:00,BIN-004,Sitabuldi,99,184.0,38.3,88.9,1,0,Organic
2024-02-25 12:00:00,BIN-005,Gandhibagh,99,188.9,37.2,83.2,1,0,Organic
2024-02-25 12:00:00,BIN-006,Gandhibagh,99,187.9,37.1,86.8,0,0,Mixed
2024-02-25 12:00:00,BIN-007,Lakadganj,99,187.2,35.4,80.0,0,1,Recyclable
2024-02-25 12:00:00,BIN-008,Lakadganj,99,183.6,38.8,82.5,1,2,Recyclable
2024-02-25 12:00:00,BIN-009,Sadar,96.5,179.5,39.8,81.2,1,0,Mixed
2024-02-25 12:00:00,BIN-010,Sadar,99,172.7,36.2,88.2,0,0,Mixed
2024-02-25 12:00:00,BIN-011,Itwari,99,189.9,39.7,81.2,0,0,Mixed
2024-02-25 12:00:00,BIN-012,Itwari,99,176.8,39.3,82.1,1,2,Organic
2024-02-25 15:00:00,BIN-001,Dharampeth,99,173.8,36.2,81.9,1,0,Organic
2024-02-25 15:00:00,BIN-002,Dharampeth,99,195.9,36.1,88.0,0,0,Mixed
2024-02-25 15:00:00,BIN-003,Sitabuldi,99,185.3,35.0,87.6,0,0,Mixed
2024-02-25 15:00:00,BIN-004,Sitabuldi,99,182.0,34.0,83.7,1,1,Mixed
2024-02-25 15:00:00,BIN-005,Gandhibagh,99,200.1,35.0,84.5,0,0,Mixed
2024-02-25 15:00:00,BIN-006,Gandhibagh,99,194.7,34.3,82.8,1,2,Mixed
2024-02-25 15:00:00,BIN-007,Lakadganj,99,189.0,39.1,77.9,1,0,Mixed
2024-02-25 15:00:00,BIN-008,Lakadganj,99,182.8,37.1,82.7,0,0,Organic
2024-02-25 15:00:00,BIN-009,Sadar,99,188.7,32.2,86.0,1,1,Recyclable
2024-02-25 15:00:00,BIN-010,Sadar,99,182.2,32.7,88.2,1,1,Mixed
2024-02-25 15:00:00,BIN-011,Itwari,99,182.1,36.4,85.6,1,0,Mixed
2024-02-25 15:00:00,BIN-012,Itwari,99,178.5,37.0,80.2,1,1,Organic
2024-02-25 18:00:00,BIN-001,Dharampeth,99,183.1,31.7,78.2,0,0,Mixed
2024-02-25 18:00:00,BIN-002,Dharampeth,99,203.5,27.3,81.3,1,0,Recyclable
2024-02-25 18:00:00,BIN-003,Sitabuldi,99,186.1,26.8,86.0,1,2,Mixed
2024-02-25 18:00:00,BIN-004,Sitabuldi,99,189.1,29.2,80.8,1,2,Mixed
2024-02-25 18:00:00,BIN-005,Gandhibagh,99,185.5,31.4,84.5,1,1,Organic
2024-02-25 18:00:00,BIN-006,Gandhibagh,99,190.4,26.2,81.1,0,1,Mixed
2024-02-25 18:00:00,BIN-007,Lakadganj,99,177.5,31.1,82.4,1,2,Organic
2024-02-25 18:00:00,BIN-008,Lakadganj,99,192.7,32.2,84.9,1,2,Organic
2024-02-25 18:00:00,BIN-009,Sadar,99,185.3,29.8,87.4,1,1,Organic
2024-02-25 18:00:00,BIN-010,Sadar,99,181.9,31.3,85.0,1,0,Mixed
2024-02-25 18:00:00,BIN-011,Itwari,99,188.5,31.1,86.0,1,2,Mixed
2024-02-25 18:00:00,BIN-012,Itwari,99,176.3,30.7,83.1,1,0,Mixed
2024-02-25 21:00:00,BIN-001,Dharampeth,99,186.9,20.7,87.1,1,0,Mixed
2024-02-25 21:00:00,BIN-002,Dharampeth,99,180.5,26.3,84.7,0,0,Mixed
2024-02-25 21:00:00,BIN-003,Sitabuldi,99,162.1,25.2,82.9,1,1,Mixed
2024-02-25 21:00:00,BIN-004,Sitabuldi,99,184.0,24.1,81.1,0,0,Mixed
2024-02-25 21:00:00,BIN-005,Gandhibagh,99,187.5,24.8,83.0,0,1,Mixed
2024-02-25 21:00:00,BIN-006,Gandhibagh,99,174.6,23.1,79.8,1,0,Organic
2024-02-25 21:00:00,BIN-007,Lakadganj,99,183.1,20.8,83.9,1,0,Mixed
2024-02-25 21:00:00,BIN-008,Lakadganj,99,179.1,24.1,86.6,1,1,Mixed
2024-02-25 21:00:00,BIN-009,Sadar,99,184.0,23.9,88.6,0,1,Mixed
2024-02-25 21:00:00,BIN-010,Sadar,99,177.4,25.5,84.4,0,2,Mixed
2024-02-25 21:00:00,BIN-011,Itwari,99,194.3,27.3,79.6,0,2,Mixed
2024-02-25 21:00:00,BIN-012,Itwari,99,184.5,24.4,81.0,1,2,Mixed
2024-02-26 00:00:00,BIN-001,Dharampeth,99,177.3,18.9,85.7,1,2,Organic
2024-02-26 00:00:00,BIN-002,Dharampeth,99,204.1,22.2,88.1,0,0,Mixed
2024-02-26 00:00:00,BIN-003,Sitabuldi,99,185.3,17.7,81.6,1,0,Organic
2024-02-26 00:00:00,BIN-004,Sitabuldi,99,202.2,21.3,86.1,1,0,Hazardous
2024-02-26 00:00:00,BIN-005,Gandhibagh,99,177.4,21.5,83.2,0,0,Organic
2024-02-26 00:00:00,BIN-006,Gandhibagh,99,183.7,22.0,88.2,1,1,Recyclable
2024-02-26 00:00:00,BIN-007,Lakadganj,99,174.6,19.2,81.2,1,2,Mixed
2024-02-26 00:00:00,BIN-008,Lakadganj,99,182.9,23.4,88.0,0,2,Mixed
2024-02-26 00:00:00,BIN-009,Sadar,99,182.6,24.1,79.6,0,2,Organic
2024-02-26 00:00:00,BIN-010,Sadar,99,183.5,23.7,88.2,0,2,Mixed
2024-02-26 00:00:00,BIN-011,Itwari,99,187.9,20.0,86.0,1,2,Organic
2024-02-26 00:00:00,BIN-012,Itwari,99,187.0,21.2,83.6,1,2,Mixed
2024-02-26 03:00:00,BIN-001,Dharampeth,99,184.5,23.9,85.7,0,2,Mixed
2024-02-26 03:00:00,BIN-002,Dharampeth,99,192.9,22.0,83.6,0,1,Mixed
2024-02-26 03:00:00,BIN-003,Sitabuldi,99,197.5,24.9,77.4,1,2,Organic
2024-02-26 03:00:00,BIN-004,Sitabuldi,99,187.7,22.8,85.4,0,1,Organic
2024-02-26 03:00:00,BIN-005,Gandhibagh,99,175.5,23.6,81.3,1,0,Mixed
2024-02-26 03:00:00,BIN-006,Gandhibagh,99,182.2,20.3,83.9,0,1,Mixed
2024-02-26 03:00:00,BIN-007,Lakadganj,99,183.5,22.4,85.6,1,0,Mixed
2024-02-26 03:00:00,BIN-008,Lakadganj,99,187.5,28.8,86.4,1,1,Mixed
2024-02-26 03:00:00,BIN-009,Sadar,99,175.9,24.6,85.4,0,1,Organic
2024-02-26 03:00:00,BIN-010,Sadar,99,175.9,23.2,84.6,0,0,Hazardous
2024-02-26 03:00:00,BIN-011,Itwari,99,178.2,25.7,87.0,0,2,Mixed
2024-02-26 03:00:00,BIN-012,Itwari,99,196.0,27.3,82.4,1,2,Recyclable
2024-02-26 12:00:00,BIN-001,Dharampeth,99,186.5,36.8,81.1,1,0,Organic
2024-02-26 12:00:00,BIN-002,Dharampeth,99,183.7,40.2,84.0,1,1,Mixed
2024-02-26 12:00:00,BIN-003,Sitabuldi,99,183.5,38.9,85.2,0,0,Mixed
2024-02-26 12:00:00,BIN-004,Sitabuldi,99,179.1,39.2,81.2,0,0,Mixed
2024-02-26 12:00:00,BIN-005,Gandhibagh,99,190.4,38.9,79.2,0,1,Mixed
2024-02-26 12:00:00,BIN-006,Gandhibagh,99,195.3,41.3,85.6,0,1,Recyclable
2024-02-26 12:00:00,BIN-007,Lakadganj,99,195.2,38.2,80.8,0,1,Mixed
2024-02-26 12:00:00,BIN-008,Lakadganj,99,180.1,37.6,87.5,1,0,Mixed
2024-02-26 12:00:00,BIN-009,Sadar,99,187.4,36.5,78.2,1,0,Mixed
2024-02-26 12:00:00,BIN-010,Sadar,99,178.4,38.4,84.1,1,1,Recyclable
2024-02-26 12:00:00,BIN-011,Itwari,99,176.5,37.8,84.0,0,0,Mixed
2024-02-26 12:00:00,BIN-012,Itwari,99,190.3,36.1,82.2,0,1,Mixed
2024-02-26 15:00:00,BIN-001,Dharampeth,99,186.9,40.8,84.8,1,1,Organic
2024-02-26 15:00:00,BIN-002,Dharampeth,99,185.9,36.9,85.4,0,2,Organic
2024-02-26 15:00:00,BIN-003,Sitabuldi,99,194.5,33.7,77.5,0,0,Mixed
2024-02-26 15:00:00,BIN-004,Sitabuldi,99,185.5,35.0,87.7,0,2,Organic
2024-02-26 15:00:00,BIN-005,Gandhibagh,99,175.8,36.7,78.7,1,0,Organic
2024-02-26 15:00:00,BIN-006,Gandhibagh,99,171.1,36.2,86.2,1,2,Mixed
2024-02-26 15:00:00,BIN-007,Lakadganj,99,191.2,34.0,82.6,1,1,Recyclable
2024-02-26 15:00:00,BIN-008,Lakadganj,99,180.2,35.2,77.8,1,1,Mixed
2024-02-26 15:00:00,BIN-009,Sadar,99,199.4,36.9,87.2,1,1,Mixed
2024-02-26 15:00:00,BIN-010,Sadar,99,175.8,37.8,84.4,0,1,Mixed
2024-02-26 15:00:00,BIN-011,Itwari,99,184.2,35.6,82.1,1,0,Organic
2024-02-26 15:00:00,BIN-012,Itwari,99,170.2,34.6,80.7,1,0,Recyclable
2024-02-26 18:00:00,BIN-001,Dharampeth,99,189.4,28.3,87.6,1,1,Mixed
2024-02-26 18:00:00,BIN-002,Dharampeth,99,176.9,31.2,83.4,1,0,Mixed
2024-02-26 18:00:00,BIN-003,Sitabuldi,99,177.6,31.4,85.0,0,2,Mixed
2024-02-26 18:00:00,BIN-004,Sitabuldi,99,169.9,32.7,82.0,1,0,Mixed
2024-02-26 18:00:00,BIN-005,Gandhibagh,99,181.9,30.3,85.0,1,0,Mixed
2024-02-26 18:00:00,BIN-006,Gandhibagh,99,181.4,30.3,81.9,1,1,Mixed
2024-02-26 18:00:00,BIN-007,Lakadganj,99,178.7,31.2,83.7,0,0,Hazardous
2024-02-26 18:00:00,BIN-008,Lakadganj,99,182.6,31.2,86.7,0,0,Mixed
2024-02-26 18:00:00,BIN-009,Sadar,99,199.6,27.7,84.9,1,2,Mixed
2024-02-26 18:00:00,BIN-010,Sadar,99,176.7,31.3,85.7,0,2,Mixed
2024-02-26 18:00:00,BIN-011,Itwari,99,183.6,29.3,83.7,1,0,Mixed
2024-02-26 18:00:00,BIN-012,Itwari,99,169.8,35.1,84.6,1,1,Mixed
2024-02-26 21:00:00,BIN-001,Dharampeth,99,192.0,22.2,78.0,1,1,Mixed
2024-02-26 21:00:00,BIN-002,Dharampeth,99,176.1,25.0,80.2,1,0,Mixed
2024-02-26 21:00:00,BIN-003,Sitabuldi,99,179.5,25.7,80.2,1,2,Mixed
2024-02-26 21:00:00,BIN-004,Sitabuldi,99,178.8,20.9,81.9,1,0,Organic
2024-02-26 21:00:00,BIN-005,Gandhibagh,99,176.4,25.9,79.0,0,2,Recyclable
2024-02-26 21:00:00,BIN-006,Gandhibagh,99,179.0,22.3,87.8,0,2,Mixed
2024-02-26 21:00:00,BIN-007,Lakadganj,99,178.9,26.3,83.8,0,1,Recyclable
2024-02-26 21:00:00,BIN-008,Lakadganj,99,180.8,24.5,85.6,1,1,Mixed
2024-02-26 21:00:00,BIN-009,Sadar,99,185.3,26.6,86.1,1,1,Mixed
2024-02-26 21:00:00,BIN-010,Sadar,99,188.5,22.6,91.2,0,2,Recyclable
2024-02-26 21:00:00,BIN-011,Itwari,99,178.0,25.1,82.9,1,2,Mixed
2024-02-26 21:00:00,BIN-012,Itwari,99,185.9,26.5,82.1,0,0,Organic
2024-02-27 00:00:00,BIN-001,Dharampeth,99,185.4,20.4,82.7,1,2,Mixed
2024-02-27 00:00:00,BIN-002,Dharampeth,99,173.4,25.0,88.0,1,2,Organic
2024-02-27 00:00:00,BIN-003,Sitabuldi,99,173.3,20.0,80.5,0,0,Mixed
2024-02-27 00:00:00,BIN-004,Sitabuldi,99,197.9,21.5,83.6,1,0,Recyclable
2024-02-27 00:00:00,BIN-005,Gandhibagh,99,182.8,22.6,85.3,0,2,Organic
2024-02-27 00:00:00,BIN-006,Gandhibagh,99,183.7,17.3,81.5,1,0,Mixed
2024-02-27 00:00:00,BIN-007,Lakadganj,99,185.7,22.6,84.5,1,1,Mixed
2024-02-27 00:00:00,BIN-008,Lakadganj,99,176.1,20.3,85.7,0,2,Mixed
2024-02-27 00:00:00,BIN-009,Sadar,99,198.9,19.4,85.4,0,2,Organic
2024-02-27 00:00:00,BIN-010,Sadar,99,183.3,20.5,85.4,0,1,Mixed
2024-02-27 00:00:00,BIN-011,Itwari,99,187.6,21.7,88.5,1,0,Mixed
2024-02-27 00:00:00,BIN-012,Itwari,99,190.3,23.8,81.3,1,1,Recyclable
2024-02-27 03:00:00,BIN-001,Dharampeth,10.8,23.1,26.5,81.6,0,2,Mixed
2024-02-27 03:00:00,BIN-002,Dharampeth,21.5,42.6,22.7,85.6,0,0,Mixed
2024-02-27 03:00:00,BIN-003,Sitabuldi,11.0,14.6,20.4,82.7,0,2,Mixed
2024-02-27 03:00:00,BIN-004,Sitabuldi,10.7,19.5,25.0,76.4,0,2,Mixed
2024-02-27 03:00:00,BIN-005,Gandhibagh,8.5,25.4,21.5,87.4,0,1,Mixed
2024-02-27 03:00:00,BIN-006,Gandhibagh,16.7,24.2,23.1,86.4,0,1,Recyclable
2024-02-27 03:00:00,BIN-007,Lakadganj,16.6,29.8,24.8,83.1,0,1,Organic
2024-02-27 03:00:00,BIN-008,Lakadganj,6.8,11.1,22.7,82.4,0,0,Organic
2024-02-27 03:00:00,BIN-009,Sadar,20.9,19.9,22.3,85.3,0,1,Mixed
2024-02-27 03:00:00,BIN-010,Sadar,13.9,15.4,25.3,83.9,0,1,Mixed
2024-02-27 03:00:00,BIN-011,Itwari,12.1,25.4,23.5,84.2,0,2,Organic
2024-02-27 03:00:00,BIN-012,Itwari,26.6,72.2,22.7,80.1,0,0,Mixed
2024-02-27 12:00:00,BIN-001,Dharampeth,15.6,32.7,34.6,86.5,0,0,Recyclable
2024-02-27 12:00:00,BIN-002,Dharampeth,18.5,41.5,36.5,84.8,0,0,Mixed
2024-02-27 12:00:00,BIN-003,Sitabuldi,18.4,26.9,37.4,83.5,0,2,Organic
2024-02-27 12:00:00,BIN-004,Sitabuldi,18.7,32.6,34.4,81.8,0,2,Mixed
2024-02-27 12:00:00,BIN-005,Gandhibagh,18.9,40.7,38.3,85.1,0,2,Mixed
2024-02-27 12:00:00,BIN-006,Gandhibagh,11.6,31.9,38.1,78.8,0,1,Mixed
2024-02-27 12:00:00,BIN-007,Lakadganj,20.0,67.0,43.0,77.7,0,0,Mixed
2024-02-27 12:00:00,BIN-008,Lakadganj,16.4,31.2,36.6,81.2,0,0,Organic
2024-02-27 12:00:00,BIN-009,Sadar,25.9,40.1,38.6,82.1,0,2,Mixed
2024-02-27 12:00:00,BIN-010,Sadar,15.0,22.8,36.5,82.5,0,0,Mixed
2024-02-27 12:00:00,BIN-011,Itwari,14.2,34.0,38.9,83.4,0,1,Recyclable
2024-02-27 12:00:00,BIN-012,Itwari,12.8,26.6,34.8,85.1,0,2,Organic
2024-02-27 15:00:00,BIN-001,Dharampeth,20.2,32.3,37.8,82.2,0,2,Organic
2024-02-27 15:00:00,BIN-002,Dharampeth,16.3,23.1,36.3,83.3,0,0,Mixed
2024-02-27 15:00:00,BIN-003,Sitabuldi,18.2,52.9,36.5,88.7,0,0,Mixed
2024-02-27 15:00:00,BIN-004,Sitabuldi,16.1,37.2,35.0,83.0,0,2,Organic
2024-02-27 15:00:00,BIN-005,Gandhibagh,10.0,11.8,33.4,85.8,0,0,Mixed
2024-02-27 15:00:00,BIN-006,Gandhibagh,17.3,42.5,34.5,85.1,0,1,Mixed
2024-02-27 15:00:00,BIN-007,Lakadganj,18.9,27.3,36.8,85.4,0,0,Mixed
2024-02-27 15:00:00,BIN-008,Lakadganj,23.2,35.5,36.5,83.5,0,1,Mixed
2024-02-27 15:00:00,BIN-009,Sadar,15.0,22.5,34.0,81.7,0,2,Mixed
2024-02-27 15:00:00,BIN-010,Sadar,17.4,16.3,36.9,89.0,0,0,Mixed
2024-02-27 15:00:00,BIN-011,Itwari,17.0,34.6,31.4,78.4,0,2,Hazardous
2024-02-27 15:00:00,BIN-012,Itwari,7.9,12.5,38.4,78.7,0,2,Mixed
2024-02-27 18:00:00,BIN-001,Dharampeth,19.3,56.3,31.7,83.6,0,0,Mixed
2024-02-27 18:00:00,BIN-002,Dharampeth,22.6,49.5,29.9,80.6,0,0,Mixed
2024-02-27 18:00:00,BIN-003,Sitabuldi,17.7,18.1,33.5,79.3,0,1,Mixed
2024-02-27 18:00:00,BIN-004,Sitabuldi,20.8,38.7,29.4,85.9,0,2,Mixed
2024-02-27 18:00:00,BIN-005,Gandhibagh,9.6,15.5,32.6,77.0,0,2,Organic
2024-02-27 18:00:00,BIN-006,Gandhibagh,15.8,9.8,31.9,85.5,0,1,Organic
2024-02-27 18:00:00,BIN-007,Lakadganj,11.2,22.2,32.0,87.7,0,0,Mixed
2024-02-27 18:00:00,BIN-008,Lakadganj,19.8,45.5,26.8,89.1,0,0,Mixed
2024-02-27 18:00:00,BIN-009,Sadar,15.5,19.5,26.2,84.6,0,0,Organic
2024-02-27 18:00:00,BIN-010,Sadar,17.1,25.2,32.9,83.1,0,2,Organic
2024-02-27 18:00:00,BIN-011,Itwari,11.2,16.2,27.9,76.7,0,2,Organic
2024-02-27 18:00:00,BIN-012,Itwari,19.4,42.2,28.7,82.4,0,1,Mixed
2024-02-27 21:00:00,BIN-001,Dharampeth,18.0,30.5,25.5,80.4,0,2,Mixed
2024-02-27 21:00:00,BIN-002,Dharampeth,19.7,37.5,22.1,80.5,0,0,Organic
2024-02-27 21:00:00,BIN-003,Sitabuldi,16.7,31.5,20.6,83.9,0,2,Mixed
2024-02-27 21:00:00,BIN-004,Sitabuldi,13.7,24.6,23.2,85.6,0,2,Mixed
2024-02-27 21:00:00,BIN-005,Gandhibagh,18.3,27.9,23.4,82.4,0,2,Mixed
2024-02-27 21:00:00,BIN-006,Gandhibagh,22.9,44.5,24.1,79.1,0,2,Recyclable
2024-02-27 21:00:00,BIN-007,Lakadganj,12.2,27.1,22.0,83.6,0,0,Organic
2024-02-27 21:00:00,BIN-008,Lakadganj,7.5,33.7,27.1,78.9,0,2,Mixed
2024-02-27 21:00:00,BIN-009,Sadar,27.5,51.1,25.0,81.7,0,0,Mixed
2024-02-27 21:00:00,BIN-010,Sadar,5.9,16.7,22.5,78.7,0,1,Mixed
2024-02-27 21:00:00,BIN-011,Itwari,14.7,27.7,25.3,84.8,0,1,Organic
2024-02-27 21:00:00,BIN-012,Itwari,13.1,36.0,27.2,79.9,0,1,Recyclable
2024-02-28 00:00:00,BIN-001,Dharampeth,14.7,30.5,21.1,83.2,0,0,Organic
2024-02-28 00:00:00,BIN-002,Dharampeth,21.4,32.6,23.8,82.0,0,2,Recyclable
2024-02-28 00:00:00,BIN-003,Sitabuldi,25.8,40.4,19.2,76.7,0,1,Mixed
2024-02-28 00:00:00,BIN-004,Sitabuldi,14.6,29.7,22.8,84.1,0,2,Mixed
2024-02-28 00:00:00,BIN-005,Gandhibagh,15.7,16.5,23.0,85.1,0,0,Mixed
2024-02-28 00:00:00,BIN-006,Gandhibagh,11.2,22.5,22.7,87.3,0,1,Mixed
2024-02-28 00:00:00,BIN-007,Lakadganj,22.8,33.3,25.4,84.9,0,2,Organic
2024-02-28 00:00:00,BIN-008,Lakadganj,17.5,41.2,22.5,87.1,0,2,Mixed
2024-02-28 00:00:00,BIN-009,Sadar,8.8,26.6,22.1,82.0,0,0,Organic
2024-02-28 00:00:00,BIN-010,Sadar,20.4,44.3,23.4,89.2,0,0,Organic
2024-02-28 00:00:00,BIN-011,Itwari,18.6,41.9,22.0,80.0,0,2,Recyclable
2024-02-28 00:00:00,BIN-012,Itwari,23.3,37.8,20.0,88.3,0,1,Mixed
2024-02-28 03:00:00,BIN-001,Dharampeth,25.9,43.7,24.4,79.8,0,2,Organic
2024-02-28 03:00:00,BIN-002,Dharampeth,22.0,42.6,26.9,81.7,0,1,Recyclable
2024-02-28 03:00:00,BIN-003,Sitabuldi,26.5,54.8,24.1,84.6,0,0,Hazardous
2024-02-28 03:00:00,BIN-004,Sitabuldi,18.2,30.4,25.2,81.4,0,2,Mixed
2024-02-28 03:00:00,BIN-005,Gandhibagh,18.4,29.5,22.7,77.8,0,0,Recyclable
2024-02-28 03:00:00,BIN-006,Gandhibagh,20.5,33.9,25.3,78.8,0,1,Hazardous
2024-02-28 03:00:00,BIN-007,Lakadganj,21.2,33.4,24.4,83.0,0,2,Mixed
2024-02-28 03:00:00,BIN-008,Lakadganj,22.7,42.7,23.9,80.8,0,1,Mixed
2024-02-28 03:00:00,BIN-009,Sadar,20.0,31.6,24.3,82.0,0,1,Mixed
2024-02-28 03:00:00,BIN-010,Sadar,23.3,30.5,25.1,84.2,0,1,Mixed
2024-02-28 03:00:00,BIN-011,Itwari,21.3,32.3,24.4,83.1,0,2,Mixed
2024-02-28 03:00:00,BIN-012,Itwari,22.8,33.1,24.6,80.1,0,2,Mixed
2024-02-28 12:00:00,BIN-001,Dharampeth,12.5,26.7,34.3,80.9,0,2,Mixed
2024-02-28 12:00:00,BIN-002,Dharampeth,26.9,51.2,40.8,84.4,0,0,Recyclable
2024-02-28 12:00:00,BIN-003,Sitabuldi,21.8,33.6,36.0,76.1,0,1,Mixed
2024-02-28 12:00:00,BIN-004,Sitabuldi,35.8,69.2,37.2,90.3,0,2,Mixed
2024-02-28 12:00:00,BIN-005,Gandhibagh,26.3,39.9,40.3,76.0,0,0,Recyclable
2024-02-28 12:00:00,BIN-006,Gandhibagh,24.7,46.8,38.2,86.7,0,0,Organic
2024-02-28 12:00:00,BIN-007,Lakadganj,24.9,60.1,36.2,83.0,0,0,Hazardous
2024-02-28 12:00:00,BIN-008,Lakadganj,24.1,40.7,40.4,82.1,0,0,Mixed
2024-02-28 12:00:00,BIN-009,Sadar,16.6,29.5,35.5,84.4,0,2,Mixed
2024-02-28 12:00:00,BIN-010,Sadar,25.0,48.5,38.9,82.5,0,2,Organic
2024-02-28 12:00:00,BIN-011,Itwari,28.6,45.9,35.1,82.6,0,0,Organic
2024-02-28 12:00:00,BIN-012,Itwari,29.2,44.3,39.6,78.0,0,2,Organic
2024-02-28 15:00:00,BIN-001,Dharampeth,15.9,27.1,35.4,81.9,0,0,Mixed
2024-02-28 15:00:00,BIN-002,Dharampeth,18.2,28.2,38.8,81.9,0,1,Hazardous
2024-02-28 15:00:00,BIN-003,Sitabuldi,21.1,45.4,36.8,82.6,0,0,Mixed
2024-02-28 15:00:00,BIN-004,Sitabuldi,15.0,12.4,35.1,84.5,0,2,Mixed
2024-02-28 15:00:00,BIN-005,Gandhibagh,22.0,44.0,33.7,84.1,0,1,Organic
2024-02-28 15:00:00,BIN-006,Gandhibagh,22.7,50.0,38.3,83.4,0,2,Recyclable
2024-02-28 15:00:00,BIN-007,Lakadganj,16.1,28.7,37.2,84.8,0,0,Mixed
2024-02-28 15:00:00,BIN-008,Lakadganj,22.7,37.2,37.2,81.1,0,0,Mixed
2024-02-28 15:00:00,BIN-009,Sadar,30.0,65.7,33.0,82.3,0,2,Organic
2024-02-28 15:00:00,BIN-010,Sadar,24.0,45.5,36.1,85.9,0,0,Organic
2024-02-28 15:00:00,BIN-011,Itwari,24.3,49.0,37.9,79.7,0,0,Mixed
2024-02-28 15:00:00,BIN-012,Itwari,21.1,28.3,36.5,88.1,0,1,Mixed
2024-02-28 18:00:00,BIN-001,Dharampeth,25.2,36.5,27.8,80.5,0,0,Organic
2024-02-28 18:00:00,BIN-002,Dharampeth,23.4,48.5,30.3,88.5,0,0,Mixed
2024-02-28 18:00:00,BIN-003,Sitabuldi,26.9,59.3,31.5,87.0,0,2,Organic
2024-02-28 18:00:00,BIN-004,Sitabuldi,22.5,36.1,28.5,79.0,0,1,Mixed
2024-02-28 18:00:00,BIN-005,Gandhibagh,17.9,32.5,29.4,77.3,0,2,Mixed
2024-02-28 18:00:00,BIN-006,Gandhibagh,18.7,35.7,30.7,85.1,0,0,Mixed
2024-02-28 18:00:00,BIN-007,Lakadganj,29.3,57.9,30.0,86.5,0,1,Recyclable
2024-02-28 18:00:00,BIN-008,Lakadganj,33.5,67.4,29.7,79.9,0,1,Organic
2024-02-28 18:00:00,BIN-009,Sadar,27.4,36.8,25.1,81.2,0,1,Mixed
2024-02-28 18:00:00,BIN-010,Sadar,22.2,37.0,30.1,84.2,0,0,Organic
2024-02-28 18:00:00,BIN-011,Itwari,23.3,55.5,27.0,83.8,0,2,Mixed
2024-02-28 18:00:00,BIN-012,Itwari,24.9,44.8,28.9,82.3,0,0,Mixed
2024-02-28 21:00:00,BIN-001,Dharampeth,19.5,33.1,24.4,82.3,0,0,Recyclable
2024-02-28 21:00:00,BIN-002,Dharampeth,25.9,51.8,22.4,77.6,0,1,Organic
2024-02-28 21:00:00,BIN-003,Sitabuldi,15.5,17.2,21.0,79.2,0,0,Mixed
2024-02-28 21:00:00,BIN-004,Sitabuldi,25.1,46.8,22.5,80.9,0,0,Mixed
2024-02-28 21:00:00,BIN-005,Gandhibagh,26.7,50.5,22.3,83.7,0,0,Mixed
2024-02-28 21:00:00,BIN-006,Gandhibagh,26.4,45.1,21.5,75.4,0,1,Mixed
2024-02-28 21:00:00,BIN-007,Lakadganj,30.8,49.4,24.7,76.6,0,1,Mixed
2024-02-28 21:00:00,BIN-008,Lakadganj,25.9,60.7,25.9,86.6,0,2,Organic
2024-02-28 21:00:00,BIN-009,Sadar,23.1,34.1,24.1,85.3,0,1,Recyclable
2024-02-28 21:00:00,BIN-010,Sadar,28.2,56.4,25.0,81.0,0,2,Mixed
2024-02-28 21:00:00,BIN-011,Itwari,29.5,57.7,25.0,83.6,0,2,Organic
2024-02-28 21:00:00,BIN-012,Itwari,26.4,55.4,23.4,86.4,0,0,Mixed
2024-02-29 00:00:00,BIN-001,Dharampeth,33.2,66.2,23.3,81.6,0,0,Mixed
2024-02-29 00:00:00,BIN-002,Dharampeth,21.8,31.5,20.6,82.8,0,2,Mixed
2024-02-29 00:00:00,BIN-003,Sitabuldi,20.0,49.6,20.7,79.8,0,1,Mixed
2024-02-29 00:00:00,BIN-004,Sitabuldi,25.0,62.3,23.0,83.6,0,1,Mixed
2024-02-29 00:00:00,BIN-005,Gandhibagh,17.5,22.3,23.1,83.7,0,1,Organic
2024-02-29 00:00:00,BIN-006,Gandhibagh,25.3,50.8,22.9,84.4,0,1,Mixed
2024-02-29 00:00:00,BIN-007,Lakadganj,18.4,34.3,23.8,80.7,0,1,Organic
2024-02-29 00:00:00,BIN-008,Lakadganj,21.4,49.6,24.6,83.7,0,1,Mixed
2024-02-29 00:00:00,BIN-009,Sadar,22.4,34.8,24.6,82.7,0,0,Mixed
2024-02-29 00:00:00,BIN-010,Sadar,22.9,43.8,24.4,85.6,0,0,Mixed
2024-02-29 00:00:00,BIN-011,Itwari,19.8,43.2,18.9,87.5,0,2,Recyclable
2024-02-29 00:00:00,BIN-012,Itwari,23.7,49.6,22.4,79.2,0,1,Recyclable
2024-02-29 03:00:00,BIN-001,Dharampeth,22.1,40.3,24.7,82.6,0,2,Mixed
2024-02-29 03:00:00,BIN-002,Dharampeth,29.5,55.0,27.6,78.5,0,0,Mixed
2024-02-29 03:00:00,BIN-003,Sitabuldi,27.8,58.2,30.0,87.8,0,2,Organic
2024-02-29 03:00:00,BIN-004,Sitabuldi,28.7,58.7,27.2,79.2,0,0,Mixed
2024-02-29 03:00:00,BIN-005,Gandhibagh,20.9,44.8,24.6,80.3,0,1,Mixed
2024-02-29 03:00:00,BIN-006,Gandhibagh,26.6,47.4,25.7,89.0,0,1,Mixed
2024-02-29 03:00:00,BIN-007,Lakadganj,24.9,40.5,25.5,77.5,0,0,Recyclable
2024-02-29 03:00:00,BIN-008,Lakadganj,20.1,51.4,23.7,80.0,0,0,Recyclable
2024-02-29 03:00:00,BIN-009,Sadar,22.6,44.1,23.1,85.6,0,0,Organic
2024-02-29 03:00:00,BIN-010,Sadar,28.3,52.5,23.3,83.0,0,1,Mixed
2024-02-29 03:00:00,BIN-011,Itwari,10.2,13.1,26.4,79.3,0,2,Organic
2024-02-29 03:00:00,BIN-012,Itwari,25.6,45.3,23.2,82.1,0,0,Mixed
2024-02-29 12:00:00,BIN-001,Dharampeth,26.2,40.0,38.9,74.1,0,2,Mixed
2024-02-29 12:00:00,BIN-002,Dharampeth,30.7,63.0,37.8,86.4,0,0,Mixed
2024-02-29 12:00:00,BIN-003,Sitabuldi,30.1,59.6,40.6,87.7,0,0,Mixed
2024-02-29 12:00:00,BIN-004,Sitabuldi,24.9,37.3,39.6,82.9,0,0,Organic
2024-02-29 12:00:00,BIN-005,Gandhibagh,32.4,64.0,34.2,84.9,0,0,Recyclable
2024-02-29 12:00:00,BIN-006,Gandhibagh,28.1,40.6,37.9,85.9,0,0,Organic
2024-02-29 12:00:00,BIN-007,Lakadganj,34.1,60.2,36.2,79.9,0,0,Recyclable
2024-02-29 12:00:00,BIN-008,Lakadganj,28.7,45.5,37.0,86.6,0,0,Hazardous
2024-02-29 12:00:00,BIN-009,Sadar,19.6,46.0,39.8,84.0,0,0,Organic
2024-02-29 12:00:00,BIN-010,Sadar,24.1,47.7,35.3,81.6,0,1,Organic
2024-02-29 12:00:00,BIN-011,Itwari,33.0,58.5,36.7,84.1,0,1,Recyclable
2024-02-29 12:00:00,BIN-012,Itwari,37.9,62.1,38.4,79.3,0,1,Recyclable
2024-02-29 15:00:00,BIN-001,Dharampeth,25.6,54.0,35.1,84.8,0,0,Organic
2024-02-29 15:00:00,BIN-002,Dharampeth,21.1,39.7,34.0,77.6,0,1,Mixed
2024-02-29 15:00:00,BIN-003,Sitabuldi,27.5,57.2,36.8,77.6,0,0,Recyclable
2024-02-29 15:00:00,BIN-004,Sitabuldi,32.1,58.8,36.2,82.8,0,2,Mixed
2024-02-29 15:00:00,BIN-005,Gandhibagh,36.1,57.8,33.7,81.5,0,2,Mixed
2024-02-29 15:00:00,BIN-006,Gandhibagh,30.6,65.1,38.1,78.8,0,2,Mixed
2024-02-29 15:00:00,BIN-007,Lakadganj,25.1,37.8,38.6,79.0,0,0,Organic
2024-02-29 15:00:00,BIN-008,Lakadganj,29.3,37.7,38.3,87.5,0,2,Mixed
2024-02-29 15:00:00,BIN-009,Sadar,30.7,48.9,36.3,78.4,0,2,Recyclable
2024-02-29 15:00:00,BIN-010,Sadar,33.3,65.1,34.3,86.1,0,1,Recyclable
2024-02-29 15:00:00,BIN-011,Itwari,28.7,70.2,32.9,84.1,0,2,Recyclable
2024-02-29 15:00:00,BIN-012,Itwari,37.3,65.4,36.2,80.4,0,2,Mixed
2024-02-29 18:00:00,BIN-001,Dharampeth,29.7,42.4,31.5,80.6,0,0,Mixed
2024-02-29 18:00:00,BIN-002,Dharampeth,34.8,74.1,29.3,82.2,0,1,Mixed
2024-02-29 18:00:00,BIN-003,Sitabuldi,42.0,70.9,31.8,85.4,0,1,Mixed
2024-02-29 18:00:00,BIN-004,Sitabuldi,24.4,52.3,31.2,82.9,0,2,Mixed
2024-02-29 18:00:00,BIN-005,Gandhibagh,30.4,49.1,30.1,81.9,0,0,Recyclable
2024-02-29 18:00:00,BIN-006,Gandhibagh,25.4,58.3,30.1,80.3,0,0,Organic
2024-02-29 18:00:00,BIN-007,Lakadganj,32.6,52.7,30.5,85.8,0,0,Mixed
2024-02-29 18:00:00,BIN-008,Lakadganj,25.0,41.5,27.8,79.3,0,1,Organic
2024-02-29 18:00:00,BIN-009,Sadar,35.1,71.6,29.4,82.3,0,0,Organic
2024-02-29 18:00:00,BIN-010,Sadar,20.9,36.5,30.1,81.5,0,0,Mixed
2024-02-29 18:00:00,BIN-011,Itwari,34.9,62.9,28.2,88.5,0,1,Mixed
2024-02-29 18:00:00,BIN-012,Itwari,27.7,61.2,32.4,83.6,0,1,Organic
2024-02-29 21:00:00,BIN-001,Dharampeth,26.8,51.4,21.8,93.5,0,0,Mixed
2024-02-29 21:00:00,BIN-002,Dharampeth,24.0,23.7,24.7,81.1,0,0,Mixed
2024-02-29 21:00:00,BIN-003,Sitabuldi,28.2,63.1,25.1,80.2,0,1,Mixed
2024-02-29 21:00:00,BIN-004,Sitabuldi,32.1,51.3,23.1,79.8,0,2,Organic
2024-02-29 21:00:00,BIN-005,Gandhibagh,37.2,73.5,22.7,82.2,0,1,Organic
2024-02-29 21:00:00,BIN-006,Gandhibagh,36.8,68.0,25.5,77.3,0,2,Mixed
2024-02-29 21:00:00,BIN-007,Lakadganj,27.6,57.4,27.0,84.6,0,0,Mixed
2024-02-29 21:00:00,BIN-008,Lakadganj,28.3,51.6,25.7,83.6,0,1,Mixed
2024-02-29 21:00:00,BIN-009,Sadar,29.7,56.6,26.0,82.8,0,1,Organic
2024-02-29 21:00:00,BIN-010,Sadar,25.6,58.0,20.9,82.3,0,1,Mixed
2024-02-29 21:00:00,BIN-011,Itwari,33.7,63.6,26.2,82.0,0,2,Recyclable
2024-02-29 21:00:00,BIN-012,Itwari,30.6,61.3,26.5,83.4,0,1,Organic
2024-03-01 00:00:00,BIN-001,Dharampeth,24.4,40.5,24.0,78.9,0,2,Organic
2024-03-01 00:00:00,BIN-002,Dharampeth,29.3,41.1,26.2,81.7,0,1,Organic
2024-03-01 00:00:00,BIN-003,Sitabuldi,25.5,43.6,21.5,86.4,0,1,Mixed
2024-03-01 00:00:00,BIN-004,Sitabuldi,32.4,54.1,20.6,84.7,0,0,Mixed
2024-03-01 00:00:00,BIN-005,Gandhibagh,30.2,47.9,22.7,79.4,0,1,Mixed
2024-03-01 00:00:00,BIN-006,Gandhibagh,39.4,68.0,23.9,78.7,0,2,Mixed
2024-03-01 00:00:00,BIN-007,Lakadganj,34.0,68.6,20.0,82.6,0,1,Hazardous
2024-03-01 00:00:00,BIN-008,Lakadganj,25.4,42.8,24.2,86.2,0,0,Mixed
2024-03-01 00:00:00,BIN-009,Sadar,30.4,42.1,21.3,80.1,0,0,Mixed
2024-03-01 00:00:00,BIN-010,Sadar,36.7,71.3,23.7,80.2,0,1,Organic
2024-03-01 00:00:00,BIN-011,Itwari,32.9,57.4,21.6,88.5,0,0,Mixed
2024-03-01 00:00:00,BIN-012,Itwari,35.0,62.4,22.8,82.2,0,2,Mixed
2024-03-01 03:00:00,BIN-001,Dharampeth,30.8,56.5,26.1,78.3,0,2,Organic
2024-03-01 03:00:00,BIN-002,Dharampeth,41.6,63.8,20.3,86.4,0,1,Recyclable
2024-03-01 03:00:00,BIN-003,Sitabuldi,32.3,52.3,26.1,83.2,0,0,Organic
2024-03-01 03:00:00,BIN-004,Sitabuldi,31.8,56.1,23.3,85.4,0,0,Mixed
2024-03-01 03:00:00,BIN-005,Gandhibagh,20.0,36.3,27.0,79.8,0,1,Mixed
2024-03-01 03:00:00,BIN-006,Gandhibagh,32.8,56.8,24.4,78.8,0,1,Organic
2024-03-01 03:00:00,BIN-007,Lakadganj,30.3,48.3,23.8,83.1,0,1,Organic
2024-03-01 03:00:00,BIN-008,Lakadganj,30.3,43.3,22.6,81.8,0,1,Organic
2024-03-01 03:00:00,BIN-009,Sadar,29.0,51.9,25.6,85.0,0,0,Mixed
2024-03-01 03:00:00,BIN-010,Sadar,33.0,63.2,23.9,75.6,0,0,Mixed
2024-03-01 03:00:00,BIN-011,Itwari,27.0,52.6,27.0,82.7,0,2,Mixed
2024-03-01 03:00:00,BIN-012,Itwari,33.4,73.9,23.8,83.6,0,1,Organic
